time,temp_c,precip_mm,humidity,pressure_mb,wind_kph,cloud,dewpoint_c,feelslike_c,vis_km,gust_kph,wind_dir,condition,dewpoint_depression
2025-05-08 15:00,32.2,0.0,70,1003.0,12.1,14,25.0,40.6,10.0,19.3,E,Sunny,7.200000000000003
2024-12-19 09:00,21.6,0.2,85,1020.0,14.7,100,18.9,23.6,9.0,25.4,NE,Patchy rain possible,2.700000000000003
2025-05-07 19:00,28.9,0.0,91,1006.0,10.3,79,24.1,37.0,9.0,19.3,SSW,Cloudy,4.799999999999997
2024-07-25 23:00,28.2,0.0,67,999.0,11.0,40,21.6,30.9,10.0,19.6,SW,Partly cloudy,6.599999999999998
2025-01-07 22:00,19.9,0.3,84,1016.0,3.6,71,17.2,21.9,10.0,5.9,SSW,Patchy rain possible,2.6999999999999993
2024-12-20 00:00,19.9,0.3,86,1018.0,9.4,90,17.5,21.9,10.0,14.6,NE,Patchy rain possible,2.3999999999999986
2025-04-25 01:00,24.3,0.0,81,1008.0,5.0,9,20.8,26.3,10.0,7.3,SSW,Clear,3.5
2024-10-22 05:00,25.2,2.5,90,1012.0,9.9,93,23.5,28.1,10.0,21.3,NE,Moderate or heavy rain shower,1.6999999999999993
2024-11-22 22:00,24.1,1.3,88,1015.0,16.0,100,22.0,26.3,10.0,30.7,NE,Heavy rain at times,2.1000000000000014
2024-07-12 22:00,26.7,0.0,92,1005.0,11.1,81,24.6,30.8,10.0,20.5,SW,Cloudy,2.099999999999998
2024-11-02 21:00,23.2,0.0,83,1014.0,9.5,70,20.1,25.3,10.0,16.7,NW,Cloudy,3.099999999999998
2024-07-16 19:00,26.8,0.7,88,1003.0,2.5,82,24.2,30.6,10.0,8.2,WNW,Moderate rain at times,2.6000000000000014
2025-04-20 02:00,23.6,0.0,90,1007.0,7.9,17,21.9,25.9,10.0,10.6,SSW,Clear,1.7000000000000028
2025-02-25 07:00,21.2,1.3,92,1022.0,9.9,100,19.9,23.2,2.0,15.6,NE,Heavy rain at times,1.3000000000000007
2024-07-23 01:00,25.3,0.0,87,1003.0,9.2,52,23.0,28.0,10.0,19.1,SW,Partly cloudy,2.3000000000000007
2024-10-28 21:00,20.8,0.1,94,1008.0,8.6,100,19.8,22.8,9.0,12.6,W,Patchy rain possible,1.0
2024-11-05 13:00,24.3,4.75,91,1013.0,19.1,100,22.7,26.8,7.0,34.4,NE,Moderate or heavy rain shower,1.6000000000000014
2024-08-31 07:00,26.9,0.0,74,1007.0,5.4,31,21.8,29.4,10.0,7.6,WSW,Partly cloudy,5.099999999999998
2024-08-03 16:00,31.6,0.0,73,1006.0,13.7,82,24.0,37.6,9.0,18.3,NE,Cloudy,7.600000000000001
2025-04-13 20:00,21.5,0.0,79,1016.0,13.7,100,17.0,23.5,10.0,17.6,NW,Overcast,4.5
2024-12-03 00:00,23.1,0.0,88,1013.0,1.8,100,21.0,25.3,10.0,2.7,ESE,Overcast,2.1000000000000014
2024-11-09 00:00,22.2,0.0,84,1015.0,8.6,86,19.3,24.6,10.0,13.5,WNW,Overcast,2.8999999999999986
2024-07-26 14:00,32.9,0.0,64,999.0,13.0,31,23.1,38.6,10.0,25.8,SW,Partly cloudy,9.799999999999997
2024-10-14 14:00,27.6,1.8,83,1009.0,15.8,83,24.4,31.8,9.0,25.7,NNE,Moderate or heavy rain shower,3.200000000000003
2025-02-28 03:00,19.8,0.0,94,1013.0,6.1,56,18.9,21.8,2.0,9.9,SSW,Partly cloudy,0.9000000000000021
2025-05-20 10:00,31.5,0.0,59,1008.0,10.1,18,22.6,35.9,10.0,16.3,ESE,Sunny,8.899999999999999
2025-04-20 01:00,23.8,0.0,90,1007.0,7.6,17,22.1,26.1,10.0,9.8,SSW,Clear,1.6999999999999993
2024-08-03 11:00,33.0,0.0,64,1008.0,11.2,88,23.6,39.0,10.0,17.6,ENE,Overcast,9.399999999999999
2025-02-13 15:00,22.2,0.0,96,1012.0,11.5,100,21.6,24.7,2.0,20.0,NNE,Overcast,0.5999999999999979
2025-05-01 13:00,31.2,0.0,66,1010.0,16.6,83,22.1,36.8,10.0,25.7,E,Cloudy,9.099999999999998
2024-07-30 18:00,28.6,0.0,81,1006.0,5.8,61,24.3,33.2,10.0,15.2,E,Cloudy,4.300000000000001
2024-05-26 01:00,25.9,0.0,88,1008.0,6.5,55,23.8,29.1,10.0,10.7,SSW,Partly cloudy,2.099999999999998
2024-11-05 11:00,24.5,2.17,90,1015.0,20.5,100,22.8,27.0,7.0,41.8,NE,Moderate or heavy rain shower,1.6999999999999993
2025-02-10 21:00,19.1,0.0,91,1017.0,7.2,100,17.6,21.1,10.0,10.8,NW,Overcast,1.5
2024-10-23 16:00,26.5,0.0,81,1010.0,16.9,84,23.0,29.5,9.0,25.9,NNE,Cloudy,3.5
2024-08-11 14:00,35.5,0.0,63,1000.0,15.2,73,24.1,43.4,9.0,22.9,ENE,Cloudy,11.399999999999999
2024-12-19 08:00,21.5,0.8,86,1019.0,13.4,100,19.0,23.5,9.0,20.2,NE,Moderate rain at times,2.5
2025-03-03 13:00,28.0,0.0,75,1007.0,11.7,7,23.1,31.6,10.0,23.5,ESE,Sunny,4.899999999999999
2024-10-08 16:00,26.1,2.5,81,1011.0,16.2,76,23.2,29.1,10.0,26.8,NNE,Moderate or heavy rain shower,2.900000000000002
2024-12-15 23:00,19.3,0.0,90,1021.0,11.0,100,17.6,21.3,2.0,16.7,N,Overcast,1.6999999999999993
2024-11-03 00:00,23.5,0.0,89,1014.0,10.1,100,21.5,25.7,10.0,14.9,NNW,Overcast,2.0
2024-12-14 07:00,22.4,4.49,92,1018.0,23.3,100,21.1,24.8,7.0,35.4,NE,Moderate or heavy rain shower,1.2999999999999972
2025-04-08 11:00,27.1,0.1,73,1015.0,13.0,71,21.7,29.6,10.0,19.9,ESE,Patchy rain possible,5.400000000000002
2024-07-08 22:00,25.4,0.0,92,1007.0,9.5,78,24.0,28.6,10.0,17.8,SW,Cloudy,1.3999999999999986
2024-09-11 06:00,25.2,1.19,91,1008.0,7.6,84,23.6,28.1,10.0,9.3,W,Heavy rain at times,1.5999999999999979
2025-04-11 10:00,30.4,0.0,70,1008.0,9.7,22,23.8,35.9,10.0,16.2,SE,Sunny,6.599999999999998
2024-07-12 03:00,24.9,0.0,88,1003.0,9.4,30,22.8,27.5,10.0,13.0,SW,Partly cloudy,2.099999999999998
2025-02-04 10:00,20.7,1.8,89,1020.0,14.8,100,18.8,22.7,10.0,22.8,ENE,Moderate or heavy rain shower,1.8999999999999986
2024-11-02 02:00,21.5,0.0,84,1011.0,9.6,7,19.6,23.5,10.0,16.7,WNW,Clear,1.8999999999999986
2025-05-05 20:00,28.6,0.0,88,1007.0,6.1,77,24.1,35.2,10.0,15.0,SSW,Cloudy,4.5
2025-05-20 09:00,30.4,0.0,64,1008.0,7.6,22,22.7,34.5,10.0,13.4,SSE,Sunny,7.699999999999999
2025-01-30 07:00,17.6,0.0,85,1018.0,7.6,27,15.1,19.6,10.0,12.7,W,Partly cloudy,2.5000000000000018
2024-08-21 23:00,27.4,0.0,84,1009.0,6.1,31,24.5,31.6,10.0,10.7,SW,Partly cloudy,2.8999999999999986
2024-06-03 22:00,27.0,0.0,84,1007.0,6.4,23,24.2,30.9,10.0,12.8,SW,Clear,2.8000000000000007
2024-05-24 07:00,25.7,0.0,94,1009.0,8.6,71,24.6,29.3,10.0,12.5,SW,Cloudy,1.0999999999999979
2024-12-08 13:00,24.4,0.9,85,1016.0,20.2,100,20.1,26.3,10.0,31.8,NE,Moderate rain at times,4.299999999999997
2024-11-25 02:00,23.8,0.5,87,1013.0,2.5,100,21.6,26.0,10.0,4.3,N,Moderate rain at times,2.1999999999999993
2024-06-16 06:00,26.2,0.0,78,1005.0,6.7,16,22.0,28.7,10.0,13.3,SSW,Sunny,4.199999999999999
2025-03-04 10:00,27.7,0.0,75,1009.0,11.2,15,22.8,30.9,10.0,14.8,SE,Sunny,4.899999999999999
2024-12-21 07:00,19.9,0.1,87,1017.0,7.9,100,17.6,21.9,10.0,11.3,NE,Patchy rain possible,2.299999999999997
2024-05-30 00:00,28.2,0.0,76,1002.0,9.0,56,23.7,32.2,10.0,17.6,SW,Partly cloudy,4.5
2024-09-21 18:00,27.1,0.6,87,1003.0,11.9,85,24.8,31.4,10.0,19.5,NW,Moderate rain at times,2.3000000000000007
2024-10-08 02:00,24.3,0.4,88,1012.0,6.8,69,22.2,26.6,10.0,11.4,N,Patchy rain possible,2.1000000000000014
2025-05-05 11:00,34.9,0.0,61,1007.0,10.7,19,22.2,45.1,10.0,17.0,E,Sunny,12.7
2024-12-31 21:00,20.2,0.1,88,1018.0,9.0,100,18.1,22.2,10.0,12.7,NNW,Patchy rain possible,2.099999999999998
2025-01-11 18:00,19.0,0.0,82,1024.0,14.1,100,15.9,21.0,10.0,26.0,NNE,Overcast,3.0999999999999996
2025-04-12 03:00,24.3,0.0,87,1005.0,7.6,13,22.1,26.6,10.0,10.4,SSW,Clear,2.1999999999999993
2024-11-21 11:00,24.6,1.21,89,1015.0,16.6,100,22.8,27.2,10.0,35.2,ENE,Heavy rain at times,1.8000000000000007
2024-09-26 00:00,24.8,0.0,90,1012.0,6.5,62,23.1,27.5,10.0,10.7,WSW,Cloudy,1.6999999999999993
2024-12-16 20:00,19.3,0.1,90,1020.0,9.0,100,17.5,21.3,10.0,12.3,NNW,Patchy rain possible,1.8000000000000007
2024-11-21 03:00,23.6,1.6,92,1013.0,11.7,100,22.1,25.9,10.0,21.2,NE,Moderate or heavy rain shower,1.5
2024-06-25 13:00,32.3,0.1,66,1004.0,12.5,51,23.6,38.2,10.0,20.3,NE,Patchy rain possible,8.699999999999996
2024-09-27 05:00,24.1,0.0,90,1011.0,6.1,15,22.4,26.4,10.0,10.5,SSW,Clear,1.7000000000000028
2025-04-09 15:00,27.6,0.0,76,1008.0,16.2,83,22.5,31.0,10.0,24.0,ESE,Cloudy,5.100000000000001
2025-02-02 07:00,19.2,0.0,91,1011.0,6.0,9,17.7,21.2,10.0,11.5,SSW,Sunny,1.5
2024-10-06 01:00,24.5,0.0,88,1012.0,6.5,97,22.3,26.9,9.0,9.9,WNW,Overcast,2.1999999999999993
2024-07-10 01:00,25.7,0.0,88,1007.0,7.8,82,23.3,28.7,10.0,15.4,SW,Cloudy,2.3999999999999986
2024-11-24 21:00,23.7,0.8,93,1014.0,13.7,75,22.5,26.1,10.0,23.2,ENE,Moderate rain at times,1.1999999999999993
2024-09-17 08:00,27.1,0.1,80,1006.0,5.0,70,23.3,30.5,9.0,6.2,W,Patchy rain possible,3.8000000000000007
2024-07-13 18:00,28.0,1.9,80,1001.0,11.9,70,24.2,32.2,9.0,19.1,ESE,Moderate or heavy rain shower,3.8000000000000007
2024-12-30 04:00,20.3,0.1,86,1017.0,0.4,92,17.9,22.3,10.0,5.7,W,Patchy rain possible,2.400000000000002
2024-11-16 05:00,22.9,0.0,89,1010.0,5.8,8,21.0,25.1,10.0,10.0,SSW,Clear,1.8999999999999986
2024-06-17 20:00,28.4,0.0,91,1007.0,12.0,85,24.8,33.5,10.0,21.7,W,Overcast,3.599999999999998
2024-06-14 19:00,29.6,0.0,84,1003.0,8.6,82,24.5,34.9,10.0,12.5,SW,Cloudy,5.100000000000001
2024-10-08 00:00,24.5,0.1,88,1014.0,8.3,54,22.5,27.0,10.0,16.1,N,Patchy rain possible,2.0
2025-01-01 01:00,20.0,0.0,89,1016.0,9.0,100,18.2,22.0,10.0,12.6,NW,Overcast,1.8000000000000007
2025-04-07 08:00,24.9,0.0,79,1017.0,2.2,84,21.0,26.9,10.0,3.1,SSE,Cloudy,3.8999999999999986
2024-05-24 02:00,24.2,0.0,95,1008.0,8.3,74,23.5,27.0,10.0,12.5,SSW,Cloudy,0.6999999999999993
2024-11-05 01:00,24.2,8.6,91,1013.0,8.8,100,22.7,26.6,7.0,22.3,NE,Moderate or heavy rain shower,1.5
2024-10-20 17:00,25.2,5.8,90,1012.0,9.4,83,23.6,28.2,10.0,13.1,N,Moderate or heavy rain shower,1.5999999999999979
2024-11-10 00:00,20.9,0.0,81,1014.0,10.8,17,17.4,22.9,10.0,13.6,WNW,Clear,3.5
2024-09-19 02:00,23.7,10.39,97,996.0,14.4,100,22.5,26.1,5.0,22.5,WSW,Moderate or heavy rain shower,1.1999999999999993
2024-12-17 17:00,20.9,0.2,90,1015.0,7.6,100,19.2,22.9,10.0,10.3,NNW,Patchy rain possible,1.6999999999999993
2024-07-16 06:00,24.3,0.0,87,1003.0,7.6,28,22.1,26.6,10.0,13.1,WSW,Partly cloudy,2.1999999999999993
2025-05-18 02:00,25.7,0.0,93,1008.0,5.8,35,24.5,29.3,10.0,9.1,S,Partly cloudy,1.1999999999999993
2024-08-24 17:00,31.0,0.0,72,1007.0,12.6,75,23.5,36.1,10.0,20.7,E,Cloudy,7.5
2025-04-04 06:00,19.6,0.0,93,1014.0,7.2,66,18.4,21.6,10.0,11.3,SSW,Cloudy,1.2000000000000028
2024-09-12 11:00,31.3,0.1,71,1008.0,10.1,89,24.2,37.1,5.0,17.0,NNE,Patchy rain possible,7.100000000000001
2025-01-16 04:00,20.0,0.6,92,1020.0,17.6,100,18.7,22.0,10.0,24.2,NE,Moderate rain at times,1.3000000000000007
2025-05-08 01:00,25.8,0.0,84,1005.0,9.7,96,22.9,28.6,10.0,12.8,SSW,Overcast,2.900000000000002
2024-06-12 20:00,28.8,0.0,84,1007.0,8.6,18,25.4,34.5,10.0,11.9,SSE,Clear,3.400000000000002
2025-03-23 13:00,24.7,0.0,67,1015.0,13.7,8,18.1,26.2,10.0,20.3,E,Sunny,6.599999999999998
2024-06-10 05:00,26.0,0.0,84,1005.0,4.0,28,23.0,28.9,10.0,6.9,W,Partly cloudy,3.0
2024-12-17 11:00,21.9,0.0,88,1018.0,6.1,100,18.5,23.9,2.0,17.0,NNW,Overcast,3.3999999999999986
2024-11-13 18:00,24.5,0.1,91,1010.0,5.0,60,22.9,27.0,10.0,8.9,E,Patchy rain possible,1.6000000000000014
2025-04-11 18:00,26.7,0.2,93,1006.0,11.3,81,24.3,31.3,9.0,25.9,WSW,Patchy rain possible,2.3999999999999986
2025-03-07 09:00,20.6,0.0,90,1018.0,11.9,100,18.0,22.6,2.0,18.9,WNW,Overcast,2.6000000000000014
2025-04-21 11:00,31.4,0.0,68,1010.0,16.2,23,24.2,37.8,10.0,21.5,ESE,Sunny,7.199999999999999
2025-01-25 17:00,23.1,0.0,85,1011.0,11.5,91,20.4,25.2,10.0,16.1,ESE,Overcast,2.700000000000003
2024-11-15 00:00,23.5,0.0,93,1011.0,4.3,37,22.4,25.9,10.0,7.0,SW,Partly cloudy,1.1000000000000014
2024-11-27 02:00,23.6,0.6,89,1015.0,13.0,100,21.7,25.8,10.0,20.5,ENE,Moderate rain at times,1.9000000000000021
2024-10-17 06:00,24.2,0.0,87,1011.0,5.4,38,21.9,26.5,10.0,9.1,W,Partly cloudy,2.3000000000000007
2024-11-09 01:00,21.5,0.0,86,1015.0,9.7,70,19.1,23.5,10.0,12.1,WNW,Cloudy,2.3999999999999986
2024-11-14 01:00,23.8,0.0,92,1011.0,5.4,86,22.5,26.2,10.0,8.2,SSW,Overcast,1.3000000000000007
2025-02-23 13:00,21.9,1.1,96,1019.0,13.7,100,21.2,23.9,2.0,23.7,NNE,Heavy rain at times,0.6999999999999993
2024-11-12 09:00,24.5,8.0,90,1013.0,13.3,100,22.9,27.1,10.0,22.6,NW,Moderate or heavy rain shower,1.6000000000000014
2024-09-12 18:00,26.8,5.0,86,1006.0,2.9,76,24.2,30.7,10.0,9.4,E,Moderate or heavy rain shower,2.6000000000000014
2024-11-17 19:00,24.3,0.0,87,1012.0,6.1,14,21.9,26.5,10.0,9.9,N,Clear,2.400000000000002
2024-07-05 07:00,26.1,0.0,82,1008.0,6.8,30,22.8,28.9,10.0,9.2,SSW,Partly cloudy,3.3000000000000007
2024-10-03 16:00,25.3,0.0,81,1011.0,19.1,90,21.8,27.6,10.0,30.0,NW,Overcast,3.5
2024-10-18 21:00,25.4,0.0,89,1012.0,4.7,70,23.4,28.3,10.0,7.8,SSE,Cloudy,2.0
2025-02-13 11:00,22.3,0.2,97,1016.0,9.4,100,21.8,24.9,10.0,12.5,N,Patchy rain possible,0.5
2025-02-13 23:00,21.5,0.2,97,1016.0,5.4,100,21.1,23.5,2.0,7.7,N,Patchy rain possible,0.3999999999999986
2024-11-25 00:00,24.0,0.2,88,1013.0,2.2,100,21.8,26.2,10.0,8.9,NNE,Patchy rain possible,2.1999999999999993
2025-01-27 06:00,16.7,0.9,91,1020.0,14.4,100,15.2,18.7,10.0,20.4,NNW,Moderate rain at times,1.5
2024-08-08 22:00,28.2,0.0,85,1008.0,7.2,84,23.9,32.5,9.0,13.4,SSW,Cloudy,4.300000000000001
2024-05-27 11:00,34.9,0.0,55,1004.0,5.8,24,24.0,42.1,10.0,12.3,N,Sunny,10.899999999999999
2024-08-20 02:00,26.0,0.0,87,1005.0,7.8,41,23.6,29.1,10.0,16.0,WSW,Partly cloudy,2.3999999999999986
2024-12-19 20:00,20.8,1.3,84,1019.0,9.8,85,17.9,22.8,10.0,17.7,NE,Heavy rain at times,2.900000000000002
2024-07-20 22:00,25.9,0.0,89,1006.0,6.8,26,23.9,29.2,10.0,12.5,SW,Partly cloudy,2.0
2024-06-14 06:00,27.1,0.0,70,1004.0,10.4,12,21.2,29.4,10.0,15.6,SW,Sunny,5.900000000000002
2025-04-07 05:00,22.2,0.0,84,1014.0,4.3,94,20.6,24.6,10.0,7.4,SSE,Overcast,1.5999999999999979
2025-04-18 08:00,28.0,0.0,75,1009.0,4.7,85,23.2,31.5,10.0,6.8,SSW,Overcast,4.800000000000001
2024-12-23 10:00,19.6,0.5,86,1018.0,12.6,100,17.2,21.6,10.0,16.9,NW,Moderate rain at times,2.400000000000002
2025-01-11 23:00,17.6,0.0,81,1025.0,14.0,99,15.0,19.6,10.0,23.4,NE,Overcast,2.6000000000000014
2024-06-16 09:00,32.5,0.0,55,1006.0,6.0,20,22.2,37.0,10.0,11.6,SE,Sunny,10.3
2024-09-01 15:00,31.2,0.0,64,1004.0,17.6,12,23.6,36.4,10.0,26.7,ENE,Sunny,7.599999999999998
2025-05-19 19:00,26.8,0.0,90,1007.0,7.4,83,24.6,31.2,10.0,13.3,WSW,Cloudy,2.1999999999999993
2024-12-28 21:00,20.4,0.0,87,1022.0,13.7,100,18.3,22.4,2.0,20.3,NE,Overcast,2.099999999999998
2024-08-16 23:00,26.2,0.0,86,1008.0,6.9,52,23.9,29.6,10.0,13.6,WSW,Partly cloudy,2.3000000000000007
2024-09-08 11:00,35.1,0.0,51,1006.0,12.2,22,22.4,40.7,10.0,27.1,WSW,Sunny,12.700000000000003
2024-08-01 23:00,25.9,0.0,87,1009.0,5.8,27,23.5,28.9,10.0,10.7,SW,Partly cloudy,2.3999999999999986
2025-01-29 05:00,17.6,0.5,86,1020.0,6.8,91,15.2,19.6,10.0,10.6,NNW,Moderate rain at times,2.400000000000002
2025-02-03 19:00,21.4,0.1,88,1016.0,13.7,52,19.4,23.4,10.0,21.4,NNW,Patchy rain possible,2.0
2024-06-12 11:00,34.0,0.0,52,1007.0,6.8,24,22.9,39.7,10.0,18.7,N,Sunny,11.100000000000001
2024-12-24 20:00,19.3,0.3,90,1018.0,9.0,100,17.6,21.3,2.0,13.4,NW,Patchy rain possible,1.6999999999999993
2025-01-28 14:00,19.2,0.1,84,1019.0,11.5,61,16.4,21.2,10.0,19.4,N,Patchy rain possible,2.8000000000000007
2024-06-01 02:00,25.6,0.0,90,1006.0,6.8,67,23.9,28.8,10.0,11.2,SW,Cloudy,1.7000000000000028
2025-03-08 15:00,22.4,0.0,88,1014.0,8.3,100,18.9,24.8,10.0,17.2,NNW,Overcast,3.5
2024-12-20 03:00,19.6,0.5,86,1016.0,7.2,100,17.3,21.6,10.0,10.9,NE,Moderate rain at times,2.3000000000000007
2024-09-16 11:00,30.2,0.0,79,1005.0,10.1,80,25.0,36.3,10.0,16.3,N,Cloudy,5.199999999999999
2025-03-12 00:00,22.0,0.1,96,1013.0,7.9,69,21.3,24.0,2.0,12.8,S,Patchy rain possible,0.6999999999999993
2025-02-11 14:00,21.1,0.0,89,1014.0,5.8,100,19.3,23.1,10.0,19.1,NW,Overcast,1.8000000000000007
2024-06-27 12:00,30.3,0.0,79,1008.0,15.5,62,24.7,36.3,10.0,19.2,ESE,Cloudy,5.600000000000001
2024-09-08 19:00,30.0,0.0,81,1006.0,3.6,26,24.7,35.8,10.0,12.6,ENE,Partly cloudy,5.300000000000001
2024-12-12 00:00,23.8,2.7,94,1012.0,15.1,100,22.7,26.3,7.0,25.3,ENE,Moderate or heavy rain shower,1.1000000000000014
2024-12-18 05:00,21.1,0.0,88,1016.0,7.9,100,19.0,23.1,10.0,11.8,N,Overcast,2.1000000000000014
2025-02-04 03:00,19.8,1.5,93,1017.0,9.3,100,18.7,21.8,10.0,19.1,NE,Moderate or heavy rain shower,1.1000000000000014
2025-04-08 06:00,22.7,0.0,92,1016.0,5.4,77,21.4,25.1,10.0,8.9,ESE,Cloudy,1.3000000000000007
2025-01-16 19:00,20.4,0.2,84,1021.0,12.6,100,17.6,22.4,10.0,20.1,NE,Patchy rain possible,2.799999999999997
2025-01-18 21:00,19.8,0.0,79,1017.0,3.2,59,16.0,21.8,10.0,5.1,NE,Partly cloudy,3.8000000000000007
2024-10-13 11:00,28.4,0.1,73,1013.0,8.3,88,23.0,32.1,10.0,17.0,NE,Patchy rain possible,5.399999999999999
2025-04-10 18:00,26.9,0.0,95,1006.0,6.0,84,23.9,32.3,10.0,12.1,WSW,Cloudy,3.0
2025-01-30 10:00,21.4,0.0,69,1019.0,2.2,48,15.5,23.4,10.0,8.1,NE,Partly cloudy,5.899999999999999
2025-01-03 11:00,21.0,0.2,90,1018.0,13.9,100,19.3,23.0,9.0,24.9,NE,Patchy rain possible,1.6999999999999993
2024-09-18 23:00,24.6,1.2,86,1002.0,8.5,84,22.2,27.0,10.0,16.2,WNW,Heavy rain at times,2.400000000000002
2024-12-29 14:00,21.9,0.4,85,1017.0,13.7,79,19.3,23.9,10.0,21.5,NE,Patchy rain possible,2.599999999999998
2024-09-21 22:00,26.3,0.2,89,1005.0,9.0,67,24.3,29.9,10.0,15.3,W,Patchy rain possible,2.0
2024-06-08 13:00,32.3,0.2,61,1003.0,18.0,79,23.8,38.2,10.0,20.7,NE,Patchy rain possible,8.499999999999996
2024-07-16 21:00,25.5,0.2,90,1004.0,8.6,60,23.8,28.6,10.0,15.0,SSW,Patchy rain possible,1.6999999999999993
2025-02-06 07:00,20.0,0.0,87,1015.0,5.0,87,17.7,22.0,10.0,7.2,SSE,Overcast,2.3000000000000007
2024-05-28 01:00,27.4,0.0,77,1003.0,8.6,17,23.0,30.7,10.0,12.3,WSW,Clear,4.399999999999999
2024-09-27 17:00,28.0,0.2,82,1008.0,12.2,73,24.7,32.7,10.0,16.3,ESE,Patchy rain possible,3.3000000000000007
2024-06-08 17:00,29.0,3.41,79,1003.0,5.0,55,24.9,34.4,8.0,13.3,SE,Moderate or heavy rain shower,4.100000000000001
2024-05-27 15:00,33.5,0.0,68,1002.0,14.8,74,25.1,41.6,10.0,17.7,E,Cloudy,8.399999999999999
2024-08-27 14:00,32.9,0.0,63,1005.0,18.4,14,23.7,39.0,10.0,27.8,NE,Sunny,9.2
2024-07-27 06:00,26.7,0.0,75,1002.0,10.7,19,21.9,29.3,10.0,19.8,SW,Sunny,4.800000000000001
2025-03-14 05:00,22.3,0.0,96,1010.0,8.3,62,21.6,24.8,2.0,14.2,S,Cloudy,0.6999999999999993
2024-10-03 14:00,26.9,0.0,73,1011.0,17.6,57,21.6,29.3,10.0,31.8,NW,Partly cloudy,5.299999999999997
2025-01-13 10:00,19.5,0.1,72,1022.0,2.9,58,14.4,21.5,10.0,3.3,NNW,Patchy rain possible,5.1
2025-01-21 06:00,18.5,0.0,74,1015.0,1.4,32,13.7,20.5,10.0,6.7,E,Partly cloudy,4.800000000000001
2025-01-10 13:00,21.1,0.2,78,1021.0,19.8,82,17.1,23.1,10.0,29.7,NE,Patchy rain possible,4.0
2025-03-30 12:00,24.8,0.64,89,1015.0,12.6,89,22.8,27.4,10.0,18.7,NNE,Light rain shower,2.0
2024-10-09 19:00,25.6,0.0,82,1012.0,6.8,73,22.3,28.0,10.0,11.4,N,Cloudy,3.3000000000000007
2025-02-27 14:00,23.2,0.1,82,1015.0,11.2,57,19.9,25.2,10.0,13.0,ENE,Patchy rain possible,3.3000000000000007
2024-07-26 21:00,26.8,0.0,73,1001.0,9.5,12,21.5,29.2,10.0,18.5,SW,Clear,5.300000000000001
2025-03-05 21:00,23.3,0.0,95,1011.0,5.0,56,22.5,25.7,2.0,8.1,ESE,Partly cloudy,0.8000000000000007
2025-01-03 09:00,21.0,1.2,92,1018.0,11.5,100,19.6,23.0,10.0,15.8,NNE,Heavy rain at times,1.3999999999999986
2024-06-15 21:00,26.9,1.32,94,1006.0,7.2,73,24.6,31.1,8.0,11.9,WNW,Heavy rain at times,2.299999999999997
2025-01-25 01:00,19.2,0.0,92,1011.0,6.5,36,17.8,21.2,10.0,11.2,SSE,Partly cloudy,1.3999999999999986
2025-01-23 08:00,19.0,0.0,76,1016.0,4.3,0,14.6,21.0,10.0,5.9,SW,Sunny,4.4
2025-04-08 20:00,24.0,0.0,93,1015.0,4.7,79,22.4,26.4,10.0,7.9,SSE,Cloudy,1.6000000000000014
2024-08-02 16:00,32.1,0.0,73,1005.0,15.8,83,24.4,38.6,10.0,19.4,NNE,Cloudy,7.700000000000003
2024-11-11 06:00,21.6,0.0,84,1013.0,13.0,79,18.8,23.6,10.0,15.9,WNW,Cloudy,2.8000000000000007
2025-02-21 06:00,21.2,0.2,91,1017.0,6.8,100,19.7,23.2,10.0,11.0,NE,Patchy rain possible,1.5
2025-04-27 07:00,25.0,0.0,86,1012.0,7.6,14,22.6,27.5,10.0,10.2,S,Sunny,2.3999999999999986
2024-08-12 21:00,26.9,1.0,86,1005.0,5.4,75,24.3,30.8,9.0,10.4,S,Heavy rain at times,2.599999999999998
2024-07-20 15:00,29.5,0.2,76,1004.0,11.5,88,24.9,35.2,9.0,18.9,ENE,Patchy rain possible,4.600000000000001
2024-06-14 07:00,29.5,0.0,66,1004.0,10.8,13,22.5,33.1,10.0,16.4,SW,Sunny,7.0
2024-09-10 04:00,25.3,0.0,88,1004.0,7.2,55,23.1,28.0,10.0,9.3,SW,Partly cloudy,2.1999999999999993
2024-09-25 01:00,24.0,0.0,90,1011.0,5.8,45,22.4,26.4,10.0,9.1,SW,Partly cloudy,1.6000000000000014
2024-10-14 22:00,24.8,0.4,90,1012.0,4.5,89,23.1,27.5,10.0,9.3,NW,Patchy rain possible,1.6999999999999993
2024-10-01 05:00,25.1,0.0,89,1006.0,6.5,17,23.1,27.8,10.0,12.0,SW,Clear,2.0
2025-01-04 17:00,20.9,0.0,78,1015.0,11.2,77,17.0,22.9,10.0,16.0,ENE,Cloudy,3.8999999999999986
2024-07-21 18:00,27.5,0.0,83,1003.0,4.3,88,24.4,31.8,9.0,8.4,WNW,Overcast,3.1000000000000014
2024-12-30 06:00,20.2,0.0,86,1017.0,2.9,83,17.7,22.2,10.0,4.7,WNW,Cloudy,2.5
2024-09-15 17:00,27.9,3.3,83,1001.0,13.0,69,24.8,32.6,10.0,21.2,N,Moderate or heavy rain shower,3.099999999999998
2024-07-12 21:00,27.6,0.1,88,1004.0,10.4,86,24.9,32.2,10.0,19.7,SW,Patchy rain possible,2.700000000000003
2025-04-09 14:00,28.1,0.0,74,1009.0,16.2,18,22.6,31.6,10.0,23.9,ESE,Sunny,5.5
2024-10-05 04:00,23.0,0.0,88,1012.0,9.4,32,20.8,25.2,10.0,11.6,WNW,Partly cloudy,2.1999999999999993
2024-09-16 10:00,28.8,0.0,78,1005.0,6.1,84,24.6,33.9,10.0,14.5,NNE,Cloudy,4.199999999999999
2024-11-01 20:00,24.0,0.0,83,1011.0,11.7,10,21.0,26.1,10.0,20.6,NW,Clear,3.0
2024-08-08 19:00,29.8,0.0,85,1006.0,6.8,77,24.7,35.6,9.0,12.0,SSE,Cloudy,5.100000000000001
2024-07-22 14:00,30.2,0.0,64,1002.0,6.5,26,25.0,36.6,10.0,13.2,NNE,Partly cloudy,5.199999999999999
2024-10-19 04:00,24.3,0.0,91,1011.0,4.7,27,22.8,26.7,10.0,7.7,SW,Partly cloudy,1.5
2024-10-29 10:00,22.9,3.1,88,1008.0,4.3,87,20.8,25.1,2.0,5.9,SW,Moderate or heavy rain shower,2.099999999999998
2024-10-09 05:00,23.8,0.2,87,1012.0,7.2,100,21.6,26.0,10.0,12.2,NW,Patchy rain possible,2.1999999999999993
2024-06-11 17:00,29.3,0.2,79,1005.0,10.4,78,25.3,35.3,10.0,23.0,ENE,Patchy rain possible,4.0
2025-02-15 17:00,23.6,0.0,91,1010.0,10.4,76,22.0,25.9,10.0,13.9,E,Cloudy,1.6000000000000014
2024-08-06 20:00,28.1,0.0,86,1007.0,10.1,79,23.9,32.3,10.0,12.8,S,Cloudy,4.200000000000003
2025-03-11 00:00,22.0,0.8,94,1016.0,3.6,100,21.1,24.6,2.0,5.2,NNW,Moderate rain at times,0.8999999999999986
2024-06-28 17:00,29.8,0.1,75,1005.0,11.2,78,25.0,35.7,9.0,26.2,ESE,Patchy rain possible,4.800000000000001
2024-05-25 03:00,24.9,0.0,91,1007.0,9.0,20,23.3,27.6,10.0,10.2,SSW,Clear,1.5999999999999979
2024-08-07 16:00,32.4,0.0,67,1004.0,13.7,88,23.6,38.3,10.0,15.9,E,Overcast,8.799999999999997
2024-12-05 10:00,25.1,0.0,80,1015.0,11.2,87,21.4,27.2,10.0,14.3,ENE,Overcast,3.700000000000003
2024-11-20 23:00,23.1,1.1,91,1014.0,8.5,84,21.6,25.4,2.0,14.7,NW,Heavy rain at times,1.5
2025-01-23 04:00,16.5,0.0,83,1013.0,6.5,0,13.6,18.5,10.0,12.8,WSW,Clear,2.9000000000000004
2025-01-08 13:00,23.4,0.1,75,1014.0,11.2,80,18.8,25.3,10.0,18.1,NE,Patchy rain possible,4.599999999999998
2024-06-11 13:00,33.9,0.0,60,1006.0,11.9,84,23.9,40.6,10.0,22.7,NE,Cloudy,10.0
2024-09-04 20:00,26.5,3.03,95,1005.0,14.4,65,24.5,30.5,8.0,23.7,SSW,Moderate or heavy rain shower,2.0
2025-02-09 11:00,20.0,0.8,82,1020.0,20.2,100,16.9,22.0,10.0,29.6,NE,Moderate rain at times,3.1000000000000014
2025-02-11 21:00,20.7,0.0,90,1016.0,3.2,100,19.0,22.7,10.0,5.0,WNW,Overcast,1.6999999999999993
2024-09-18 15:00,27.0,3.1,84,1000.0,12.2,54,24.1,30.7,10.0,20.3,NNW,Moderate or heavy rain shower,2.8999999999999986
2024-08-25 19:00,28.2,0.0,87,1007.0,10.1,86,24.4,32.8,10.0,18.8,SE,Overcast,3.8000000000000007
2024-06-02 07:00,27.1,0.0,87,1009.0,6.8,57,25.0,31.7,10.0,11.2,WSW,Partly cloudy,2.1000000000000014
2024-05-25 22:00,26.4,0.0,88,1009.0,7.2,59,24.3,30.0,10.0,11.5,SSW,Partly cloudy,2.099999999999998
2024-08-08 10:00,33.8,0.0,57,1008.0,3.6,8,22.5,39.1,10.0,10.7,SSE,Sunny,11.299999999999997
2024-08-03 03:00,25.0,0.0,88,1007.0,6.8,21,22.9,27.7,10.0,9.1,SW,Clear,2.1000000000000014
2025-04-25 07:00,27.5,0.0,74,1009.0,5.3,13,22.4,30.5,10.0,13.5,S,Sunny,5.100000000000001
2024-06-28 01:00,26.0,0.0,90,1008.0,10.1,49,24.3,29.5,10.0,10.5,SSE,Partly cloudy,1.6999999999999993
2024-06-23 17:00,28.3,0.1,85,1002.0,9.0,71,25.0,33.3,10.0,16.7,SSW,Patchy rain possible,3.3000000000000007
2025-01-07 09:00,21.3,0.0,77,1018.0,5.7,84,17.2,23.3,10.0,13.5,E,Cloudy,4.100000000000001
2025-05-12 14:00,28.0,0.0,76,1008.0,17.6,88,22.1,31.8,10.0,38.0,NNW,Overcast,5.899999999999999
2025-05-03 23:00,26.4,0.2,93,1008.0,8.3,84,24.6,30.6,10.0,13.5,S,Patchy rain possible,1.7999999999999972
2024-08-27 08:00,29.5,0.0,64,1008.0,2.9,16,22.1,32.9,10.0,9.0,WSW,Sunny,7.399999999999999
2024-09-29 11:00,30.5,0.0,69,1009.0,9.0,15,24.2,36.0,10.0,10.4,E,Sunny,6.300000000000001
2025-05-03 03:00,23.5,0.0,93,1008.0,6.1,20,22.3,25.8,10.0,10.8,SSW,Clear,1.1999999999999993
2025-03-15 03:00,22.0,0.0,92,1009.0,7.9,25,20.5,24.0,10.0,11.9,S,Clear,1.5
2024-06-09 17:00,28.5,1.68,84,1004.0,8.6,89,25.7,34.4,7.0,14.1,ESE,Moderate or heavy rain shower,2.8000000000000007
2024-05-30 20:00,29.1,0.0,84,1003.0,9.7,27,25.6,35.1,10.0,13.6,SW,Partly cloudy,3.5
2024-11-18 07:00,23.5,0.2,85,1014.0,6.8,77,20.8,25.6,10.0,10.3,WNW,Patchy rain possible,2.6999999999999993
2024-11-14 05:00,23.2,0.0,91,1011.0,5.8,19,21.7,25.5,10.0,9.8,SW,Clear,1.5
2024-06-01 12:00,31.2,0.1,76,1008.0,7.2,54,24.7,37.6,10.0,18.9,WNW,Patchy rain possible,6.5
2024-11-23 22:00,23.8,2.1,91,1015.0,13.3,88,22.2,26.1,10.0,26.4,ENE,Moderate or heavy rain shower,1.6000000000000014
2025-04-03 12:00,22.9,0.3,87,1017.0,6.8,100,20.6,25.1,10.0,13.9,NE,Patchy rain possible,2.299999999999997
2024-06-20 21:00,28.0,0.0,81,1004.0,7.9,26,24.5,32.5,10.0,10.3,S,Partly cloudy,3.5
2024-07-05 09:00,30.3,0.0,61,1008.0,5.8,24,22.0,33.9,10.0,11.4,SSE,Sunny,8.3
2024-12-24 05:00,19.6,0.3,91,1016.0,13.7,100,18.1,21.6,10.0,19.2,NNE,Patchy rain possible,1.5
2025-03-05 22:00,23.1,0.0,96,1011.0,5.4,68,22.5,25.6,2.0,8.7,ESE,Cloudy,0.6000000000000014
2024-06-18 00:00,27.6,0.0,85,1005.0,6.5,26,24.8,32.2,10.0,13.4,SW,Partly cloudy,2.8000000000000007
2025-04-21 09:00,28.8,0.0,71,1010.0,11.2,24,22.9,32.5,10.0,13.7,SE,Sunny,5.900000000000002
2024-10-10 19:00,25.4,0.0,87,1012.0,8.6,76,23.0,28.2,9.0,14.2,NNW,Cloudy,2.3999999999999986
2024-11-30 22:00,22.0,0.11,83,1015.0,5.0,88,19.0,24.5,10.0,7.4,ENE,Patchy rain possible,3.0
2024-08-10 09:00,33.5,0.0,53,1005.0,12.6,13,22.7,38.9,10.0,19.6,WSW,Sunny,10.8
2025-03-25 18:00,21.5,0.0,90,1007.0,10.1,5,19.7,23.5,10.0,17.0,SE,Sunny,1.8000000000000007
2024-06-25 09:00,30.6,0.0,59,1006.0,5.0,46,21.8,34.2,10.0,11.9,SSW,Partly cloudy,8.8
2024-07-23 23:00,27.3,0.0,70,1002.0,9.3,56,21.4,29.7,10.0,18.0,SW,Partly cloudy,5.900000000000002
2025-03-11 23:00,22.4,0.1,96,1014.0,6.1,98,21.7,24.9,2.0,9.5,S,Patchy rain possible,0.6999999999999993
2025-02-24 10:00,21.1,0.3,93,1024.0,21.6,100,19.9,23.1,9.0,29.1,NE,Patchy rain possible,1.2000000000000028
2024-12-04 12:00,26.1,0.0,79,1013.0,11.5,81,20.8,28.2,9.0,25.8,ENE,Cloudy,5.300000000000001
2024-09-22 16:00,24.6,2.0,93,1003.0,6.1,59,23.4,27.4,9.0,14.4,W,Moderate or heavy rain shower,1.2000000000000028
2025-04-24 00:00,24.5,0.0,84,1007.0,5.7,26,21.6,26.6,10.0,7.7,SSW,Partly cloudy,2.8999999999999986
2024-07-09 00:00,25.3,0.0,91,1007.0,8.4,50,23.7,28.3,10.0,15.2,SSW,Partly cloudy,1.6000000000000014
2025-02-12 19:00,21.8,0.1,97,1014.0,9.0,100,21.2,23.8,2.0,13.0,NNE,Patchy rain possible,0.6000000000000014
2024-12-02 07:00,22.4,0.0,88,1013.0,2.9,100,20.4,24.8,10.0,4.2,W,Overcast,2.0
2024-11-06 03:00,23.8,2.2,90,1014.0,16.0,100,22.0,26.1,10.0,30.6,NE,Moderate or heavy rain shower,1.8000000000000007
2025-02-14 02:00,21.0,1.5,94,1014.0,6.8,100,20.0,23.0,2.0,10.1,NNW,Moderate or heavy rain shower,1.0
2024-05-25 10:00,30.0,0.0,72,1008.0,8.6,23,24.5,35.6,10.0,15.0,SE,Sunny,5.5
2024-09-20 04:00,24.5,0.0,82,999.0,6.4,46,21.2,26.6,10.0,13.0,W,Partly cloudy,3.3000000000000007
2025-03-02 23:00,22.2,0.0,94,1009.0,7.6,13,21.1,24.7,10.0,8.1,S,Clear,1.0999999999999979
2025-03-29 17:00,25.1,0.1,87,1010.0,9.0,86,22.9,27.7,10.0,21.4,E,Patchy rain possible,2.200000000000003
2024-09-26 20:00,26.1,0.3,86,1012.0,9.4,80,23.6,29.3,10.0,15.2,SSE,Patchy rain possible,2.5
2024-12-19 01:00,21.1,0.6,87,1017.0,10.4,100,18.9,23.1,10.0,15.0,NE,Moderate rain at times,2.200000000000003
2024-07-10 03:00,24.8,0.0,86,1006.0,6.4,22,22.4,27.2,10.0,12.8,SW,Clear,2.400000000000002
2024-12-06 22:00,22.6,0.1,91,1014.0,4.0,100,21.0,24.9,10.0,5.7,ENE,Patchy rain possible,1.6000000000000014
2025-05-08 00:00,25.5,0.0,86,1005.0,7.6,65,23.1,28.3,5.0,11.2,S,Cloudy,2.3999999999999986
2024-05-27 00:00,25.7,0.0,88,1006.0,6.2,17,23.5,28.8,10.0,12.0,SW,Clear,2.1999999999999993
2025-01-13 08:00,17.3,0.0,80,1022.0,6.5,54,13.8,19.3,10.0,8.7,WNW,Partly cloudy,3.5
2024-07-02 00:00,27.1,0.0,77,1006.0,8.3,18,22.6,30.0,10.0,10.9,SSW,Clear,4.5
2024-06-05 14:00,32.1,4.3,64,1006.0,11.0,84,24.3,38.4,10.0,21.1,NE,Moderate or heavy rain shower,7.800000000000001
2024-10-07 09:00,27.8,0.2,73,1015.0,8.6,79,22.6,31.0,10.0,15.4,NNW,Patchy rain possible,5.199999999999999
2024-07-30 00:00,25.7,0.0,81,1005.0,9.4,48,22.1,28.1,10.0,12.7,SW,Partly cloudy,3.599999999999998
2024-06-28 13:00,31.5,0.0,65,1006.0,14.6,72,24.1,37.3,10.0,22.2,E,Cloudy,7.399999999999999
2024-11-13 04:00,24.0,0.2,91,1010.0,5.0,100,22.4,26.3,10.0,7.5,NE,Patchy rain possible,1.6000000000000014
2025-02-26 23:00,21.6,0.0,91,1020.0,4.0,100,20.0,23.6,10.0,5.8,E,Overcast,1.6000000000000014
2024-05-29 12:00,33.1,0.0,58,1003.0,1.1,62,23.6,39.1,5.0,8.4,SSW,Cloudy,9.5
2024-09-05 11:00,34.4,0.0,56,1002.0,5.4,10,21.2,39.0,10.0,17.3,NW,Sunny,13.2
2024-12-28 04:00,21.6,3.0,94,1018.0,17.4,100,20.6,23.6,7.0,29.5,NNE,Moderate or heavy rain shower,1.0
2024-09-19 20:00,25.2,0.0,85,998.0,4.0,56,22.6,27.7,10.0,7.0,SW,Partly cloudy,2.599999999999998
2024-09-02 23:00,26.6,0.0,86,1009.0,7.9,75,24.1,30.2,10.0,13.0,SSW,Cloudy,2.5
2024-11-14 15:00,27.6,0.0,82,1009.0,10.1,88,23.5,31.3,10.0,12.5,E,Overcast,4.100000000000001
2025-03-26 05:00,19.6,0.0,87,1006.0,5.3,16,17.4,21.6,10.0,8.1,S,Clear,2.200000000000003
2025-01-26 03:00,19.7,0.0,90,1014.0,4.0,55,18.5,21.7,10.0,6.1,ENE,Partly cloudy,1.1999999999999993
2025-04-15 22:00,21.5,0.0,87,1014.0,6.5,17,19.2,23.5,10.0,10.6,SW,Clear,2.3000000000000007
2025-04-16 05:00,20.9,0.0,79,1010.0,8.3,16,17.2,22.9,10.0,8.9,SSW,Clear,3.6999999999999993
2024-10-10 21:00,24.8,0.0,89,1013.0,9.4,74,22.7,27.3,10.0,15.6,WNW,Cloudy,2.1000000000000014
2024-11-10 18:00,23.6,0.0,85,1012.0,15.5,44,20.8,25.6,10.0,24.3,NW,Partly cloudy,2.8000000000000007
2024-09-12 17:00,28.0,4.7,82,1005.0,6.5,73,24.6,32.6,9.0,14.2,NE,Moderate or heavy rain shower,3.3999999999999986
2024-11-22 03:00,24.0,2.9,88,1013.0,15.5,100,21.9,26.2,10.0,28.4,NE,Moderate or heavy rain shower,2.1000000000000014
2024-11-17 12:00,27.4,0.2,71,1012.0,7.9,73,21.6,29.9,10.0,15.7,E,Patchy rain possible,5.799999999999997
2025-05-16 05:00,24.5,0.0,88,1009.0,7.6,21,22.3,26.8,10.0,9.1,SW,Clear,2.1999999999999993
2024-06-27 07:00,26.3,0.0,89,1009.0,6.8,32,24.4,30.0,10.0,8.7,SSW,Partly cloudy,1.9000000000000021
2025-03-18 15:00,21.0,0.3,92,1018.0,19.1,100,19.6,23.0,10.0,25.2,NNE,Patchy rain possible,1.3999999999999986
2025-05-12 17:00,26.3,0.1,77,1007.0,14.8,78,22.0,28.8,10.0,32.4,N,Patchy rain possible,4.300000000000001
2024-06-23 12:00,30.0,12.7,74,1003.0,12.2,85,25.0,36.0,10.0,17.0,N,Moderate or heavy rain shower,5.0
2024-11-23 01:00,23.7,0.5,90,1015.0,14.3,100,21.9,26.0,10.0,29.4,ENE,Moderate rain at times,1.8000000000000007
2024-12-15 14:00,19.6,0.3,90,1019.0,17.8,100,17.8,21.6,2.0,28.4,N,Patchy rain possible,1.8000000000000007
2024-11-15 13:00,28.2,0.0,81,1009.0,12.6,88,23.4,32.1,10.0,19.5,E,Overcast,4.800000000000001
2025-01-15 14:00,20.7,4.3,96,1017.0,18.4,100,20.2,22.7,7.0,24.9,NNE,Moderate or heavy rain shower,0.5
2024-08-16 21:00,26.3,0.0,89,1009.0,8.5,53,24.1,29.9,10.0,15.1,W,Partly cloudy,2.1999999999999993
2024-06-14 21:00,28.4,0.0,86,1005.0,10.1,80,24.8,33.3,9.0,12.7,SSW,Cloudy,3.599999999999998
2024-09-08 10:00,33.9,0.0,56,1007.0,16.9,20,22.3,39.0,10.0,29.3,WSW,Sunny,11.599999999999998
2025-03-19 22:00,18.9,0.0,91,1023.0,12.6,100,17.4,20.9,10.0,17.3,NNW,Overcast,1.5
2025-04-03 06:00,21.2,0.0,86,1017.0,2.2,98,18.7,23.2,10.0,3.0,WSW,Overcast,2.5
2025-03-21 21:00,19.7,0.0,78,1022.0,4.3,16,15.8,21.7,10.0,7.4,NNE,Clear,3.8999999999999986
2024-10-07 19:00,25.3,4.6,85,1014.0,9.4,99,22.6,27.8,10.0,15.6,N,Moderate or heavy rain shower,2.6999999999999993
2024-07-14 11:00,26.6,0.8,88,1003.0,11.9,63,24.4,30.5,10.0,17.5,NNW,Moderate rain at times,2.200000000000003
2025-01-30 14:00,23.2,0.0,73,1013.0,8.3,2,16.6,25.1,10.0,14.3,E,Sunny,6.599999999999998
2024-11-07 16:00,24.5,0.3,84,1014.0,22.3,71,21.6,26.7,10.0,31.7,ENE,Patchy rain possible,2.8999999999999986
2025-04-12 20:00,26.8,0.0,93,1011.0,5.7,80,24.6,31.8,9.0,7.3,SW,Cloudy,2.1999999999999993
2024-07-04 16:00,29.0,1.4,76,1006.0,16.6,74,24.3,33.9,9.0,25.4,ESE,Heavy rain at times,4.699999999999999
2024-06-23 08:00,29.1,0.2,79,1003.0,7.9,50,24.4,34.0,10.0,10.0,W,Patchy rain possible,4.700000000000003
2024-08-25 16:00,31.1,0.1,70,1005.0,9.0,88,25.0,37.6,10.0,19.9,ENE,Patchy rain possible,6.100000000000001
2025-02-28 18:00,22.3,0.01,92,1014.0,9.4,58,21.0,24.7,10.0,13.5,E,Patchy rain possible,1.3000000000000007
2024-12-02 09:00,23.2,0.1,88,1014.0,1.4,100,21.2,25.4,2.0,5.8,E,Patchy rain possible,2.0
2024-10-16 16:00,27.4,0.1,83,1010.0,11.2,90,24.2,31.4,10.0,16.6,N,Patchy rain possible,3.1999999999999993
2024-06-06 15:00,31.7,0.0,75,1006.0,6.5,81,25.1,38.7,9.0,19.4,NNE,Cloudy,6.599999999999998
2024-07-24 23:00,28.0,0.0,71,1000.0,8.7,28,22.3,31.0,10.0,16.6,SW,Partly cloudy,5.699999999999999
2024-10-14 11:00,27.9,0.1,79,1012.0,11.2,73,23.8,31.8,9.0,20.2,NNE,Patchy rain possible,4.099999999999998
2025-05-22 18:00,27.9,0.0,86,1004.0,9.7,85,25.4,33.2,9.0,21.2,ESE,Overcast,2.5
2024-08-31 20:00,27.6,0.0,80,1007.0,6.8,15,23.8,31.5,10.0,11.4,SSE,Clear,3.8000000000000007
2024-06-21 05:00,26.7,0.0,83,1002.0,6.4,80,23.6,30.1,9.0,12.6,SSW,Cloudy,3.099999999999998
2024-08-19 19:00,29.5,0.0,83,1005.0,8.3,87,25.1,35.4,10.0,15.1,SSE,Overcast,4.399999999999999
2024-06-15 09:00,33.7,0.0,54,1004.0,5.8,10,23.0,39.5,10.0,10.9,SSE,Sunny,10.700000000000003
2024-08-30 13:00,32.2,0.0,61,1004.0,17.6,76,23.6,37.9,10.0,25.3,ENE,Cloudy,8.600000000000001
2025-02-07 11:00,23.0,0.2,72,1018.0,4.3,84,17.6,25.0,10.0,18.9,NNE,Patchy rain possible,5.399999999999999
2024-09-26 08:00,26.7,0.0,85,1013.0,5.0,15,23.9,30.2,10.0,6.0,SW,Sunny,2.8000000000000007
2024-08-26 23:00,26.0,0.0,86,1008.0,7.6,19,23.5,29.1,10.0,13.4,SSW,Clear,2.5
2024-08-29 02:00,24.8,0.0,87,1004.0,9.0,9,22.4,27.2,10.0,18.3,SW,Clear,2.400000000000002
2024-07-05 15:00,31.6,0.9,66,1004.0,15.5,81,22.9,36.5,10.0,23.3,ENE,Moderate rain at times,8.700000000000003
2024-10-04 01:00,24.2,0.0,82,1013.0,10.4,96,21.0,26.2,10.0,15.5,NW,Overcast,3.1999999999999993
2024-06-09 06:00,25.8,0.0,85,1004.0,10.4,70,23.0,28.6,9.0,13.2,SW,Cloudy,2.8000000000000007
2024-10-01 10:00,30.4,0.0,70,1008.0,2.9,12,24.2,35.8,10.0,9.4,ESE,Sunny,6.199999999999999
2025-05-22 07:00,26.6,0.0,77,1007.0,5.7,6,22.2,29.3,10.0,13.1,SSW,Sunny,4.400000000000002
2024-09-28 05:00,24.5,0.0,90,1009.0,5.4,13,22.8,27.0,10.0,9.4,SSW,Clear,1.6999999999999993
2025-04-09 22:00,23.9,0.0,94,1011.0,9.0,40,22.2,26.4,10.0,15.0,S,Partly cloudy,1.6999999999999993
2025-03-21 19:00,20.2,0.0,77,1020.0,9.4,23,16.0,22.2,10.0,10.3,NE,Clear,4.199999999999999
2025-04-12 16:00,31.6,0.0,77,1006.0,6.5,88,24.2,41.1,9.0,9.5,E,Overcast,7.400000000000002
2024-10-16 15:00,27.7,0.3,81,1009.0,11.9,59,24.1,31.7,5.0,20.6,NNE,Patchy rain possible,3.599999999999998
2025-03-12 16:00,25.0,0.0,87,1009.0,12.2,95,22.6,27.5,2.0,20.0,ESE,Overcast,2.3999999999999986
2025-04-06 04:00,21.7,0.0,95,1012.0,5.4,56,20.8,23.7,2.0,8.8,S,Partly cloudy,0.8999999999999986
2024-07-27 23:00,27.1,0.0,77,1004.0,8.8,37,23.9,30.9,10.0,18.6,WSW,Partly cloudy,3.200000000000003
2024-07-20 20:00,26.4,0.0,87,1006.0,4.7,75,24.1,30.0,9.0,8.5,SSE,Cloudy,2.299999999999997
2024-09-03 01:00,25.8,0.0,89,1008.0,6.1,36,23.8,29.0,10.0,10.3,WSW,Partly cloudy,2.0
2025-04-23 02:00,25.8,0.0,80,1006.0,6.8,25,22.0,28.2,10.0,8.7,SSE,Clear,3.8000000000000007
2024-09-08 17:00,32.7,0.0,71,1004.0,12.6,23,23.6,38.9,10.0,17.7,ENE,Sunny,9.100000000000001
2024-07-24 19:00,28.9,0.0,67,999.0,9.5,56,22.1,32.2,10.0,18.7,SW,Partly cloudy,6.799999999999997
2024-11-05 10:00,24.6,3.4,90,1016.0,20.2,100,22.8,27.1,10.0,42.2,NE,Moderate or heavy rain shower,1.8000000000000007
2025-04-12 08:00,28.8,0.0,66,1008.0,10.4,8,22.0,31.9,10.0,15.4,S,Sunny,6.800000000000001
2024-07-17 01:00,25.3,0.0,89,1003.0,7.6,84,23.3,28.1,10.0,13.3,WSW,Cloudy,2.0
2024-06-27 02:00,25.5,0.0,91,1008.0,6.1,23,23.9,28.7,10.0,9.7,SSW,Clear,1.6000000000000014
2024-07-09 18:00,27.9,0.0,80,1006.0,6.5,71,24.2,32.2,10.0,15.3,SSE,Cloudy,3.6999999999999993
2024-09-03 20:00,26.5,0.0,86,1007.0,4.3,83,24.0,30.1,10.0,7.7,NNE,Cloudy,2.5
2025-04-02 15:00,22.0,0.0,87,1015.0,7.2,100,19.7,24.0,2.0,21.5,NW,Overcast,2.3000000000000007
2024-06-11 07:00,28.0,0.0,75,1007.0,7.2,26,23.1,31.5,10.0,10.8,WSW,Partly cloudy,4.899999999999999
2025-04-05 11:00,26.0,0.0,76,1013.0,13.3,8,21.4,28.2,10.0,15.3,E,Sunny,4.600000000000001
2025-03-01 10:00,25.1,0.0,81,1014.0,10.8,17,21.6,27.3,10.0,12.5,SE,Sunny,3.5
2025-05-02 19:00,26.5,0.0,89,1010.0,2.9,77,23.3,30.4,10.0,11.1,E,Cloudy,3.1999999999999993
2025-02-21 03:00,21.1,0.7,92,1016.0,3.2,94,19.7,23.1,10.0,5.1,NNE,Moderate rain at times,1.4000000000000021
2024-10-18 18:00,26.0,0.5,88,1010.0,4.7,75,23.9,29.3,10.0,7.5,E,Moderate rain at times,2.1000000000000014
2024-06-07 18:00,28.9,0.0,79,1004.0,8.3,75,24.9,34.3,9.0,12.9,ESE,Cloudy,4.0
2025-02-08 09:00,20.3,0.3,86,1021.0,17.5,100,17.9,22.3,10.0,31.1,ENE,Patchy rain possible,2.400000000000002
2024-07-17 15:00,29.3,0.1,75,1002.0,14.0,79,24.4,34.4,10.0,16.2,N,Patchy rain possible,4.900000000000002
2024-07-12 23:00,26.5,0.2,92,1004.0,9.0,86,24.5,30.3,9.0,18.4,SW,Patchy rain possible,2.0
2024-08-23 06:00,24.8,0.0,86,1009.0,7.9,11,22.4,27.2,10.0,9.4,SSW,Sunny,2.400000000000002
2025-03-13 10:00,26.4,0.0,75,1012.0,7.9,30,21.5,28.6,10.0,15.7,SE,Partly cloudy,4.899999999999999
2025-01-28 20:00,18.1,0.0,87,1021.0,10.4,94,16.0,20.1,10.0,16.1,NNE,Overcast,2.1000000000000014
2024-11-08 19:00,23.1,0.0,82,1016.0,9.4,56,19.8,25.2,10.0,15.1,NE,Partly cloudy,3.3000000000000007
2024-08-06 11:00,33.5,0.1,59,1006.0,10.2,86,22.4,38.7,10.0,16.2,NE,Patchy rain possible,11.100000000000001
2024-10-17 07:00,25.2,0.0,85,1012.0,4.3,38,22.6,27.8,10.0,6.2,W,Partly cloudy,2.599999999999998
2024-12-25 03:00,19.6,0.1,89,1015.0,10.4,100,17.7,21.6,10.0,16.5,NW,Patchy rain possible,1.9000000000000021
2024-08-09 22:00,28.9,0.0,84,1006.0,6.5,9,24.4,33.8,10.0,12.3,SW,Clear,4.5
2024-12-20 07:00,20.5,0.4,82,1018.0,7.2,100,17.3,22.5,10.0,12.3,NE,Patchy rain possible,3.1999999999999993
2024-11-20 15:00,25.7,0.1,85,1011.0,17.6,53,21.5,28.0,10.0,28.9,NNW,Patchy rain possible,4.199999999999999
2024-11-01 15:00,27.9,0.0,66,1008.0,18.0,4,21.0,30.3,10.0,29.3,NNW,Sunny,6.899999999999999
2024-10-22 12:00,27.1,0.1,84,1012.0,13.7,62,24.2,31.0,10.0,26.5,NE,Patchy rain possible,2.900000000000002
2025-04-18 20:00,26.8,0.0,91,1007.0,8.0,26,24.6,31.5,10.0,13.0,S,Partly cloudy,2.1999999999999993
2024-09-20 02:00,24.3,0.0,84,999.0,6.9,52,21.3,26.3,10.0,14.0,SW,Partly cloudy,3.0
2024-07-11 13:00,31.9,2.9,62,1004.0,13.8,88,23.7,37.5,10.0,27.1,NE,Moderate or heavy rain shower,8.2
2025-05-17 05:00,24.4,0.0,88,1008.0,5.4,15,22.4,26.8,10.0,10.8,SSW,Clear,2.0
2024-06-29 10:00,33.5,0.0,54,1007.0,7.9,18,22.9,38.9,10.0,14.6,SSE,Sunny,10.600000000000001
2025-05-06 09:00,32.4,0.0,59,1008.0,8.3,46,22.4,37.9,10.0,14.9,SE,Partly cloudy,10.0
2024-09-07 12:00,34.7,0.0,54,1001.0,20.2,20,22.4,40.2,10.0,29.9,SW,Sunny,12.300000000000004
2024-08-24 20:00,27.6,0.0,88,1009.0,11.9,76,24.5,32.1,9.0,17.0,SSE,Cloudy,3.1000000000000014
2025-01-06 17:00,21.0,0.0,82,1015.0,9.4,84,17.8,23.0,10.0,13.1,NE,Cloudy,3.1999999999999993
2025-02-19 23:00,21.6,0.6,92,1017.0,5.8,100,20.3,23.6,10.0,8.5,E,Moderate rain at times,1.3000000000000007
2024-11-24 06:00,23.7,0.5,91,1015.0,13.6,93,22.2,26.1,10.0,27.8,ENE,Moderate rain at times,1.5
2024-07-04 22:00,24.8,0.0,91,1009.0,6.7,51,23.1,27.4,10.0,11.7,WSW,Partly cloudy,1.6999999999999993
2024-09-27 11:00,29.6,0.2,72,1011.0,11.9,83,23.9,34.3,10.0,17.6,ESE,Patchy rain possible,5.700000000000003
2024-12-04 18:00,22.9,0.0,86,1013.0,7.6,88,20.5,25.1,10.0,12.0,NE,Overcast,2.3999999999999986
2024-09-02 07:00,26.8,0.0,83,1008.0,4.7,20,23.8,30.4,10.0,6.2,SW,Sunny,3.0
2024-08-04 03:00,24.9,0.0,87,1008.0,7.2,12,22.7,27.5,10.0,8.9,SW,Clear,2.1999999999999993
2024-10-17 22:00,25.1,0.0,89,1011.0,6.5,41,23.2,27.9,10.0,10.5,WSW,Partly cloudy,1.9000000000000021
2024-06-01 15:00,29.5,2.0,79,1007.0,7.9,61,25.1,35.4,10.0,13.9,N,Moderate or heavy rain shower,4.399999999999999
2025-01-20 13:00,22.1,0.0,73,1013.0,6.5,83,15.6,24.6,10.0,16.6,ENE,Cloudy,6.500000000000002
2024-12-22 11:00,22.0,0.0,69,1019.0,15.8,60,16.1,24.0,10.0,25.0,NE,Partly cloudy,5.899999999999999
2024-12-13 04:00,23.3,0.5,92,1012.0,14.8,100,21.9,25.6,10.0,21.7,NE,Moderate rain at times,1.4000000000000021
2024-10-01 17:00,28.2,0.0,86,1006.0,7.3,73,25.6,33.9,9.0,18.0,NNE,Cloudy,2.599999999999998
2024-08-21 17:00,30.9,0.0,69,1006.0,14.4,31,24.5,36.9,9.0,25.8,E,Partly cloudy,6.399999999999999
2024-07-25 03:00,27.6,0.0,70,998.0,9.0,41,21.6,30.2,10.0,16.1,SW,Partly cloudy,6.0
2024-06-01 00:00,25.6,0.0,92,1007.0,8.6,96,24.3,29.0,10.0,9.6,SW,Overcast,1.3000000000000007
2024-11-06 23:00,23.7,0.5,88,1017.0,12.3,83,21.6,25.9,10.0,22.7,NE,Moderate rain at times,2.099999999999998
2025-01-02 09:00,21.0,0.1,86,1017.0,7.6,100,18.5,23.0,10.0,10.3,NW,Patchy rain possible,2.5
2024-09-21 13:00,29.8,0.3,75,1003.0,7.5,75,24.8,35.4,9.0,13.8,NNE,Patchy rain possible,5.0
2024-06-29 05:00,25.4,0.0,86,1006.0,10.4,10,22.8,28.1,10.0,12.4,SSW,Clear,2.599999999999998
2024-11-22 01:00,24.0,0.3,89,1014.0,16.4,100,22.0,26.3,10.0,33.9,NE,Patchy rain possible,2.0
2024-08-08 02:00,26.5,0.0,89,1006.0,6.0,15,24.0,30.1,10.0,11.9,SW,Clear,2.5
2024-10-30 06:00,23.2,0.0,90,1007.0,7.2,79,21.6,25.5,10.0,11.5,W,Cloudy,1.5999999999999979
2025-05-16 14:00,30.4,0.4,69,1007.0,16.2,85,24.1,35.7,10.0,23.9,E,Patchy rain possible,6.299999999999997
2024-06-05 12:00,34.9,0.0,58,1007.0,12.0,19,24.2,42.4,10.0,23.6,NE,Sunny,10.7
2024-07-12 15:00,32.3,0.0,70,1000.0,14.3,28,24.6,39.2,9.0,26.0,NNE,Partly cloudy,7.699999999999996
2024-12-28 06:00,21.6,3.5,94,1020.0,19.5,100,20.6,23.6,7.0,29.9,NNE,Moderate or heavy rain shower,1.0
2024-12-05 11:00,24.8,0.2,82,1014.0,11.9,78,21.5,27.0,10.0,15.8,ENE,Patchy rain possible,3.3000000000000007
2024-07-09 01:00,25.2,0.0,90,1006.0,7.6,47,23.5,28.1,10.0,15.0,SW,Partly cloudy,1.6999999999999993
2024-11-18 19:00,24.0,0.6,89,1014.0,10.3,88,22.0,26.3,10.0,31.7,NE,Moderate rain at times,2.0
2025-01-28 08:00,17.5,0.3,88,1021.0,5.0,100,15.4,19.5,2.0,6.8,N,Patchy rain possible,2.0999999999999996
2024-10-13 06:00,23.8,0.1,86,1013.0,6.5,79,21.3,25.9,10.0,11.5,W,Patchy rain possible,2.5
2024-05-31 16:00,28.0,1.53,82,1004.0,8.6,94,24.7,32.7,10.0,15.0,NNE,Light rain shower,3.3000000000000007
2024-08-23 15:00,32.9,0.0,64,1007.0,9.4,14,23.4,38.7,10.0,19.0,ENE,Sunny,9.5
2024-06-25 06:00,25.8,0.0,80,1005.0,8.6,45,22.1,28.2,10.0,10.2,SW,Partly cloudy,3.6999999999999993
2025-04-11 00:00,23.5,0.0,91,1007.0,5.9,18,21.9,25.7,10.0,7.2,SSE,Clear,1.6000000000000014
2024-06-22 14:00,32.2,0.0,72,1001.0,13.7,59,24.7,39.2,10.0,20.5,ENE,Partly cloudy,7.5000000000000036
2024-09-20 01:00,24.5,0.1,83,999.0,10.8,86,21.5,26.6,10.0,14.1,SW,Patchy rain possible,3.0
2024-07-10 22:00,26.6,0.0,83,1008.0,7.9,23,23.6,30.0,10.0,14.5,SSW,Clear,3.0
2025-05-19 21:00,25.5,0.0,88,1008.0,7.8,12,24.0,28.5,10.0,10.5,SW,Clear,1.5
2024-12-23 17:00,19.8,0.1,85,1015.0,9.0,100,17.3,21.8,10.0,13.0,NW,Patchy rain possible,2.5
2024-11-24 13:00,24.9,1.3,89,1013.0,19.8,91,23.0,27.6,10.0,36.3,ENE,Heavy rain at times,1.8999999999999986
2025-01-31 19:00,19.8,0.0,87,1011.0,4.0,0,17.5,21.8,10.0,7.2,SE,Clear,2.3000000000000007
2025-03-01 02:00,20.9,0.0,96,1013.0,9.7,74,20.3,22.9,2.0,15.0,S,Cloudy,0.5999999999999979
2025-01-28 21:00,18.4,0.1,87,1022.0,10.4,100,16.2,20.4,10.0,15.5,NE,Patchy rain possible,2.1999999999999993
2024-09-24 06:00,24.4,0.1,90,1011.0,6.1,78,22.6,26.8,10.0,9.3,WSW,Patchy rain possible,1.7999999999999972
2024-05-31 06:00,26.5,0.0,86,1003.0,9.2,83,23.9,30.0,10.0,16.7,WSW,Cloudy,2.6000000000000014
2025-03-11 16:00,24.5,0.0,87,1011.0,12.2,89,22.2,26.9,10.0,19.5,E,Overcast,2.3000000000000007
2024-07-07 17:00,28.9,0.0,78,1005.0,17.9,72,24.7,33.9,10.0,28.8,ESE,Cloudy,4.199999999999999
2024-06-14 20:00,29.2,0.0,85,1003.0,7.2,13,24.2,34.2,10.0,9.4,SW,Clear,5.0
2024-09-11 12:00,28.6,0.0,90,1008.0,7.9,51,24.5,33.5,10.0,16.5,SSW,Partly cloudy,4.100000000000001
2024-09-20 17:00,28.0,4.9,82,1002.0,8.6,80,24.6,32.6,10.0,13.2,NNE,Moderate or heavy rain shower,3.3999999999999986
2024-09-22 04:00,24.9,0.0,94,1003.0,5.8,68,23.9,27.9,10.0,9.9,SW,Cloudy,1.0
2025-03-23 01:00,19.5,0.0,90,1018.0,6.5,53,17.8,21.5,10.0,10.5,SSW,Partly cloudy,1.6999999999999993
2025-03-31 22:00,20.6,0.01,84,1016.0,13.3,95,17.7,22.6,10.0,19.8,WNW,Patchy rain possible,2.900000000000002
2024-12-28 10:00,21.0,1.5,93,1022.0,21.5,100,19.9,23.0,10.0,35.5,NNE,Moderate or heavy rain shower,1.1000000000000014
2025-01-17 08:00,20.0,0.1,85,1021.0,11.1,100,17.4,22.0,10.0,17.3,ENE,Patchy rain possible,2.6000000000000014
2025-05-13 01:00,23.7,0.1,89,1008.0,7.9,55,21.7,25.9,10.0,9.4,WSW,Patchy rain possible,2.0
2025-02-20 04:00,19.9,1.0,88,1016.0,5.0,63,17.7,21.9,10.0,8.7,WSW,Heavy rain at times,2.1999999999999993
2025-05-09 19:00,27.5,0.0,81,1007.0,8.0,54,24.0,31.4,9.0,11.6,SW,Partly cloudy,3.5
2024-06-17 16:00,32.9,0.0,72,1004.0,15.1,88,24.5,40.1,10.0,20.3,SE,Overcast,8.399999999999999
2025-04-12 15:00,32.4,0.0,75,1004.0,6.0,84,24.1,42.9,10.0,24.4,ENE,Cloudy,8.299999999999997
2024-07-01 01:00,27.6,0.0,74,1005.0,10.4,9,22.5,30.7,10.0,14.1,WSW,Clear,5.100000000000001
2024-06-17 22:00,27.8,0.0,90,1007.0,8.7,17,25.2,32.9,10.0,17.2,SSW,Clear,2.6000000000000014
2025-02-12 17:00,22.4,0.0,95,1013.0,11.2,100,21.6,24.9,2.0,19.0,NE,Overcast,0.7999999999999972
2024-11-16 06:00,22.9,0.0,90,1011.0,5.8,10,21.2,25.2,10.0,9.9,SSW,Sunny,1.6999999999999993
2025-03-31 16:00,21.8,0.09,85,1013.0,13.3,100,19.2,23.8,10.0,17.7,WNW,Patchy rain possible,2.6000000000000014
2024-09-26 19:00,26.3,0.1,86,1011.0,9.0,74,23.7,29.6,10.0,14.4,SE,Patchy rain possible,2.6000000000000014
2025-01-20 09:00,19.4,0.6,78,1016.0,0.7,68,15.4,21.4,10.0,6.4,E,Moderate rain at times,3.9999999999999982
2025-04-04 13:00,25.2,0.1,77,1012.0,16.9,78,20.8,27.2,10.0,19.5,ESE,Patchy rain possible,4.399999999999999
2025-03-21 03:00,18.6,0.0,79,1021.0,6.8,95,14.9,20.6,10.0,11.2,WNW,Overcast,3.700000000000001
2025-04-16 09:00,25.6,0.0,70,1011.0,9.0,8,19.7,27.3,10.0,10.4,SSE,Sunny,5.900000000000002
2024-08-22 17:00,31.0,1.21,77,1007.0,17.6,70,24.6,37.3,9.0,24.8,SE,Heavy rain at times,6.399999999999999
2025-04-16 04:00,20.8,0.0,78,1010.0,5.0,16,16.9,22.8,10.0,10.0,SW,Clear,3.900000000000002
2025-01-21 11:00,21.6,0.0,65,1016.0,4.3,2,14.9,23.6,10.0,10.9,ESE,Sunny,6.700000000000001
2025-05-11 14:00,26.8,0.0,90,1007.0,12.9,81,23.6,31.2,7.0,28.4,NW,Cloudy,3.1999999999999993
2024-12-07 23:00,22.8,0.1,88,1016.0,8.0,62,20.8,25.1,10.0,13.0,NE,Patchy rain possible,2.0
2024-10-10 23:00,24.2,0.4,89,1013.0,8.3,89,22.3,26.5,10.0,13.8,WNW,Patchy rain possible,1.8999999999999986
2024-06-11 22:00,26.3,0.0,89,1008.0,10.1,44,24.3,30.0,10.0,13.2,SW,Partly cloudy,2.0
2024-07-18 08:00,27.0,0.0,82,1005.0,8.6,35,23.6,30.5,10.0,11.2,WSW,Partly cloudy,3.3999999999999986
2025-03-27 05:00,22.0,0.0,84,1004.0,7.3,6,19.1,24.0,10.0,10.0,SSW,Clear,2.8999999999999986
2024-11-20 10:00,26.1,0.3,75,1015.0,12.6,73,21.3,28.2,10.0,21.6,WNW,Patchy rain possible,4.800000000000001
2025-02-25 01:00,21.0,2.0,93,1021.0,14.2,100,19.8,23.0,9.0,25.7,NE,Moderate or heavy rain shower,1.1999999999999993
2025-01-26 06:00,19.6,0.0,90,1015.0,8.6,88,18.5,21.6,10.0,12.4,NE,Overcast,1.1000000000000014
2024-12-20 12:00,21.1,0.1,81,1017.0,10.8,99,17.6,23.1,10.0,21.5,ENE,Patchy rain possible,3.5
2024-07-05 01:00,24.1,0.0,88,1008.0,9.0,29,22.0,26.4,10.0,10.7,SW,Partly cloudy,2.1000000000000014
2025-01-10 16:00,20.3,0.5,81,1021.0,15.5,60,17.0,22.3,10.0,27.0,NE,Moderate rain at times,3.3000000000000007
2024-09-26 11:00,29.2,0.1,73,1012.0,9.4,84,23.9,33.8,10.0,15.6,ESE,Patchy rain possible,5.300000000000001
2025-02-14 10:00,22.2,0.4,95,1016.0,3.6,100,21.3,24.7,2.0,9.6,NNW,Patchy rain possible,0.8999999999999986
2025-04-25 12:00,33.0,1.1,72,1009.0,11.5,79,22.3,43.5,10.0,26.8,ENE,Heavy rain at times,10.7
2025-05-21 08:00,28.8,0.0,70,1008.0,8.6,14,22.8,32.5,10.0,10.2,S,Sunny,6.0
2024-11-16 22:00,23.5,0.0,88,1012.0,4.7,3,21.4,25.6,10.0,8.1,WSW,Clear,2.1000000000000014
2024-11-21 00:00,23.5,0.4,91,1014.0,13.1,100,21.9,25.8,10.0,24.8,NE,Patchy rain possible,1.6000000000000014
2025-04-07 00:00,23.4,0.0,91,1014.0,7.6,68,21.9,25.7,10.0,11.8,S,Cloudy,1.5
2024-07-21 09:00,29.7,0.0,67,1005.0,3.2,24,23.0,33.8,10.0,9.1,WSW,Sunny,6.699999999999999
2025-02-28 14:00,24.6,0.0,79,1013.0,14.8,22,20.7,26.5,10.0,17.0,E,Sunny,3.900000000000002
2024-08-08 23:00,26.8,0.0,85,1008.0,9.0,18,24.1,30.6,10.0,12.2,SSW,Clear,2.6999999999999993
2024-10-17 12:00,27.3,0.1,83,1011.0,9.4,80,24.2,31.3,9.0,16.9,NE,Patchy rain possible,3.1000000000000014
2025-05-08 02:00,25.9,0.0,83,1005.0,7.9,83,22.7,28.5,9.0,10.9,SSW,Cloudy,3.1999999999999993
2025-01-08 20:00,20.9,0.3,89,1016.0,6.5,69,18.9,22.9,10.0,10.1,SE,Patchy rain possible,2.0
2024-06-13 23:00,27.2,0.0,74,1005.0,6.0,6,22.1,29.9,10.0,12.8,SW,Clear,5.099999999999998
2025-04-01 18:00,21.2,0.0,84,1015.0,12.2,100,18.5,23.2,10.0,21.6,WNW,Overcast,2.6999999999999993
2024-11-03 20:00,22.9,0.1,89,1014.0,1.4,100,21.1,25.2,10.0,2.3,WSW,Patchy rain possible,1.7999999999999972
2025-02-23 23:00,21.5,2.2,95,1022.0,18.7,100,20.7,23.5,9.0,26.0,NE,Moderate or heavy rain shower,0.8000000000000007
2024-06-01 04:00,25.5,0.0,90,1007.0,6.5,100,23.7,28.6,10.0,10.6,SW,Overcast,1.8000000000000007
2025-04-17 04:00,23.2,0.0,94,1007.0,7.9,83,22.1,25.6,10.0,9.9,S,Cloudy,1.0999999999999979
2025-04-21 05:00,23.4,0.0,90,1009.0,5.3,32,21.6,25.7,10.0,7.5,S,Partly cloudy,1.7999999999999972
2024-10-07 00:00,24.2,0.0,88,1013.0,9.0,67,22.0,26.5,10.0,10.5,WNW,Cloudy,2.1999999999999993
2024-08-27 12:00,34.0,0.0,58,1006.0,17.6,17,22.8,39.8,10.0,25.8,NE,Sunny,11.2
2024-09-28 22:00,26.1,0.0,91,1010.0,7.6,87,24.5,29.8,10.0,12.7,S,Overcast,1.6000000000000014
2025-03-10 08:00,22.1,0.1,94,1019.0,9.0,100,21.2,24.7,10.0,12.8,NNE,Patchy rain possible,0.9000000000000021
2025-03-09 16:00,23.3,0.1,83,1015.0,8.3,68,20.1,25.3,10.0,17.0,NE,Patchy rain possible,3.1999999999999993
2024-10-10 18:00,25.9,0.0,86,1011.0,9.4,70,23.3,28.9,10.0,14.9,N,Cloudy,2.599999999999998
2025-01-01 23:00,19.9,0.0,85,1016.0,5.4,91,17.3,21.9,10.0,8.3,NW,Overcast,2.599999999999998
2024-12-01 14:00,24.0,0.0,83,1010.0,10.1,86,21.0,26.0,10.0,11.9,ENE,Overcast,3.0
2024-09-10 06:00,25.4,0.0,88,1006.0,6.1,88,23.3,28.2,10.0,10.4,WSW,Overcast,2.099999999999998
2024-12-14 09:00,22.3,2.63,90,1019.0,23.3,100,20.5,24.7,7.0,37.7,NE,Moderate or heavy rain shower,1.8000000000000007
2024-10-24 07:00,24.3,0.1,87,1012.0,11.2,76,21.9,26.6,10.0,16.4,WNW,Patchy rain possible,2.400000000000002
2025-02-10 14:00,20.9,0.0,80,1016.0,9.0,79,17.4,22.9,10.0,16.3,NE,Cloudy,3.5
2024-07-26 18:00,29.2,0.0,73,999.0,9.0,31,25.0,34.7,10.0,18.3,SW,Partly cloudy,4.199999999999999
2025-04-10 07:00,24.0,0.0,87,1009.0,5.0,60,21.8,26.2,10.0,7.3,SSE,Cloudy,2.1999999999999993
2025-03-28 11:00,30.8,0.0,69,1007.0,11.0,10,24.8,36.8,10.0,21.2,SE,Sunny,6.0
2024-12-23 20:00,19.5,0.3,87,1017.0,10.1,100,17.4,21.5,10.0,14.8,NNW,Patchy rain possible,2.1000000000000014
2024-09-30 05:00,25.1,0.0,90,1007.0,7.9,85,23.4,27.9,10.0,10.0,SW,Overcast,1.7000000000000028
2024-11-28 05:00,22.7,0.1,85,1017.0,18.7,100,20.0,24.9,2.0,27.8,NE,Patchy rain possible,2.6999999999999993
2024-07-31 21:00,26.1,0.0,87,1009.0,7.9,24,23.8,29.4,10.0,15.2,SW,Clear,2.3000000000000007
2024-12-08 06:00,22.9,0.3,87,1017.0,11.2,67,20.5,25.1,10.0,18.1,NE,Patchy rain possible,2.3999999999999986
2025-05-20 22:00,26.3,0.1,92,1008.0,5.0,71,25.0,30.5,10.0,8.4,S,Patchy rain possible,1.3000000000000007
2025-04-13 17:00,21.9,0.0,80,1013.0,18.7,100,17.7,23.9,10.0,27.3,NW,Overcast,4.199999999999999
2024-11-21 17:00,24.2,0.7,90,1012.0,15.1,100,22.4,26.5,10.0,30.7,NE,Moderate rain at times,1.8000000000000007
2024-06-04 08:00,31.1,0.0,63,1007.0,6.1,25,23.3,36.0,10.0,7.4,NW,Partly cloudy,7.800000000000001
2025-03-20 01:00,19.2,0.0,85,1022.0,9.7,100,16.5,21.2,10.0,13.6,NNW,Overcast,2.6999999999999993
2024-05-25 09:00,28.9,0.0,76,1009.0,7.6,14,24.3,33.8,10.0,13.4,SSE,Sunny,4.599999999999998
2025-04-14 16:00,24.0,0.0,75,1012.0,16.2,52,19.4,25.8,10.0,26.5,N,Partly cloudy,4.600000000000001
2025-02-05 07:00,18.5,0.0,89,1016.0,4.7,75,16.7,20.5,10.0,6.9,WSW,Cloudy,1.8000000000000007
2025-05-09 18:00,29.2,0.1,76,1005.0,7.8,72,24.5,34.4,10.0,20.0,S,Patchy rain possible,4.699999999999999
2024-12-21 18:00,20.6,0.0,80,1016.0,9.5,97,17.0,22.6,10.0,16.3,NE,Overcast,3.6000000000000014
2024-10-24 12:00,27.1,0.0,73,1010.0,18.7,50,21.7,29.6,10.0,32.7,NNW,Partly cloudy,5.400000000000002
2024-08-27 13:00,32.5,0.0,59,1005.0,19.8,17,23.4,38.1,10.0,28.9,NE,Sunny,9.100000000000001
2025-01-21 16:00,21.1,0.0,69,1012.0,10.8,0,15.2,23.1,10.0,16.9,ENE,Sunny,5.900000000000002
2024-11-30 02:00,21.3,0.0,77,1016.0,10.4,58,17.2,23.3,10.0,16.1,NE,Partly cloudy,4.100000000000001
2025-03-14 14:00,27.7,0.0,76,1009.0,17.6,11,23.1,31.1,10.0,24.9,ESE,Sunny,4.599999999999998
2024-09-19 09:00,24.6,2.55,94,997.0,14.9,55,23.5,27.4,8.0,31.3,SSW,Moderate or heavy rain shower,1.1000000000000014
2024-06-19 00:00,27.2,0.0,81,1004.0,7.9,13,23.7,30.9,10.0,10.5,SW,Clear,3.5
2024-07-19 02:00,24.7,0.0,87,1004.0,9.4,44,22.4,27.1,10.0,12.8,WSW,Partly cloudy,2.3000000000000007
2024-12-30 19:00,21.7,0.7,88,1017.0,9.0,73,19.7,23.7,10.0,13.4,NE,Moderate rain at times,2.0
2024-10-01 06:00,25.2,0.0,89,1007.0,6.8,18,23.2,28.0,10.0,8.2,SW,Sunny,2.0
2025-01-27 02:00,17.0,0.2,91,1019.0,20.2,99,15.5,19.0,2.0,28.6,NNW,Patchy rain possible,1.5
2024-06-20 09:00,34.3,0.0,49,1004.0,5.8,15,22.1,39.3,10.0,11.3,SW,Sunny,12.199999999999996
2024-06-10 02:00,25.8,0.0,85,1005.0,7.6,47,23.2,28.7,10.0,9.9,W,Partly cloudy,2.6000000000000014
2024-11-17 18:00,24.5,0.5,86,1012.0,8.3,71,22.1,26.8,10.0,13.3,NNE,Moderate rain at times,2.3999999999999986
2024-10-07 13:00,27.6,0.4,82,1012.0,17.6,56,24.4,31.9,10.0,28.5,N,Patchy rain possible,3.200000000000003
2024-07-24 01:00,26.3,0.0,79,1001.0,8.5,82,22.3,28.9,10.0,18.3,SW,Cloudy,4.0
2024-06-25 20:00,26.5,0.0,87,1006.0,9.0,82,24.1,30.2,10.0,10.4,SW,Cloudy,2.3999999999999986
2024-08-09 10:00,34.0,0.0,53,1006.0,2.9,8,23.1,40.0,10.0,11.0,W,Sunny,10.899999999999999
2024-12-15 21:00,19.3,0.1,89,1022.0,12.9,100,17.6,21.3,2.0,19.7,NNE,Patchy rain possible,1.6999999999999993
2024-11-11 12:00,26.6,0.1,76,1012.0,21.2,79,22.0,29.2,10.0,34.3,NW,Patchy rain possible,4.600000000000001
2024-08-11 20:00,27.3,0.3,91,1003.0,6.5,87,24.9,31.9,9.0,11.8,WSW,Patchy rain possible,2.400000000000002
2025-04-11 22:00,24.8,0.0,89,1008.0,6.2,49,23.0,27.4,10.0,8.7,SW,Partly cloudy,1.8000000000000007
2024-10-30 04:00,23.1,0.0,90,1006.0,7.2,70,21.4,25.4,10.0,11.6,WNW,Cloudy,1.7000000000000028
2025-02-24 04:00,21.1,0.6,94,1020.0,23.0,100,20.2,23.1,10.0,33.1,NE,Moderate rain at times,0.9000000000000021
2024-07-11 05:00,25.1,0.0,82,1006.0,11.5,27,21.7,27.3,10.0,16.5,WSW,Partly cloudy,3.400000000000002
2024-07-19 07:00,26.0,0.0,83,1005.0,6.8,70,22.8,28.7,10.0,10.8,WSW,Cloudy,3.1999999999999993
2025-02-19 05:00,21.0,0.2,91,1016.0,5.0,100,19.5,23.0,10.0,8.0,E,Patchy rain possible,1.5
2025-04-02 04:00,20.5,0.0,85,1015.0,5.8,100,17.8,22.5,10.0,8.1,NW,Overcast,2.6999999999999993
2024-06-18 02:00,27.1,0.0,84,1004.0,10.1,27,24.0,30.9,10.0,13.6,SW,Partly cloudy,3.1000000000000014
2025-04-23 15:00,32.6,0.0,71,1005.0,11.9,12,23.5,42.3,10.0,21.6,ESE,Sunny,9.100000000000001
2024-07-31 13:00,30.9,0.01,67,1006.0,13.0,81,24.0,36.3,10.0,17.1,NNE,Patchy rain possible,6.899999999999999
2024-08-19 00:00,26.9,0.0,83,1007.0,5.4,16,23.9,30.6,10.0,9.6,SW,Clear,3.0
2025-02-16 20:00,22.6,0.1,87,1015.0,7.2,72,20.4,24.9,10.0,11.8,SE,Patchy rain possible,2.200000000000003
2025-03-23 06:00,18.9,0.0,89,1017.0,6.5,77,17.1,20.9,10.0,11.2,SW,Cloudy,1.7999999999999972
2024-12-17 03:00,19.6,0.0,87,1017.0,7.6,100,17.3,21.6,10.0,10.8,NW,Overcast,2.3000000000000007
2024-05-26 12:00,32.8,0.0,67,1007.0,11.5,81,25.0,40.4,9.0,13.4,ENE,Cloudy,7.799999999999997
2024-12-31 11:00,21.0,0.48,93,1019.0,13.3,100,19.7,23.0,10.0,17.4,N,Light rain shower,1.3000000000000007
2024-12-22 17:00,20.2,0.0,75,1016.0,11.9,10,15.6,22.2,10.0,18.3,N,Sunny,4.6
2024-08-26 03:00,24.7,0.0,89,1006.0,4.7,11,22.8,27.2,10.0,9.3,SW,Clear,1.8999999999999986
2024-09-08 00:00,27.6,0.0,72,1005.0,11.0,44,22.0,30.3,10.0,21.9,WSW,Partly cloudy,5.600000000000001
2024-09-17 21:00,26.4,0.0,84,1005.0,2.9,55,23.5,29.7,5.0,4.8,N,Partly cloudy,2.8999999999999986
2024-06-09 10:00,32.8,0.0,57,1005.0,5.8,15,23.2,38.3,10.0,14.0,S,Sunny,9.599999999999998
2025-01-18 03:00,19.0,0.0,81,1016.0,5.8,68,15.7,21.0,10.0,8.6,E,Cloudy,3.3000000000000007
2025-01-23 20:00,19.3,0.0,84,1013.0,4.0,2,16.5,21.3,10.0,6.7,S,Clear,2.8000000000000007
2024-06-04 05:00,26.5,0.0,76,1006.0,9.7,48,21.9,29.0,10.0,14.0,WSW,Partly cloudy,4.600000000000001
2025-05-02 17:00,28.4,0.0,77,1009.0,10.8,80,22.5,32.8,10.0,20.3,ENE,Cloudy,5.899999999999999
2024-07-24 18:00,29.1,0.0,68,998.0,10.1,45,22.5,32.6,10.0,20.3,SW,Partly cloudy,6.600000000000001
2025-04-05 20:00,22.3,0.0,95,1013.0,4.7,78,21.4,24.8,2.0,7.6,SSE,Cloudy,0.9000000000000021
2025-04-17 08:00,26.4,0.0,82,1009.0,5.7,27,23.2,29.5,10.0,12.5,SSE,Partly cloudy,3.1999999999999993
2024-07-30 02:00,25.4,0.0,80,1005.0,7.5,53,21.7,27.7,10.0,15.6,WSW,Partly cloudy,3.6999999999999993
2025-03-02 16:00,26.8,0.0,82,1007.0,16.2,5,22.6,30.1,10.0,22.6,ESE,Sunny,4.199999999999999
2024-09-05 03:00,25.5,0.0,87,1001.0,6.8,11,23.1,28.2,10.0,14.0,W,Clear,2.3999999999999986
2024-09-21 14:00,29.3,1.3,79,1002.0,7.2,74,25.2,35.2,9.0,13.5,NNE,Heavy rain at times,4.100000000000001
2024-07-27 03:00,27.2,0.0,71,1001.0,9.4,37,21.4,29.6,10.0,17.0,SW,Partly cloudy,5.800000000000001
2025-03-11 11:00,26.0,0.2,82,1015.0,7.2,61,22.2,28.8,10.0,14.5,ESE,Patchy rain possible,3.8000000000000007
2025-02-15 10:00,25.0,0.0,80,1013.0,11.5,18,21.4,27.2,10.0,13.6,SSE,Sunny,3.6000000000000014
2024-08-13 11:00,34.4,0.0,55,1005.0,5.4,23,23.3,40.7,10.0,14.3,NNE,Sunny,11.099999999999998
2024-08-09 11:00,35.7,0.0,52,1006.0,5.4,20,22.3,41.6,10.0,13.2,N,Sunny,13.400000000000002
2024-06-10 06:00,26.6,0.0,83,1006.0,4.7,26,23.5,29.9,10.0,7.3,WSW,Partly cloudy,3.1000000000000014
2025-02-01 11:00,24.2,0.0,70,1012.0,8.3,0,18.4,25.8,10.0,14.7,SE,Sunny,5.800000000000001
2024-10-29 18:00,23.2,0.0,87,1007.0,5.4,43,21.0,25.4,10.0,18.4,WNW,Partly cloudy,2.1999999999999993
2025-01-27 04:00,16.8,0.9,91,1019.0,14.2,100,15.3,18.8,10.0,25.5,NNW,Moderate rain at times,1.5
2025-03-16 09:00,24.2,10.3,88,1016.0,13.7,93,22.0,26.4,10.0,20.1,NW,Moderate or heavy rain shower,2.1999999999999993
2024-08-26 00:00,25.2,0.0,88,1008.0,5.5,19,23.1,27.9,10.0,10.2,SW,Clear,2.099999999999998
2025-02-25 04:00,21.0,2.7,92,1020.0,10.2,100,19.8,23.0,10.0,17.0,NE,Moderate or heavy rain shower,1.1999999999999993
2024-09-29 18:00,26.9,0.0,88,1007.0,8.3,73,24.7,31.1,9.0,14.7,ESE,Cloudy,2.1999999999999993
2024-06-07 13:00,31.8,11.7,61,1004.0,16.6,84,23.4,37.2,10.0,26.4,NE,Moderate or heavy rain shower,8.400000000000002
2024-10-31 15:00,25.7,1.25,87,1007.0,9.4,86,23.5,28.7,9.0,12.2,N,Light rain,2.1999999999999993
2024-10-26 17:00,21.9,1.3,88,1000.0,23.4,55,19.1,23.9,10.0,42.5,WSW,Heavy rain at times,2.799999999999997
2024-12-30 17:00,22.1,0.5,86,1016.0,7.9,70,19.7,24.6,10.0,11.2,NE,Moderate rain at times,2.400000000000002
2024-09-14 12:00,28.7,0.4,77,1003.0,3.2,65,24.3,33.5,10.0,10.6,N,Patchy rain possible,4.399999999999999
2025-02-25 20:00,20.1,0.4,93,1023.0,10.4,100,18.8,22.1,10.0,15.4,NNW,Patchy rain possible,1.3000000000000007
2024-08-05 08:00,29.7,0.0,67,1008.0,4.3,10,22.5,33.4,10.0,5.0,SW,Sunny,7.199999999999999
2025-05-07 02:00,25.9,0.0,87,1005.0,6.4,87,24.2,29.0,9.0,9.9,SSW,Overcast,1.6999999999999993
2024-09-26 10:00,28.8,0.1,74,1013.0,5.4,83,23.7,33.1,10.0,12.1,SE,Patchy rain possible,5.100000000000001
2024-12-01 01:00,21.2,0.0,85,1013.0,4.0,74,18.6,23.2,10.0,10.3,WSW,Cloudy,2.599999999999998
2025-01-11 21:00,19.0,0.1,79,1026.0,16.3,93,15.4,21.0,10.0,25.8,NE,Patchy rain possible,3.5999999999999996
2024-09-04 21:00,26.2,0.0,92,1005.0,13.3,80,24.1,29.8,9.0,24.7,SSW,Cloudy,2.099999999999998
2025-04-21 16:00,30.1,0.0,74,1007.0,13.7,79,22.9,36.0,10.0,23.9,ESE,Cloudy,7.200000000000003
2024-12-17 23:00,20.8,0.0,90,1018.0,7.9,100,19.2,22.8,10.0,11.3,NNW,Overcast,1.6000000000000014
2024-12-12 11:00,23.3,2.1,94,1013.0,19.3,100,22.3,25.7,9.0,31.6,NE,Moderate or heavy rain shower,1.0
2025-03-14 04:00,22.4,0.0,96,1010.0,8.3,68,21.7,24.9,2.0,13.9,S,Cloudy,0.6999999999999993
2025-05-14 06:00,25.3,0.0,87,1010.0,4.7,73,23.0,28.0,10.0,7.2,WSW,Cloudy,2.3000000000000007
2025-04-15 00:00,20.4,0.0,84,1013.0,5.8,16,17.6,22.4,10.0,7.6,WSW,Clear,2.799999999999997
2024-12-10 16:00,23.8,0.1,90,1010.0,12.6,62,22.0,26.1,10.0,17.7,E,Patchy rain possible,1.8000000000000007
2024-12-18 02:00,20.9,0.1,89,1016.0,7.6,100,18.9,22.9,10.0,11.3,NNW,Patchy rain possible,2.0
2024-07-26 05:00,28.3,0.0,67,998.0,10.0,38,21.6,31.0,10.0,16.1,SW,Partly cloudy,6.699999999999999
2024-11-27 22:00,23.1,0.2,89,1017.0,19.3,100,21.1,25.3,10.0,33.9,NE,Patchy rain possible,2.0
2024-06-05 10:00,33.8,0.0,57,1008.0,8.3,11,23.5,39.9,10.0,16.3,NNE,Sunny,10.299999999999997
2024-08-15 15:00,32.2,0.2,66,1003.0,10.8,82,24.9,39.2,10.0,19.7,ENE,Patchy rain possible,7.300000000000004
2025-04-27 13:00,31.9,0.1,72,1009.0,15.9,76,23.7,38.4,10.0,27.3,ESE,Patchy rain possible,8.2
2025-04-05 19:00,22.4,0.0,95,1012.0,5.8,89,21.5,24.9,2.0,9.2,SE,Overcast,0.8999999999999986
2025-03-17 17:00,20.9,0.1,86,1015.0,13.0,100,18.5,22.9,10.0,21.4,WNW,Patchy rain possible,2.3999999999999986
2024-09-17 07:00,26.0,0.0,84,1005.0,6.5,88,23.0,28.8,10.0,9.2,W,Overcast,3.0
2025-05-13 00:00,23.8,0.0,89,1009.0,7.9,54,21.9,26.0,10.0,12.7,WSW,Partly cloudy,1.9000000000000021
2024-08-22 00:00,26.3,0.0,82,1008.0,5.7,17,23.0,29.3,10.0,10.8,WSW,Clear,3.3000000000000007
2024-05-27 14:00,34.2,0.3,65,1002.0,6.9,80,24.8,42.3,10.0,16.0,ENE,Patchy rain possible,9.400000000000002
2025-05-10 10:00,30.4,0.0,61,1008.0,8.6,16,22.0,34.0,10.0,10.2,E,Sunny,8.399999999999999
2025-02-24 05:00,21.0,0.6,95,1020.0,24.1,100,20.2,23.0,9.0,32.4,NE,Moderate rain at times,0.8000000000000007
2024-07-06 23:00,26.2,0.0,89,1006.0,8.6,21,24.3,29.8,10.0,10.7,SSE,Clear,1.8999999999999986
2024-08-23 18:00,29.8,1.95,83,1009.0,10.8,72,23.5,34.6,7.0,18.1,SSW,Moderate or heavy rain shower,6.300000000000001
2024-09-07 08:00,29.3,0.0,68,1002.0,11.9,16,22.9,33.2,10.0,22.2,SSW,Sunny,6.400000000000002
2025-04-13 03:00,22.5,1.6,88,1013.0,10.7,76,21.2,24.8,10.0,21.5,NW,Moderate or heavy rain shower,1.3000000000000007
2024-12-26 08:00,21.1,0.0,93,1019.0,8.6,100,19.9,23.1,2.0,12.3,NNW,Overcast,1.2000000000000028
2025-01-24 07:00,18.2,0.0,89,1013.0,6.8,6,16.4,20.2,10.0,11.0,SSW,Sunny,1.8000000000000007
2024-07-10 12:00,34.8,0.0,55,1006.0,12.4,80,22.0,40.1,10.0,18.6,NNE,Cloudy,12.799999999999997
2024-11-04 04:00,23.3,0.6,91,1013.0,4.7,100,21.6,25.5,10.0,7.0,WNW,Moderate rain at times,1.6999999999999993
2024-07-22 10:00,31.3,0.1,64,1004.0,9.0,72,23.5,36.4,10.0,17.7,WSW,Patchy rain possible,7.800000000000001
2025-03-13 20:00,23.6,0.0,94,1012.0,1.8,86,22.7,26.1,2.0,2.8,E,Overcast,0.9000000000000021
2025-04-06 20:00,23.5,0.0,88,1014.0,6.1,91,21.5,25.7,10.0,10.3,E,Overcast,2.0
2025-04-25 05:00,23.9,0.0,82,1008.0,5.1,10,20.6,25.9,10.0,12.0,SSW,Clear,3.299999999999997
2024-12-28 07:00,21.5,3.8,94,1021.0,20.4,100,20.6,23.5,7.0,33.8,NNE,Moderate or heavy rain shower,0.8999999999999986
2025-02-23 01:00,21.6,0.3,96,1019.0,5.9,100,20.9,23.6,2.0,13.8,NE,Patchy rain possible,0.7000000000000028
2024-10-11 12:00,25.4,0.2,87,1012.0,6.1,100,23.1,28.2,10.0,15.7,NW,Patchy rain possible,2.299999999999997
2025-02-04 20:00,19.0,0.1,93,1018.0,8.6,100,17.8,21.0,2.0,11.8,NNW,Patchy rain possible,1.1999999999999993
2025-04-22 07:00,26.3,0.0,78,1010.0,5.9,14,22.2,28.9,10.0,14.7,S,Sunny,4.100000000000001
2024-09-16 23:00,25.4,0.1,88,1005.0,8.6,80,23.3,28.3,10.0,14.8,WNW,Patchy rain possible,2.099999999999998
2025-05-13 10:00,27.9,0.0,78,1011.0,4.3,51,22.5,31.7,10.0,10.4,ESE,Partly cloudy,5.399999999999999
2024-09-04 19:00,26.2,4.87,96,1003.0,9.6,65,24.2,29.8,3.0,21.2,SSW,Moderate or heavy rain shower,2.0
2024-11-01 10:00,27.5,0.0,60,1011.0,7.6,5,19.1,29.1,10.0,17.7,WNW,Sunny,8.399999999999999
2025-03-12 18:00,24.2,0.0,95,1010.0,4.7,51,23.1,26.9,10.0,7.3,ESE,Partly cloudy,1.0999999999999979
2024-07-25 02:00,27.6,0.0,72,998.0,8.3,55,22.0,30.4,10.0,16.7,SW,Partly cloudy,5.600000000000001
2024-08-27 09:00,31.4,0.0,58,1008.0,1.4,16,22.0,35.4,10.0,11.1,NE,Sunny,9.399999999999999
2025-04-22 22:00,25.8,0.0,85,1009.0,6.3,26,23.1,28.7,10.0,8.6,SSW,Partly cloudy,2.6999999999999993
2024-07-22 11:00,31.8,13.3,62,1003.0,5.4,77,23.6,37.2,10.0,15.9,W,Moderate or heavy rain shower,8.2
2024-08-15 04:00,26.2,0.0,84,1005.0,8.3,24,23.4,29.3,10.0,10.7,WSW,Clear,2.8000000000000007
2024-09-27 02:00,24.4,0.0,90,1010.0,5.8,17,22.7,26.8,10.0,9.7,SW,Clear,1.6999999999999993
2024-11-21 06:00,23.7,1.17,91,1013.0,17.3,100,22.1,26.0,10.0,29.1,NE,Heavy rain at times,1.5999999999999979
2024-11-26 14:00,25.0,0.8,88,1012.0,12.1,75,22.7,27.5,10.0,24.0,ENE,Moderate rain at times,2.3000000000000007
2024-11-17 03:00,22.3,0.0,88,1010.0,4.7,21,20.2,24.7,10.0,8.4,WSW,Clear,2.1000000000000014
2024-06-26 22:00,26.1,0.0,89,1010.0,8.6,89,24.1,29.5,9.0,9.2,SE,Overcast,2.0
2025-05-19 23:00,24.8,0.0,89,1008.0,5.9,10,22.8,27.4,10.0,7.4,SSW,Clear,2.0
2024-08-29 22:00,27.3,0.0,80,1007.0,6.8,23,23.6,30.9,10.0,12.7,SSW,Clear,3.6999999999999993
2025-04-30 17:00,27.2,0.0,77,1009.0,11.9,6,22.9,30.3,10.0,14.8,ESE,Sunny,4.300000000000001
2025-03-27 03:00,21.9,0.0,84,1004.0,5.9,8,19.1,23.9,10.0,8.1,S,Clear,2.799999999999997
2025-02-28 07:00,20.3,0.0,93,1016.0,6.8,59,19.2,22.3,10.0,10.1,S,Partly cloudy,1.1000000000000014
2024-09-24 08:00,26.1,0.1,84,1012.0,4.3,58,23.1,29.1,10.0,5.2,WNW,Patchy rain possible,3.0
2024-12-30 12:00,22.4,0.1,84,1017.0,7.2,73,19.6,24.7,10.0,14.8,NE,Patchy rain possible,2.799999999999997
2025-03-10 13:00,23.4,0.4,95,1017.0,9.4,100,21.6,25.8,10.0,19.3,NNE,Patchy rain possible,1.7999999999999972
2024-06-10 18:00,28.3,2.91,87,1006.0,9.0,89,25.3,33.7,7.0,14.8,S,Moderate or heavy rain shower,3.0
2025-02-03 15:00,24.1,0.0,86,1013.0,11.9,70,19.8,26.3,10.0,20.8,NNE,Cloudy,4.300000000000001
2024-08-02 10:00,32.3,0.0,58,1008.0,4.3,10,22.9,37.3,10.0,9.7,NE,Sunny,9.399999999999999
2025-05-08 16:00,30.4,0.5,72,1003.0,10.1,71,24.7,36.3,10.0,18.0,ESE,Moderate rain at times,5.699999999999999
2025-05-18 14:00,31.4,0.0,74,1006.0,18.7,78,24.6,39.6,10.0,27.1,E,Cloudy,6.799999999999997
2024-06-06 03:00,26.0,0.0,86,1007.0,7.1,17,23.4,29.0,10.0,14.5,SW,Clear,2.6000000000000014
2024-10-01 15:00,29.6,1.8,78,1005.0,11.9,82,25.5,35.9,10.0,19.8,NE,Moderate or heavy rain shower,4.100000000000001
2024-10-25 01:00,21.1,0.0,81,1009.0,8.6,6,18.5,23.1,10.0,14.7,W,Clear,2.6000000000000014
2025-03-09 22:00,21.6,0.3,90,1019.0,4.3,100,20.0,23.6,10.0,6.9,WNW,Patchy rain possible,1.6000000000000014
2024-07-21 03:00,25.1,0.0,86,1004.0,7.6,84,22.7,27.6,10.0,14.4,W,Cloudy,2.400000000000002
2024-05-24 10:00,28.7,0.1,87,1009.0,7.6,74,24.9,33.9,10.0,14.3,S,Patchy rain possible,3.8000000000000007
2025-03-07 08:00,20.3,0.0,88,1017.0,9.8,100,17.8,22.3,2.0,15.9,WNW,Overcast,2.5
2024-12-31 23:00,19.9,0.09,88,1017.0,7.6,100,17.9,21.9,10.0,10.7,NW,Patchy rain possible,2.0
2025-02-14 07:00,21.4,0.1,94,1015.0,6.5,100,20.5,23.4,2.0,9.5,NW,Patchy rain possible,0.8999999999999986
2024-09-20 00:00,25.5,0.1,84,1000.0,7.1,72,23.3,28.4,10.0,14.0,SW,Patchy rain possible,2.1999999999999993
2024-07-20 18:00,27.7,2.3,84,1004.0,6.1,73,24.8,32.3,10.0,13.7,ESE,Moderate or heavy rain shower,2.8999999999999986
2025-04-24 15:00,32.3,0.0,77,1006.0,6.1,88,23.0,43.2,9.0,14.2,E,Overcast,9.299999999999997
2024-08-21 10:00,33.6,0.0,58,1009.0,6.6,28,21.8,38.2,10.0,17.0,WSW,Partly cloudy,11.8
2025-01-23 00:00,17.5,0.0,84,1015.0,6.5,0,14.8,19.5,10.0,11.6,WSW,Clear,2.6999999999999993
2024-06-29 01:00,26.1,0.0,86,1006.0,9.0,12,23.6,29.3,10.0,11.2,SW,Clear,2.5
2025-04-30 12:00,28.7,0.0,64,1011.0,14.4,11,21.2,31.4,10.0,16.6,E,Sunny,7.5
2024-10-10 05:00,22.8,0.0,84,1011.0,7.2,87,19.9,25.0,10.0,9.3,W,Overcast,2.900000000000002
2025-01-10 22:00,20.0,0.0,84,1023.0,14.3,79,17.3,22.0,10.0,24.6,NE,Cloudy,2.6999999999999993
2024-08-24 12:00,34.4,0.0,54,1008.0,13.7,7,22.1,39.6,10.0,20.6,E,Sunny,12.299999999999997
2024-09-30 11:00,31.1,0.0,68,1007.0,8.3,12,24.5,37.2,10.0,9.5,ESE,Sunny,6.600000000000001
2025-05-02 22:00,25.9,0.0,91,1011.0,6.5,75,23.5,29.5,10.0,10.9,SSW,Cloudy,2.3999999999999986
2025-02-03 07:00,20.5,0.0,91,1015.0,5.4,85,18.9,22.5,10.0,8.4,WNW,Cloudy,1.6000000000000014
2024-06-10 00:00,25.8,0.0,88,1006.0,11.5,32,23.6,29.0,10.0,14.7,WSW,Partly cloudy,2.1999999999999993
2024-12-28 13:00,20.7,0.2,92,1020.0,21.2,100,19.4,22.7,9.0,32.8,NNE,Patchy rain possible,1.3000000000000007
2024-10-27 09:00,21.8,12.3,82,992.0,20.4,85,18.6,23.8,10.0,45.8,WSW,Moderate or heavy rain shower,3.1999999999999993
2024-10-19 17:00,26.7,0.0,85,1011.0,7.2,87,24.0,30.4,10.0,10.3,ENE,Overcast,2.6999999999999993
2025-01-30 03:00,17.1,0.0,85,1017.0,3.2,30,14.5,19.1,10.0,5.6,W,Partly cloudy,2.6000000000000014
2025-04-18 09:00,30.8,0.0,69,1009.0,3.2,23,24.2,36.6,10.0,9.3,SE,Sunny,6.600000000000001
2024-09-11 16:00,29.0,0.0,73,1005.0,9.7,48,23.6,33.3,10.0,20.8,SSE,Partly cloudy,5.399999999999999
2024-08-09 14:00,34.3,0.4,68,1003.0,18.0,85,24.2,41.9,9.0,25.9,NE,Patchy rain possible,10.099999999999998
2024-09-19 12:00,27.3,0.1,90,995.0,18.8,88,24.3,31.5,10.0,32.2,SSE,Patchy rain possible,3.0
2024-08-05 10:00,32.9,0.0,56,1008.0,5.0,9,22.3,37.6,10.0,13.9,E,Sunny,10.599999999999998
2024-10-15 18:00,26.1,1.7,87,1010.0,6.1,59,23.8,29.5,10.0,9.9,NE,Moderate or heavy rain shower,2.3000000000000007
2025-04-07 20:00,22.9,0.2,91,1016.0,4.3,80,21.2,25.1,10.0,7.9,SE,Patchy rain possible,1.6999999999999993
2024-08-21 21:00,28.0,0.0,84,1009.0,6.1,45,24.9,32.8,9.0,10.1,SSE,Partly cloudy,3.1000000000000014
2025-03-22 12:00,24.0,0.0,73,1019.0,8.6,54,18.1,25.8,10.0,14.7,E,Partly cloudy,5.899999999999999
2024-10-12 16:00,27.1,0.1,84,1011.0,10.1,73,24.0,30.9,9.0,19.0,ENE,Patchy rain possible,3.1000000000000014
2024-08-17 05:00,26.0,0.0,85,1006.0,8.6,26,23.4,29.1,10.0,11.6,WSW,Partly cloudy,2.6000000000000014
2025-02-12 15:00,22.9,0.0,94,1012.0,13.0,92,21.9,25.3,2.0,21.9,NE,Overcast,1.0
2025-03-25 03:00,18.4,0.0,87,1010.0,5.5,4,16.3,20.4,10.0,7.5,SSW,Clear,2.099999999999998
2024-06-28 16:00,30.5,2.7,73,1005.0,14.5,84,25.0,36.8,9.0,24.2,ESE,Moderate or heavy rain shower,5.5
2025-03-25 12:00,26.2,0.0,61,1009.0,13.3,3,18.3,27.5,10.0,20.5,ESE,Sunny,7.899999999999999
2024-10-05 17:00,25.2,0.1,87,1011.0,11.2,100,22.9,27.9,10.0,16.2,NNW,Patchy rain possible,2.3000000000000007
2024-12-02 01:00,21.0,0.0,91,1011.0,5.4,74,19.9,23.0,10.0,8.3,SW,Cloudy,1.1000000000000014
2025-02-11 04:00,18.6,0.0,87,1015.0,7.6,100,16.5,20.6,10.0,12.0,WNW,Overcast,2.1000000000000014
2024-12-16 21:00,19.3,0.2,90,1020.0,9.4,100,17.6,21.3,10.0,12.9,NNW,Patchy rain possible,1.6999999999999993
2025-05-11 08:00,27.5,0.0,80,1008.0,7.2,59,23.7,31.2,10.0,8.6,NNW,Partly cloudy,3.8000000000000007
2024-09-09 12:00,34.3,0.0,60,1005.0,8.8,48,22.8,40.4,10.0,17.4,NNE,Partly cloudy,11.499999999999996
2024-09-07 14:00,35.0,0.0,53,1000.0,20.9,44,22.1,40.4,10.0,29.5,SW,Partly cloudy,12.899999999999999
2025-03-07 05:00,19.0,0.2,87,1015.0,10.2,100,16.8,21.0,10.0,15.7,WNW,Patchy rain possible,2.1999999999999993
2024-08-02 02:00,25.4,0.0,88,1007.0,8.3,13,23.3,28.2,10.0,10.7,WSW,Clear,2.099999999999998
2024-07-10 06:00,25.0,0.0,84,1007.0,8.6,81,22.0,27.2,9.0,12.1,WSW,Cloudy,3.0
2024-08-27 02:00,25.0,0.0,86,1006.0,9.0,9,22.6,27.5,10.0,11.3,SW,Clear,2.3999999999999986
2025-03-02 21:00,22.6,0.0,93,1010.0,6.1,17,21.4,25.0,10.0,7.4,SE,Clear,1.2000000000000028
2025-03-22 11:00,23.0,0.0,71,1020.0,4.7,60,17.5,25.0,10.0,11.9,E,Partly cloudy,5.5
2024-12-20 10:00,20.8,0.7,82,1019.0,13.0,100,17.6,22.8,10.0,17.6,ENE,Moderate rain at times,3.1999999999999993
2024-11-12 10:00,24.7,1.1,90,1013.0,9.4,100,22.9,27.2,10.0,23.9,NW,Heavy rain at times,1.8000000000000007
2025-02-20 20:00,21.5,0.2,94,1017.0,5.3,89,20.5,23.5,10.0,10.0,ENE,Patchy rain possible,1.0
2025-01-11 01:00,19.6,0.1,81,1023.0,15.3,69,16.3,21.6,10.0,25.3,NE,Patchy rain possible,3.3000000000000007
2025-02-04 21:00,18.8,0.1,92,1018.0,7.2,100,17.4,20.8,10.0,10.0,NW,Patchy rain possible,1.4000000000000021
2024-11-23 04:00,23.6,5.1,90,1014.0,12.8,100,21.8,25.9,10.0,24.2,NE,Moderate or heavy rain shower,1.8000000000000007
2024-11-19 05:00,23.5,1.0,88,1013.0,7.7,100,21.4,25.7,10.0,23.7,NE,Heavy rain at times,2.1000000000000014
2025-05-06 03:00,25.4,0.0,83,1006.0,8.3,44,22.2,27.8,10.0,9.6,SSW,Partly cloudy,3.1999999999999993
2024-08-05 06:00,24.6,0.0,82,1008.0,7.2,9,21.4,26.7,10.0,9.1,WSW,Sunny,3.200000000000003
2024-10-05 20:00,24.9,0.0,87,1013.0,5.4,100,22.6,27.4,10.0,8.1,NNW,Overcast,2.299999999999997
2025-03-19 03:00,18.8,0.0,92,1021.0,8.6,100,17.4,20.8,2.0,11.7,NNW,Overcast,1.4000000000000021
2024-09-17 10:00,29.1,0.0,70,1005.0,6.1,78,23.1,33.1,10.0,14.8,N,Cloudy,6.0
2024-06-29 16:00,31.4,0.1,74,1004.0,14.8,81,25.1,38.2,9.0,18.1,ESE,Patchy rain possible,6.299999999999997
2025-05-10 17:00,28.5,0.0,83,1006.0,7.3,84,25.4,34.0,10.0,14.9,ENE,Cloudy,3.1000000000000014
2025-03-23 21:00,20.5,0.0,89,1017.0,5.0,15,18.7,22.5,10.0,8.4,SSE,Clear,1.8000000000000007
2025-03-09 20:00,21.5,0.5,91,1018.0,3.2,77,19.9,23.5,10.0,5.4,NW,Moderate rain at times,1.6000000000000014
2024-11-18 17:00,24.5,1.0,87,1012.0,15.5,71,22.3,26.9,10.0,27.0,NE,Heavy rain at times,2.1999999999999993
2024-08-17 16:00,31.2,1.9,81,1006.0,11.5,79,25.0,38.0,7.0,17.4,NE,Moderate or heavy rain shower,6.199999999999999
2024-07-27 05:00,26.9,0.0,72,1001.0,9.1,17,21.6,29.3,10.0,17.0,SW,Clear,5.299999999999997
2025-03-07 23:00,18.6,0.0,87,1017.0,9.1,100,16.4,20.6,10.0,13.3,WNW,Overcast,2.200000000000003
2025-05-20 03:00,24.3,0.0,89,1006.0,5.9,22,22.3,26.6,10.0,7.4,SSW,Clear,2.0
2025-04-16 14:00,26.9,0.0,77,1008.0,15.5,10,22.4,29.7,10.0,25.7,ESE,Sunny,4.5
2024-10-13 02:00,24.1,0.0,89,1012.0,6.5,86,22.1,26.4,10.0,11.4,W,Overcast,2.0
2025-01-14 22:00,19.2,0.0,88,1019.0,8.3,100,17.1,21.2,10.0,14.4,WNW,Overcast,2.099999999999998
2024-12-14 01:00,22.4,3.05,95,1016.0,19.0,100,21.5,24.8,7.0,33.2,NNE,Moderate or heavy rain shower,0.8999999999999986
2024-07-08 09:00,30.7,0.0,61,1007.0,6.1,29,22.5,34.8,10.0,13.8,SE,Partly cloudy,8.2
2024-11-19 16:00,25.0,0.7,85,1012.0,16.6,70,22.3,27.4,10.0,26.8,NE,Moderate rain at times,2.6999999999999993
2025-01-05 17:00,20.7,0.0,84,1016.0,11.2,62,17.9,22.7,10.0,25.1,N,Cloudy,2.8000000000000007
2024-12-28 18:00,20.2,0.1,91,1020.0,15.5,100,18.7,22.2,10.0,27.5,NNE,Patchy rain possible,1.5
2024-12-16 22:00,19.2,0.1,91,1019.0,10.4,100,17.7,21.2,10.0,14.5,NW,Patchy rain possible,1.5
2025-02-12 21:00,21.8,0.1,97,1016.0,5.8,100,21.2,23.8,2.0,8.4,N,Patchy rain possible,0.6000000000000014
2025-03-11 03:00,21.9,0.9,95,1014.0,2.2,100,21.1,23.9,2.0,3.1,SW,Moderate rain at times,0.7999999999999972
2024-06-02 14:00,30.7,0.0,73,1007.0,7.6,46,24.5,36.7,10.0,17.7,NNE,Partly cloudy,6.199999999999999
2024-12-10 05:00,22.8,0.4,91,1012.0,4.2,100,21.2,25.1,10.0,7.6,NE,Patchy rain possible,1.6000000000000014
2024-09-24 23:00,24.9,0.0,89,1012.0,6.1,100,23.0,27.5,10.0,8.9,WNW,Overcast,1.8999999999999986
2024-09-23 11:00,26.2,0.1,94,1008.0,9.0,66,24.2,29.8,9.0,12.5,SW,Patchy rain possible,2.0
2025-01-03 00:00,20.3,0.0,89,1016.0,9.4,100,18.4,22.3,10.0,9.6,NW,Overcast,1.9000000000000021
2025-01-02 12:00,21.5,0.1,86,1015.0,10.8,100,19.0,23.5,10.0,13.5,NNW,Patchy rain possible,2.5
2024-10-14 04:00,23.9,0.5,89,1011.0,7.2,87,22.0,26.2,9.0,12.3,WNW,Moderate rain at times,1.8999999999999986
2025-01-06 08:00,19.8,0.0,87,1019.0,5.4,100,17.5,21.8,10.0,7.2,NW,Overcast,2.3000000000000007
2025-01-21 15:00,21.5,0.0,67,1012.0,10.8,0,15.0,23.5,10.0,12.6,ENE,Sunny,6.5
2024-09-10 07:00,26.9,0.0,89,1006.0,6.1,91,25.1,31.3,10.0,9.9,WSW,Overcast,1.7999999999999972
2024-06-04 15:00,33.0,0.1,70,1005.0,14.8,88,24.8,40.5,10.0,18.5,ENE,Patchy rain possible,8.2
2024-12-07 11:00,24.2,0.2,85,1015.0,13.0,70,21.5,26.4,10.0,16.9,NE,Patchy rain possible,2.6999999999999993
2024-12-19 06:00,21.4,0.5,86,1017.0,11.5,100,19.0,23.4,10.0,20.5,NE,Moderate rain at times,2.3999999999999986
2024-12-18 19:00,21.5,0.0,84,1017.0,12.1,100,18.6,23.5,2.0,19.9,NE,Overcast,2.8999999999999986
2025-05-02 16:00,29.3,0.0,73,1009.0,13.3,83,22.2,34.0,10.0,27.6,ENE,Cloudy,7.100000000000001
2024-07-21 20:00,26.1,0.0,88,1005.0,7.6,87,23.9,29.4,10.0,10.6,SSW,Overcast,2.200000000000003
2025-01-27 18:00,18.1,0.0,89,1017.0,8.3,100,16.3,20.1,10.0,17.4,NNE,Overcast,1.8000000000000007
2025-02-01 02:00,17.7,0.0,89,1011.0,8.6,2,16.0,19.7,10.0,10.3,SSW,Clear,1.6999999999999993
2024-06-07 16:00,30.4,1.1,70,1004.0,8.9,84,24.4,36.0,5.0,16.8,E,Heavy rain at times,6.0
2024-08-08 21:00,28.7,0.0,85,1008.0,7.6,76,23.8,33.1,10.0,14.3,S,Cloudy,4.899999999999999
2025-04-03 03:00,21.1,0.0,84,1016.0,0.7,100,18.3,23.1,10.0,1.0,WNW,Overcast,2.8000000000000007
2024-09-17 04:00,24.8,0.0,85,1004.0,7.2,71,22.2,27.2,10.0,12.8,WNW,Cloudy,2.6000000000000014
2025-04-07 07:00,24.3,0.0,82,1016.0,3.2,92,21.0,26.3,10.0,4.9,SSE,Overcast,3.3000000000000007
2024-07-31 02:00,25.1,0.0,86,1006.0,9.7,50,22.6,27.6,10.0,13.6,SW,Partly cloudy,2.5
2024-06-23 11:00,30.7,0.1,70,1003.0,11.9,74,24.7,36.8,10.0,20.0,NNE,Patchy rain possible,6.0
2024-10-31 17:00,25.0,0.49,89,1008.0,11.2,100,23.0,27.7,2.0,16.3,NW,Light drizzle,2.0
2025-02-10 17:00,20.1,0.0,86,1015.0,11.5,73,17.7,22.1,10.0,15.9,NE,Cloudy,2.400000000000002
2024-11-02 22:00,23.2,0.0,82,1015.0,11.9,81,19.9,25.3,10.0,14.4,NW,Cloudy,3.3000000000000007
2024-06-04 02:00,26.0,0.0,82,1006.0,8.6,63,22.7,28.7,10.0,12.9,SW,Cloudy,3.3000000000000007
2025-04-05 22:00,22.0,0.0,95,1014.0,4.7,38,21.1,24.6,2.0,7.7,SW,Partly cloudy,0.8999999999999986
2025-02-15 08:00,22.6,0.0,89,1013.0,8.3,19,20.8,24.9,10.0,11.2,SSW,Sunny,1.8000000000000007
2024-09-20 08:00,28.6,0.0,74,1003.0,5.4,49,23.9,33.0,10.0,6.6,W,Partly cloudy,4.700000000000003
2024-08-19 06:00,26.4,0.0,79,1006.0,7.9,5,22.6,29.2,10.0,14.5,WSW,Sunny,3.799999999999997
2024-12-05 00:00,22.2,0.0,87,1013.0,5.0,75,20.1,24.6,10.0,8.4,W,Cloudy,2.099999999999998
2024-12-31 05:00,20.5,1.1,94,1017.0,8.3,100,19.6,22.5,10.0,12.9,N,Heavy rain at times,0.8999999999999986
2024-06-12 21:00,27.3,0.0,85,1007.0,8.6,17,24.6,31.7,10.0,11.2,S,Clear,2.6999999999999993
2024-10-08 04:00,24.1,0.1,88,1013.0,6.8,76,21.9,26.4,10.0,11.4,NNW,Patchy rain possible,2.200000000000003
2025-04-13 16:00,22.3,0.0,81,1013.0,19.8,100,17.8,24.6,10.0,28.5,NW,Overcast,4.5
2025-04-17 03:00,23.1,0.0,94,1007.0,8.3,95,22.0,25.4,10.0,10.5,S,Overcast,1.1000000000000014
2024-07-26 03:00,28.4,0.0,67,997.0,8.9,30,21.6,31.3,10.0,15.9,WSW,Partly cloudy,6.799999999999997
2024-12-04 15:00,25.1,0.0,75,1011.0,9.7,14,20.3,27.0,10.0,17.1,NE,Sunny,4.800000000000001
2024-07-12 11:00,33.7,0.0,55,1002.0,8.6,21,22.5,39.0,10.0,17.2,NE,Sunny,11.200000000000003
2025-05-14 03:00,24.8,0.0,90,1008.0,7.2,43,23.0,27.4,10.0,9.0,SSW,Partly cloudy,1.8000000000000007
2025-04-12 02:00,24.4,0.0,88,1005.0,8.3,12,22.2,26.7,10.0,10.8,SSW,Clear,2.1999999999999993
2024-06-20 00:00,27.5,0.0,78,1004.0,7.2,26,23.3,31.0,10.0,13.4,SW,Partly cloudy,4.199999999999999
2025-01-31 12:00,23.9,0.0,66,1013.0,8.6,0,17.2,25.5,10.0,9.9,ESE,Sunny,6.699999999999999
2024-12-13 07:00,23.5,0.4,92,1014.0,14.8,100,22.2,25.8,9.0,20.6,NE,Patchy rain possible,1.3000000000000007
2025-01-05 08:00,19.3,0.0,86,1020.0,11.2,100,16.9,21.3,10.0,15.8,NW,Overcast,2.400000000000002
2025-02-11 13:00,22.2,0.0,89,1014.0,6.5,100,18.8,24.6,10.0,19.4,NW,Overcast,3.3999999999999986
2025-01-03 17:00,20.4,0.0,87,1016.0,7.9,100,18.2,22.4,10.0,15.1,NNW,Overcast,2.1999999999999993
2025-03-20 08:00,20.2,0.0,84,1023.0,10.4,100,17.5,22.2,10.0,13.9,N,Overcast,2.6999999999999993
2024-07-23 00:00,25.1,0.0,88,1003.0,8.9,73,23.0,27.8,10.0,18.2,SW,Cloudy,2.1000000000000014
2025-02-14 21:00,22.1,0.0,96,1014.0,4.0,100,21.4,24.6,2.0,6.1,S,Overcast,0.7000000000000028
2025-05-22 23:00,26.2,0.0,94,1006.0,5.0,30,25.1,30.3,2.0,8.3,SSE,Partly cloudy,1.0999999999999979
2024-07-11 16:00,30.0,0.5,71,1003.0,13.0,79,24.2,35.3,10.0,16.8,E,Moderate rain at times,5.800000000000001
2025-05-17 14:00,30.6,0.0,77,1008.0,14.0,76,25.1,38.1,9.0,33.5,E,Cloudy,5.5
2024-08-25 08:00,29.2,0.0,74,1009.0,6.1,13,23.7,33.6,10.0,7.7,WSW,Sunny,5.5
2024-06-09 13:00,33.7,0.0,65,1003.0,10.4,18,24.4,41.1,10.0,19.0,ENE,Sunny,9.300000000000004
2024-06-13 01:00,26.6,0.0,79,1005.0,9.0,15,22.7,29.5,10.0,11.9,SW,Clear,3.900000000000002
2025-02-04 11:00,20.6,2.0,88,1020.0,14.8,100,18.6,22.6,10.0,24.1,ENE,Moderate or heavy rain shower,2.0
2024-07-27 22:00,27.5,0.0,76,1004.0,8.9,32,23.5,31.1,10.0,17.7,SW,Partly cloudy,4.0
2024-06-13 02:00,26.5,0.0,78,1005.0,6.7,18,22.3,29.2,10.0,13.7,SW,Clear,4.199999999999999
2024-08-31 05:00,24.6,0.0,81,1006.0,5.8,32,21.2,26.7,10.0,11.0,WSW,Partly cloudy,3.400000000000002
2025-04-19 10:00,30.3,0.0,72,1010.0,7.2,18,24.6,36.3,10.0,14.0,ENE,Sunny,5.699999999999999
2025-03-02 02:00,20.2,0.0,96,1010.0,7.1,41,19.5,22.2,2.0,13.2,S,Partly cloudy,0.6999999999999993
2024-06-17 21:00,28.2,0.0,89,1006.0,10.0,17,25.4,33.6,10.0,19.3,SW,Clear,2.8000000000000007
2024-08-19 14:00,33.2,0.1,61,1003.0,19.1,79,24.8,40.7,10.0,28.3,NE,Patchy rain possible,8.400000000000002
2025-02-15 04:00,20.9,0.0,94,1012.0,6.1,89,19.9,22.9,2.0,10.6,SSW,Overcast,1.0
2024-11-22 13:00,24.5,0.2,86,1014.0,20.2,89,22.0,26.8,10.0,39.7,NE,Patchy rain possible,2.5
2025-04-12 00:00,24.3,0.0,87,1006.0,5.3,9,22.0,26.6,10.0,7.1,SSW,Clear,2.3000000000000007
2025-05-06 23:00,27.2,0.0,88,1007.0,8.3,88,24.6,31.8,9.0,13.9,SW,Overcast,2.599999999999998
2025-04-05 01:00,20.5,0.0,94,1011.0,4.4,41,19.5,22.5,10.0,8.2,S,Partly cloudy,1.0
2024-06-06 11:00,33.4,0.0,61,1008.0,7.6,25,23.9,40.0,10.0,14.5,NE,Partly cloudy,9.5
2025-04-29 03:00,22.7,0.0,93,1010.0,4.7,24,21.6,25.1,10.0,8.4,SW,Clear,1.0999999999999979
2025-04-17 06:00,23.4,0.0,94,1008.0,4.6,50,22.3,25.7,10.0,10.0,S,Partly cloudy,1.0999999999999979
2025-04-01 08:00,21.7,0.0,82,1017.0,8.3,100,18.4,23.7,10.0,10.6,NW,Overcast,3.3000000000000007
2025-04-25 21:00,25.8,0.0,92,1011.0,3.6,34,23.8,29.3,10.0,6.6,SSW,Partly cloudy,2.0
2025-03-17 01:00,20.2,0.0,85,1016.0,7.1,100,17.6,22.2,10.0,11.6,NW,Overcast,2.599999999999998
2025-05-10 07:00,27.6,0.0,75,1008.0,7.6,78,23.3,30.8,9.0,10.5,SSW,Cloudy,4.300000000000001
2024-06-05 00:00,26.7,0.0,80,1007.0,9.7,74,23.0,29.7,9.0,12.3,SSW,Cloudy,3.6999999999999993
2025-02-24 12:00,20.8,0.1,94,1022.0,22.0,100,19.7,22.8,10.0,31.2,ENE,Patchy rain possible,1.1000000000000014
2024-06-23 02:00,25.7,0.0,91,1002.0,4.1,72,24.1,29.0,9.0,8.2,WSW,Cloudy,1.5999999999999979
2024-11-07 22:00,23.8,0.2,84,1017.0,13.1,98,20.9,25.9,10.0,21.0,NE,Patchy rain possible,2.900000000000002
2024-09-03 04:00,25.2,0.0,89,1007.0,7.6,23,23.2,28.0,10.0,9.2,WSW,Clear,2.0
2024-08-15 08:00,30.7,0.0,64,1006.0,5.8,15,23.1,35.3,10.0,6.7,WSW,Sunny,7.599999999999998
2025-02-04 01:00,20.0,1.4,91,1018.0,11.2,100,18.6,22.0,10.0,16.3,N,Heavy rain at times,1.3999999999999986
2024-09-07 02:00,28.1,0.0,76,1000.0,4.0,59,22.0,31.0,10.0,12.8,W,Partly cloudy,6.100000000000001
2024-09-28 23:00,25.9,0.0,91,1010.0,6.5,85,24.4,29.5,9.0,10.7,S,Overcast,1.5
2024-11-05 05:00,24.2,4.9,91,1013.0,13.6,100,22.7,26.7,7.0,31.4,NE,Moderate or heavy rain shower,1.5
2025-02-27 15:00,23.1,0.1,82,1014.0,11.2,64,19.9,25.2,10.0,13.4,E,Patchy rain possible,3.200000000000003
2024-12-22 16:00,21.3,0.0,71,1015.0,13.0,6,15.8,23.3,10.0,21.5,NNE,Sunny,5.5
2025-02-10 13:00,20.6,0.1,82,1017.0,9.7,81,17.4,22.6,10.0,17.5,NE,Patchy rain possible,3.200000000000003
2024-12-27 18:00,21.1,4.3,95,1018.0,12.6,100,20.4,23.1,7.0,17.7,NNW,Moderate or heavy rain shower,0.7000000000000028
2024-06-02 19:00,27.6,0.0,87,1008.0,9.0,56,25.1,32.4,10.0,10.1,SSE,Partly cloudy,2.5
2024-08-21 03:00,25.9,0.0,83,1006.0,10.1,41,22.9,28.7,10.0,13.8,SW,Partly cloudy,3.0
2025-05-18 07:00,26.6,0.0,83,1009.0,9.0,9,23.5,29.9,10.0,11.6,SSW,Sunny,3.1000000000000014
2024-06-07 20:00,26.9,1.7,85,1006.0,7.9,76,24.0,30.6,9.0,15.7,SSE,Moderate or heavy rain shower,2.8999999999999986
2024-12-10 20:00,23.4,0.5,91,1012.0,5.9,78,21.8,25.6,10.0,9.8,E,Moderate rain at times,1.5999999999999979
2024-10-11 20:00,24.7,0.2,88,1012.0,3.2,75,22.6,27.1,10.0,5.1,WSW,Patchy rain possible,2.099999999999998
2024-08-10 16:00,33.7,0.0,69,1001.0,9.6,55,24.1,40.8,9.0,18.0,E,Partly cloudy,9.600000000000001
2024-10-23 20:00,24.4,0.2,85,1013.0,5.0,87,21.8,26.6,9.0,8.4,N,Patchy rain possible,2.599999999999998
2024-06-16 23:00,27.2,0.0,86,1006.0,8.4,48,24.4,31.3,10.0,18.6,SW,Partly cloudy,2.8000000000000007
2024-05-24 21:00,25.8,1.67,94,1009.0,5.4,56,24.8,29.6,7.0,9.5,S,Moderate or heavy rain shower,1.0
2024-07-22 04:00,24.6,0.0,85,1002.0,9.0,19,21.9,26.8,10.0,12.8,WSW,Clear,2.700000000000003
2024-07-30 20:00,26.7,0.0,83,1007.0,4.7,60,23.5,30.1,10.0,8.7,S,Partly cloudy,3.1999999999999993
2025-03-31 08:00,21.3,0.01,86,1016.0,9.0,100,18.9,23.3,10.0,12.4,WNW,Patchy rain possible,2.400000000000002
2024-08-09 21:00,29.4,0.0,85,1006.0,7.6,13,24.7,34.9,10.0,14.1,S,Clear,4.699999999999999
2024-10-31 16:00,25.5,0.83,88,1007.0,10.1,91,23.4,28.4,10.0,16.5,NNW,Light rain shower,2.1000000000000014
2024-08-31 06:00,25.0,0.0,80,1007.0,6.8,30,21.3,27.1,10.0,8.7,WSW,Partly cloudy,3.6999999999999993
2024-12-20 18:00,20.4,0.0,82,1015.0,10.4,100,17.2,22.4,10.0,15.1,ENE,Overcast,3.1999999999999993
2025-05-14 09:00,28.5,0.1,73,1011.0,1.1,84,23.2,32.2,5.0,7.8,NNE,Patchy rain possible,5.300000000000001
2024-12-03 07:00,23.4,0.3,87,1014.0,3.6,52,21.0,25.5,10.0,5.4,E,Patchy rain possible,2.3999999999999986
2024-08-12 22:00,26.7,1.8,86,1005.0,6.1,84,24.1,30.4,10.0,11.6,SSW,Moderate or heavy rain shower,2.599999999999998
2024-10-28 14:00,23.3,0.0,89,1004.0,5.8,100,20.5,25.4,2.0,8.2,WSW,Overcast,2.8000000000000007
2025-02-06 04:00,19.7,0.0,88,1014.0,5.1,100,17.6,21.7,10.0,8.3,SE,Overcast,2.099999999999998
2025-02-12 10:00,23.6,0.1,84,1016.0,6.5,99,20.8,25.6,10.0,12.1,NNE,Patchy rain possible,2.8000000000000007
2025-04-22 02:00,23.9,0.0,84,1009.0,9.0,12,21.1,25.9,10.0,11.7,S,Clear,2.799999999999997
2024-07-28 16:00,31.2,0.2,70,1000.0,5.8,72,25.0,37.9,10.0,14.0,NNW,Patchy rain possible,6.199999999999999
2025-02-02 15:00,24.4,0.0,79,1008.0,12.3,0,20.5,26.3,10.0,19.5,ESE,Sunny,3.8999999999999986
2024-11-07 18:00,23.9,0.3,85,1015.0,13.6,75,21.2,26.0,10.0,27.1,ENE,Patchy rain possible,2.6999999999999993
2024-11-17 20:00,24.0,0.0,87,1013.0,5.4,87,21.7,26.2,10.0,8.9,NW,Overcast,2.3000000000000007
2024-09-19 18:00,25.3,4.2,85,996.0,7.6,74,22.6,27.8,10.0,18.9,ESE,Moderate or heavy rain shower,2.6999999999999993
2024-10-28 03:00,21.0,0.0,84,1004.0,6.1,47,18.1,23.0,10.0,9.7,WSW,Partly cloudy,2.8999999999999986
2024-09-25 12:00,28.9,0.1,81,1011.0,9.7,77,25.0,34.3,10.0,17.6,ENE,Patchy rain possible,3.8999999999999986
2024-06-09 18:00,27.8,5.1,85,1005.0,10.1,86,25.0,32.6,9.0,17.5,S,Moderate or heavy rain shower,2.8000000000000007
2024-06-09 02:00,25.7,0.0,89,1003.0,9.0,26,23.7,28.9,10.0,11.6,SW,Partly cloudy,2.0
2025-04-11 01:00,23.4,0.0,92,1007.0,8.3,20,22.0,25.7,10.0,9.6,S,Clear,1.3999999999999986
2024-10-05 23:00,24.4,0.0,88,1013.0,6.1,91,22.4,26.8,10.0,10.0,WNW,Overcast,2.0
2024-12-14 05:00,22.5,3.46,93,1016.0,22.3,100,21.3,24.9,7.0,36.7,NE,Moderate or heavy rain shower,1.1999999999999993
2024-10-26 23:00,20.9,5.8,84,1001.0,24.1,55,17.8,22.9,10.0,41.0,SW,Moderate or heavy rain shower,3.099999999999998
2025-01-07 05:00,20.3,0.0,80,1015.0,8.6,100,16.6,22.3,10.0,13.5,ENE,Overcast,3.6999999999999993
2025-01-19 09:00,20.7,0.0,79,1017.0,1.4,86,16.9,22.7,10.0,9.0,N,Overcast,3.8000000000000007
2025-02-09 03:00,19.3,0.0,87,1019.0,16.7,100,17.1,21.3,10.0,25.8,NE,Overcast,2.1999999999999993
2024-05-31 18:00,26.6,0.08,87,1006.0,5.8,58,24.2,30.3,10.0,10.9,SSE,Patchy rain possible,2.400000000000002
2024-09-03 15:00,30.4,0.2,72,1004.0,20.2,85,24.7,36.3,9.0,28.8,NNE,Patchy rain possible,5.699999999999999
2025-01-20 15:00,21.0,0.0,74,1012.0,10.1,87,16.1,23.0,10.0,16.4,NE,Overcast,4.899999999999999
2024-10-10 15:00,27.8,0.2,76,1010.0,12.6,82,23.1,31.3,9.0,24.4,NNE,Patchy rain possible,4.699999999999999
2025-01-28 04:00,16.7,0.0,90,1018.0,8.3,100,15.0,18.7,10.0,10.1,NNW,Overcast,1.6999999999999993
2024-11-04 08:00,24.7,0.3,88,1014.0,4.0,78,22.5,27.1,10.0,10.4,NNW,Patchy rain possible,2.1999999999999993
2024-07-05 17:00,29.3,0.2,73,1004.0,13.0,89,23.9,34.0,10.0,16.5,E,Patchy rain possible,5.400000000000002
2024-11-07 23:00,23.8,0.5,84,1017.0,13.2,76,20.9,25.8,2.0,22.0,NE,Moderate rain at times,2.900000000000002
2025-04-09 08:00,24.2,0.1,83,1014.0,5.4,80,21.1,26.3,10.0,10.5,S,Patchy rain possible,3.099999999999998
2025-03-08 20:00,20.2,0.1,93,1016.0,7.9,100,19.0,22.2,2.0,11.1,NW,Patchy rain possible,1.1999999999999993
2024-10-29 17:00,23.9,0.0,86,1006.0,10.8,47,21.5,26.0,10.0,19.0,W,Partly cloudy,2.3999999999999986
2024-08-13 04:00,25.7,0.0,85,1004.0,10.1,26,23.1,28.6,10.0,13.6,SW,Partly cloudy,2.599999999999998
2025-04-20 08:00,27.4,0.0,79,1010.0,9.4,11,23.5,31.0,10.0,11.7,SSE,Sunny,3.8999999999999986
2024-08-18 11:00,34.5,0.0,59,1007.0,8.2,5,22.8,40.4,10.0,19.1,NNE,Sunny,11.7
2024-07-24 11:00,31.2,0.0,68,1001.0,15.1,63,23.2,36.2,10.0,22.2,SW,Cloudy,8.0
2024-07-08 05:00,24.6,0.0,92,1006.0,8.6,22,23.1,27.2,10.0,14.4,SSW,Clear,1.5
2024-12-18 14:00,22.8,0.0,89,1015.0,19.8,100,18.4,24.9,10.0,31.2,NNE,Overcast,4.400000000000002
2025-01-04 16:00,21.6,0.0,77,1015.0,12.2,78,17.3,23.6,10.0,15.8,ENE,Cloudy,4.300000000000001
2024-06-19 04:00,26.7,0.0,75,1003.0,6.1,20,21.9,29.2,10.0,12.7,SSW,Clear,4.800000000000001
2024-09-29 05:00,24.4,0.0,86,1008.0,7.9,13,21.9,26.6,10.0,9.8,SW,Clear,2.5
2025-04-16 01:00,20.8,0.0,77,1011.0,5.8,14,16.5,22.8,10.0,10.5,SSW,Clear,4.300000000000001
2024-08-05 19:00,28.5,0.0,82,1006.0,5.8,84,23.6,32.7,9.0,10.5,SSE,Cloudy,4.899999999999999
2024-08-01 22:00,27.4,0.0,86,1010.0,4.3,29,24.5,31.6,10.0,7.8,SW,Partly cloudy,2.8999999999999986
2025-05-10 09:00,29.8,0.0,60,1008.0,5.8,17,21.3,32.8,10.0,18.7,ESE,Sunny,8.5
2024-12-30 23:00,21.4,0.0,92,1017.0,10.1,100,20.1,23.4,10.0,15.0,NNE,Overcast,1.2999999999999972
2025-03-24 16:00,23.5,0.0,72,1012.0,10.8,4,18.1,25.3,10.0,18.3,E,Sunny,5.399999999999999
2024-07-24 10:00,30.6,0.0,71,1001.0,17.3,66,23.3,35.4,10.0,27.0,SW,Cloudy,7.300000000000001
2025-03-13 19:00,23.8,0.0,94,1011.0,2.9,59,22.7,26.2,10.0,4.4,ENE,Partly cloudy,1.1000000000000014
2025-04-16 22:00,23.1,0.0,94,1010.0,6.8,26,22.0,25.4,10.0,12.0,S,Partly cloudy,1.1000000000000014
2024-08-21 18:00,30.3,0.0,77,1007.0,11.8,75,24.8,36.1,9.0,23.3,ESE,Cloudy,5.5
2024-10-29 20:00,22.8,0.2,88,1008.0,8.6,83,20.7,25.0,10.0,14.5,W,Patchy rain possible,2.1000000000000014
2025-03-26 15:00,27.2,0.0,74,1003.0,12.6,4,21.6,30.1,10.0,21.1,ESE,Sunny,5.599999999999998
2024-12-04 11:00,26.0,0.0,81,1014.0,11.9,68,21.0,28.1,10.0,25.3,ENE,Cloudy,5.0
2025-04-07 02:00,23.3,0.0,90,1014.0,5.8,89,21.5,25.5,10.0,9.6,S,Overcast,1.8000000000000007
2024-06-21 09:00,32.7,0.0,60,1004.0,7.9,34,23.0,38.0,10.0,14.5,S,Partly cloudy,9.700000000000003
2024-08-09 00:00,27.1,0.0,82,1007.0,7.2,20,23.8,30.8,10.0,12.6,SW,Clear,3.3000000000000007
2025-03-27 10:00,30.5,0.0,57,1005.0,11.5,5,20.9,33.4,10.0,18.1,S,Sunny,9.600000000000001
2024-10-11 21:00,24.4,0.3,89,1013.0,4.7,87,22.5,26.8,10.0,7.6,WSW,Patchy rain possible,1.8999999999999986
2025-02-01 15:00,24.0,0.0,72,1008.0,13.7,0,18.6,25.7,10.0,17.1,ESE,Sunny,5.399999999999999
2024-10-07 02:00,24.0,0.0,87,1012.0,8.6,93,21.7,26.2,10.0,9.7,W,Overcast,2.3000000000000007
2025-04-29 15:00,28.3,0.0,66,1009.0,15.5,2,21.5,31.0,10.0,17.8,E,Sunny,6.800000000000001
2024-11-24 10:00,24.7,1.6,90,1016.0,15.2,99,22.9,27.2,7.0,33.5,ENE,Moderate or heavy rain shower,1.8000000000000007
2024-11-08 22:00,23.1,0.0,82,1017.0,9.4,51,20.0,25.2,10.0,15.1,NNE,Partly cloudy,3.1000000000000014
2025-03-20 20:00,20.1,0.0,78,1022.0,8.6,43,16.1,22.1,10.0,9.9,N,Partly cloudy,4.0
2024-12-29 02:00,20.4,0.0,84,1019.0,10.4,100,17.5,22.4,10.0,16.3,NE,Overcast,2.8999999999999986
2025-02-16 03:00,20.7,0.2,94,1012.0,6.1,72,19.6,22.7,10.0,10.6,SSW,Patchy rain possible,1.0999999999999979
2024-06-15 13:00,35.6,0.3,57,1001.0,18.4,72,23.7,43.0,10.0,21.5,ENE,Patchy rain possible,11.900000000000002
2025-01-06 02:00,18.3,0.0,87,1016.0,6.1,97,16.2,20.3,10.0,10.3,WNW,Overcast,2.1000000000000014
2024-09-28 13:00,30.1,0.8,74,1008.0,10.4,88,25.0,36.1,10.0,16.9,ESE,Moderate rain at times,5.100000000000001
2024-10-12 20:00,25.2,0.0,88,1013.0,3.2,86,23.1,27.9,9.0,5.2,N,Overcast,2.099999999999998
2024-06-18 16:00,30.3,0.2,75,1002.0,10.1,76,25.4,36.8,9.0,21.3,ENE,Patchy rain possible,4.900000000000002
2025-05-17 20:00,26.3,0.0,89,1009.0,4.7,17,24.4,30.0,10.0,8.7,SSE,Clear,1.9000000000000021
2024-11-13 20:00,24.4,0.0,91,1012.0,4.0,52,22.8,26.9,10.0,6.1,ESE,Partly cloudy,1.5999999999999979
2024-11-03 06:00,22.7,1.35,94,1013.0,10.5,100,21.7,25.1,7.0,16.5,NW,Heavy rain at times,1.0
2025-05-05 12:00,34.5,0.0,65,1006.0,14.3,17,22.9,45.5,10.0,25.1,E,Sunny,11.600000000000001
2024-08-12 20:00,27.0,0.0,87,1004.0,5.4,71,24.6,31.2,10.0,10.2,SSE,Cloudy,2.3999999999999986
2025-02-03 09:00,22.3,0.1,85,1016.0,1.4,53,19.6,24.7,10.0,7.2,WNW,Patchy rain possible,2.6999999999999993
2025-03-21 20:00,19.9,0.0,78,1021.0,6.8,21,15.9,21.9,10.0,11.6,NNE,Clear,3.9999999999999982
2024-06-05 13:00,34.8,0.0,59,1006.0,11.4,13,24.2,42.3,10.0,21.5,NE,Sunny,10.599999999999998
2025-01-27 16:00,18.2,0.0,90,1016.0,9.4,100,16.5,20.2,2.0,22.6,N,Overcast,1.6999999999999993
2024-08-28 10:00,33.3,0.0,48,1006.0,3.6,10,20.8,36.9,10.0,10.4,NNE,Sunny,12.499999999999996
2025-05-21 09:00,30.8,0.0,62,1008.0,7.9,11,22.8,35.2,10.0,14.5,SSE,Sunny,8.0
2024-10-22 08:00,26.3,0.4,88,1013.0,12.3,73,24.1,29.9,10.0,23.0,NE,Patchy rain possible,2.1999999999999993
2024-10-18 15:00,27.6,0.2,80,1008.0,10.4,89,24.0,31.6,10.0,16.9,ENE,Patchy rain possible,3.6000000000000014
2024-08-24 05:00,24.1,0.0,86,1009.0,6.1,18,21.6,26.3,10.0,13.1,SSW,Clear,2.5
2025-02-03 03:00,19.0,0.0,93,1012.0,4.7,26,17.9,21.0,10.0,8.7,WSW,Partly cloudy,1.1000000000000014
2025-01-04 10:00,21.5,0.0,78,1019.0,13.3,81,17.5,23.5,10.0,21.3,ENE,Cloudy,4.0
2025-05-04 23:00,25.9,0.0,86,1008.0,9.0,15,23.3,28.9,10.0,15.4,SSW,Clear,2.599999999999998
2025-05-10 15:00,30.0,1.2,72,1005.0,10.5,84,24.5,35.6,10.0,17.4,ENE,Heavy rain at times,5.5
2024-10-11 08:00,25.0,0.1,88,1013.0,9.7,100,22.8,27.6,10.0,17.4,NNW,Patchy rain possible,2.1999999999999993
2025-02-04 13:00,20.4,2.3,88,1018.0,13.0,100,18.2,22.4,10.0,22.4,NE,Moderate or heavy rain shower,2.1999999999999993
2024-06-28 00:00,26.6,0.0,89,1009.0,8.1,53,24.5,30.5,10.0,13.5,SSE,Partly cloudy,2.1000000000000014
2025-02-23 04:00,21.6,0.2,96,1018.0,7.4,100,20.9,23.6,10.0,10.9,NE,Patchy rain possible,0.7000000000000028
2025-05-22 00:00,25.4,0.0,89,1007.0,6.9,8,24.3,28.8,10.0,14.1,SSW,Clear,1.0999999999999979
2025-05-20 19:00,26.9,0.0,91,1007.0,3.6,88,25.4,31.7,7.0,6.5,ESE,Overcast,1.5
2024-11-26 21:00,23.7,0.3,90,1016.0,10.9,86,21.9,25.9,10.0,22.4,ENE,Patchy rain possible,1.8000000000000007
2025-02-15 00:00,21.2,0.0,96,1013.0,3.6,69,20.5,23.2,2.0,5.8,SW,Cloudy,0.6999999999999993
2024-06-07 11:00,34.5,0.0,53,1006.0,7.9,19,23.0,40.5,10.0,15.7,NE,Sunny,11.5
2025-02-01 04:00,16.4,0.0,91,1010.0,7.9,8,15.3,18.4,10.0,10.2,SSW,Clear,1.0999999999999979
2024-11-21 04:00,23.7,1.3,91,1012.0,14.6,100,22.1,26.0,10.0,27.2,NE,Heavy rain at times,1.5999999999999979
2024-11-25 16:00,26.0,0.0,84,1012.0,8.3,83,23.1,28.8,9.0,15.2,NE,Cloudy,2.8999999999999986
2024-09-05 22:00,26.6,0.0,84,1002.0,10.4,74,23.7,29.9,10.0,16.0,WSW,Cloudy,2.900000000000002
2025-03-23 23:00,19.7,0.0,91,1017.0,4.7,21,18.2,21.7,10.0,7.9,SW,Clear,1.5
2024-12-01 02:00,21.1,0.0,86,1012.0,5.4,74,18.7,23.1,10.0,8.3,WSW,Cloudy,2.400000000000002
2025-03-04 18:00,25.2,0.0,93,1006.0,8.2,49,23.7,28.2,10.0,18.8,SE,Partly cloudy,1.5
2024-12-25 18:00,20.2,0.7,89,1016.0,8.9,100,18.3,22.2,10.0,14.6,WNW,Moderate rain at times,1.8999999999999986
2025-05-14 23:00,24.8,0.0,91,1010.0,4.5,32,23.2,27.5,10.0,9.1,SW,Partly cloudy,1.6000000000000014
2024-08-29 12:00,32.8,0.2,56,1004.0,15.8,71,22.8,37.9,10.0,25.3,NE,Patchy rain possible,9.999999999999996
2024-07-18 16:00,28.5,0.3,84,1002.0,10.1,88,25.5,34.1,10.0,16.0,N,Patchy rain possible,3.0
2024-06-29 23:00,27.4,0.0,80,1008.0,9.4,13,23.6,31.0,10.0,12.3,WSW,Clear,3.799999999999997
2024-11-08 01:00,23.5,0.6,83,1016.0,11.7,71,20.5,25.6,5.0,19.0,NE,Moderate rain at times,3.0
2025-01-07 06:00,20.3,0.0,79,1016.0,5.6,98,16.5,22.3,10.0,9.9,E,Overcast,3.8000000000000007
2024-12-16 13:00,19.7,0.1,90,1019.0,14.0,100,18.1,21.7,2.0,23.8,N,Patchy rain possible,1.5999999999999979
2025-02-14 00:00,21.2,0.0,92,1015.0,5.8,100,19.9,23.2,10.0,8.5,NNW,Overcast,1.3000000000000007
2024-09-25 00:00,24.2,0.0,90,1011.0,5.8,41,22.5,26.7,10.0,9.0,SW,Partly cloudy,1.6999999999999993
2024-12-26 04:00,20.6,0.1,91,1016.0,7.2,100,19.1,22.6,2.0,10.8,WNW,Patchy rain possible,1.5
2024-07-02 04:00,25.8,0.0,75,1004.0,8.6,17,21.0,27.8,10.0,12.4,SW,Clear,4.800000000000001
2025-03-09 01:00,20.2,0.0,90,1017.0,5.0,100,18.5,22.2,10.0,7.4,NW,Overcast,1.6999999999999993
2024-07-21 07:00,26.5,0.0,82,1005.0,6.1,22,23.1,29.6,10.0,9.3,WSW,Sunny,3.3999999999999986
2024-05-28 02:00,27.4,0.0,76,1002.0,10.8,18,22.8,30.5,10.0,14.8,SW,Clear,4.599999999999998
2024-06-11 23:00,26.0,0.0,89,1008.0,11.2,44,24.2,29.5,10.0,15.0,SW,Partly cloudy,1.8000000000000007
2024-06-19 14:00,32.0,1.0,62,1002.0,15.1,79,23.8,37.8,10.0,23.9,ENE,Heavy rain at times,8.2
2025-01-16 03:00,20.0,1.3,92,1020.0,17.6,100,18.7,22.0,9.0,23.9,NE,Heavy rain at times,1.3000000000000007
2025-02-17 06:00,21.3,0.5,92,1016.0,6.3,67,20.0,23.3,10.0,6.3,ESE,Moderate rain at times,1.3000000000000007
2025-01-06 13:00,22.4,0.0,84,1016.0,9.4,93,17.5,24.7,10.0,17.1,NNE,Overcast,4.899999999999999
2025-01-30 05:00,17.4,0.0,83,1017.0,3.6,29,14.6,19.4,10.0,6.1,WSW,Partly cloudy,2.799999999999999
2024-12-09 19:00,22.8,0.1,89,1014.0,10.4,100,20.9,25.0,10.0,12.0,E,Patchy rain possible,1.9000000000000021
2024-06-10 07:00,27.6,0.0,80,1006.0,5.4,29,23.7,31.3,10.0,7.3,WSW,Partly cloudy,3.900000000000002
2024-07-19 11:00,30.2,0.3,68,1005.0,6.5,70,23.6,35.0,9.0,15.3,ENE,Patchy rain possible,6.599999999999998
2024-09-26 03:00,24.5,0.0,90,1011.0,5.8,75,22.9,27.1,10.0,9.6,W,Cloudy,1.6000000000000014
2025-05-01 19:00,26.4,0.0,91,1012.0,2.9,80,22.9,30.4,9.0,9.2,ENE,Cloudy,3.5
2024-07-22 03:00,24.6,0.0,86,1002.0,6.6,17,22.1,26.9,10.0,13.6,WSW,Clear,2.5
2025-01-15 18:00,20.0,1.4,94,1020.0,21.6,100,19.1,22.0,10.0,30.3,NNE,Heavy rain at times,0.8999999999999986
2024-10-25 13:00,28.1,0.0,58,1006.0,16.2,0,19.1,29.7,10.0,27.9,NNW,Sunny,9.0
2024-07-23 13:00,32.7,0.0,64,1001.0,12.2,46,24.0,39.1,10.0,21.8,NW,Partly cloudy,8.700000000000003
2025-04-13 15:00,22.5,0.0,80,1014.0,19.8,100,17.9,24.7,10.0,30.6,NW,Overcast,4.600000000000001
2024-07-10 21:00,27.1,0.0,83,1007.0,5.4,23,23.9,30.8,10.0,9.6,S,Clear,3.200000000000003
2024-12-27 23:00,21.7,2.85,94,1019.0,16.9,100,20.6,23.7,7.0,26.2,NNE,Moderate or heavy rain shower,1.0999999999999979
2025-01-13 21:00,18.6,0.0,84,1019.0,2.9,57,15.8,20.6,10.0,9.4,NNW,Partly cloudy,2.8000000000000007
2024-10-01 01:00,25.6,0.0,91,1006.0,7.6,15,24.0,28.8,10.0,8.2,SW,Clear,1.6000000000000014
2024-12-25 15:00,20.8,0.3,89,1014.0,12.6,100,19.0,22.8,10.0,16.7,WNW,Patchy rain possible,1.8000000000000007
2024-12-11 13:00,23.5,3.05,95,1011.0,22.0,100,22.6,25.9,7.0,29.7,ENE,Moderate or heavy rain shower,0.8999999999999986
2024-12-13 05:00,23.4,0.4,92,1013.0,15.5,100,22.0,25.7,10.0,21.6,NE,Patchy rain possible,1.3999999999999986
2024-09-11 05:00,25.4,0.0,90,1007.0,7.9,62,23.6,28.4,9.0,9.4,WSW,Cloudy,1.7999999999999972
2024-06-03 15:00,30.0,10.7,75,1004.0,9.4,55,25.1,36.2,5.0,21.8,NE,Moderate or heavy rain shower,4.899999999999999
2024-12-18 10:00,22.0,0.1,87,1019.0,17.6,100,19.8,24.5,10.0,24.8,NNE,Patchy rain possible,2.1999999999999993
2024-12-23 07:00,18.6,0.0,87,1016.0,12.2,100,16.5,20.6,10.0,18.0,NW,Overcast,2.1000000000000014
2025-01-12 01:00,17.9,0.2,77,1025.0,13.4,93,13.9,19.9,10.0,20.9,NE,Patchy rain possible,3.9999999999999982
2024-09-07 03:00,28.0,0.0,77,999.0,10.8,78,21.8,30.9,10.0,19.0,WSW,Cloudy,6.199999999999999
2025-01-01 12:00,21.4,0.0,80,1016.0,7.9,100,17.8,23.4,10.0,16.2,NW,Overcast,3.599999999999998
2024-07-07 21:00,25.6,1.1,91,1007.0,7.8,81,24.0,28.8,10.0,19.3,S,Heavy rain at times,1.6000000000000014
2024-06-15 16:00,33.7,0.0,69,1002.0,7.9,75,25.0,41.7,10.0,17.2,NE,Cloudy,8.700000000000003
2024-08-01 14:00,32.7,0.0,60,1007.0,7.9,88,23.5,38.6,10.0,15.7,NNE,Overcast,9.200000000000003
2025-03-01 07:00,21.2,0.0,95,1014.0,8.3,60,20.3,23.2,2.0,12.3,SSW,Cloudy,0.8999999999999986
2025-04-01 13:00,22.5,0.0,83,1015.0,11.2,100,19.5,24.8,10.0,29.3,NW,Overcast,3.0
2025-05-10 03:00,25.3,0.0,85,1006.0,6.5,25,23.4,27.8,10.0,10.1,SW,Clear,1.9000000000000021
2025-03-22 10:00,22.4,0.0,71,1021.0,2.5,73,16.9,24.7,10.0,9.6,ESE,Cloudy,5.5
2025-04-08 08:00,24.7,0.1,85,1017.0,9.0,82,22.0,27.0,10.0,15.4,SE,Patchy rain possible,2.6999999999999993
2024-06-16 01:00,26.3,0.0,80,1004.0,7.6,8,23.5,29.6,10.0,15.8,SW,Clear,2.8000000000000007
2024-05-25 11:00,31.7,0.0,72,1008.0,11.2,14,25.4,39.1,10.0,17.8,ESE,Sunny,6.300000000000001
2024-06-24 19:00,27.1,0.0,79,1004.0,2.9,34,23.1,30.4,10.0,4.9,SW,Partly cloudy,4.0
2024-10-08 22:00,24.5,1.0,86,1014.0,6.8,79,21.9,26.8,9.0,11.5,NNW,Heavy rain at times,2.6000000000000014
2024-11-07 14:00,25.8,0.6,83,1015.0,21.2,92,21.1,27.9,10.0,33.1,ENE,Moderate rain at times,4.699999999999999
2025-05-13 08:00,25.2,0.0,85,1011.0,0.7,85,22.5,27.7,10.0,6.8,WSW,Overcast,2.6999999999999993
2025-01-25 06:00,18.2,0.0,93,1011.0,9.4,25,17.1,20.2,10.0,11.4,SSW,Partly cloudy,1.0999999999999979
2024-12-17 00:00,19.3,0.0,88,1018.0,4.4,100,17.4,21.3,10.0,8.2,NW,Overcast,1.9000000000000021
2024-09-24 19:00,25.6,0.0,87,1010.0,11.9,81,23.4,28.6,10.0,12.3,NNW,Cloudy,2.200000000000003
2025-01-07 11:00,22.3,0.3,72,1017.0,9.0,79,16.9,24.7,10.0,11.1,E,Patchy rain possible,5.400000000000002
2024-09-28 15:00,29.5,0.0,76,1006.0,13.0,86,24.9,35.2,10.0,15.7,E,Overcast,4.600000000000001
2024-11-07 06:00,23.7,0.4,87,1016.0,12.0,71,21.4,25.9,10.0,24.4,NE,Patchy rain possible,2.3000000000000007
2024-11-25 18:00,24.3,0.5,89,1013.0,5.8,73,22.4,26.7,9.0,9.3,ENE,Moderate rain at times,1.9000000000000021
2024-11-20 08:00,24.3,0.3,86,1015.0,11.9,85,21.7,26.5,10.0,15.0,WNW,Patchy rain possible,2.6000000000000014
2024-06-05 23:00,27.0,0.0,84,1009.0,9.0,12,24.1,30.8,10.0,12.3,WSW,Clear,2.8999999999999986
2025-03-02 01:00,20.5,0.0,96,1011.0,7.5,50,19.8,22.5,2.0,13.3,S,Partly cloudy,0.6999999999999993
2024-11-21 19:00,24.2,0.2,89,1014.0,14.8,100,22.3,26.5,10.0,31.4,NE,Patchy rain possible,1.8999999999999986
2024-10-01 07:00,26.5,0.0,87,1008.0,6.5,17,24.1,30.1,10.0,9.5,SW,Sunny,2.3999999999999986
2025-01-12 04:00,17.7,0.0,74,1024.0,12.9,78,13.1,19.7,10.0,19.6,NE,Cloudy,4.6
2025-04-15 16:00,24.2,0.0,75,1011.0,11.9,13,19.5,25.9,10.0,18.7,NE,Sunny,4.699999999999999
2024-05-30 16:00,30.3,0.0,85,1001.0,4.0,56,26.1,37.8,10.0,15.2,SE,Partly cloudy,4.199999999999999
2024-10-06 10:00,27.5,0.0,76,1014.0,9.0,82,22.9,30.7,9.0,16.2,N,Cloudy,4.600000000000001
2025-04-30 16:00,27.8,0.0,73,1008.0,14.8,5,22.4,30.9,10.0,17.4,E,Sunny,5.400000000000002
2024-06-09 12:00,34.3,0.0,58,1004.0,10.8,18,24.1,41.5,10.0,18.3,ENE,Sunny,10.199999999999996
2024-08-28 22:00,26.7,0.0,84,1007.0,8.6,76,23.7,30.2,10.0,15.8,SW,Cloudy,3.0
2024-06-15 01:00,27.3,0.0,87,1003.0,7.9,86,24.5,31.6,10.0,11.3,WSW,Overcast,2.8000000000000007
2024-07-20 05:00,25.4,0.0,86,1005.0,8.3,71,22.9,28.1,9.0,9.9,W,Cloudy,2.5
2024-07-19 16:00,28.7,2.7,81,1002.0,10.1,90,25.1,34.2,10.0,16.0,NE,Moderate or heavy rain shower,3.599999999999998
2025-02-24 01:00,21.3,1.5,96,1021.0,20.9,100,20.6,23.3,7.0,28.5,NE,Moderate or heavy rain shower,0.6999999999999993
2024-10-21 15:00,26.4,1.5,88,1010.0,10.4,68,24.2,30.0,10.0,19.3,NNE,Moderate or heavy rain shower,2.1999999999999993
2024-08-04 08:00,28.3,0.0,74,1009.0,4.3,7,23.3,32.1,10.0,9.2,SW,Sunny,5.0
2025-02-03 21:00,20.9,0.2,90,1018.0,10.0,84,19.2,22.9,9.0,16.8,NNW,Patchy rain possible,1.6999999999999993
2024-06-04 09:00,32.0,0.0,61,1007.0,6.5,19,23.5,37.6,10.0,14.4,NNW,Sunny,8.5
2024-06-10 11:00,32.7,0.0,58,1005.0,3.6,24,23.2,38.2,10.0,13.1,ENE,Sunny,9.500000000000004
2024-06-24 09:00,27.8,0.0,86,1005.0,10.4,63,24.7,32.4,10.0,16.7,WSW,Cloudy,3.1000000000000014
2024-07-08 15:00,31.7,0.1,70,1003.0,9.9,70,24.2,37.8,9.0,17.0,ENE,Patchy rain possible,7.5
2025-02-16 09:00,24.0,0.2,81,1016.0,5.8,58,20.6,26.0,10.0,11.2,SSE,Patchy rain possible,3.3999999999999986
2025-04-02 06:00,20.7,0.0,84,1016.0,5.4,100,18.0,22.7,10.0,7.6,WNW,Overcast,2.6999999999999993
2025-02-04 02:00,19.8,0.7,93,1017.0,10.8,100,18.6,21.8,9.0,15.8,NNE,Moderate rain at times,1.1999999999999993
2024-08-11 01:00,27.7,0.0,80,1003.0,9.7,11,24.7,32.2,10.0,13.8,WSW,Clear,3.0
2024-06-19 07:00,29.7,0.0,64,1005.0,10.1,22,22.3,33.4,10.0,13.7,SW,Sunny,7.399999999999999
2024-08-23 21:00,26.4,0.0,91,1012.0,9.5,74,23.8,29.8,9.0,19.1,WSW,Cloudy,2.599999999999998
2024-09-05 17:00,31.7,0.0,75,999.0,14.4,80,24.2,38.0,10.0,25.8,N,Cloudy,7.5
2024-09-22 17:00,24.3,1.6,94,1004.0,5.0,85,23.3,27.0,7.0,12.8,SW,Moderate or heavy rain shower,1.0
2025-02-14 14:00,24.0,0.1,94,1012.0,5.8,92,21.2,26.5,10.0,21.0,NNE,Patchy rain possible,2.8000000000000007
2024-09-05 20:00,28.8,0.0,84,1002.0,10.8,74,23.9,33.3,9.0,15.6,WNW,Cloudy,4.900000000000002
2025-02-10 02:00,19.0,0.0,84,1018.0,9.0,53,16.3,21.0,10.0,14.0,NNE,Partly cloudy,2.6999999999999993
2024-12-14 02:00,22.5,3.41,95,1015.0,19.4,100,21.8,25.0,7.0,32.2,NNE,Moderate or heavy rain shower,0.6999999999999993
2024-09-02 09:00,30.0,0.0,67,1009.0,5.0,12,23.1,34.3,10.0,12.3,ESE,Sunny,6.899999999999999
2024-09-07 10:00,33.3,0.0,58,1001.0,23.8,18,22.5,38.4,10.0,32.8,SW,Sunny,10.799999999999997
2025-03-18 09:00,21.2,0.0,93,1020.0,16.9,100,20.1,23.2,10.0,22.7,NNE,Overcast,1.0999999999999979
2025-01-27 17:00,18.1,0.0,90,1017.0,7.9,100,16.5,20.1,2.0,20.2,NNE,Overcast,1.6000000000000014
2025-03-28 13:00,32.0,0.0,75,1005.0,7.5,14,25.7,40.4,10.0,26.5,ESE,Sunny,6.300000000000001
2024-09-14 22:00,26.0,1.7,86,1004.0,7.2,72,23.5,29.1,10.0,12.2,SW,Moderate or heavy rain shower,2.5
2025-02-25 18:00,20.2,0.7,94,1021.0,11.5,100,19.2,22.2,10.0,16.1,NNW,Moderate rain at times,1.0
2024-10-22 03:00,25.0,1.2,91,1012.0,10.1,95,23.4,27.9,9.0,14.9,NE,Heavy rain at times,1.6000000000000014
2024-06-15 06:00,27.1,0.0,77,1004.0,9.7,11,22.7,30.1,10.0,15.1,SW,Sunny,4.400000000000002
2025-04-13 04:00,23.3,1.3,89,1013.0,8.5,80,22.3,25.5,10.0,16.5,NW,Heavy rain at times,1.0
2024-07-19 03:00,24.5,0.0,87,1004.0,8.3,45,22.2,26.9,10.0,10.9,WSW,Partly cloudy,2.3000000000000007
2025-05-14 12:00,30.2,0.1,84,1011.0,7.9,61,24.8,38.8,10.0,18.1,N,Patchy rain possible,5.399999999999999
2024-06-29 19:00,29.5,0.0,83,1006.0,10.1,46,25.7,36.1,9.0,11.6,SE,Partly cloudy,3.8000000000000007
2024-11-28 14:00,23.8,0.0,78,1018.0,22.0,76,17.7,25.5,10.0,34.0,NNE,Cloudy,6.100000000000001
2024-07-21 17:00,29.0,0.4,83,1003.0,6.8,87,25.8,35.2,10.0,12.2,NNW,Patchy rain possible,3.1999999999999993
2025-03-26 18:00,22.9,0.0,88,1004.0,6.5,12,20.8,25.1,10.0,17.6,SE,Sunny,2.099999999999998
2024-12-22 05:00,19.2,0.0,77,1017.0,10.4,63,15.2,21.2,10.0,18.2,NNE,Cloudy,4.0
2024-10-16 14:00,27.6,0.0,81,1009.0,11.9,55,24.2,31.8,10.0,20.2,NNE,Partly cloudy,3.400000000000002
2025-03-07 07:00,19.3,0.0,87,1016.0,10.3,100,17.1,21.3,10.0,15.1,WNW,Overcast,2.1999999999999993
2024-12-02 23:00,23.2,0.0,88,1014.0,9.4,84,21.1,25.4,10.0,10.2,E,Cloudy,2.099999999999998
2024-06-30 14:00,34.5,0.0,54,1003.0,10.9,19,23.8,41.3,10.0,22.6,E,Sunny,10.7
2024-12-30 08:00,21.7,0.0,84,1019.0,2.5,72,18.9,23.7,10.0,8.5,N,Cloudy,2.8000000000000007
2024-09-02 22:00,27.2,0.0,84,1010.0,7.6,55,24.3,31.2,10.0,12.1,S,Partly cloudy,2.8999999999999986
2024-05-23 15:00,28.2,0.3,83,1006.0,8.3,63,24.6,33.0,10.0,10.6,E,Patchy rain possible,3.599999999999998
2024-05-28 23:00,27.8,0.0,87,1005.0,7.6,35,24.2,32.1,10.0,10.8,SSW,Partly cloudy,3.6000000000000014
2025-04-20 11:00,30.9,0.0,71,1009.0,16.9,11,24.5,37.4,10.0,22.1,ESE,Sunny,6.399999999999999
2024-08-29 11:00,34.6,0.0,54,1005.0,11.9,14,22.1,39.8,10.0,19.4,NE,Sunny,12.5
2024-12-30 09:00,22.4,0.0,82,1019.0,4.3,71,19.1,24.7,10.0,10.0,NNE,Cloudy,3.299999999999997
2025-02-22 21:00,21.6,0.4,95,1020.0,9.0,100,20.8,23.6,2.0,13.8,ENE,Patchy rain possible,0.8000000000000007
2024-07-10 09:00,31.6,0.0,59,1007.0,6.8,26,22.6,36.1,10.0,12.0,SW,Partly cloudy,9.0
2024-11-25 11:00,26.3,0.1,81,1014.0,6.8,72,22.8,29.1,9.0,16.0,NE,Patchy rain possible,3.5
2024-09-24 20:00,25.5,0.0,87,1011.0,9.4,88,23.3,28.3,10.0,13.7,NW,Overcast,2.1999999999999993
2025-02-22 20:00,21.6,0.9,95,1019.0,8.7,100,20.8,23.6,10.0,13.8,ENE,Moderate rain at times,0.8000000000000007
2025-05-01 05:00,23.0,0.0,92,1011.0,7.2,19,21.6,25.3,10.0,8.7,SW,Clear,1.3999999999999986
2024-10-27 16:00,24.6,0.7,79,1000.0,10.1,80,20.9,26.6,10.0,15.8,NW,Moderate rain at times,3.700000000000003
2024-09-20 13:00,29.8,5.3,71,1001.0,11.5,51,23.8,34.6,10.0,19.9,NNE,Moderate or heavy rain shower,6.0
2024-07-18 18:00,27.0,9.1,85,1004.0,6.5,59,24.2,30.8,10.0,11.7,N,Moderate or heavy rain shower,2.8000000000000007
2025-01-14 00:00,18.3,0.0,82,1019.0,5.8,100,15.3,20.3,10.0,8.2,WNW,Overcast,3.0
2024-07-12 12:00,32.9,0.0,56,1001.0,13.0,24,23.1,38.4,10.0,19.9,NE,Sunny,9.799999999999997
2024-08-09 04:00,26.7,0.0,78,1006.0,7.9,16,22.5,29.5,10.0,9.9,WSW,Clear,4.199999999999999
2024-12-31 03:00,20.6,0.2,93,1016.0,9.1,100,19.4,22.6,10.0,18.5,N,Patchy rain possible,1.2000000000000028
2025-04-06 22:00,23.5,0.0,89,1015.0,6.1,92,21.5,25.7,10.0,10.3,SE,Overcast,2.0
2025-02-18 00:00,20.9,0.1,87,1017.0,2.9,51,18.6,22.9,10.0,4.8,SSE,Patchy rain possible,2.299999999999997
2025-03-19 10:00,19.9,0.5,90,1024.0,11.2,100,18.2,21.9,10.0,14.4,NNE,Moderate rain at times,1.6999999999999993
2024-12-04 10:00,24.6,0.2,83,1015.0,14.0,85,21.6,26.8,10.0,24.2,ENE,Patchy rain possible,3.0
2025-03-22 02:00,17.6,0.0,85,1019.0,7.2,63,15.1,19.6,10.0,12.4,WSW,Cloudy,2.5000000000000018
2024-07-10 18:00,29.7,1.16,81,1005.0,12.6,76,23.7,34.7,9.0,21.0,SE,Heavy rain at times,6.0
2024-06-16 03:00,26.4,0.0,79,1003.0,7.2,6,23.2,29.5,10.0,15.4,SW,Clear,3.1999999999999993
2024-08-21 22:00,27.6,0.0,84,1009.0,6.5,29,24.7,32.1,10.0,11.3,SSE,Partly cloudy,2.900000000000002
2025-02-11 00:00,18.3,0.0,89,1017.0,6.5,100,16.5,20.3,10.0,10.3,WNW,Overcast,1.8000000000000007
2024-09-25 11:00,28.2,0.1,76,1012.0,6.8,80,23.5,32.1,10.0,13.5,E,Patchy rain possible,4.699999999999999
2024-10-14 23:00,24.8,2.6,90,1012.0,7.9,77,23.0,27.4,10.0,12.6,NW,Moderate or heavy rain shower,1.8000000000000007
2024-08-07 09:00,32.0,0.0,62,1008.0,6.1,9,22.3,36.4,10.0,13.1,SSE,Sunny,9.7
2025-05-17 23:00,25.0,0.0,90,1010.0,7.2,14,23.2,27.7,10.0,9.0,SW,Clear,1.8000000000000007
2024-10-26 01:00,21.7,0.0,85,1006.0,9.6,85,19.1,23.7,10.0,15.6,WNW,Cloudy,2.599999999999998
2024-08-08 11:00,34.6,0.0,56,1007.0,5.4,11,22.7,40.4,10.0,13.2,ENE,Sunny,11.900000000000002
2025-04-06 05:00,21.4,0.0,95,1012.0,5.8,54,20.6,23.4,2.0,9.6,S,Partly cloudy,0.7999999999999972
2024-10-04 19:00,24.5,0.1,86,1013.0,6.5,100,22.1,26.8,10.0,9.4,WNW,Patchy rain possible,2.3999999999999986
2024-09-11 21:00,26.3,0.1,83,1008.0,6.8,85,23.2,29.3,10.0,11.8,SSW,Patchy rain possible,3.1000000000000014
2024-12-11 18:00,22.9,2.7,95,1012.0,19.4,100,22.1,25.3,7.0,26.7,NE,Moderate or heavy rain shower,0.7999999999999972
2025-03-06 19:00,23.1,3.2,91,1013.0,9.4,75,21.6,25.4,10.0,17.2,NNE,Moderate or heavy rain shower,1.5
2025-05-20 14:00,32.0,0.1,70,1005.0,15.6,76,24.1,39.9,10.0,28.0,E,Patchy rain possible,7.899999999999999
2024-06-08 03:00,25.6,0.0,88,1004.0,9.4,49,23.4,28.5,10.0,11.0,SW,Partly cloudy,2.200000000000003
2025-01-25 10:00,23.1,0.0,80,1013.0,8.3,16,19.4,25.1,10.0,15.2,SE,Sunny,3.700000000000003
2024-07-05 00:00,24.4,0.0,89,1009.0,6.1,36,22.5,26.8,10.0,12.0,SW,Partly cloudy,1.8999999999999986
2025-01-27 15:00,18.2,0.0,89,1016.0,9.7,100,16.4,20.2,2.0,22.4,NNW,Overcast,1.8000000000000007
2024-09-03 16:00,30.2,0.3,72,1004.0,12.6,70,24.7,36.1,9.0,23.9,NNE,Patchy rain possible,5.5
2025-04-20 20:00,24.6,0.0,89,1010.0,7.2,15,22.7,27.1,10.0,13.2,SE,Clear,1.9000000000000021
2024-09-09 13:00,34.3,0.0,61,1003.0,11.6,46,23.1,40.5,10.0,20.3,NNE,Partly cloudy,11.199999999999996
2024-10-12 04:00,23.6,0.2,90,1012.0,6.1,86,21.7,25.8,10.0,10.4,WSW,Patchy rain possible,1.9000000000000021
2025-04-07 03:00,23.5,0.0,88,1014.0,5.4,87,21.3,25.6,10.0,9.0,S,Overcast,2.1999999999999993
2025-01-03 02:00,20.5,0.0,88,1015.0,9.0,100,18.5,22.5,10.0,9.1,NW,Overcast,2.0
2024-06-30 19:00,28.3,0.1,83,1004.0,10.1,71,25.1,33.5,10.0,17.4,SE,Patchy rain possible,3.1999999999999993
2024-12-26 01:00,20.7,0.3,89,1017.0,8.6,100,18.9,22.7,10.0,13.4,WNW,Patchy rain possible,1.8000000000000007
2024-06-20 19:00,30.4,0.0,78,1004.0,14.8,72,24.5,36.3,5.0,21.8,SSE,Cloudy,5.899999999999999
2024-12-31 12:00,20.9,0.51,92,1018.0,12.6,100,19.6,22.9,10.0,17.0,N,Light rain shower,1.2999999999999972
2024-08-09 19:00,30.4,0.0,82,1004.0,6.1,23,24.5,36.3,10.0,11.1,SE,Clear,5.899999999999999
2024-08-25 12:00,33.2,0.0,60,1007.0,17.6,75,23.1,38.9,10.0,25.6,NE,Cloudy,10.100000000000001
2025-01-26 17:00,21.6,0.3,85,1016.0,12.6,72,18.9,23.6,9.0,24.5,NNE,Patchy rain possible,2.700000000000003
2024-10-28 02:00,20.9,0.0,84,1003.0,6.5,48,18.1,22.9,10.0,10.5,SW,Partly cloudy,2.799999999999997
2024-11-15 06:00,22.9,0.0,92,1011.0,5.8,28,21.5,25.2,10.0,9.6,SSW,Partly cloudy,1.3999999999999986
2025-03-26 01:00,19.2,0.0,84,1007.0,5.5,9,16.5,21.2,10.0,7.5,S,Clear,2.6999999999999993
2024-10-16 20:00,25.3,0.4,86,1012.0,5.4,89,22.8,27.9,10.0,9.3,WNW,Patchy rain possible,2.5
2025-04-14 13:00,25.5,0.0,70,1014.0,11.9,90,18.8,27.2,10.0,21.3,NNE,Overcast,6.699999999999999
2024-05-24 20:00,26.0,1.45,93,1009.0,5.0,52,24.8,30.0,7.0,7.8,SSE,Heavy rain at times,1.1999999999999993
2024-11-03 09:00,23.0,10.44,98,1014.0,13.0,100,22.6,25.5,5.0,18.4,WNW,Moderate or heavy rain shower,0.3999999999999986
2024-09-25 02:00,24.1,0.0,89,1010.0,6.8,75,22.3,26.5,10.0,7.1,W,Cloudy,1.8000000000000007
2025-04-28 16:00,29.0,0.0,76,1008.0,14.8,3,22.5,32.7,10.0,24.6,E,Sunny,6.5
2024-07-11 11:00,34.1,0.0,56,1006.0,9.7,28,22.5,39.5,10.0,17.7,NNE,Partly cloudy,11.600000000000001
2025-01-18 11:00,22.1,0.0,74,1018.0,6.5,77,15.2,24.6,10.0,13.7,ENE,Cloudy,6.900000000000002
2024-11-19 21:00,24.1,0.9,85,1015.0,12.5,84,21.4,26.2,10.0,19.5,NE,Moderate rain at times,2.700000000000003
2024-09-26 14:00,29.1,0.1,74,1009.0,12.2,83,24.1,33.8,10.0,19.1,E,Patchy rain possible,5.0
2024-08-01 03:00,26.2,0.0,77,1007.0,7.6,27,21.8,28.5,10.0,14.1,WSW,Partly cloudy,4.399999999999999
2025-03-07 17:00,20.4,0.1,88,1014.0,17.3,100,18.0,22.4,10.0,23.1,WNW,Patchy rain possible,2.3999999999999986
2024-11-04 11:00,26.0,4.2,86,1014.0,9.4,74,23.5,29.0,10.0,12.8,N,Moderate or heavy rain shower,2.5
2025-02-21 01:00,21.2,1.1,92,1017.0,4.0,83,19.9,23.2,10.0,6.2,ENE,Heavy rain at times,1.3000000000000007
2024-05-25 15:00,30.8,0.1,81,1006.0,15.1,84,26.3,38.7,10.0,22.5,ESE,Patchy rain possible,4.5
2024-06-17 17:00,31.2,3.99,82,1004.0,15.8,52,24.5,37.6,6.0,23.8,S,Moderate or heavy rain shower,6.699999999999999
2025-02-11 07:00,19.3,0.1,87,1016.0,5.8,100,17.1,21.3,10.0,9.0,NW,Patchy rain possible,2.1999999999999993
2025-04-22 16:00,32.2,0.0,73,1007.0,13.7,84,23.3,41.6,10.0,23.0,SE,Cloudy,8.900000000000002
2024-06-01 11:00,30.7,0.0,81,1008.0,7.2,51,24.9,37.2,10.0,16.2,WSW,Partly cloudy,5.800000000000001
2024-12-16 06:00,19.4,0.2,90,1020.0,11.9,100,17.8,21.4,10.0,16.4,NNW,Patchy rain possible,1.5999999999999979
2025-03-09 02:00,20.2,0.0,90,1017.0,5.0,98,18.5,22.2,10.0,7.4,NW,Overcast,1.6999999999999993
2025-01-20 17:00,20.3,0.0,78,1013.0,8.6,73,16.3,22.3,10.0,11.7,NE,Cloudy,4.0
2025-04-12 05:00,24.4,0.0,83,1006.0,6.8,11,21.2,26.4,10.0,9.9,SSW,Clear,3.1999999999999993
2025-04-17 15:00,30.3,0.0,82,1004.0,9.7,86,24.0,38.5,9.0,17.8,ENE,Overcast,6.300000000000001
2024-07-02 09:00,32.7,0.0,53,1005.0,6.8,10,22.0,37.0,10.0,12.6,S,Sunny,10.700000000000003
2024-08-06 05:00,24.7,0.0,82,1006.0,8.6,12,21.5,26.9,10.0,10.1,SW,Clear,3.1999999999999993
2024-09-01 23:00,26.3,0.1,87,1009.0,3.6,70,23.9,29.8,10.0,6.0,S,Patchy rain possible,2.400000000000002
2024-11-22 12:00,24.6,1.1,86,1015.0,15.1,94,22.1,26.9,10.0,35.6,NE,Heavy rain at times,2.5
2025-01-08 01:00,19.1,0.0,87,1015.0,6.1,90,16.9,21.1,10.0,10.5,W,Overcast,2.200000000000003
2025-01-23 03:00,16.7,0.0,83,1013.0,6.5,0,13.8,18.7,10.0,12.6,WSW,Clear,2.8999999999999986
2025-02-21 23:00,21.4,0.9,94,1019.0,10.4,100,20.5,23.4,10.0,15.7,ENE,Moderate rain at times,0.8999999999999986
2024-11-18 05:00,22.2,0.4,87,1013.0,6.5,86,19.9,24.6,10.0,11.6,WNW,Patchy rain possible,2.3000000000000007
2024-09-18 19:00,25.6,2.3,83,1001.0,8.6,79,22.5,28.1,10.0,15.5,WNW,Moderate or heavy rain shower,3.1000000000000014
2025-05-21 02:00,24.1,0.2,89,1006.0,7.2,78,22.1,26.4,10.0,14.1,SSW,Patchy rain possible,2.0
2025-02-12 02:00,20.3,0.0,89,1013.0,4.0,80,18.5,22.3,10.0,6.6,SW,Cloudy,1.8000000000000007
2024-08-08 12:00,34.8,0.0,58,1006.0,13.0,19,23.1,41.1,10.0,18.8,NE,Sunny,11.699999999999996
2024-12-04 14:00,25.4,0.0,74,1011.0,10.8,76,20.5,27.2,10.0,21.0,NE,Cloudy,4.899999999999999
2025-01-26 05:00,19.5,0.0,90,1014.0,8.6,83,18.4,21.5,10.0,12.6,ENE,Cloudy,1.1000000000000014
2025-03-16 16:00,21.3,1.7,83,1014.0,25.2,64,18.3,23.3,10.0,37.0,NW,Moderate or heavy rain shower,3.0
2024-10-27 05:00,21.8,12.8,80,994.0,24.5,75,18.3,23.8,10.0,46.5,SSW,Moderate or heavy rain shower,3.5
2024-06-02 12:00,32.4,0.0,67,1009.0,6.8,47,24.1,38.7,10.0,16.4,NNE,Partly cloudy,8.299999999999997
2024-12-04 09:00,24.3,0.5,85,1015.0,13.3,84,21.6,26.4,9.0,17.4,ENE,Moderate rain at times,2.6999999999999993
2025-01-29 01:00,17.3,0.3,86,1021.0,6.1,100,15.1,19.3,10.0,8.9,NNW,Patchy rain possible,2.200000000000001
2024-08-05 13:00,33.3,0.0,60,1006.0,15.5,12,22.3,38.4,10.0,24.2,ENE,Sunny,10.999999999999996
2025-02-13 09:00,22.3,0.6,97,1016.0,9.0,100,21.8,24.8,10.0,12.1,NNE,Moderate rain at times,0.5
2024-08-16 19:00,27.9,0.0,91,1006.0,12.5,63,24.6,32.5,10.0,26.2,WSW,Cloudy,3.299999999999997
2024-12-12 08:00,23.5,3.24,95,1013.0,17.5,100,22.6,26.0,7.0,25.7,ENE,Moderate or heavy rain shower,0.8999999999999986
2025-02-21 11:00,23.6,0.4,90,1019.0,11.9,98,20.5,25.8,10.0,20.9,ENE,Patchy rain possible,3.1000000000000014
2025-05-02 11:00,31.5,0.0,70,1012.0,9.2,7,21.8,38.7,10.0,14.9,NE,Sunny,9.7
2024-08-10 06:00,27.3,0.0,75,1005.0,9.7,13,22.5,30.3,10.0,13.5,WSW,Sunny,4.800000000000001
2024-09-14 14:00,29.9,0.1,77,1001.0,6.5,74,24.7,35.6,9.0,15.6,NNE,Patchy rain possible,5.199999999999999
2024-08-19 07:00,28.5,0.0,72,1006.0,7.2,5,23.0,32.2,10.0,10.0,WSW,Sunny,5.5
2025-03-28 18:00,25.6,0.0,89,1006.0,6.8,80,23.2,28.7,10.0,13.0,SSE,Cloudy,2.400000000000002
2024-11-16 14:00,27.6,0.0,72,1008.0,11.2,79,22.1,30.4,10.0,18.1,ESE,Cloudy,5.5
2024-11-30 10:00,23.0,0.22,76,1017.0,10.8,96,18.5,25.0,10.0,13.0,NE,Light rain shower,4.5
2024-09-12 01:00,25.1,0.0,89,1008.0,5.0,63,23.2,27.9,10.0,8.3,WSW,Cloudy,1.9000000000000021
2024-10-31 21:00,23.9,0.0,90,1009.0,8.3,52,22.1,26.2,10.0,13.1,W,Partly cloudy,1.7999999999999972
2024-10-31 22:00,23.5,0.0,90,1009.0,8.3,43,21.8,25.8,10.0,13.6,W,Partly cloudy,1.6999999999999993
2025-05-02 18:00,27.2,0.0,84,1010.0,6.8,80,23.0,31.2,10.0,16.7,ENE,Cloudy,4.199999999999999
2024-05-26 03:00,25.5,0.0,90,1007.0,6.8,85,23.7,28.6,10.0,11.3,SW,Cloudy,1.8000000000000007
2024-08-28 17:00,30.5,0.1,70,1003.0,11.8,70,24.5,36.2,9.0,21.0,ESE,Patchy rain possible,6.0
2024-08-28 23:00,26.1,0.1,85,1007.0,9.7,81,23.3,29.1,10.0,18.5,SW,Patchy rain possible,2.8000000000000007
2025-03-03 09:00,26.0,0.0,81,1010.0,10.1,16,22.5,28.6,10.0,17.2,SSE,Sunny,3.5
2024-06-09 22:00,25.6,0.0,88,1007.0,8.1,80,23.5,28.6,10.0,15.5,SW,Cloudy,2.1000000000000014
2024-12-07 01:00,23.2,0.1,89,1013.0,5.9,100,21.2,25.4,10.0,9.2,ENE,Patchy rain possible,2.0
2025-03-04 08:00,24.9,0.0,84,1009.0,10.1,32,22.1,27.2,10.0,14.6,SSE,Partly cloudy,2.799999999999997
2024-10-14 08:00,26.2,1.0,84,1013.0,5.8,62,23.2,29.2,10.0,12.5,NW,Heavy rain at times,3.0
2024-12-25 22:00,20.4,0.2,88,1018.0,11.2,100,18.3,22.4,10.0,11.9,WNW,Patchy rain possible,2.099999999999998
2025-04-30 15:00,28.5,0.0,68,1008.0,14.8,5,22.1,31.5,10.0,17.0,E,Sunny,6.399999999999999
2024-10-20 08:00,26.4,0.1,84,1015.0,2.5,84,23.5,29.6,9.0,9.1,WNW,Patchy rain possible,2.8999999999999986
2025-01-12 11:00,19.3,0.0,70,1024.0,13.3,78,13.7,21.3,10.0,23.5,NE,Cloudy,5.600000000000001
2025-02-05 15:00,21.6,0.1,84,1012.0,12.2,71,18.7,23.6,10.0,19.9,ENE,Patchy rain possible,2.900000000000002
2025-05-08 04:00,25.9,0.0,82,1005.0,7.6,47,22.6,28.6,10.0,9.9,S,Partly cloudy,3.299999999999997
2025-05-09 03:00,26.8,0.0,83,1004.0,7.9,48,23.6,30.2,10.0,14.7,S,Partly cloudy,3.1999999999999993
2025-01-21 00:00,18.8,0.0,73,1015.0,1.4,43,13.9,20.8,10.0,2.1,SSE,Partly cloudy,4.9
2024-06-02 00:00,25.2,0.0,94,1010.0,9.4,58,24.1,28.3,10.0,10.6,WSW,Partly cloudy,1.0999999999999979
2024-06-24 15:00,29.4,0.7,74,1003.0,5.8,87,24.2,34.3,9.0,18.6,NE,Moderate rain at times,5.199999999999999
2024-07-18 10:00,30.2,0.0,65,1005.0,2.2,50,23.0,34.5,10.0,8.6,WSW,Partly cloudy,7.199999999999999
2025-02-22 11:00,23.4,0.4,94,1020.0,13.3,100,20.7,25.9,10.0,22.6,ENE,Patchy rain possible,2.6999999999999993
2024-07-02 17:00,30.1,0.2,73,1004.0,10.1,84,24.7,35.9,9.0,19.0,ESE,Patchy rain possible,5.400000000000002
2024-06-25 17:00,29.5,0.1,78,1004.0,6.1,79,24.3,34.6,10.0,8.9,ESE,Patchy rain possible,5.199999999999999
2024-08-21 08:00,31.0,0.0,64,1008.0,3.6,16,22.2,34.9,10.0,9.2,SW,Sunny,8.8
2024-11-09 04:00,20.7,0.0,89,1014.0,8.6,19,18.7,22.7,10.0,10.9,WNW,Clear,2.0
2024-11-21 14:00,24.4,0.2,89,1012.0,16.6,100,22.6,26.9,10.0,29.2,ENE,Patchy rain possible,1.7999999999999972
2024-07-28 15:00,30.7,0.0,68,1001.0,5.0,23,24.0,36.1,10.0,7.8,NW,Sunny,6.699999999999999
2024-09-22 13:00,26.8,1.1,92,1003.0,7.6,100,24.7,30.9,9.0,21.0,SW,Heavy rain at times,2.1000000000000014
2024-10-02 14:00,27.4,0.0,85,1010.0,19.4,88,24.6,31.8,10.0,33.3,NNW,Overcast,2.799999999999997
2024-12-08 10:00,23.3,0.7,86,1018.0,18.8,100,20.8,25.4,10.0,34.6,NE,Moderate rain at times,2.5
2024-12-06 23:00,22.5,0.0,91,1014.0,1.4,100,21.0,24.8,2.0,2.1,NE,Overcast,1.5
2024-06-20 12:00,35.2,0.0,55,1003.0,16.2,20,22.8,41.4,10.0,22.5,NE,Sunny,12.400000000000002
2025-01-20 06:00,17.2,0.0,85,1014.0,5.0,88,14.6,19.2,10.0,8.5,SW,Overcast,2.5999999999999996
2024-07-29 12:00,30.7,0.1,64,1004.0,13.7,100,23.0,35.2,10.0,25.1,WSW,Patchy rain possible,7.699999999999999
2024-11-19 19:00,24.1,1.0,85,1014.0,12.1,84,21.6,26.3,10.0,23.8,NE,Heavy rain at times,2.5
2024-07-23 18:00,29.5,0.0,75,1000.0,6.1,86,23.9,34.2,10.0,12.0,S,Overcast,5.600000000000001
2024-08-20 10:00,34.0,0.0,58,1007.0,7.9,32,22.8,39.9,10.0,15.0,NNW,Partly cloudy,11.2
2024-08-06 01:00,24.9,0.0,84,1006.0,5.6,14,22.0,27.1,10.0,11.2,SW,Clear,2.8999999999999986
2024-08-18 07:00,27.8,0.0,85,1008.0,7.2,6,24.1,31.9,10.0,12.0,WSW,Sunny,3.6999999999999993
2024-12-02 06:00,21.7,0.0,89,1012.0,4.3,98,19.9,23.7,10.0,7.1,W,Overcast,1.8000000000000007
2024-07-18 13:00,28.8,0.1,79,1004.0,13.7,55,24.9,34.1,10.0,23.5,N,Patchy rain possible,3.900000000000002
2025-02-02 21:00,20.4,0.0,96,1012.0,5.4,49,19.8,22.4,2.0,9.6,S,Partly cloudy,0.5999999999999979
2024-10-18 06:00,24.0,0.2,89,1011.0,6.1,86,22.0,26.3,10.0,10.2,WSW,Patchy rain possible,2.0
2024-10-17 20:00,25.8,0.0,87,1011.0,3.2,51,23.4,28.8,10.0,5.1,WNW,Partly cloudy,2.400000000000002
2024-12-22 02:00,18.8,0.0,76,1017.0,10.4,81,15.2,20.8,10.0,12.4,NE,Cloudy,3.6000000000000014
2024-11-08 02:00,23.4,0.6,83,1015.0,10.6,75,20.4,25.5,10.0,16.9,NE,Moderate rain at times,3.0
2024-11-19 06:00,23.7,1.1,87,1014.0,10.5,96,21.5,25.9,10.0,21.3,NE,Heavy rain at times,2.1999999999999993
2024-10-14 09:00,27.4,0.9,78,1013.0,6.5,76,23.2,30.7,10.0,14.3,N,Moderate rain at times,4.199999999999999
2024-12-22 19:00,19.3,0.0,78,1017.0,10.8,60,15.4,21.3,10.0,13.5,NNW,Cloudy,3.9000000000000004
2025-01-28 09:00,18.0,0.0,85,1022.0,5.0,100,15.4,20.0,10.0,6.6,NNE,Overcast,2.5999999999999996
2024-06-12 14:00,34.1,0.0,66,1006.0,9.4,18,23.9,41.1,10.0,19.7,ENE,Sunny,10.200000000000003
2024-10-08 20:00,25.0,0.2,85,1014.0,9.4,80,22.3,27.4,9.0,15.9,N,Patchy rain possible,2.6999999999999993
2025-04-24 12:00,34.1,0.0,66,1007.0,11.4,22,23.3,44.5,10.0,21.9,E,Sunny,10.8
2024-11-30 11:00,22.9,0.24,77,1016.0,12.6,100,18.8,25.0,10.0,15.7,NE,Light rain shower,4.099999999999998
2024-08-28 00:00,25.0,0.0,88,1008.0,11.5,26,22.9,27.6,10.0,16.1,SW,Partly cloudy,2.1000000000000014
2024-05-24 05:00,24.3,0.0,94,1008.0,7.2,63,23.3,27.0,10.0,7.3,SSW,Cloudy,1.0
2025-01-13 23:00,18.0,0.0,87,1019.0,4.7,88,15.7,20.0,10.0,7.3,WNW,Overcast,2.3000000000000007
2025-03-17 16:00,21.4,0.1,85,1015.0,11.2,100,18.7,23.4,10.0,20.8,WNW,Patchy rain possible,2.6999999999999993
2025-05-15 14:00,30.3,0.1,78,1008.0,13.7,82,25.1,37.8,9.0,17.9,E,Patchy rain possible,5.199999999999999
2024-07-07 12:00,32.6,0.0,68,1006.0,15.6,79,23.7,38.6,9.0,24.1,E,Cloudy,8.900000000000002
2024-05-28 04:00,27.2,0.0,75,1002.0,11.2,48,22.5,30.2,10.0,15.6,SW,Partly cloudy,4.699999999999999
2025-03-28 00:00,23.5,0.0,83,1005.0,7.2,18,20.5,25.5,10.0,8.6,SSE,Clear,3.0
2025-03-01 14:00,25.5,0.0,80,1010.0,18.0,5,21.8,27.7,10.0,27.6,ESE,Sunny,3.6999999999999993
2024-11-06 11:00,25.1,0.5,84,1017.0,19.8,51,22.2,27.5,10.0,34.7,NE,Moderate rain at times,2.900000000000002
2025-01-14 20:00,20.0,0.0,88,1019.0,8.5,100,17.5,22.0,10.0,13.6,WNW,Overcast,2.5
2024-08-26 18:00,28.4,0.1,77,1006.0,11.2,78,23.9,32.6,10.0,22.1,SE,Patchy rain possible,4.5
2025-02-07 08:00,21.0,0.0,79,1017.0,6.1,85,17.2,23.0,10.0,8.6,WSW,Overcast,3.8000000000000007
2024-07-26 17:00,28.9,0.4,71,999.0,9.5,82,23.1,32.7,10.0,26.5,SW,Patchy rain possible,5.799999999999997
2025-04-14 11:00,25.5,0.0,69,1016.0,10.4,98,18.6,27.2,10.0,12.7,N,Overcast,6.899999999999999
2024-06-16 22:00,27.0,0.0,87,1007.0,9.5,46,24.4,31.0,10.0,22.9,SW,Partly cloudy,2.6000000000000014
2024-08-19 11:00,35.3,0.0,55,1006.0,8.3,18,22.7,41.5,10.0,19.2,NNE,Sunny,12.599999999999998
2024-07-21 00:00,25.4,0.0,87,1005.0,8.6,55,23.2,28.2,10.0,12.5,W,Partly cloudy,2.1999999999999993
2025-01-30 16:00,21.7,0.0,75,1013.0,8.6,0,17.1,23.7,10.0,16.4,E,Sunny,4.599999999999998
2024-12-07 15:00,25.2,0.0,87,1013.0,13.3,82,20.6,27.2,10.0,18.3,NE,Cloudy,4.599999999999998
2025-02-26 20:00,21.7,0.0,90,1020.0,6.5,100,20.0,23.7,10.0,9.5,E,Overcast,1.6999999999999993
2025-01-03 05:00,20.4,0.4,92,1015.0,13.3,100,19.1,22.4,10.0,18.8,NNW,Patchy rain possible,1.2999999999999972
2025-01-02 10:00,21.1,0.0,87,1017.0,10.1,100,18.8,23.1,10.0,13.2,NNW,Overcast,2.3000000000000007
2025-03-30 20:00,21.5,0.05,85,1015.0,13.3,100,19.0,23.5,10.0,19.3,WNW,Patchy rain possible,2.5
2024-11-26 01:00,23.2,0.7,89,1014.0,5.0,77,21.3,25.4,10.0,8.5,NW,Moderate rain at times,1.8999999999999986
2024-08-22 13:00,34.7,0.0,58,1007.0,15.2,25,23.0,40.9,10.0,23.6,E,Sunny,11.700000000000003
2025-01-12 22:00,17.3,0.0,75,1023.0,6.5,85,12.8,19.3,10.0,10.0,ENE,Cloudy,4.5
2025-01-18 02:00,19.0,0.0,80,1017.0,5.4,70,15.6,21.0,10.0,8.1,E,Cloudy,3.4000000000000004
2024-06-22 05:00,25.7,0.0,86,1003.0,7.6,23,23.1,28.6,10.0,9.5,SSW,Clear,2.599999999999998
2025-04-16 21:00,23.1,0.0,94,1010.0,8.6,38,22.1,25.5,10.0,14.3,S,Partly cloudy,1.0
2024-11-10 04:00,20.4,0.0,80,1014.0,9.4,24,16.9,22.4,10.0,16.2,WNW,Clear,3.5
2024-06-25 16:00,29.8,0.4,76,1003.0,10.4,80,23.9,34.8,10.0,19.5,ENE,Patchy rain possible,5.900000000000002
2024-10-15 17:00,26.8,0.4,86,1009.0,8.6,83,24.4,30.8,5.0,18.8,NE,Patchy rain possible,2.400000000000002
2025-03-14 02:00,22.6,0.1,97,1010.0,8.6,72,22.1,25.1,2.0,14.0,S,Patchy rain possible,0.5
2024-07-01 22:00,28.1,0.0,77,1006.0,4.7,9,23.9,32.2,10.0,9.1,SW,Clear,4.200000000000003
2024-09-30 12:00,30.7,0.08,71,1006.0,13.3,75,25.0,37.1,10.0,15.5,E,Patchy rain possible,5.699999999999999
2025-01-06 20:00,20.8,0.0,81,1017.0,5.1,100,17.3,22.8,10.0,8.8,ENE,Overcast,3.5
2024-06-25 18:00,27.9,0.0,79,1005.0,5.0,77,24.0,32.0,10.0,8.9,SSE,Cloudy,3.8999999999999986
2024-06-26 18:00,27.4,0.2,87,1007.0,13.3,76,24.9,31.9,9.0,21.0,ESE,Patchy rain possible,2.5
2025-04-27 08:00,26.4,0.0,81,1012.0,9.0,4,22.9,29.3,10.0,11.0,SSE,Sunny,3.5
2024-08-31 23:00,26.5,0.0,83,1008.0,7.9,13,23.3,29.6,10.0,14.0,SW,Clear,3.1999999999999993
2025-03-11 05:00,21.9,0.0,95,1014.0,2.5,100,21.1,23.9,2.0,3.7,SW,Overcast,0.7999999999999972
2025-05-02 23:00,25.6,0.0,92,1011.0,7.6,37,23.4,29.0,10.0,12.6,SSW,Partly cloudy,2.200000000000003
2024-07-13 11:00,33.1,0.0,58,1002.0,11.9,53,22.5,38.2,10.0,18.2,NE,Partly cloudy,10.600000000000001
2024-07-13 01:00,25.5,0.0,86,1002.0,7.2,86,23.1,28.3,10.0,14.0,SW,Overcast,2.3999999999999986
2025-03-29 14:00,27.5,0.1,87,1010.0,15.5,73,23.8,31.4,10.0,26.8,E,Patchy rain possible,3.6999999999999993
2025-02-15 06:00,20.7,0.0,94,1013.0,7.9,28,19.6,22.7,10.0,8.9,SSW,Partly cloudy,1.0999999999999979
2024-11-05 17:00,24.3,2.7,90,1013.0,15.9,100,22.5,26.7,7.0,33.5,NE,Moderate or heavy rain shower,1.8000000000000007
2025-03-27 06:00,22.1,0.0,82,1005.0,7.0,8,19.0,24.6,10.0,9.9,SSW,Sunny,3.1000000000000014
2024-10-23 13:00,27.7,0.1,75,1011.0,17.6,78,22.8,30.9,9.0,30.3,NNE,Patchy rain possible,4.899999999999999
2025-01-15 00:00,19.4,0.0,89,1019.0,9.7,100,17.6,21.4,2.0,14.6,WNW,Overcast,1.7999999999999972
2024-11-07 15:00,24.8,0.4,83,1014.0,22.0,76,21.7,27.0,9.0,32.6,ENE,Patchy rain possible,3.1000000000000014
2024-10-18 22:00,25.1,0.2,90,1012.0,4.0,86,23.2,27.8,10.0,6.6,S,Patchy rain possible,1.9000000000000021
2024-09-23 14:00,26.3,0.4,94,1006.0,6.5,80,24.6,30.3,9.0,14.4,WSW,Patchy rain possible,1.6999999999999993
2024-11-29 22:00,21.3,0.1,77,1018.0,8.6,74,17.1,23.3,10.0,13.3,NE,Patchy rain possible,4.199999999999999
2024-12-20 01:00,19.8,0.2,87,1017.0,8.6,90,17.5,21.8,10.0,13.6,NE,Patchy rain possible,2.3000000000000007
2025-02-13 00:00,21.8,0.0,97,1015.0,4.7,100,21.3,23.8,2.0,7.1,NNE,Overcast,0.5
2024-07-31 01:00,25.3,0.0,87,1006.0,10.1,35,22.9,27.9,10.0,14.1,WSW,Partly cloudy,2.400000000000002
2025-04-17 02:00,22.9,0.0,94,1007.0,7.9,83,21.8,25.2,10.0,10.2,SSW,Cloudy,1.0999999999999979
2025-04-16 08:00,24.2,0.0,73,1012.0,7.9,11,19.1,25.9,10.0,9.5,SSE,Sunny,5.099999999999998
2024-06-10 20:00,26.7,0.0,94,1008.0,8.8,74,25.1,31.1,9.0,14.3,SW,Cloudy,1.5999999999999979
2025-02-01 19:00,20.0,0.0,91,1010.0,5.8,4,18.6,22.0,10.0,6.4,SSE,Clear,1.3999999999999986
2025-01-03 22:00,20.2,0.0,86,1017.0,2.9,83,17.8,22.2,10.0,4.4,NW,Cloudy,2.3999999999999986
2024-09-30 01:00,25.6,0.0,93,1007.0,6.8,86,24.4,29.1,9.0,11.6,SSW,Overcast,1.2000000000000028
2024-09-09 03:00,26.4,0.0,78,1004.0,8.6,16,22.3,29.1,10.0,16.3,W,Clear,4.099999999999998
2024-06-09 14:00,30.0,10.8,68,1003.0,12.9,71,24.9,36.0,10.0,19.9,ENE,Moderate or heavy rain shower,5.100000000000001
2024-12-01 12:00,24.4,0.0,77,1012.0,7.6,81,20.1,26.3,10.0,14.3,ENE,Cloudy,4.299999999999997
2024-07-12 20:00,28.2,0.2,87,1003.0,9.0,86,24.8,33.1,10.0,16.8,S,Patchy rain possible,3.3999999999999986
2024-09-22 01:00,24.9,0.0,95,1004.0,10.1,63,24.1,28.1,10.0,10.9,SSW,Cloudy,0.7999999999999972
2024-11-07 21:00,23.9,0.0,84,1017.0,13.1,97,21.0,26.0,2.0,19.9,NE,Overcast,2.8999999999999986
2024-11-24 14:00,24.9,15.2,89,1012.0,15.7,89,23.0,27.5,7.0,30.3,ENE,Moderate or heavy rain shower,1.8999999999999986
2024-09-18 13:00,27.5,5.4,76,1002.0,12.2,100,22.9,30.7,10.0,26.1,N,Moderate or heavy rain shower,4.600000000000001
2024-09-25 23:00,24.8,0.0,90,1013.0,5.0,68,23.0,27.4,10.0,8.2,SW,Cloudy,1.8000000000000007
2025-05-09 12:00,36.6,0.0,61,1004.0,12.6,13,24.3,50.4,10.0,25.9,ENE,Sunny,12.3
2024-07-03 17:00,29.5,0.0,77,1007.0,22.0,86,25.0,35.3,10.0,31.8,ESE,Overcast,4.5
2024-05-27 06:00,26.0,0.0,85,1005.0,10.1,13,23.3,28.9,10.0,14.9,SW,Sunny,2.6999999999999993
2024-08-31 18:00,28.6,0.0,75,1005.0,8.6,12,23.7,32.8,10.0,13.2,E,Sunny,4.900000000000002
2025-04-04 10:00,24.7,0.3,76,1015.0,12.6,56,20.2,26.5,10.0,14.5,SE,Patchy rain possible,4.5
2025-01-19 23:00,19.6,0.0,80,1014.0,3.2,57,16.2,21.6,10.0,5.2,NE,Partly cloudy,3.400000000000002
2025-02-15 09:00,24.1,0.0,83,1014.0,5.7,11,21.1,26.1,10.0,11.7,SSE,Sunny,3.0
2024-07-27 20:00,28.3,0.0,75,1003.0,9.5,21,24.1,32.6,10.0,18.0,SW,Clear,4.199999999999999
2024-12-18 07:00,21.4,0.2,89,1018.0,14.0,100,19.5,23.4,10.0,18.2,NNE,Patchy rain possible,1.8999999999999986
2024-08-22 22:00,26.2,0.0,86,1011.0,6.5,45,23.6,29.4,10.0,12.2,SW,Partly cloudy,2.599999999999998
2024-05-30 02:00,28.2,0.0,75,1001.0,9.9,88,23.2,31.8,10.0,20.0,SW,Overcast,5.0
2025-03-05 02:00,22.8,0.0,91,1006.0,5.2,27,21.2,25.1,10.0,6.6,SSE,Partly cloudy,1.6000000000000014
2024-05-28 15:00,34.3,0.0,65,1001.0,7.1,45,24.8,42.5,9.0,16.3,NE,Partly cloudy,9.499999999999996
2024-06-23 13:00,29.7,0.4,76,1003.0,5.6,77,25.1,35.7,9.0,18.0,NNW,Patchy rain possible,4.599999999999998
2024-12-27 07:00,21.1,0.8,95,1018.0,10.8,100,20.2,23.1,10.0,16.1,NW,Moderate rain at times,0.9000000000000021
2024-07-16 14:00,29.4,0.0,74,1002.0,15.5,81,24.4,34.5,9.0,18.0,NNE,Cloudy,5.0
2024-07-12 17:00,30.4,0.1,78,1001.0,10.1,70,24.6,36.3,10.0,15.2,E,Patchy rain possible,5.799999999999997
2024-08-26 04:00,24.6,0.0,89,1006.0,5.3,12,22.6,27.0,10.0,10.5,SW,Clear,2.0
2025-02-08 21:00,20.0,0.2,87,1020.0,15.6,100,17.8,22.0,10.0,24.4,NE,Patchy rain possible,2.1999999999999993
2024-09-21 01:00,25.4,0.2,90,1003.0,8.6,54,23.5,28.3,10.0,10.0,SW,Patchy rain possible,1.8999999999999986
2024-10-03 15:00,26.4,0.0,75,1011.0,19.4,68,21.6,28.7,10.0,32.6,NW,Cloudy,4.799999999999997
2025-02-10 07:00,19.4,0.5,85,1018.0,12.6,100,16.7,21.4,10.0,18.2,NE,Moderate rain at times,2.6999999999999993
2024-12-30 13:00,22.3,0.0,85,1016.0,7.2,70,19.6,24.7,10.0,16.8,NE,Cloudy,2.6999999999999993
2024-08-11 15:00,32.5,0.9,69,1000.0,18.0,87,24.2,39.0,9.0,33.5,E,Moderate rain at times,8.3
2024-11-23 23:00,23.8,0.9,91,1015.0,14.3,90,22.2,26.1,10.0,27.2,ENE,Moderate rain at times,1.6000000000000014
2025-04-10 12:00,29.5,0.0,72,1007.0,10.2,31,23.7,34.2,10.0,17.6,E,Partly cloudy,5.800000000000001
2025-02-24 02:00,21.2,0.9,95,1020.0,21.2,100,20.4,23.2,7.0,29.1,NE,Moderate rain at times,0.8000000000000007
2024-06-25 15:00,30.4,2.1,74,1003.0,14.0,50,24.4,36.1,5.0,18.6,NE,Moderate or heavy rain shower,6.0
2024-08-16 05:00,25.9,0.0,85,1005.0,7.6,20,23.3,28.9,10.0,9.9,SW,Clear,2.599999999999998
2024-10-27 04:00,21.6,8.3,82,995.0,23.6,51,18.3,23.6,10.0,45.1,SSW,Moderate or heavy rain shower,3.3000000000000007
2024-06-11 06:00,26.8,0.0,79,1007.0,9.0,45,22.9,29.8,10.0,10.9,WSW,Partly cloudy,3.900000000000002
2024-09-21 23:00,26.0,0.1,90,1005.0,9.0,64,24.2,29.5,10.0,15.4,W,Patchy rain possible,1.8000000000000007
2024-08-12 12:00,34.6,0.0,58,1002.0,6.1,22,23.8,41.5,10.0,18.8,N,Sunny,10.8
2024-09-01 21:00,26.9,0.2,86,1008.0,6.8,85,24.3,30.7,10.0,17.9,SSE,Patchy rain possible,2.599999999999998
2024-11-25 14:00,26.4,0.0,81,1012.0,9.0,86,22.8,29.2,9.0,17.9,NE,Overcast,3.599999999999998
2024-11-25 07:00,24.6,0.4,88,1014.0,2.5,91,22.5,27.0,10.0,4.0,NE,Patchy rain possible,2.1000000000000014
2024-06-25 07:00,27.2,0.0,75,1005.0,8.6,45,22.4,30.0,10.0,12.0,SW,Partly cloudy,4.800000000000001
2024-08-31 02:00,24.6,0.0,83,1006.0,6.2,27,21.5,26.7,10.0,13.5,WSW,Partly cloudy,3.1000000000000014
2024-11-21 13:00,24.5,1.16,90,1013.0,16.2,100,22.7,26.9,10.0,35.0,ENE,Heavy rain at times,1.8000000000000007
2024-07-06 17:00,30.2,0.0,79,1004.0,15.8,74,24.4,35.8,10.0,20.2,ESE,Cloudy,5.800000000000001
2024-11-30 13:00,22.5,0.22,80,1014.0,14.0,100,18.9,24.8,10.0,18.8,NE,Light rain shower,3.6000000000000014
2024-05-29 00:00,27.3,0.0,82,1004.0,8.3,50,23.9,31.0,10.0,11.6,SW,Partly cloudy,3.400000000000002
2025-02-07 20:00,20.4,0.0,92,1018.0,10.8,83,19.0,22.4,9.0,17.9,ENE,Cloudy,1.3999999999999986
2024-07-17 20:00,25.8,0.2,88,1004.0,6.1,83,23.7,28.9,10.0,11.3,SW,Patchy rain possible,2.1000000000000014
2024-10-23 10:00,27.2,0.0,78,1014.0,11.2,88,23.1,30.4,9.0,28.8,NNE,Overcast,4.099999999999998
2025-02-28 13:00,24.9,0.0,78,1014.0,13.3,58,20.7,26.8,10.0,15.4,E,Partly cloudy,4.199999999999999
2024-08-18 03:00,25.3,0.0,90,1006.0,6.5,14,23.5,28.3,10.0,13.8,SSW,Clear,1.8000000000000007
2025-01-18 18:00,19.9,0.0,79,1015.0,5.4,59,16.1,21.9,10.0,8.2,NE,Partly cloudy,3.799999999999997
2024-12-23 08:00,19.3,0.0,86,1017.0,11.2,100,17.0,21.3,10.0,15.2,NW,Overcast,2.3000000000000007
2025-01-09 00:00,19.8,0.2,89,1017.0,1.1,60,18.0,21.8,10.0,1.9,E,Patchy rain possible,1.8000000000000007
2024-12-25 08:00,19.8,0.2,89,1017.0,12.6,100,17.9,21.8,10.0,15.1,WNW,Patchy rain possible,1.9000000000000021
2025-01-08 05:00,18.7,0.0,86,1015.0,7.6,61,16.3,20.7,10.0,13.5,WSW,Cloudy,2.3999999999999986
2024-10-26 09:00,21.7,0.7,92,1005.0,19.6,89,18.1,23.7,9.0,29.1,WSW,Moderate rain at times,3.599999999999998
2024-10-01 21:00,27.3,0.0,88,1011.0,8.6,83,24.5,31.5,9.0,10.9,NNW,Cloudy,2.8000000000000007
2024-12-26 18:00,21.3,0.2,92,1017.0,9.4,100,20.0,23.3,2.0,17.6,NW,Patchy rain possible,1.3000000000000007
2024-07-03 19:00,27.6,0.1,87,1009.0,15.8,73,25.4,32.7,5.0,22.6,SE,Patchy rain possible,2.200000000000003
2025-02-13 13:00,23.5,0.0,96,1014.0,10.1,100,20.7,26.0,2.0,17.1,N,Overcast,2.8000000000000007
2025-01-30 13:00,22.9,0.0,71,1015.0,7.9,79,16.6,24.9,10.0,13.4,ENE,Cloudy,6.299999999999997
2025-02-28 00:00,20.3,0.0,94,1016.0,7.6,64,19.2,22.3,10.0,11.9,S,Cloudy,1.1000000000000014
2025-04-09 23:00,22.7,0.0,94,1010.0,7.2,70,21.7,25.1,10.0,12.1,SSW,Cloudy,1.0
2024-06-15 03:00,26.2,0.0,84,1003.0,8.3,16,23.2,29.2,10.0,12.3,WSW,Clear,3.0
2025-03-10 06:00,21.9,0.1,95,1018.0,8.3,100,21.0,23.9,10.0,12.0,NNE,Patchy rain possible,0.8999999999999986
2024-11-06 20:00,23.8,0.2,88,1017.0,13.0,62,21.7,26.0,10.0,24.5,NE,Patchy rain possible,2.1000000000000014
2025-04-13 08:00,22.1,0.0,83,1017.0,22.3,100,18.9,24.5,10.0,32.8,WNW,Overcast,3.200000000000003
2024-07-23 21:00,28.0,0.0,69,1002.0,8.9,46,21.7,30.6,10.0,18.1,SW,Partly cloudy,6.300000000000001
2025-02-23 15:00,21.7,0.3,96,1017.0,14.4,100,21.1,23.7,9.0,19.7,NE,Patchy rain possible,0.5999999999999979
2024-07-15 00:00,24.7,3.9,89,1004.0,11.5,87,22.7,27.2,10.0,19.8,WNW,Moderate or heavy rain shower,2.0
2025-01-01 08:00,20.1,0.0,88,1018.0,7.2,100,18.0,22.1,10.0,9.8,NW,Overcast,2.1000000000000014
2024-07-20 19:00,26.8,0.1,86,1005.0,5.0,88,24.2,30.6,10.0,14.1,SE,Patchy rain possible,2.6000000000000014
2025-04-28 17:00,28.0,0.0,81,1008.0,11.5,5,22.9,31.4,10.0,19.7,E,Sunny,5.100000000000001
2024-06-23 09:00,29.6,0.0,70,1003.0,5.8,76,23.5,34.0,10.0,12.0,WNW,Cloudy,6.100000000000001
2024-07-23 07:00,26.6,0.0,82,1002.0,7.6,14,23.3,29.9,10.0,16.0,SW,Sunny,3.3000000000000007
2025-04-17 17:00,28.5,0.0,94,1007.0,1.8,87,24.0,36.5,7.0,10.3,NW,Overcast,4.5
2025-05-07 09:00,30.7,0.0,64,1007.0,10.8,25,23.0,35.1,10.0,12.5,SSE,Partly cloudy,7.699999999999999
2024-10-22 10:00,27.1,0.1,84,1014.0,11.5,81,24.2,31.0,10.0,19.7,NE,Patchy rain possible,2.900000000000002
2025-01-07 08:00,21.1,0.3,78,1017.0,6.7,97,17.2,23.1,10.0,14.6,E,Patchy rain possible,3.900000000000002
2024-09-28 04:00,24.6,0.0,90,1009.0,5.8,12,22.9,27.1,10.0,10.1,SW,Clear,1.7000000000000028
2025-01-01 09:00,20.5,0.0,86,1018.0,7.6,100,18.1,22.5,10.0,9.8,NW,Overcast,2.3999999999999986
2025-02-01 17:00,22.2,0.0,84,1009.0,9.0,0,19.4,24.6,10.0,12.1,ESE,Sunny,2.8000000000000007
2024-11-26 18:00,23.7,1.8,90,1014.0,11.1,65,22.0,26.0,10.0,25.6,ENE,Moderate or heavy rain shower,1.6999999999999993
2025-05-22 20:00,26.7,3.2,94,1006.0,4.7,79,25.6,31.5,10.0,7.7,SE,Moderate or heavy rain shower,1.0999999999999979
2024-07-02 21:00,27.1,0.0,91,1007.0,9.7,12,25.1,31.6,10.0,11.3,SSW,Clear,2.0
2025-04-15 18:00,22.5,0.0,82,1012.0,4.3,13,19.2,24.8,10.0,6.4,ENE,Sunny,3.3000000000000007
2024-10-24 21:00,23.0,0.0,81,1010.0,12.2,4,19.6,25.1,10.0,15.1,WNW,Clear,3.3999999999999986
2024-09-13 10:00,29.9,0.0,75,1006.0,1.8,79,24.5,35.4,9.0,11.2,SSE,Cloudy,5.399999999999999
2025-04-28 21:00,25.7,0.2,93,1012.0,5.0,83,23.7,28.8,10.0,8.6,S,Patchy rain possible,2.0
2024-07-14 20:00,25.3,5.57,98,1003.0,4.7,100,24.4,28.6,5.0,6.7,ENE,Moderate or heavy rain shower,0.9000000000000021
2024-09-02 14:00,31.6,0.0,61,1005.0,19.1,13,23.3,36.8,10.0,29.0,ENE,Sunny,8.3
2025-01-27 22:00,17.8,0.0,90,1019.0,6.1,100,16.2,19.8,10.0,8.6,N,Overcast,1.6000000000000014
2024-06-03 04:00,27.1,0.0,75,1006.0,7.2,45,22.2,29.9,10.0,9.5,SW,Partly cloudy,4.900000000000002
2024-06-19 06:00,27.3,0.0,71,1004.0,9.7,21,21.6,29.8,10.0,14.0,SW,Sunny,5.699999999999999
2024-12-09 08:00,23.0,1.5,86,1017.0,9.3,86,20.5,25.2,10.0,15.1,NE,Moderate or heavy rain shower,2.5
2025-03-03 01:00,22.1,0.0,93,1008.0,6.1,28,21.0,24.6,10.0,6.9,S,Partly cloudy,1.1000000000000014
2024-11-12 07:00,23.9,2.1,92,1012.0,12.2,100,22.6,26.4,10.0,23.7,NW,Moderate or heavy rain shower,1.2999999999999972
2025-01-15 09:00,20.5,0.3,93,1021.0,10.4,100,19.4,22.5,9.0,15.0,NNW,Patchy rain possible,1.1000000000000014
2024-09-17 13:00,29.6,0.0,73,1003.0,15.5,77,24.2,34.6,9.0,27.7,N,Cloudy,5.400000000000002
2024-06-09 20:00,25.9,0.3,89,1007.0,8.5,78,24.0,29.3,9.0,17.9,WSW,Patchy rain possible,1.8999999999999986
2024-06-16 13:00,35.3,0.0,58,1004.0,14.6,74,23.2,42.0,10.0,22.8,E,Cloudy,12.099999999999998
2024-06-12 15:00,32.6,0.0,70,1005.0,14.8,16,24.9,39.9,10.0,22.6,ENE,Sunny,7.700000000000003
2024-10-20 16:00,25.5,2.8,90,1012.0,10.1,53,23.8,28.6,10.0,17.1,N,Moderate or heavy rain shower,1.6999999999999993
2024-12-14 12:00,22.1,2.93,91,1017.0,26.3,100,20.6,24.6,7.0,36.9,NE,Moderate or heavy rain shower,1.5
2024-12-21 02:00,19.7,0.0,84,1015.0,3.2,100,16.9,21.7,10.0,8.8,E,Overcast,2.8000000000000007
2025-04-04 16:00,24.2,0.1,80,1010.0,14.4,70,20.6,26.2,10.0,16.8,ESE,Patchy rain possible,3.599999999999998
2025-01-21 10:00,20.9,0.0,68,1017.0,4.3,0,14.8,22.9,10.0,10.6,SSE,Sunny,6.099999999999998
2025-04-03 02:00,21.0,0.0,84,1016.0,1.8,100,18.2,23.0,10.0,2.5,WNW,Overcast,2.8000000000000007
2024-06-14 00:00,26.9,0.0,75,1004.0,10.1,6,22.2,29.6,10.0,13.5,SW,Clear,4.699999999999999
2024-08-06 08:00,29.6,0.0,64,1007.0,4.0,14,21.9,32.9,10.0,8.9,WSW,Sunny,7.700000000000003
2025-05-14 05:00,24.7,0.0,89,1009.0,6.5,77,22.7,27.2,10.0,10.7,WSW,Cloudy,2.0
2025-04-20 09:00,28.7,0.0,74,1010.0,10.8,10,23.7,32.9,10.0,13.2,SE,Sunny,5.0
2024-11-02 09:00,25.8,0.0,65,1015.0,7.8,16,18.8,27.3,10.0,13.8,WNW,Sunny,7.0
2024-08-15 12:00,35.0,0.0,60,1004.0,16.2,75,23.6,42.0,10.0,23.5,NE,Cloudy,11.399999999999999
2024-12-26 05:00,20.5,0.1,92,1016.0,7.2,100,19.2,22.5,9.0,10.8,WNW,Patchy rain possible,1.3000000000000007
2024-06-20 05:00,26.5,0.0,74,1003.0,6.4,18,21.5,28.8,10.0,13.5,SW,Clear,5.0
2025-02-27 08:00,21.8,0.0,88,1019.0,1.8,80,19.8,23.8,10.0,2.3,N,Cloudy,2.0
2025-02-07 12:00,23.3,0.3,73,1017.0,8.3,87,18.1,25.2,10.0,23.0,NNE,Patchy rain possible,5.199999999999999
2025-04-04 08:00,22.2,0.0,84,1015.0,9.7,65,19.4,24.6,10.0,11.5,S,Cloudy,2.8000000000000007
2024-11-05 18:00,24.2,2.99,90,1014.0,14.7,100,22.5,26.5,7.0,33.2,NE,Moderate or heavy rain shower,1.6999999999999993
2025-01-04 02:00,19.9,0.2,85,1016.0,8.6,100,17.3,21.9,10.0,12.5,NE,Patchy rain possible,2.599999999999998
2024-10-31 08:00,24.9,1.9,88,1011.0,12.2,100,22.9,27.5,9.0,17.6,NNE,Light rain,2.0
2025-04-22 23:00,25.1,0.0,82,1008.0,6.6,41,21.9,27.4,10.0,8.8,SSW,Partly cloudy,3.200000000000003
2024-09-01 08:00,28.7,0.0,70,1008.0,4.3,19,22.7,32.2,10.0,9.1,SSW,Sunny,6.0
2024-12-10 10:00,23.6,0.6,90,1014.0,13.3,100,21.9,25.9,10.0,20.2,ENE,Moderate rain at times,1.7000000000000028
2025-01-05 23:00,18.2,0.0,89,1018.0,8.3,77,16.4,20.2,10.0,14.4,W,Cloudy,1.8000000000000007
2024-06-14 23:00,28.0,0.0,84,1004.0,7.9,72,24.6,32.6,10.0,16.6,SW,Cloudy,3.3999999999999986
2024-12-07 13:00,25.5,0.0,85,1013.0,14.8,81,20.9,27.5,10.0,19.4,NE,Cloudy,4.600000000000001
2024-10-21 01:00,24.4,1.7,91,1012.0,8.6,100,22.8,26.9,2.0,13.6,NW,Moderate or heavy rain shower,1.5999999999999979
2025-04-16 02:00,20.7,0.0,77,1011.0,9.0,15,16.5,22.7,10.0,10.0,SW,Clear,4.199999999999999
2024-07-29 03:00,25.3,0.0,87,1002.0,6.9,76,23.1,28.0,10.0,14.4,WSW,Cloudy,2.1999999999999993
2025-03-02 22:00,22.3,0.0,94,1010.0,5.1,19,21.3,24.8,10.0,5.8,SSE,Clear,1.0
2025-01-24 22:00,19.5,0.0,92,1012.0,6.5,21,18.3,21.5,10.0,11.2,S,Clear,1.1999999999999993
2025-04-16 00:00,21.0,0.0,76,1012.0,8.6,15,16.6,23.0,10.0,9.6,SSW,Clear,4.399999999999999
2025-05-10 22:00,26.4,0.3,92,1008.0,3.2,82,24.9,30.5,10.0,5.5,SSW,Patchy rain possible,1.5
2025-04-26 05:00,23.2,0.0,85,1010.0,4.9,11,20.5,25.3,10.0,5.4,SSW,Clear,2.6999999999999993
2025-01-20 07:00,17.8,0.1,84,1015.0,4.0,59,15.0,19.8,10.0,6.1,WSW,Patchy rain possible,2.8000000000000007
2025-04-04 11:00,25.0,0.3,76,1014.0,14.8,71,20.6,26.9,10.0,17.0,ESE,Patchy rain possible,4.399999999999999
2024-12-09 14:00,23.2,0.5,87,1013.0,10.4,92,21.0,25.3,10.0,20.5,NE,Moderate rain at times,2.1999999999999993
2025-05-08 21:00,26.6,0.0,82,1006.0,9.4,29,23.3,29.8,10.0,17.9,SSW,Partly cloudy,3.3000000000000007
2025-04-13 23:00,21.0,0.0,79,1016.0,7.6,93,16.8,23.0,10.0,12.6,WNW,Overcast,4.199999999999999
2024-06-17 05:00,25.9,0.0,80,1004.0,10.1,21,22.1,28.4,10.0,13.4,SW,Clear,3.799999999999997
2025-04-20 15:00,30.4,0.0,70,1007.0,13.8,4,23.0,35.9,10.0,24.0,ESE,Sunny,7.399999999999999
2024-12-27 09:00,21.5,0.5,94,1020.0,10.4,100,20.5,23.5,2.0,14.5,NNW,Moderate rain at times,1.0
2024-11-05 19:00,24.2,2.45,90,1015.0,16.2,100,22.5,26.6,7.0,32.3,NE,Moderate or heavy rain shower,1.6999999999999993
2024-07-23 04:00,25.8,0.0,85,1001.0,7.7,26,23.0,28.6,10.0,16.2,SW,Partly cloudy,2.8000000000000007
2025-03-04 04:00,22.5,0.0,93,1006.0,7.2,66,21.3,24.9,10.0,13.7,S,Cloudy,1.1999999999999993
2024-08-13 14:00,32.0,2.0,64,1003.0,12.9,88,24.2,38.3,10.0,25.8,NNE,Moderate or heavy rain shower,7.800000000000001
2024-11-28 01:00,22.9,0.4,87,1017.0,18.3,100,20.7,25.1,10.0,29.4,NE,Patchy rain possible,2.1999999999999993
2024-06-29 02:00,26.0,0.0,85,1006.0,8.3,12,23.4,29.1,10.0,10.4,SW,Clear,2.6000000000000014
2024-10-17 16:00,27.3,0.4,82,1009.0,10.1,82,24.0,31.2,9.0,12.7,NE,Patchy rain possible,3.3000000000000007
2025-03-12 14:00,26.3,0.0,81,1009.0,17.3,55,22.8,29.2,10.0,22.4,ESE,Partly cloudy,3.5
2024-06-27 03:00,25.2,0.0,92,1008.0,5.8,28,23.8,28.2,10.0,9.2,S,Partly cloudy,1.3999999999999986
2024-08-20 19:00,28.1,0.0,93,1008.0,9.7,100,24.1,32.6,10.0,15.6,SSE,Overcast,4.0
2024-11-07 00:00,23.9,0.7,87,1016.0,13.4,78,21.6,26.1,10.0,29.8,NE,Moderate rain at times,2.299999999999997
2025-05-14 15:00,27.7,0.1,87,1009.0,4.7,63,24.6,32.9,10.0,12.4,E,Patchy rain possible,3.099999999999998
2024-08-17 13:00,33.8,0.0,62,1005.0,14.9,25,23.7,40.4,9.0,24.0,NE,Partly cloudy,10.099999999999998
2024-12-29 20:00,20.9,0.2,88,1019.0,7.6,100,18.9,22.9,10.0,11.2,E,Patchy rain possible,2.0
2025-04-14 04:00,20.4,0.0,76,1014.0,7.2,86,16.1,22.4,10.0,10.3,WNW,Overcast,4.299999999999997
2025-02-05 09:00,20.1,0.1,85,1017.0,5.8,88,17.6,22.1,10.0,7.1,S,Patchy rain possible,2.5
2025-02-04 23:00,18.6,0.1,91,1017.0,6.8,100,17.1,20.6,10.0,9.8,NNW,Patchy rain possible,1.5
2024-09-16 15:00,29.7,0.1,76,1002.0,17.3,86,24.9,35.4,9.0,21.1,NNE,Patchy rain possible,4.800000000000001
2025-01-08 12:00,23.5,0.1,74,1015.0,10.1,82,18.6,25.4,10.0,17.0,NE,Patchy rain possible,4.899999999999999
2024-06-16 08:00,31.1,0.0,59,1006.0,8.6,17,22.1,35.0,10.0,9.9,S,Sunny,9.0
2024-10-06 04:00,24.1,0.0,89,1012.0,7.9,68,22.1,26.4,10.0,9.7,NW,Cloudy,2.0
2025-01-26 01:00,19.7,0.0,90,1014.0,4.7,79,18.4,21.7,10.0,7.4,SE,Cloudy,1.3000000000000007
2024-10-24 10:00,26.3,0.0,79,1012.0,15.1,72,22.3,28.9,10.0,25.1,NW,Cloudy,4.0
2024-12-23 21:00,19.5,0.6,88,1017.0,7.1,100,17.5,21.5,10.0,12.3,NNW,Moderate rain at times,2.0
2025-01-29 09:00,19.7,0.0,81,1022.0,7.6,89,16.4,21.7,10.0,9.3,NNE,Overcast,3.3000000000000007
2024-11-18 02:00,22.4,0.2,88,1012.0,6.8,76,20.3,24.7,10.0,12.1,W,Patchy rain possible,2.099999999999998
2025-04-09 12:00,27.2,0.1,72,1011.0,14.0,85,21.7,29.7,10.0,20.1,ESE,Patchy rain possible,5.5
2025-01-25 12:00,24.0,0.0,79,1012.0,12.6,16,20.0,25.9,10.0,20.9,ESE,Sunny,4.0
2025-03-22 23:00,19.6,0.1,89,1019.0,3.2,63,17.7,21.6,10.0,5.4,SSW,Patchy rain possible,1.9000000000000021
2024-12-06 14:00,23.5,1.2,88,1011.0,11.2,100,21.5,25.7,10.0,18.8,ENE,Heavy rain at times,2.0
2025-03-24 21:00,19.8,0.0,88,1014.0,5.8,7,17.8,21.8,10.0,10.2,S,Clear,2.0
2024-11-27 10:00,25.7,0.2,86,1017.0,22.3,64,21.3,27.8,10.0,37.3,NE,Patchy rain possible,4.399999999999999
2025-05-15 19:00,26.4,0.0,89,1010.0,4.3,82,24.4,30.2,9.0,7.9,SE,Cloudy,2.0
2024-09-06 06:00,26.3,0.0,76,999.0,13.0,72,21.7,28.6,10.0,19.2,WSW,Cloudy,4.600000000000001
2025-02-19 21:00,21.6,1.2,93,1017.0,5.0,100,20.4,23.6,10.0,9.0,E,Heavy rain at times,1.2000000000000028
2025-02-16 04:00,20.4,0.3,94,1012.0,6.5,88,19.3,22.4,10.0,11.6,SSW,Patchy rain possible,1.0999999999999979
2024-06-06 08:00,30.9,0.0,64,1009.0,7.2,21,23.2,35.7,10.0,8.6,SW,Sunny,7.699999999999999
2024-11-02 06:00,22.3,0.0,80,1013.0,9.1,0,18.7,24.7,10.0,16.5,WNW,Sunny,3.6000000000000014
2025-01-02 02:00,19.9,0.0,87,1014.0,7.6,100,17.6,21.9,10.0,11.3,WNW,Overcast,2.299999999999997
2024-10-13 05:00,23.7,0.2,86,1012.0,5.8,73,21.3,25.9,10.0,10.4,W,Patchy rain possible,2.3999999999999986
2025-05-10 20:00,26.5,1.4,93,1008.0,5.4,77,25.3,31.0,9.0,8.8,ESE,Heavy rain at times,1.1999999999999993
2024-06-28 07:00,26.4,0.0,88,1009.0,8.6,23,24.3,30.1,10.0,11.4,SSW,Sunny,2.099999999999998
2024-11-15 11:00,27.7,0.0,77,1011.0,9.7,70,23.3,31.2,10.0,16.0,ESE,Cloudy,4.399999999999999
2025-03-18 05:00,20.7,0.1,93,1018.0,14.0,100,19.6,22.7,10.0,19.2,N,Patchy rain possible,1.0999999999999979
2024-12-01 10:00,24.4,0.0,73,1014.0,1.4,88,19.3,26.1,10.0,10.5,ENE,Overcast,5.099999999999998
2025-01-01 13:00,22.1,0.0,76,1015.0,7.2,100,17.7,24.6,10.0,15.7,N,Overcast,4.400000000000002
2024-05-26 18:00,29.1,0.0,83,1005.0,5.0,78,25.4,35.1,10.0,12.1,E,Cloudy,3.700000000000003
2024-11-29 00:00,21.4,0.1,79,1020.0,14.1,60,17.6,23.4,10.0,22.6,NE,Patchy rain possible,3.799999999999997
2024-12-13 10:00,23.6,1.5,92,1015.0,16.2,100,22.3,26.0,10.0,26.2,NE,Moderate or heavy rain shower,1.3000000000000007
2025-05-06 01:00,25.3,0.0,88,1006.0,6.1,44,23.1,28.0,10.0,11.5,SSW,Partly cloudy,2.1999999999999993
2025-04-29 19:00,24.3,0.0,89,1011.0,2.2,9,22.4,26.7,10.0,3.8,SE,Clear,1.9000000000000021
2025-01-14 15:00,21.2,0.0,85,1016.0,10.1,100,17.1,23.2,10.0,21.7,NW,Overcast,4.099999999999998
2025-01-29 03:00,17.6,0.3,86,1020.0,6.5,100,15.2,19.6,10.0,9.5,NNW,Patchy rain possible,2.400000000000002
2024-08-19 05:00,26.1,0.0,81,1006.0,8.3,5,22.6,28.8,10.0,11.0,WSW,Clear,3.5
2024-09-22 09:00,27.3,0.0,92,1005.0,7.6,54,24.9,31.8,10.0,10.3,SSW,Partly cloudy,2.400000000000002
2024-12-14 00:00,22.3,2.77,94,1016.0,20.4,100,21.3,24.8,7.0,34.8,NE,Moderate or heavy rain shower,1.0
2025-03-12 21:00,23.1,0.1,94,1012.0,2.2,79,22.1,25.5,2.0,3.4,SSE,Patchy rain possible,1.0
2024-09-18 04:00,24.3,4.7,94,1002.0,12.2,100,23.3,27.0,7.0,17.8,N,Moderate or heavy rain shower,1.0
2024-09-29 00:00,25.3,0.0,91,1009.0,7.6,16,23.7,28.4,10.0,12.9,SSW,Clear,1.6000000000000014
2025-04-27 02:00,24.1,0.1,96,1010.0,7.9,70,23.6,26.8,2.0,14.0,S,Patchy rain possible,0.5
2025-02-22 06:00,21.3,1.1,95,1018.0,10.1,100,20.4,23.3,10.0,14.2,ENE,Heavy rain at times,0.9000000000000021
2024-07-01 11:00,34.6,0.0,51,1005.0,9.6,14,23.0,40.6,10.0,18.2,WSW,Sunny,11.600000000000001
2024-09-21 21:00,26.4,0.3,89,1005.0,9.4,79,24.4,30.2,10.0,16.3,WNW,Patchy rain possible,2.0
2024-11-10 15:00,27.1,0.0,77,1011.0,16.9,85,21.3,29.5,10.0,25.9,N,Overcast,5.800000000000001
2024-10-03 22:00,24.4,0.0,80,1014.0,10.4,44,20.7,26.4,10.0,16.5,NW,Partly cloudy,3.6999999999999993
2025-03-05 16:00,26.8,0.0,87,1007.0,14.0,80,23.8,30.7,9.0,19.3,ESE,Cloudy,3.0
2024-12-14 04:00,22.5,3.65,94,1015.0,21.7,100,21.5,24.9,7.0,35.5,NE,Moderate or heavy rain shower,1.0
2024-06-28 19:00,27.7,0.0,84,1007.0,10.0,88,24.8,32.4,9.0,15.5,SE,Overcast,2.8999999999999986
2025-01-02 01:00,19.9,0.0,86,1015.0,6.8,100,17.6,21.9,10.0,10.3,WNW,Overcast,2.299999999999997
2024-12-05 05:00,21.8,0.0,87,1013.0,7.2,89,19.6,23.8,10.0,12.5,WNW,Overcast,2.1999999999999993
2025-02-28 01:00,20.2,0.0,94,1015.0,7.9,52,19.2,22.2,2.0,12.3,S,Partly cloudy,1.0
2025-03-26 12:00,28.1,0.0,64,1005.0,14.4,13,20.6,30.3,10.0,18.4,ESE,Sunny,7.5
2024-07-22 16:00,30.3,0.1,73,1001.0,5.7,54,24.9,36.3,10.0,14.6,NE,Patchy rain possible,5.400000000000002
2025-05-06 14:00,35.0,0.0,69,1004.0,13.8,25,23.0,49.1,10.0,24.1,E,Sunny,12.0
2025-03-04 17:00,26.4,0.0,90,1005.0,9.4,20,23.8,30.4,10.0,18.5,ESE,Sunny,2.599999999999998
2025-02-05 22:00,20.6,0.0,85,1015.0,6.1,76,18.0,22.6,10.0,9.3,SE,Cloudy,2.6000000000000014
2025-01-08 18:00,21.7,0.1,85,1015.0,4.7,75,19.1,23.7,10.0,13.0,E,Patchy rain possible,2.599999999999998
2025-02-05 06:00,17.7,0.0,90,1016.0,4.7,87,16.0,19.7,10.0,7.6,WSW,Overcast,1.6999999999999993
2025-05-09 22:00,26.4,0.0,89,1007.0,5.9,79,24.5,30.3,9.0,10.5,WSW,Cloudy,1.8999999999999986
2025-02-18 15:00,23.8,0.2,78,1014.0,8.3,63,19.6,25.7,10.0,23.4,ENE,Patchy rain possible,4.199999999999999
2024-08-31 15:00,31.3,0.0,61,1004.0,16.6,15,22.8,36.0,10.0,19.0,ENE,Sunny,8.5
2024-11-25 22:00,23.7,0.2,89,1015.0,3.2,79,21.7,25.9,9.0,5.4,NNW,Patchy rain possible,2.0
2025-04-13 09:00,22.4,0.6,82,1017.0,20.9,100,18.8,24.7,10.0,36.6,WNW,Moderate rain at times,3.599999999999998
2025-02-28 19:00,22.0,0.01,94,1015.0,9.0,81,20.9,24.0,10.0,13.4,ESE,Patchy rain possible,1.1000000000000014
2025-02-13 04:00,21.7,0.5,97,1014.0,5.8,100,21.3,23.7,0.0,8.6,N,Moderate rain at times,0.3999999999999986
2025-02-07 09:00,22.1,0.0,74,1018.0,2.5,83,17.3,24.6,10.0,8.6,WSW,Cloudy,4.800000000000001
2024-11-23 18:00,23.9,0.4,90,1014.0,15.1,100,22.2,26.2,10.0,31.6,ENE,Patchy rain possible,1.6999999999999993
2024-09-20 19:00,26.6,0.1,84,1003.0,5.8,82,23.7,30.0,10.0,10.3,N,Patchy rain possible,2.900000000000002
2024-10-29 21:00,22.8,0.6,88,1008.0,7.9,87,20.7,25.0,10.0,13.1,W,Moderate rain at times,2.1000000000000014
2024-08-30 22:00,26.4,0.0,86,1007.0,9.4,88,23.9,29.9,10.0,17.2,SSW,Overcast,2.5
2024-08-23 01:00,26.1,0.0,89,1009.0,5.2,28,24.0,29.5,10.0,10.9,SSW,Partly cloudy,2.1000000000000014
2024-08-02 06:00,25.4,0.0,84,1008.0,9.7,15,22.5,28.0,10.0,13.5,W,Sunny,2.8999999999999986
2024-05-27 08:00,31.2,0.0,69,1006.0,11.2,9,24.5,37.3,10.0,14.0,SW,Sunny,6.699999999999999
2025-01-05 11:00,22.4,0.0,86,1020.0,9.4,100,16.5,24.7,10.0,21.5,NW,Overcast,5.899999999999999
2024-07-11 10:00,33.7,0.0,55,1007.0,5.4,28,22.1,38.5,10.0,15.0,NNW,Partly cloudy,11.600000000000001
2024-11-30 07:00,20.8,0.0,81,1017.0,5.8,76,17.5,22.8,10.0,8.5,N,Cloudy,3.3000000000000007
2024-10-02 16:00,26.4,0.1,87,1010.0,19.4,57,24.0,29.9,10.0,34.9,NNW,Patchy rain possible,2.3999999999999986
2025-05-15 07:00,26.3,0.0,84,1010.0,6.8,35,23.5,29.5,10.0,9.5,SSW,Partly cloudy,2.8000000000000007
2025-02-25 09:00,21.4,0.3,93,1023.0,11.5,100,20.1,23.4,2.0,16.1,NE,Patchy rain possible,1.2999999999999972
2025-03-13 08:00,23.8,0.0,82,1012.0,6.8,19,20.7,25.9,10.0,9.5,SSW,Sunny,3.1000000000000014
2025-05-18 19:00,26.5,0.0,90,1008.0,6.1,17,24.7,30.5,10.0,13.9,SSE,Clear,1.8000000000000007
2024-05-29 07:00,28.1,0.0,73,1004.0,6.1,75,22.8,31.4,10.0,12.7,SSW,Cloudy,5.300000000000001
2024-10-06 18:00,25.7,0.0,85,1012.0,14.8,75,23.0,28.4,10.0,22.8,NW,Cloudy,2.6999999999999993
2025-05-11 05:00,25.1,0.0,91,1006.0,6.1,63,23.4,27.9,10.0,7.9,SW,Cloudy,1.7000000000000028
2024-06-30 03:00,26.9,0.0,74,1005.0,8.3,72,21.9,29.4,10.0,11.9,WSW,Cloudy,5.0
2024-07-16 09:00,28.5,0.0,70,1004.0,5.0,32,22.4,31.7,10.0,5.8,W,Partly cloudy,6.100000000000001
2024-10-27 11:00,23.7,9.9,79,993.0,21.1,83,19.8,25.6,10.0,41.3,WNW,Moderate or heavy rain shower,3.8999999999999986
2024-09-27 01:00,24.7,0.0,90,1011.0,5.8,17,22.9,27.3,10.0,9.4,SSW,Clear,1.8000000000000007
2024-11-15 16:00,26.4,0.0,83,1008.0,9.7,74,23.3,29.5,10.0,12.3,ESE,Cloudy,3.099999999999998
2025-01-29 17:00,20.1,0.0,83,1017.0,13.7,52,17.1,22.1,10.0,18.5,NNE,Partly cloudy,3.0
2025-05-05 04:00,24.6,0.0,85,1006.0,6.3,20,21.9,26.8,10.0,8.0,S,Clear,2.700000000000003
2025-05-17 17:00,29.1,0.1,85,1007.0,11.5,85,25.3,36.0,9.0,17.9,ESE,Patchy rain possible,3.8000000000000007
2025-01-05 18:00,20.2,0.0,84,1017.0,9.7,66,17.5,22.2,10.0,20.5,N,Cloudy,2.6999999999999993
2025-05-15 17:00,28.2,0.0,83,1008.0,8.6,76,25.0,33.2,9.0,12.3,E,Cloudy,3.1999999999999993
2025-03-25 08:00,22.0,0.0,76,1011.0,10.4,1,17.6,24.0,10.0,13.0,S,Sunny,4.399999999999999
2024-09-16 12:00,29.4,0.1,76,1004.0,12.6,87,24.8,34.9,9.0,22.1,N,Patchy rain possible,4.599999999999998
2024-09-12 13:00,30.5,0.5,71,1006.0,12.2,56,24.5,36.2,5.0,21.3,NNE,Moderate rain at times,6.0
2024-07-20 06:00,25.7,0.0,85,1006.0,7.9,52,23.0,28.4,10.0,9.5,W,Partly cloudy,2.6999999999999993
2024-09-04 23:00,25.9,0.0,91,1004.0,9.1,35,24.1,29.2,10.0,16.2,SW,Partly cloudy,1.7999999999999972
2024-10-09 22:00,24.2,0.0,88,1013.0,7.6,83,22.1,26.5,10.0,12.9,W,Cloudy,2.099999999999998
2024-05-30 15:00,30.5,0.0,82,1000.0,9.4,53,25.8,37.7,5.0,16.4,E,Partly cloudy,4.699999999999999
2024-10-21 02:00,24.2,2.8,92,1012.0,8.6,100,22.7,26.7,10.0,13.8,NW,Moderate or heavy rain shower,1.5
2024-06-07 06:00,26.4,0.0,80,1007.0,9.0,10,22.8,29.2,10.0,11.5,SW,Sunny,3.599999999999998
2025-04-17 12:00,31.3,0.0,71,1007.0,11.3,48,24.2,38.5,10.0,24.2,E,Partly cloudy,7.100000000000001
2024-11-06 22:00,23.7,1.3,88,1017.0,12.3,68,21.6,25.9,10.0,25.7,NE,Heavy rain at times,2.099999999999998
2025-01-19 16:00,21.7,0.0,77,1012.0,11.5,85,17.4,23.7,10.0,20.0,NE,Overcast,4.300000000000001
2024-08-31 17:00,30.2,0.01,67,1005.0,13.7,85,23.5,34.9,10.0,16.8,E,Patchy rain possible,6.699999999999999
2024-06-11 15:00,33.1,0.0,72,1005.0,10.9,70,24.1,40.0,10.0,20.6,NE,Cloudy,9.0
2024-07-02 07:00,28.7,0.0,65,1005.0,9.4,10,21.5,31.6,10.0,12.2,SW,Sunny,7.199999999999999
2025-02-05 13:00,21.9,0.1,79,1014.0,9.7,75,18.2,23.9,10.0,18.0,E,Patchy rain possible,3.6999999999999993
2025-02-02 03:00,18.2,0.0,88,1009.0,7.9,0,16.3,20.2,10.0,11.4,SSW,Clear,1.8999999999999986
2024-09-10 16:00,27.5,0.6,84,1004.0,7.6,76,24.6,31.9,9.0,14.8,ENE,Moderate rain at times,2.8999999999999986
2025-02-14 20:00,22.0,0.0,96,1013.0,3.6,100,21.3,24.0,2.0,5.7,SE,Overcast,0.6999999999999993
2024-05-31 17:00,27.1,1.0,86,1005.0,2.9,80,24.6,31.3,10.0,5.0,ESE,Light rain shower,2.5
2024-08-12 17:00,31.4,0.0,82,1001.0,11.5,85,25.0,38.5,10.0,17.7,ESE,Overcast,6.399999999999999
2024-06-29 08:00,30.5,0.0,63,1007.0,10.4,13,22.7,34.7,10.0,12.1,SW,Sunny,7.800000000000001
2025-03-12 07:00,22.4,0.0,94,1012.0,5.4,58,21.4,24.8,10.0,8.0,S,Partly cloudy,1.0
2024-10-12 10:00,27.9,0.0,74,1014.0,2.9,59,22.8,31.2,10.0,11.8,E,Partly cloudy,5.099999999999998
2025-01-14 18:00,19.9,0.0,88,1018.0,13.3,100,17.2,21.9,10.0,18.3,WNW,Overcast,2.6999999999999993
2024-08-04 21:00,26.6,0.0,88,1009.0,4.0,79,24.3,30.4,9.0,7.3,SSW,Cloudy,2.3000000000000007
2025-02-13 10:00,22.4,0.5,97,1016.0,8.6,100,21.8,24.9,10.0,11.6,NNE,Moderate rain at times,0.5999999999999979
2024-08-26 19:00,27.2,0.0,81,1007.0,11.2,88,23.6,30.8,10.0,19.2,SE,Overcast,3.599999999999998
2024-07-12 09:00,31.6,0.0,60,1003.0,4.3,33,22.8,36.2,10.0,10.9,SW,Partly cloudy,8.8
2025-01-22 01:00,16.8,0.0,85,1014.0,7.2,3,14.2,18.8,10.0,13.0,WSW,Clear,2.6000000000000014
2025-03-12 15:00,25.5,0.0,84,1008.0,14.4,85,22.7,28.1,10.0,24.8,ESE,Overcast,2.8000000000000007
2025-05-21 22:00,26.0,0.0,92,1008.0,7.9,9,24.6,29.8,10.0,14.0,SSE,Clear,1.3999999999999986
2024-07-14 22:00,24.5,0.0,95,1005.0,9.7,100,23.7,27.4,10.0,13.3,W,Overcast,0.8000000000000007
2024-07-14 03:00,25.2,0.0,84,1002.0,7.2,79,22.3,27.6,10.0,9.3,WSW,Cloudy,2.8999999999999986
2024-10-02 08:00,27.2,0.1,82,1012.0,7.6,71,23.9,30.9,10.0,9.4,WNW,Patchy rain possible,3.3000000000000007
2025-02-10 05:00,19.0,0.2,86,1017.0,9.7,100,16.7,21.0,10.0,14.3,NNE,Patchy rain possible,2.3000000000000007
2025-05-09 17:00,30.6,0.1,70,1004.0,9.6,70,24.6,36.6,9.0,18.2,SE,Patchy rain possible,6.0
2024-11-15 07:00,24.0,0.0,90,1012.0,6.1,27,22.3,26.4,10.0,8.6,SSW,Partly cloudy,1.6999999999999993
2024-07-15 20:00,24.9,0.1,89,1002.0,6.7,62,23.0,27.5,10.0,13.1,SSW,Patchy rain possible,1.8999999999999986
2025-01-11 07:00,19.5,0.4,83,1024.0,16.4,95,16.6,21.5,10.0,24.9,NE,Patchy rain possible,2.8999999999999986
2024-10-10 10:00,27.9,0.1,66,1013.0,1.8,77,21.0,30.2,10.0,10.6,NNE,Patchy rain possible,6.899999999999999
2025-05-13 02:00,23.7,0.3,89,1008.0,6.1,86,21.7,25.9,9.0,9.9,WSW,Patchy rain possible,2.0
2024-11-27 23:00,22.9,0.2,89,1017.0,18.9,100,21.0,25.2,10.0,34.5,NE,Patchy rain possible,1.8999999999999986
2024-10-08 03:00,24.3,0.6,88,1012.0,7.2,75,22.1,26.5,10.0,11.8,NNW,Moderate rain at times,2.1999999999999993
2024-06-04 04:00,26.4,0.0,78,1005.0,8.6,45,22.2,29.0,10.0,12.5,SW,Partly cloudy,4.199999999999999
2025-01-20 00:00,17.8,0.0,82,1014.0,3.2,62,14.8,19.8,10.0,5.5,W,Cloudy,3.0
2024-11-04 13:00,26.1,1.4,86,1012.0,14.0,75,23.6,29.3,9.0,21.9,N,Heavy rain at times,2.5
2024-07-05 19:00,27.4,0.0,83,1005.0,9.7,85,24.2,31.4,9.0,15.6,SE,Overcast,3.1999999999999993
2025-02-26 06:00,20.6,0.0,90,1021.0,6.1,100,19.0,22.6,10.0,8.9,N,Overcast,1.6000000000000014
2025-04-10 05:00,22.4,0.0,92,1008.0,5.0,67,21.1,24.8,10.0,9.2,SSW,Cloudy,1.2999999999999972
2024-11-15 21:00,23.8,0.0,89,1011.0,4.0,4,21.9,26.1,10.0,6.7,SSW,Clear,1.9000000000000021
2024-06-03 08:00,30.7,0.0,64,1007.0,5.0,47,23.2,35.3,10.0,6.2,SW,Partly cloudy,7.5
2024-08-16 02:00,26.0,0.0,88,1004.0,8.6,19,23.8,29.3,10.0,11.6,SSW,Clear,2.1999999999999993
2024-12-13 23:00,23.1,2.33,94,1016.0,19.6,100,22.1,25.5,7.0,33.5,NE,Moderate or heavy rain shower,1.0
2025-03-20 11:00,21.1,0.0,82,1023.0,17.6,100,17.9,23.1,10.0,23.1,NNE,Overcast,3.200000000000003
2024-10-30 15:00,26.9,1.17,83,1006.0,11.5,87,23.8,30.4,10.0,16.7,NW,Light rain shower,3.099999999999998
2025-05-14 18:00,25.8,0.4,90,1009.0,5.0,77,24.1,29.2,10.0,7.3,SSW,Patchy rain possible,1.6999999999999993
2024-07-07 06:00,24.9,0.0,91,1007.0,7.2,25,23.3,27.7,10.0,11.2,SSW,Sunny,1.5999999999999979
2024-12-02 19:00,23.3,0.0,88,1013.0,5.9,100,21.2,25.5,10.0,9.8,ENE,Overcast,2.1000000000000014
2025-03-27 07:00,24.0,0.0,79,1005.0,7.9,11,20.2,25.9,10.0,13.7,S,Sunny,3.8000000000000007
2025-04-03 11:00,23.0,1.1,85,1018.0,6.8,100,20.4,25.2,2.0,13.7,NE,Heavy rain at times,2.6000000000000014
2024-11-13 09:00,25.5,0.1,85,1012.0,0.4,77,22.9,28.2,10.0,5.8,NW,Patchy rain possible,2.6000000000000014
2024-09-20 23:00,25.1,0.1,89,1005.0,8.3,85,23.2,27.9,10.0,8.9,WSW,Patchy rain possible,1.9000000000000021
2024-12-21 14:00,21.2,0.0,79,1014.0,13.7,88,17.4,23.2,10.0,24.3,NE,Overcast,3.8000000000000007
2025-02-24 09:00,21.2,0.8,92,1023.0,17.1,100,19.9,23.2,9.0,29.3,NE,Moderate rain at times,1.3000000000000007
2024-11-15 05:00,22.9,0.0,92,1010.0,4.7,25,21.5,25.2,10.0,8.0,SSW,Partly cloudy,1.3999999999999986
2024-12-30 05:00,20.3,0.0,85,1017.0,1.8,82,17.8,22.3,10.0,6.5,W,Cloudy,2.5
2025-01-24 05:00,17.6,0.0,89,1011.0,6.5,5,15.9,19.6,10.0,11.4,SSW,Clear,1.700000000000001
2025-02-08 00:00,20.2,0.7,92,1018.0,14.0,97,18.8,22.2,10.0,26.7,NE,Moderate rain at times,1.3999999999999986
2025-02-16 02:00,21.0,0.1,94,1012.0,5.4,75,19.9,23.0,10.0,9.3,S,Patchy rain possible,1.1000000000000014
2024-11-03 10:00,22.9,17.55,99,1014.0,7.9,100,22.7,25.4,5.0,16.6,WNW,Moderate or heavy rain shower,0.1999999999999993
2024-11-27 16:00,23.9,0.7,87,1014.0,20.9,52,21.6,26.1,10.0,42.7,NE,Moderate rain at times,2.299999999999997
2024-12-05 19:00,23.4,0.1,89,1013.0,8.3,70,21.4,25.6,9.0,12.8,ENE,Patchy rain possible,2.0
2024-06-17 13:00,35.7,0.0,57,1004.0,13.0,19,22.9,42.2,10.0,19.0,E,Sunny,12.800000000000004
2024-11-13 22:00,24.2,0.0,90,1012.0,2.2,52,22.4,26.5,10.0,3.4,S,Partly cloudy,1.8000000000000007
2024-11-29 01:00,21.2,0.2,79,1019.0,12.9,76,17.3,23.2,10.0,22.1,NE,Patchy rain possible,3.8999999999999986
2025-03-23 09:00,22.8,0.1,73,1019.0,7.6,79,17.8,24.9,10.0,12.6,SSE,Patchy rain possible,5.0
2024-12-25 00:00,19.6,0.0,89,1017.0,9.7,100,17.9,21.6,10.0,15.1,NW,Overcast,1.7000000000000028
2025-02-04 12:00,20.5,1.8,88,1019.0,14.0,100,18.5,22.5,10.0,24.0,NE,Moderate or heavy rain shower,2.0
2024-08-03 20:00,26.4,0.0,91,1010.0,9.0,74,24.0,30.0,9.0,18.2,WSW,Cloudy,2.3999999999999986
2024-06-22 12:00,33.2,0.2,69,1002.0,12.6,55,24.1,40.1,10.0,25.4,ENE,Patchy rain possible,9.100000000000001
2025-03-23 10:00,23.8,0.1,68,1018.0,7.2,74,17.6,25.5,10.0,14.4,SE,Patchy rain possible,6.199999999999999
2024-12-19 10:00,21.5,0.8,85,1020.0,14.1,100,18.9,23.5,10.0,24.9,NE,Moderate rain at times,2.6000000000000014
2025-01-24 02:00,17.8,0.0,88,1012.0,8.6,0,15.7,19.8,10.0,9.5,SSW,Clear,2.1000000000000014
2025-01-20 01:00,17.6,0.0,84,1014.0,4.3,51,14.8,19.6,10.0,7.3,W,Partly cloudy,2.8000000000000007
2024-09-21 06:00,25.5,0.0,87,1004.0,7.2,34,23.2,28.3,10.0,8.4,WNW,Partly cloudy,2.3000000000000007
2024-09-10 22:00,26.0,0.0,89,1008.0,5.4,83,24.0,29.4,10.0,8.5,SE,Cloudy,2.0
2024-12-21 23:00,20.2,0.0,79,1017.0,9.4,100,16.4,22.2,10.0,17.0,NNE,Overcast,3.8000000000000007
2024-11-24 07:00,24.0,1.6,91,1015.0,12.8,93,22.5,26.4,10.0,28.6,ENE,Moderate or heavy rain shower,1.5
2024-09-29 17:00,28.4,0.0,85,1006.0,8.3,86,25.5,34.0,9.0,17.5,ESE,Overcast,2.8999999999999986
2024-10-07 15:00,27.0,1.3,86,1011.0,16.9,61,24.4,30.9,10.0,28.5,N,Heavy rain at times,2.6000000000000014
2024-08-20 18:00,28.6,0.0,94,1007.0,11.1,70,24.1,33.4,10.0,28.7,SSE,Cloudy,4.5
2024-07-18 00:00,25.1,0.2,94,1005.0,9.7,55,24.0,28.3,10.0,12.7,S,Patchy rain possible,1.1000000000000014
2025-05-16 15:00,30.3,0.8,71,1007.0,15.1,86,24.5,35.9,10.0,21.8,E,Moderate rain at times,5.800000000000001
2025-01-09 07:00,20.6,0.4,89,1018.0,0.7,88,18.8,22.6,10.0,1.1,NW,Patchy rain possible,1.8000000000000007
2025-03-09 14:00,23.5,0.1,81,1016.0,9.4,53,20.1,25.5,10.0,16.8,NE,Patchy rain possible,3.3999999999999986
2025-03-27 20:00,24.1,0.0,84,1006.0,6.1,15,21.2,26.2,10.0,7.2,SE,Clear,2.900000000000002
2024-12-15 16:00,19.4,0.2,89,1019.0,20.9,100,17.6,21.4,10.0,27.4,N,Patchy rain possible,1.7999999999999972
2024-07-01 16:00,33.0,0.2,69,1003.0,13.0,81,23.1,38.9,10.0,17.3,NE,Patchy rain possible,9.899999999999999
2025-02-08 03:00,20.0,0.6,91,1016.0,17.5,100,18.4,22.0,10.0,28.1,NE,Moderate rain at times,1.6000000000000014
2024-09-25 21:00,25.3,0.0,87,1012.0,1.1,62,22.9,28.0,10.0,1.7,WNW,Cloudy,2.400000000000002
2024-12-12 07:00,23.6,4.08,95,1012.0,18.3,100,22.7,26.1,7.0,26.5,ENE,Moderate or heavy rain shower,0.9000000000000021
2024-07-24 16:00,32.6,0.0,61,997.0,9.4,20,23.7,38.6,10.0,17.4,SW,Sunny,8.900000000000002
2024-11-16 16:00,26.6,0.0,78,1008.0,8.3,70,22.4,29.3,10.0,10.7,E,Cloudy,4.200000000000003
2024-08-06 06:00,25.2,0.0,81,1006.0,4.7,12,21.7,27.4,10.0,10.2,SW,Sunny,3.5
2025-05-12 10:00,27.2,0.1,83,1010.0,12.2,100,22.1,31.2,10.0,18.9,NNW,Patchy rain possible,5.099999999999998
2024-07-08 17:00,28.1,5.78,83,1004.0,11.5,50,25.0,33.1,8.0,22.1,SE,Moderate or heavy rain shower,3.1000000000000014
2024-12-27 13:00,21.7,1.0,94,1017.0,12.2,100,20.7,23.7,9.0,21.6,NNW,Heavy rain at times,1.0
2025-05-05 03:00,24.5,0.0,85,1006.0,6.1,19,21.7,26.7,10.0,12.7,SSW,Clear,2.8000000000000007
2025-02-28 12:00,24.9,0.0,78,1015.0,13.3,22,20.7,26.9,10.0,15.3,ESE,Sunny,4.199999999999999
2024-11-26 20:00,23.7,1.9,90,1015.0,12.2,76,21.9,26.0,10.0,20.7,ENE,Moderate or heavy rain shower,1.8000000000000007
2024-11-30 04:00,20.4,0.0,79,1015.0,5.8,55,16.6,22.4,10.0,9.7,N,Partly cloudy,3.799999999999997
2024-11-18 03:00,22.2,0.3,88,1012.0,6.1,82,20.2,24.7,10.0,10.9,W,Patchy rain possible,2.0
2025-04-01 07:00,21.0,0.0,84,1016.0,9.7,100,18.1,23.0,10.0,13.3,NW,Overcast,2.8999999999999986
2025-01-29 21:00,18.4,0.0,84,1020.0,4.3,83,15.6,20.4,10.0,7.3,WNW,Cloudy,2.799999999999999
2024-11-08 18:00,23.2,0.0,81,1016.0,12.2,80,19.9,25.3,10.0,19.4,NE,Cloudy,3.3000000000000007
2024-06-09 08:00,30.5,0.0,71,1005.0,9.7,18,24.2,36.0,10.0,12.3,SW,Sunny,6.300000000000001
2024-09-23 21:00,25.0,0.3,91,1011.0,7.1,99,23.7,27.9,2.0,11.5,WNW,Patchy rain possible,1.3000000000000007
2025-01-07 00:00,19.1,0.0,82,1016.0,9.0,100,17.1,21.1,10.0,13.7,E,Overcast,2.0
2024-09-01 07:00,26.8,0.0,80,1008.0,6.5,11,23.1,29.9,10.0,9.0,SSW,Sunny,3.6999999999999993
2024-10-31 05:00,24.7,3.53,90,1008.0,19.1,100,22.9,27.3,7.0,38.4,NE,Moderate or heavy rain shower,1.8000000000000007
2024-06-15 12:00,36.2,0.0,56,1002.0,12.9,76,23.4,43.5,10.0,19.9,ENE,Cloudy,12.800000000000004
2024-09-05 06:00,25.4,0.0,84,1002.0,6.2,8,22.5,27.9,10.0,11.9,W,Sunny,2.8999999999999986
2024-12-25 20:00,20.3,0.1,88,1017.0,8.4,100,18.3,22.3,10.0,14.4,WNW,Patchy rain possible,2.0
2024-11-16 23:00,23.1,0.0,89,1012.0,5.4,4,21.1,25.3,10.0,9.5,WSW,Clear,2.0
2024-10-05 11:00,27.2,0.0,73,1013.0,7.2,79,22.0,29.9,10.0,17.3,N,Cloudy,5.199999999999999
2024-07-13 00:00,26.9,0.1,86,1003.0,7.6,71,24.4,30.8,10.0,14.5,WSW,Patchy rain possible,2.5
2024-05-28 22:00,28.0,0.0,88,1005.0,9.0,43,24.3,32.5,10.0,12.8,SSW,Partly cloudy,3.6999999999999993
2024-11-30 19:00,21.9,0.18,83,1014.0,9.7,100,18.8,23.9,10.0,14.5,NE,Light rain shower,3.099999999999998
2024-07-24 02:00,25.9,0.0,80,1001.0,9.0,68,22.3,28.5,9.0,18.0,SW,Cloudy,3.599999999999998
2025-03-19 01:00,18.8,0.0,92,1021.0,9.7,100,17.5,20.8,9.0,13.2,NNW,Overcast,1.3000000000000007
2024-12-26 20:00,21.0,0.6,93,1018.0,9.0,100,19.9,23.0,9.0,13.6,NW,Moderate rain at times,1.1000000000000014
2025-02-18 07:00,21.4,0.1,86,1018.0,4.3,88,18.9,23.4,10.0,6.4,WSW,Patchy rain possible,2.5
2024-11-15 04:00,22.9,0.0,92,1010.0,4.3,24,21.5,25.2,10.0,7.3,SW,Clear,1.3999999999999986
2024-11-28 02:00,23.0,0.3,87,1016.0,17.5,100,20.7,25.2,10.0,27.6,NE,Patchy rain possible,2.3000000000000007
2024-09-10 13:00,29.6,0.3,74,1004.0,8.6,80,24.4,34.8,2.0,10.0,ESE,Patchy rain possible,5.200000000000003
2024-08-14 12:00,34.6,0.0,59,1005.0,10.0,25,22.8,40.5,10.0,18.2,NE,Partly cloudy,11.8
2024-07-11 18:00,28.4,0.1,76,1004.0,11.5,70,23.7,32.6,10.0,18.5,ESE,Patchy rain possible,4.699999999999999
2024-12-14 18:00,20.8,2.9,92,1019.0,24.5,100,19.5,22.8,10.0,43.9,NNE,Moderate or heavy rain shower,1.3000000000000007
2024-10-12 01:00,23.7,0.0,89,1012.0,3.6,79,21.9,26.0,10.0,6.0,WSW,Cloudy,1.8000000000000007
2025-02-25 19:00,20.1,0.2,93,1022.0,10.4,100,18.9,22.1,2.0,15.3,NW,Patchy rain possible,1.2000000000000028
2025-02-10 16:00,20.9,0.0,81,1015.0,11.9,60,17.5,22.9,10.0,14.8,NE,Cloudy,3.3999999999999986
2024-08-04 04:00,24.7,0.0,88,1008.0,7.9,11,22.5,27.1,10.0,9.5,WSW,Clear,2.1999999999999993
2024-06-12 17:00,30.7,0.0,72,1005.0,10.1,72,25.2,37.3,10.0,18.2,E,Cloudy,5.5
2024-11-18 06:00,22.1,0.2,87,1013.0,6.5,84,19.8,24.6,10.0,11.7,WNW,Patchy rain possible,2.3000000000000007
2024-10-29 04:00,21.1,0.8,88,1005.0,6.8,88,19.1,23.1,10.0,7.5,SSW,Moderate rain at times,2.0
2024-06-28 06:00,25.3,0.0,92,1008.0,8.3,27,23.9,28.4,10.0,12.8,SSW,Partly cloudy,1.4000000000000021
2024-10-09 21:00,24.8,0.0,85,1013.0,6.5,57,22.2,27.1,10.0,11.0,W,Partly cloudy,2.6000000000000014
2024-06-30 00:00,27.2,0.0,79,1007.0,10.1,10,23.4,30.7,10.0,13.5,WSW,Clear,3.8000000000000007
2024-06-22 01:00,26.2,0.0,86,1003.0,8.3,22,23.7,29.5,10.0,9.8,SW,Clear,2.5
2025-01-19 19:00,20.0,0.0,82,1014.0,8.6,76,16.8,22.0,10.0,13.5,NNE,Cloudy,3.1999999999999993
2025-05-20 21:00,26.4,0.1,92,1008.0,5.8,89,25.0,30.6,10.0,9.5,SE,Patchy rain possible,1.3999999999999986
2025-02-28 16:00,23.6,0.32,85,1013.0,9.4,65,20.9,25.7,5.0,11.4,ESE,Patchy light drizzle,2.700000000000003
2025-05-07 18:00,29.4,0.0,87,1004.0,11.5,80,23.8,37.3,10.0,25.9,SSW,Cloudy,5.599999999999998
2025-05-05 09:00,30.7,0.0,62,1008.0,8.6,39,22.5,34.8,10.0,16.2,SE,Partly cloudy,8.2
2024-07-24 08:00,28.7,0.0,81,1001.0,10.7,83,24.6,33.7,10.0,18.8,SW,Cloudy,4.099999999999998
2024-11-07 03:00,23.7,0.9,87,1015.0,11.2,82,21.4,25.9,9.0,20.1,NE,Moderate rain at times,2.3000000000000007
2024-07-25 08:00,29.5,0.0,67,998.0,10.0,31,22.8,33.4,10.0,16.9,SW,Partly cloudy,6.699999999999999
2025-01-22 11:00,21.7,0.0,69,1016.0,3.2,10,15.8,23.7,10.0,10.2,ESE,Sunny,5.899999999999999
2025-03-24 18:00,21.2,0.0,84,1012.0,6.8,8,18.5,23.2,10.0,10.7,ESE,Sunny,2.6999999999999993
2024-09-14 10:00,29.2,0.1,82,1004.0,4.7,79,24.8,34.6,10.0,14.5,WSW,Patchy rain possible,4.399999999999999
2024-11-19 14:00,25.5,0.4,83,1013.0,16.1,69,22.4,28.0,10.0,26.1,ENE,Patchy rain possible,3.1000000000000014
2024-06-05 02:00,26.2,0.0,82,1006.0,7.0,15,22.9,29.1,10.0,14.2,SW,Clear,3.3000000000000007
2025-02-18 13:00,24.1,0.2,73,1016.0,5.8,68,19.0,25.9,10.0,23.1,ENE,Patchy rain possible,5.100000000000001
2025-03-30 14:00,23.9,0.22,90,1013.0,17.6,100,22.1,26.2,10.0,22.5,NNW,Light rain shower,1.7999999999999972
2024-10-09 14:00,27.6,0.0,77,1010.0,14.0,50,23.2,31.0,10.0,22.4,NNE,Partly cloudy,4.400000000000002
2024-05-27 12:00,34.8,0.1,61,1004.0,10.4,84,24.3,42.4,10.0,18.2,NE,Patchy rain possible,10.499999999999996
2024-08-04 02:00,25.1,0.0,88,1007.0,7.6,12,22.9,27.7,10.0,9.6,WSW,Clear,2.200000000000003
2025-02-18 17:00,23.1,0.2,84,1015.0,8.3,81,20.2,25.2,10.0,18.4,ENE,Patchy rain possible,2.900000000000002
2024-07-18 07:00,25.6,0.0,88,1005.0,4.6,49,23.5,28.5,10.0,12.8,SW,Partly cloudy,2.1000000000000014
2024-09-30 09:00,29.2,0.0,76,1009.0,6.8,14,24.5,34.3,10.0,7.9,SSW,Sunny,4.699999999999999
2025-05-06 12:00,35.0,0.0,64,1006.0,12.6,39,22.7,46.8,9.0,23.8,E,Partly cloudy,12.3
2024-12-27 12:00,21.7,0.3,94,1018.0,11.9,100,20.7,23.7,2.0,21.5,NNW,Patchy rain possible,1.0
2024-12-23 12:00,20.0,0.3,85,1016.0,12.2,100,17.4,22.0,2.0,19.3,NW,Patchy rain possible,2.6000000000000014
2024-06-12 00:00,26.8,0.0,85,1007.0,7.9,16,24.2,30.6,10.0,14.2,SW,Clear,2.6000000000000014
2024-11-14 16:00,26.1,0.0,83,1009.0,9.4,84,23.0,29.0,10.0,11.9,E,Cloudy,3.1000000000000014
2024-08-13 05:00,25.4,0.0,85,1004.0,9.7,24,22.6,28.0,10.0,13.5,SW,Clear,2.799999999999997
2024-06-06 00:00,26.3,0.0,86,1009.0,9.4,81,23.8,29.6,10.0,12.7,SW,Cloudy,2.5
2024-09-15 04:00,25.0,0.0,88,1002.0,7.9,55,22.8,27.6,10.0,10.0,WSW,Partly cloudy,2.1999999999999993
2025-01-21 13:00,21.9,0.0,65,1014.0,5.6,0,15.0,23.9,10.0,10.8,ENE,Sunny,6.899999999999999
2025-02-19 17:00,21.7,1.5,92,1015.0,9.0,100,20.4,23.7,10.0,23.9,E,Moderate or heavy rain shower,1.3000000000000007
2024-11-09 05:00,20.6,0.0,89,1014.0,8.6,23,18.7,22.6,10.0,14.4,WNW,Clear,1.9000000000000021
2024-11-18 21:00,23.9,1.1,89,1014.0,15.1,95,21.9,26.1,10.0,26.2,NE,Heavy rain at times,2.0
2024-06-13 20:00,29.3,0.0,82,1004.0,2.5,6,26.4,36.4,10.0,5.0,SSW,Clear,2.900000000000002
2025-04-04 17:00,23.5,0.0,84,1011.0,12.2,22,20.6,25.6,10.0,19.8,ESE,Sunny,2.8999999999999986
2024-10-14 21:00,24.8,1.1,90,1012.0,4.9,85,23.1,27.4,10.0,11.5,NW,Heavy rain at times,1.6999999999999993
2024-11-02 00:00,21.9,0.0,86,1012.0,9.1,9,20.1,23.9,10.0,16.0,WNW,Clear,1.7999999999999972
2025-01-15 19:00,19.8,1.2,94,1021.0,21.6,100,18.9,21.8,9.0,29.5,NNE,Heavy rain at times,0.9000000000000021
2024-09-17 01:00,24.8,0.0,88,1004.0,7.6,76,22.7,27.3,10.0,8.9,W,Cloudy,2.1000000000000014
2024-06-22 04:00,25.8,0.0,86,1002.0,6.8,25,23.2,28.7,10.0,8.4,SSW,Clear,2.6000000000000014
2024-06-23 21:00,25.8,0.6,89,1004.0,11.5,74,23.9,29.1,10.0,15.2,SSW,Moderate rain at times,1.9000000000000021
2025-04-04 14:00,25.2,0.0,77,1011.0,13.6,26,20.9,27.2,10.0,19.9,E,Partly cloudy,4.300000000000001
2025-01-19 20:00,20.0,0.2,81,1015.0,7.2,58,16.7,22.0,10.0,11.2,NNE,Patchy rain possible,3.3000000000000007
2024-12-26 11:00,21.6,0.7,93,1019.0,8.6,100,20.4,23.6,2.0,11.6,NW,Moderate rain at times,1.2000000000000028
2025-02-12 12:00,23.6,0.4,89,1014.0,11.2,66,21.6,25.8,10.0,18.3,NE,Patchy rain possible,2.0
2024-06-04 19:00,29.5,0.0,82,1007.0,7.9,75,25.4,35.5,9.0,14.9,SSE,Cloudy,4.100000000000001
2024-07-15 06:00,23.8,1.98,96,1002.0,7.9,100,23.2,26.5,7.0,15.8,W,Moderate or heavy rain shower,0.6000000000000014
2024-06-06 12:00,33.2,0.0,65,1008.0,8.8,87,24.3,40.1,10.0,15.5,ENE,Overcast,8.900000000000002
2025-04-26 04:00,23.4,0.0,86,1009.0,4.5,13,20.9,25.5,10.0,5.3,SSW,Clear,2.5
2025-03-20 00:00,19.2,0.0,84,1023.0,9.7,100,16.5,21.2,10.0,13.5,NW,Overcast,2.6999999999999993
2024-11-16 02:00,22.9,0.0,88,1009.0,6.5,10,20.8,25.1,10.0,7.4,SW,Clear,2.099999999999998
2025-02-15 21:00,21.8,0.3,95,1013.0,5.4,50,20.9,23.8,2.0,8.9,S,Patchy rain possible,0.9000000000000021
2025-05-04 09:00,30.4,0.0,61,1008.0,9.4,11,22.1,34.1,10.0,15.5,SE,Sunny,8.299999999999997
2024-08-05 15:00,32.4,0.0,62,1005.0,13.7,10,23.3,37.8,10.0,20.8,ENE,Sunny,9.099999999999998
2025-02-02 06:00,18.3,0.0,91,1010.0,5.3,8,16.9,20.3,10.0,10.7,SSW,Clear,1.4000000000000021
2024-12-18 06:00,21.1,0.1,89,1017.0,10.4,100,19.2,23.1,10.0,16.0,N,Patchy rain possible,1.9000000000000021
2025-01-13 12:00,20.0,0.1,77,1020.0,10.1,97,15.9,22.0,10.0,11.6,NNE,Patchy rain possible,4.1
2025-02-19 20:00,21.6,0.8,93,1017.0,6.7,100,20.4,23.6,10.0,10.6,E,Moderate rain at times,1.2000000000000028
2024-08-16 13:00,33.9,0.0,63,1004.0,13.5,75,23.4,40.2,10.0,22.4,NE,Cloudy,10.5
2024-08-24 00:00,25.9,0.0,89,1011.0,7.0,87,24.2,29.4,9.0,13.5,SW,Overcast,1.6999999999999993
2025-03-05 20:00,24.5,0.0,95,1010.0,4.3,53,23.5,27.3,2.0,6.9,SE,Partly cloudy,1.0
2024-05-25 23:00,26.2,0.0,89,1009.0,8.6,60,24.2,29.8,10.0,14.1,SSW,Partly cloudy,2.0
2025-04-04 04:00,19.5,0.0,92,1014.0,6.8,57,18.2,21.5,10.0,11.1,SSW,Partly cloudy,1.3000000000000007
2024-09-14 23:00,25.7,0.0,87,1004.0,8.3,70,23.4,28.6,10.0,14.2,WSW,Cloudy,2.3000000000000007
2024-12-06 10:00,24.8,0.1,89,1015.0,9.7,100,21.8,27.0,10.0,13.2,ENE,Patchy rain possible,3.0
2025-04-08 23:00,22.0,0.0,95,1015.0,7.9,46,21.1,24.6,2.0,13.1,S,Partly cloudy,0.8999999999999986
2025-04-27 20:00,25.8,0.0,92,1011.0,2.9,23,23.0,29.3,10.0,5.0,SE,Clear,2.8000000000000007
2024-10-30 07:00,23.8,0.0,90,1008.0,8.6,80,22.0,26.1,10.0,13.0,W,Cloudy,1.8000000000000007
2025-03-01 12:00,26.3,0.0,77,1011.0,13.3,7,21.8,28.7,10.0,19.7,ESE,Sunny,4.5
2025-02-05 11:00,21.5,0.1,80,1016.0,4.0,82,18.0,23.5,10.0,11.1,SE,Patchy rain possible,3.5
2024-09-16 21:00,26.0,0.6,87,1006.0,7.6,79,23.7,29.3,10.0,12.9,WNW,Moderate rain at times,2.3000000000000007
2024-07-14 12:00,26.3,2.1,90,1003.0,14.8,88,24.6,30.2,10.0,23.5,NNW,Moderate or heavy rain shower,1.6999999999999993
2024-07-31 10:00,30.7,0.0,64,1007.0,10.1,22,23.2,35.4,10.0,12.6,WSW,Sunny,7.5
2024-12-07 03:00,23.2,0.4,89,1013.0,9.1,100,21.2,25.4,10.0,13.6,ENE,Patchy rain possible,2.0
2024-11-04 01:00,23.4,5.4,90,1013.0,6.5,100,21.6,25.6,10.0,9.8,WNW,Moderate or heavy rain shower,1.7999999999999972
2025-02-21 16:00,22.3,0.7,92,1016.0,14.0,87,20.9,24.7,10.0,18.4,ENE,Moderate rain at times,1.4000000000000021
2024-12-14 16:00,21.3,1.3,93,1017.0,24.6,100,20.1,23.3,7.0,39.9,NNE,Heavy rain at times,1.1999999999999993
2024-11-09 23:00,21.0,0.0,82,1015.0,10.4,18,17.8,23.0,10.0,13.5,WNW,Clear,3.1999999999999993
2024-08-21 07:00,28.0,0.0,71,1008.0,5.4,20,22.3,31.0,10.0,7.9,WSW,Sunny,5.699999999999999
2024-07-22 05:00,24.6,0.0,85,1003.0,6.0,23,21.9,26.8,10.0,12.4,WSW,Clear,2.700000000000003
2025-05-01 01:00,24.8,0.0,92,1011.0,6.5,20,23.2,27.6,10.0,11.3,SW,Clear,1.6000000000000014
2024-09-05 13:00,34.9,0.0,56,1000.0,11.2,25,21.3,39.8,10.0,24.4,NNE,Sunny,13.599999999999998
2024-11-18 00:00,22.8,0.0,88,1013.0,7.2,65,20.7,25.0,10.0,12.5,W,Cloudy,2.1000000000000014
2024-08-01 15:00,31.4,0.0,63,1006.0,13.3,77,23.4,36.5,10.0,20.4,NNE,Cloudy,8.0
2024-09-20 12:00,31.1,0.0,70,1002.0,7.9,54,24.6,37.4,10.0,19.0,NNE,Partly cloudy,6.5
2024-07-07 15:00,31.1,0.0,76,1005.0,21.2,75,24.3,37.1,9.0,31.1,ESE,Cloudy,6.800000000000001
2025-03-10 03:00,21.7,0.5,94,1017.0,5.8,100,20.7,23.7,2.0,8.3,N,Moderate rain at times,1.0
2025-05-03 02:00,23.6,0.0,93,1008.0,6.0,18,22.4,26.0,10.0,11.3,SSW,Clear,1.2000000000000028
2024-10-03 11:00,26.7,0.0,84,1014.0,16.9,61,22.3,29.5,10.0,28.3,NW,Cloudy,4.399999999999999
2024-11-28 03:00,22.9,0.2,86,1016.0,17.4,100,20.5,25.1,2.0,26.4,NE,Patchy rain possible,2.3999999999999986
2024-07-29 22:00,26.0,0.0,80,1006.0,7.6,75,22.3,28.6,10.0,14.5,SW,Cloudy,3.6999999999999993
2025-01-15 06:00,20.1,0.5,91,1018.0,11.9,100,18.6,22.1,10.0,14.8,WNW,Moderate rain at times,1.5
2024-08-09 09:00,32.9,0.0,57,1007.0,6.1,8,23.2,38.4,10.0,12.0,SW,Sunny,9.7
2024-12-17 01:00,19.4,0.0,87,1018.0,8.6,100,17.2,21.4,10.0,10.4,WNW,Overcast,2.1999999999999993
2025-02-06 23:00,19.3,0.0,90,1015.0,4.0,88,17.7,21.3,10.0,6.8,SSW,Overcast,1.6000000000000014
2024-07-29 04:00,25.3,0.0,87,1002.0,6.8,77,23.0,27.9,10.0,14.0,WSW,Cloudy,2.3000000000000007
2024-07-02 18:00,29.6,0.1,82,1005.0,10.1,86,24.8,35.1,10.0,20.1,ESE,Patchy rain possible,4.800000000000001
2024-07-20 21:00,26.3,0.0,87,1006.0,5.8,29,24.0,29.8,10.0,10.3,SSW,Partly cloudy,2.3000000000000007
2025-03-29 16:00,26.5,0.0,86,1009.0,11.9,74,23.4,29.7,10.0,24.1,E,Cloudy,3.1000000000000014
2025-01-12 23:00,17.5,0.0,74,1022.0,6.1,85,12.8,19.5,10.0,9.2,NE,Overcast,4.699999999999999
2024-06-27 08:00,27.5,1.3,84,1010.0,6.5,76,24.4,31.7,9.0,7.5,SSW,Heavy rain at times,3.1000000000000014
2025-02-05 08:00,19.4,0.0,87,1017.0,4.3,89,17.2,21.4,10.0,5.6,SSW,Overcast,2.1999999999999993
2025-05-03 07:00,25.4,0.0,82,1010.0,7.6,10,22.2,27.9,10.0,9.5,S,Sunny,3.1999999999999993
2025-03-03 23:00,23.2,0.0,93,1008.0,6.1,17,22.1,25.6,10.0,6.9,SSE,Clear,1.0999999999999979
2024-09-19 21:00,24.9,0.1,87,999.0,7.6,81,22.6,27.4,10.0,13.6,WSW,Patchy rain possible,2.299999999999997
2024-08-25 15:00,31.6,2.3,67,1005.0,16.9,71,24.7,38.0,10.0,26.3,NE,Moderate or heavy rain shower,6.900000000000002
2024-08-30 16:00,32.1,0.5,71,1004.0,14.0,83,23.9,38.1,10.0,23.6,ESE,Moderate rain at times,8.200000000000003
2025-03-24 03:00,19.1,0.0,92,1013.0,5.4,22,17.8,21.1,10.0,9.2,SW,Clear,1.3000000000000007
2024-08-07 06:00,24.8,0.0,82,1007.0,6.8,11,21.4,26.9,10.0,9.4,SW,Sunny,3.400000000000002
2024-10-22 20:00,25.2,0.2,88,1014.0,9.0,84,23.0,27.8,10.0,24.5,NE,Patchy rain possible,2.1999999999999993
2025-02-06 16:00,22.4,0.0,75,1012.0,10.4,3,17.8,24.7,10.0,19.4,E,Sunny,4.599999999999998
2024-11-14 22:00,23.8,0.0,92,1012.0,5.0,26,22.4,26.1,10.0,8.2,SSW,Partly cloudy,1.4000000000000021
2024-05-24 23:00,25.2,1.35,96,1010.0,9.0,85,24.5,28.6,7.0,10.9,SSW,Heavy rain at times,0.6999999999999993
2024-12-12 09:00,23.4,2.8,95,1014.0,18.6,100,22.5,25.9,7.0,27.3,NE,Moderate or heavy rain shower,0.8999999999999986
2025-01-20 16:00,20.7,0.0,76,1012.0,10.1,76,16.3,22.7,10.0,12.7,NE,Cloudy,4.399999999999999
2024-07-18 06:00,24.5,0.0,90,1004.0,8.3,52,22.8,27.1,10.0,10.5,SW,Partly cloudy,1.6999999999999993
2025-05-09 06:00,27.2,0.0,80,1005.0,7.9,28,23.5,30.6,10.0,14.0,SSW,Partly cloudy,3.6999999999999993
2024-07-13 10:00,32.7,0.0,58,1002.0,6.5,42,22.5,37.4,10.0,12.5,NNE,Partly cloudy,10.200000000000003
2025-01-23 10:00,22.7,0.0,68,1016.0,3.2,0,15.5,24.8,10.0,8.5,SSE,Sunny,7.199999999999999
2024-12-27 03:00,21.3,0.7,96,1017.0,14.8,100,20.7,23.3,9.0,21.0,NNW,Moderate rain at times,0.6000000000000014
2024-06-10 14:00,30.6,1.1,70,1004.0,14.8,74,24.5,36.4,9.0,18.5,ENE,Heavy rain at times,6.100000000000001
2024-08-24 16:00,31.9,0.0,67,1006.0,13.4,12,23.3,37.2,10.0,19.9,E,Sunny,8.599999999999998
2024-08-03 15:00,32.4,0.0,68,1006.0,15.5,83,23.3,38.1,10.0,23.2,NE,Cloudy,9.099999999999998
2024-06-27 04:00,25.1,0.0,92,1008.0,5.8,73,23.7,28.1,9.0,9.1,S,Cloudy,1.4000000000000021
2024-12-02 02:00,21.8,0.0,92,1011.0,6.1,87,20.4,23.8,10.0,9.7,SW,Overcast,1.4000000000000021
2025-03-25 01:00,18.3,0.0,88,1011.0,6.2,0,16.3,20.3,10.0,8.7,SW,Clear,2.0
2024-10-07 01:00,24.0,0.0,87,1012.0,8.6,78,21.8,26.2,10.0,9.8,WNW,Cloudy,2.1999999999999993
2024-11-11 23:00,23.4,0.3,91,1012.0,16.9,100,21.8,25.6,10.0,22.2,WNW,Patchy rain possible,1.5999999999999979
2024-05-24 15:00,29.7,0.1,78,1006.0,12.2,84,25.3,35.9,10.0,14.2,E,Patchy rain possible,4.399999999999999
2024-09-01 16:00,30.5,0.0,68,1005.0,15.5,87,23.9,35.7,10.0,25.5,ENE,Overcast,6.600000000000001
2024-09-29 07:00,26.1,0.0,83,1009.0,7.2,12,22.9,28.9,10.0,11.0,SW,Sunny,3.200000000000003
2025-03-06 00:00,23.7,0.0,96,1010.0,3.6,44,23.1,26.3,2.0,6.3,SE,Partly cloudy,0.5999999999999979
2025-03-17 10:00,22.1,0.0,84,1018.0,9.7,100,18.4,24.6,10.0,12.5,WNW,Overcast,3.700000000000003
2024-06-20 06:00,27.2,0.0,70,1004.0,6.2,18,21.3,29.6,10.0,13.0,SW,Sunny,5.899999999999999
2025-03-15 02:00,22.0,0.0,92,1009.0,7.6,25,20.7,24.5,10.0,10.0,SSW,Clear,1.3000000000000007
2025-04-20 16:00,29.7,0.0,70,1007.0,13.2,86,22.9,34.4,10.0,24.3,SE,Overcast,6.800000000000001
2025-02-14 19:00,21.9,0.0,96,1012.0,4.0,89,21.3,23.9,2.0,6.2,E,Overcast,0.5999999999999979
2024-07-15 22:00,24.8,0.0,90,1004.0,9.4,85,22.9,27.4,10.0,10.9,SSW,Overcast,1.9000000000000021
2024-12-04 05:00,22.5,0.5,88,1013.0,10.1,67,20.4,24.8,10.0,16.5,NE,Moderate rain at times,2.1000000000000014
2024-11-30 20:00,22.0,0.23,83,1015.0,9.0,100,18.9,24.0,10.0,13.2,ENE,Light rain shower,3.1000000000000014
2024-12-28 03:00,21.6,2.4,95,1018.0,16.5,100,20.7,23.6,7.0,27.6,NNE,Moderate or heavy rain shower,0.9000000000000021
2024-07-02 11:00,34.9,0.0,50,1004.0,12.6,11,22.1,40.1,10.0,20.9,ESE,Sunny,12.799999999999997
2024-10-13 10:00,28.3,0.1,72,1014.0,5.0,77,22.8,31.8,10.0,13.3,NE,Patchy rain possible,5.5
2025-02-24 03:00,21.2,0.7,95,1020.0,21.6,100,20.3,23.2,9.0,29.4,NE,Moderate rain at times,0.8999999999999986
2025-01-09 08:00,21.3,0.4,88,1018.0,0.7,85,19.3,23.3,10.0,5.0,WNW,Patchy rain possible,2.0
2024-07-08 08:00,28.8,0.0,70,1007.0,6.8,29,22.7,32.3,10.0,12.6,S,Partly cloudy,6.100000000000001
2024-11-17 16:00,26.3,0.0,77,1010.0,8.6,76,22.0,28.8,10.0,16.8,NE,Cloudy,4.300000000000001
2024-06-24 08:00,27.0,0.0,87,1005.0,8.6,95,24.9,31.3,10.0,13.7,WSW,Overcast,2.1000000000000014
2025-05-12 11:00,28.9,0.7,83,1010.0,15.1,100,22.1,35.0,10.0,23.3,NNW,Moderate rain at times,6.799999999999997
2024-08-23 23:00,26.1,0.0,89,1012.0,6.2,79,24.1,29.5,9.0,13.6,SW,Cloudy,2.0
2024-08-23 20:00,26.9,0.0,89,1011.0,9.7,73,23.7,30.5,9.0,20.5,SW,Cloudy,3.1999999999999993
2024-08-20 17:00,29.9,0.0,89,1006.0,14.0,56,24.4,35.5,10.0,21.8,SSE,Partly cloudy,5.5
2025-02-10 11:00,20.2,0.7,84,1019.0,13.0,79,17.4,22.2,10.0,17.0,NE,Moderate rain at times,2.8000000000000007
2025-03-17 13:00,23.0,0.0,82,1016.0,10.8,100,18.5,25.1,10.0,18.3,NW,Overcast,4.5
2025-03-19 13:00,20.3,0.1,86,1022.0,12.6,100,17.8,22.3,2.0,22.1,N,Patchy rain possible,2.5
2025-03-10 21:00,21.9,0.7,97,1018.0,3.6,100,21.4,23.9,2.0,5.2,NNW,Moderate rain at times,0.5
2025-05-04 00:00,26.0,0.0,93,1008.0,5.3,17,24.6,29.8,10.0,11.0,SSW,Clear,1.3999999999999986
2025-01-01 02:00,19.0,0.0,89,1015.0,9.4,100,17.5,21.0,10.0,13.1,NW,Overcast,1.5
2025-05-03 08:00,27.3,0.0,74,1010.0,6.8,8,22.2,30.1,10.0,12.6,SSE,Sunny,5.100000000000001
2025-02-22 18:00,21.7,0.5,95,1018.0,11.9,100,20.8,23.7,10.0,17.9,ENE,Moderate rain at times,0.8999999999999986
2024-07-18 22:00,25.7,0.2,87,1006.0,6.8,78,23.4,28.6,10.0,12.5,SW,Patchy rain possible,2.3000000000000007
2024-07-23 05:00,25.8,0.0,83,1002.0,8.4,34,22.7,28.4,10.0,17.0,SW,Partly cloudy,3.1000000000000014
2024-08-08 03:00,26.4,0.0,88,1006.0,8.6,14,23.9,29.8,10.0,10.7,SW,Clear,2.5
2024-10-02 15:00,26.8,0.1,87,1010.0,19.8,86,24.4,30.7,10.0,36.5,NNW,Patchy rain possible,2.400000000000002
2024-08-12 19:00,27.1,3.6,88,1003.0,11.9,72,24.9,31.6,9.0,23.2,SSE,Moderate or heavy rain shower,2.200000000000003
2025-03-19 23:00,18.7,0.0,92,1023.0,12.2,100,17.4,20.7,10.0,17.0,NW,Overcast,1.3000000000000007
2025-04-21 17:00,28.9,0.0,78,1008.0,13.3,80,23.2,34.0,10.0,18.5,SE,Cloudy,5.699999999999999
2025-01-10 02:00,20.6,2.0,85,1020.0,12.2,60,18.0,22.6,10.0,20.8,NE,Moderate or heavy rain shower,2.6000000000000014
2024-10-03 07:00,24.7,0.1,87,1013.0,13.7,50,22.4,27.1,10.0,18.5,WNW,Patchy rain possible,2.3000000000000007
2025-02-06 02:00,20.0,0.0,88,1014.0,10.1,100,17.8,22.0,10.0,14.4,ESE,Overcast,2.1999999999999993
2024-07-15 17:00,27.3,0.3,86,1000.0,5.0,76,24.4,31.4,10.0,16.0,WSW,Patchy rain possible,2.900000000000002
2024-06-12 05:00,26.7,0.0,75,1007.0,9.0,14,21.8,29.2,10.0,12.6,W,Clear,4.899999999999999
2024-08-24 07:00,26.9,0.0,81,1010.0,5.8,14,23.2,30.1,10.0,15.1,SSW,Sunny,3.6999999999999993
2025-01-16 07:00,20.1,0.2,92,1021.0,16.2,100,18.7,22.1,2.0,22.2,NNE,Patchy rain possible,1.4000000000000021
2024-10-05 21:00,24.8,0.1,87,1014.0,4.7,100,22.5,27.3,10.0,7.1,NW,Patchy rain possible,2.3000000000000007
2025-03-30 04:00,22.4,0.48,95,1013.0,4.3,98,21.7,24.9,10.0,8.0,NE,Light rain shower,0.6999999999999993
2025-01-05 12:00,22.7,0.0,83,1019.0,8.3,99,16.3,24.8,10.0,22.2,NW,Overcast,6.399999999999999
2025-05-08 09:00,31.9,0.0,58,1006.0,10.8,10,22.7,36.5,10.0,12.7,SSE,Sunny,9.2
2025-03-21 06:00,19.8,0.1,78,1022.0,7.9,98,15.9,21.8,10.0,11.7,NNE,Patchy rain possible,3.9000000000000004
2025-05-12 18:00,25.5,0.1,81,1008.0,12.6,51,22.1,27.9,10.0,23.5,N,Patchy rain possible,3.3999999999999986
2024-05-24 06:00,24.6,0.0,94,1008.0,9.4,69,23.6,27.4,10.0,9.8,SW,Cloudy,1.0
2024-12-03 11:00,25.4,0.5,79,1014.0,10.8,84,21.6,27.6,9.0,14.6,NE,Moderate rain at times,3.799999999999997
2024-10-17 14:00,27.5,1.5,82,1009.0,10.1,79,24.1,31.5,9.0,17.9,NE,Moderate or heavy rain shower,3.3999999999999986
2025-04-20 18:00,27.0,0.0,83,1008.0,6.8,78,23.2,30.6,9.0,12.3,SSE,Cloudy,3.8000000000000007
2024-08-09 07:00,29.1,0.0,69,1007.0,7.9,11,22.8,32.7,10.0,11.3,WSW,Sunny,6.300000000000001
2025-05-19 11:00,32.8,0.0,61,1008.0,14.4,19,24.2,39.5,10.0,20.9,E,Sunny,8.599999999999998
2024-11-03 01:00,23.3,0.0,89,1013.0,11.2,100,21.5,25.6,10.0,16.7,NW,Overcast,1.8000000000000007
2024-08-13 15:00,32.0,0.3,64,1003.0,10.1,80,24.4,38.3,10.0,17.4,NE,Patchy rain possible,7.600000000000001
2024-11-18 23:00,23.8,1.4,89,1014.0,11.6,100,21.8,26.0,10.0,24.7,NE,Heavy rain at times,2.0
2024-10-27 03:00,21.4,9.7,82,996.0,22.3,80,18.2,23.4,10.0,41.4,SSW,Moderate or heavy rain shower,3.1999999999999993
2025-04-14 22:00,21.6,0.0,85,1015.0,7.2,70,19.0,23.6,10.0,9.0,NW,Cloudy,2.6000000000000014
2025-01-12 05:00,17.7,0.0,74,1024.0,15.5,84,12.9,19.7,10.0,27.8,NNE,Cloudy,4.799999999999999
2025-01-28 03:00,16.7,0.0,89,1018.0,7.2,100,14.9,18.7,2.0,10.1,NNW,Overcast,1.799999999999999
2025-02-12 01:00,20.3,0.0,89,1014.0,4.7,88,18.5,22.3,10.0,7.6,WSW,Overcast,1.8000000000000007
2024-07-05 04:00,23.9,0.0,86,1007.0,7.2,29,21.5,26.1,10.0,9.5,SW,Partly cloudy,2.3999999999999986
2024-06-18 12:00,35.9,0.2,53,1003.0,9.7,77,22.8,42.4,10.0,15.7,NE,Patchy rain possible,13.099999999999998
2024-12-26 19:00,21.1,0.7,92,1017.0,9.0,100,19.8,23.1,2.0,13.6,NW,Moderate rain at times,1.3000000000000007
2024-11-11 13:00,26.5,0.1,76,1010.0,21.2,77,22.1,29.1,10.0,34.1,NW,Patchy rain possible,4.399999999999999
2024-11-06 02:00,23.8,2.4,90,1014.0,16.3,100,22.1,26.1,7.0,27.5,NE,Moderate or heavy rain shower,1.6999999999999993
2025-01-24 08:00,19.7,0.0,84,1014.0,7.6,5,17.0,21.7,10.0,9.8,S,Sunny,2.6999999999999993
2024-12-04 07:00,23.3,0.8,87,1014.0,9.5,58,21.0,25.5,10.0,16.6,NE,Moderate rain at times,2.3000000000000007
2024-07-07 03:00,24.8,0.0,93,1006.0,7.9,28,23.5,27.6,10.0,13.1,S,Partly cloudy,1.3000000000000007
2024-09-08 23:00,28.2,0.0,80,1007.0,9.4,20,23.6,32.2,10.0,12.2,SW,Clear,4.599999999999998
2024-06-27 21:00,27.4,1.4,85,1009.0,10.5,56,24.7,31.8,10.0,17.4,SE,Heavy rain at times,2.6999999999999993
2024-12-05 22:00,23.0,0.1,87,1013.0,1.4,74,20.7,25.2,10.0,2.4,ESE,Patchy rain possible,2.3000000000000007
2024-06-29 15:00,31.0,0.3,70,1004.0,10.6,73,24.8,37.3,9.0,17.4,ENE,Patchy rain possible,6.199999999999999
2024-05-30 23:00,27.4,0.0,87,1003.0,8.2,30,24.9,32.0,10.0,16.8,WSW,Partly cloudy,2.5
2024-05-27 13:00,34.6,0.0,65,1003.0,8.1,19,24.7,42.7,10.0,20.6,NE,Sunny,9.900000000000002
2025-05-15 10:00,30.1,0.1,68,1011.0,8.6,73,23.5,34.7,10.0,9.9,ESE,Patchy rain possible,6.600000000000001
2025-01-19 02:00,18.2,0.0,84,1015.0,6.1,76,15.5,20.2,10.0,10.2,WNW,Cloudy,2.6999999999999993
2024-08-11 22:00,27.2,0.0,88,1004.0,6.7,15,24.8,31.7,10.0,15.0,SW,Clear,2.3999999999999986
2025-03-20 13:00,22.6,0.0,77,1022.0,16.2,78,16.9,24.8,10.0,33.9,NNE,Cloudy,5.700000000000003
2025-04-12 11:00,33.9,0.0,56,1007.0,5.4,16,22.8,40.8,10.0,15.0,ESE,Sunny,11.099999999999998
2025-01-05 22:00,18.7,0.0,87,1018.0,6.8,54,16.5,20.7,10.0,11.7,W,Partly cloudy,2.1999999999999993
2025-03-03 04:00,21.9,0.0,94,1007.0,6.5,25,20.9,23.9,10.0,8.3,S,Clear,1.0
2024-08-07 07:00,26.9,0.0,76,1008.0,5.8,10,22.3,29.7,10.0,8.3,SW,Sunny,4.599999999999998
2025-02-22 15:00,22.2,0.5,92,1016.0,10.8,100,20.9,24.6,2.0,19.1,ENE,Moderate rain at times,1.3000000000000007
2025-01-11 19:00,19.1,0.0,81,1025.0,15.5,98,15.8,21.1,10.0,24.6,NE,Overcast,3.3000000000000007
2025-02-18 05:00,20.9,0.0,86,1017.0,3.2,78,18.4,22.9,10.0,5.2,SE,Cloudy,2.5
2025-02-20 01:00,19.9,0.3,89,1017.0,5.8,64,18.1,21.9,10.0,9.7,WSW,Patchy rain possible,1.7999999999999972
2024-06-24 14:00,30.3,0.5,69,1003.0,5.8,76,24.0,35.5,9.0,17.3,NNE,Moderate rain at times,6.300000000000001
2024-06-15 11:00,35.7,0.0,54,1003.0,12.6,18,23.4,42.6,10.0,14.5,E,Sunny,12.300000000000004
2025-05-11 12:00,29.7,0.0,78,1007.0,14.1,50,23.9,36.0,10.0,31.1,NNW,Partly cloudy,5.800000000000001
2025-04-09 11:00,26.8,0.0,73,1013.0,13.7,14,21.5,29.2,10.0,15.7,ESE,Sunny,5.300000000000001
2024-09-15 15:00,29.8,0.1,74,1000.0,7.8,64,24.8,35.5,10.0,16.8,NNE,Patchy rain possible,5.0
2024-10-12 21:00,25.1,0.0,88,1013.0,2.2,52,23.0,27.8,10.0,3.5,NNW,Partly cloudy,2.1000000000000014
2024-12-08 15:00,22.9,0.6,86,1015.0,18.7,100,20.5,25.1,10.0,30.0,NE,Moderate rain at times,2.3999999999999986
2025-05-16 19:00,26.8,0.0,90,1008.0,7.9,75,25.1,31.1,10.0,13.1,SE,Cloudy,1.6999999999999993
2025-03-07 14:00,21.1,0.1,88,1015.0,17.6,100,18.2,23.1,10.0,27.0,WNW,Patchy rain possible,2.900000000000002
2024-08-07 01:00,25.7,0.0,87,1006.0,9.4,9,23.3,28.6,10.0,12.3,SW,Clear,2.3999999999999986
2024-09-09 01:00,26.8,0.0,79,1005.0,10.4,14,22.7,29.7,10.0,15.2,WSW,Clear,4.100000000000001
2025-02-14 01:00,21.1,0.4,93,1015.0,6.5,100,20.0,23.1,10.0,9.6,NNW,Patchy rain possible,1.1000000000000014
2024-07-07 14:00,31.6,1.5,71,1005.0,17.7,75,24.5,38.0,10.0,31.2,E,Moderate or heavy rain shower,7.100000000000001
2025-02-18 21:00,21.9,0.4,91,1017.0,4.5,90,20.3,23.9,10.0,9.1,E,Patchy rain possible,1.5999999999999979
2024-10-02 01:00,25.6,0.0,88,1009.0,9.7,89,23.4,28.5,10.0,17.7,WNW,Overcast,2.200000000000003
2024-12-05 13:00,24.6,0.3,85,1012.0,14.8,73,21.9,26.9,10.0,22.6,ENE,Patchy rain possible,2.700000000000003
2024-11-18 10:00,26.9,0.1,72,1014.0,6.5,84,21.5,29.2,10.0,17.4,NNE,Patchy rain possible,5.399999999999999
2025-03-04 01:00,22.6,0.0,93,1007.0,7.9,38,21.4,25.0,10.0,9.1,SSE,Partly cloudy,1.2000000000000028
2025-03-20 02:00,19.2,0.0,85,1022.0,9.4,100,16.6,21.2,10.0,11.2,NNW,Overcast,2.599999999999998
2024-12-26 23:00,20.8,2.9,95,1018.0,12.6,100,20.0,22.8,9.0,18.9,NNW,Moderate or heavy rain shower,0.8000000000000007
2025-04-23 22:00,25.8,0.0,87,1009.0,6.0,88,23.5,28.9,10.0,7.4,SSW,Overcast,2.3000000000000007
2025-03-20 07:00,19.8,0.2,85,1023.0,8.3,100,17.3,21.8,10.0,11.3,N,Patchy rain possible,2.5
2024-12-10 04:00,22.7,0.4,91,1012.0,8.3,100,21.2,25.0,10.0,12.0,NE,Patchy rain possible,1.5
2025-02-05 16:00,21.6,0.0,83,1012.0,11.9,51,18.6,23.6,10.0,19.6,E,Partly cloudy,3.0
2024-07-30 22:00,26.4,0.0,84,1008.0,6.1,79,23.4,29.6,10.0,11.3,SSW,Cloudy,3.0
2025-04-04 09:00,23.6,0.1,79,1015.0,10.8,67,19.8,25.5,10.0,12.4,SSE,Patchy rain possible,3.8000000000000007
2025-05-06 11:00,34.2,0.0,60,1007.0,10.6,45,22.7,42.5,10.0,19.2,E,Partly cloudy,11.500000000000004
2024-08-27 19:00,27.3,0.1,82,1007.0,7.9,74,23.9,31.1,9.0,17.7,S,Patchy rain possible,3.400000000000002
2024-08-31 13:00,32.0,0.0,58,1005.0,18.7,25,22.7,36.7,10.0,21.5,ENE,Sunny,9.3
2025-03-15 06:00,21.9,0.0,93,1011.0,8.3,15,20.8,23.9,10.0,11.7,SSW,Sunny,1.0999999999999979
2024-09-10 14:00,30.5,0.1,77,1004.0,9.4,76,24.9,36.7,9.0,11.3,ENE,Patchy rain possible,5.600000000000001
2024-11-06 14:00,25.5,0.0,82,1015.0,20.2,84,22.1,27.9,10.0,30.5,NE,Cloudy,3.3999999999999986
2024-11-04 18:00,24.3,0.2,90,1013.0,8.1,81,22.6,26.8,9.0,15.0,NNW,Patchy rain possible,1.6999999999999993
2025-05-08 20:00,27.1,0.0,83,1006.0,11.2,45,24.0,30.9,10.0,20.3,S,Partly cloudy,3.1000000000000014
2024-09-11 14:00,30.0,0.0,78,1006.0,10.8,50,24.3,35.3,10.0,12.4,S,Partly cloudy,5.699999999999999
2024-12-13 22:00,23.1,1.1,93,1015.0,21.2,100,22.0,25.5,10.0,33.8,NE,Heavy rain at times,1.1000000000000014
2024-12-28 05:00,21.6,3.4,94,1019.0,18.3,100,20.6,23.6,7.0,31.5,NNE,Moderate or heavy rain shower,1.0
2025-02-21 04:00,21.1,0.2,91,1016.0,5.0,100,19.6,23.1,10.0,8.0,NNE,Patchy rain possible,1.5
2024-12-23 16:00,20.0,0.2,85,1014.0,9.4,100,17.5,22.0,10.0,12.7,NW,Patchy rain possible,2.5
2025-01-20 11:00,20.4,0.5,75,1016.0,3.2,66,15.7,22.4,10.0,13.8,E,Moderate rain at times,4.699999999999999
2024-12-23 11:00,20.0,0.6,84,1017.0,11.9,100,17.3,22.0,10.0,15.0,NW,Moderate rain at times,2.6999999999999993
2024-05-30 10:00,33.3,0.0,58,1003.0,8.6,53,23.8,39.6,10.0,11.4,WSW,Partly cloudy,9.499999999999996
2025-01-16 05:00,20.0,0.3,91,1020.0,17.3,100,18.6,22.0,2.0,23.4,NNE,Patchy rain possible,1.3999999999999986
2024-11-12 22:00,24.3,1.2,88,1012.0,5.4,100,22.2,26.6,10.0,8.8,NW,Heavy rain at times,2.1000000000000014
2024-07-25 22:00,28.3,0.0,68,1000.0,10.8,86,21.8,31.1,10.0,18.8,SW,Overcast,6.5
2025-05-11 09:00,29.4,0.1,78,1009.0,10.4,71,23.3,35.1,5.0,16.1,N,Patchy rain possible,6.099999999999998
2025-02-24 08:00,21.1,0.6,93,1023.0,16.5,100,20.0,23.1,9.0,30.7,NE,Moderate rain at times,1.1000000000000014
2024-10-06 22:00,24.7,0.0,87,1014.0,9.7,92,22.4,27.1,10.0,11.4,WNW,Overcast,2.3000000000000007
2024-07-12 04:00,24.9,0.0,87,1003.0,8.3,45,22.7,27.4,10.0,11.9,SW,Partly cloudy,2.1999999999999993
2024-08-22 18:00,29.7,2.27,80,1008.0,9.0,85,24.4,35.1,7.0,19.7,SSW,Moderate or heavy rain shower,5.300000000000001
2024-12-03 12:00,25.7,0.3,77,1013.0,13.3,85,21.4,27.9,9.0,19.2,NE,Patchy rain possible,4.300000000000001
2025-04-01 19:00,21.0,0.0,85,1016.0,12.2,100,18.3,23.0,10.0,17.0,WNW,Overcast,2.6999999999999993
2025-03-17 05:00,20.3,0.1,84,1016.0,5.0,100,17.6,22.3,10.0,7.9,NW,Patchy rain possible,2.6999999999999993
2024-11-08 15:00,24.7,0.0,77,1014.0,13.3,64,20.4,26.6,5.0,21.3,NE,Cloudy,4.300000000000001
2024-12-08 11:00,24.5,0.2,85,1018.0,22.0,100,20.4,26.4,10.0,33.0,NE,Patchy rain possible,4.100000000000001
2024-07-02 15:00,33.0,0.2,63,1003.0,17.6,73,23.7,39.2,10.0,24.4,ENE,Patchy rain possible,9.3
2024-12-03 08:00,24.0,0.0,85,1014.0,6.1,85,21.4,26.2,9.0,8.6,ENE,Overcast,2.6000000000000014
2024-08-04 18:00,29.1,0.0,83,1007.0,10.1,75,24.5,34.3,9.0,17.5,ESE,Cloudy,4.600000000000001
2024-06-26 13:00,30.6,0.1,67,1006.0,9.9,79,23.7,35.6,9.0,17.4,ENE,Patchy rain possible,6.900000000000002
2024-07-01 05:00,27.4,0.0,73,1006.0,7.6,13,22.0,30.1,10.0,9.8,WSW,Clear,5.399999999999999
2024-11-13 00:00,23.8,0.1,92,1011.0,6.8,100,22.5,26.2,10.0,10.0,NNE,Patchy rain possible,1.3000000000000007
2024-09-03 14:00,32.1,0.1,70,1004.0,17.7,78,24.4,38.6,9.0,28.7,NE,Patchy rain possible,7.700000000000003
2024-06-18 03:00,25.9,0.0,82,1004.0,10.1,24,22.7,28.6,10.0,13.8,SW,Clear,3.1999999999999993
2024-11-06 05:00,23.8,1.9,88,1015.0,16.6,100,21.7,26.0,10.0,34.0,NE,Moderate or heavy rain shower,2.1000000000000014
2025-04-16 07:00,22.6,0.0,77,1011.0,6.5,12,18.4,24.8,10.0,9.1,S,Sunny,4.200000000000003
2025-03-18 12:00,21.4,1.5,92,1019.0,20.2,100,20.0,23.4,10.0,29.3,NNE,Moderate or heavy rain shower,1.3999999999999986
2024-06-30 13:00,35.6,0.0,49,1004.0,6.8,17,23.3,42.3,10.0,20.0,SE,Sunny,12.3
2024-09-26 09:00,28.0,0.0,78,1013.0,4.3,12,23.8,32.0,10.0,9.5,S,Sunny,4.199999999999999
2024-06-04 07:00,29.3,0.0,69,1007.0,7.2,33,22.9,33.2,10.0,10.4,W,Partly cloudy,6.400000000000002
2024-07-05 20:00,27.3,0.0,84,1006.0,11.2,77,24.4,31.4,9.0,12.9,SE,Cloudy,2.900000000000002
2025-04-25 17:00,28.1,0.0,88,1007.0,8.9,15,23.9,34.0,10.0,18.3,ENE,Sunny,4.200000000000003
2024-09-12 19:00,26.8,5.8,86,1006.0,3.6,78,24.2,30.7,10.0,5.7,SSE,Moderate or heavy rain shower,2.6000000000000014
2024-10-04 05:00,23.5,0.0,83,1013.0,6.5,100,20.6,25.6,10.0,9.8,WNW,Overcast,2.8999999999999986
2025-05-14 20:00,25.4,0.1,90,1010.0,5.0,69,23.7,28.5,10.0,8.0,SSW,Patchy rain possible,1.6999999999999993
2025-05-02 01:00,23.9,0.1,91,1012.0,5.8,78,22.3,26.2,10.0,10.0,W,Patchy rain possible,1.5999999999999979
2025-02-01 18:00,20.6,0.0,90,1009.0,6.5,2,18.9,22.6,10.0,11.0,ESE,Clear,1.7000000000000028
2025-03-06 23:00,21.2,0.0,91,1015.0,17.6,100,19.7,23.2,10.0,28.3,NW,Overcast,1.5
2024-10-16 05:00,23.7,0.0,88,1011.0,6.1,26,21.6,25.9,10.0,10.8,W,Partly cloudy,2.099999999999998
2025-04-23 05:00,26.0,0.0,76,1007.0,5.8,46,21.4,28.2,10.0,7.9,S,Partly cloudy,4.600000000000001
2024-09-16 05:00,25.0,0.0,86,1003.0,5.8,26,22.6,27.6,10.0,10.5,W,Partly cloudy,2.3999999999999986
2024-07-01 08:00,30.9,0.0,64,1006.0,11.5,16,23.1,35.6,10.0,15.9,WSW,Sunny,7.799999999999997
2025-03-26 11:00,27.6,0.0,64,1006.0,13.3,22,20.3,29.6,10.0,15.8,SE,Sunny,7.300000000000001
2025-04-08 15:00,26.4,0.0,76,1012.0,15.5,19,21.8,28.9,10.0,22.6,E,Sunny,4.599999999999998
2025-03-12 08:00,23.1,0.0,92,1013.0,6.1,51,21.7,25.4,10.0,8.4,S,Partly cloudy,1.4000000000000021
2024-05-23 12:00,29.6,0.1,70,1008.0,4.5,72,23.5,34.0,10.0,18.1,ENE,Patchy rain possible,6.100000000000001
2024-07-08 13:00,30.5,0.6,67,1005.0,14.0,76,23.6,35.5,10.0,22.3,E,Moderate rain at times,6.899999999999999
2025-03-23 20:00,20.8,0.0,89,1017.0,4.7,12,18.8,22.8,10.0,7.7,SE,Clear,2.0
2024-10-05 15:00,26.1,0.0,86,1010.0,11.2,99,23.6,29.2,9.0,23.5,NNW,Overcast,2.5
2025-04-11 12:00,32.4,0.0,73,1007.0,14.4,17,24.6,42.2,10.0,20.8,ESE,Sunny,7.799999999999997
2024-09-12 02:00,25.0,1.0,89,1007.0,5.8,79,23.1,27.7,10.0,9.6,WSW,Heavy rain at times,1.8999999999999986
2024-08-23 05:00,24.6,0.0,87,1009.0,8.3,15,22.3,26.9,10.0,10.1,SSW,Clear,2.3000000000000007
2024-11-07 09:00,24.6,0.1,86,1018.0,18.2,99,22.0,26.9,9.0,30.8,ENE,Patchy rain possible,2.6000000000000014
2025-03-20 09:00,20.7,0.0,83,1024.0,7.9,100,17.7,22.7,10.0,16.9,NNE,Overcast,3.0
2024-12-25 09:00,20.0,0.1,89,1018.0,13.0,100,18.2,22.0,10.0,19.2,WNW,Patchy rain possible,1.8000000000000007
2024-07-16 23:00,25.3,0.2,90,1004.0,5.4,74,23.6,28.3,10.0,11.6,SW,Patchy rain possible,1.6999999999999993
2024-06-24 11:00,30.1,0.0,79,1005.0,7.6,50,23.7,35.1,10.0,19.6,W,Partly cloudy,6.400000000000002
2025-05-18 13:00,32.2,0.0,70,1007.0,16.4,85,24.6,40.7,10.0,24.4,E,Overcast,7.600000000000001
2025-05-06 02:00,25.4,0.0,85,1006.0,7.9,44,22.6,28.0,10.0,9.6,SW,Partly cloudy,2.799999999999997
2024-09-30 10:00,30.4,0.0,71,1008.0,6.5,12,24.4,36.0,10.0,7.5,SSE,Sunny,6.0
2024-11-24 02:00,23.8,0.5,91,1014.0,13.0,93,22.2,26.2,10.0,23.1,ENE,Moderate rain at times,1.6000000000000014
2025-03-29 20:00,23.4,0.6,94,1013.0,3.6,70,22.4,25.8,10.0,11.2,ESE,Moderate rain at times,1.0
2024-06-10 01:00,25.9,0.0,86,1005.0,9.4,33,23.4,28.9,10.0,13.2,WSW,Partly cloudy,2.5
2024-10-14 19:00,25.3,0.6,89,1011.0,7.1,81,23.5,28.3,10.0,17.9,NNW,Moderate rain at times,1.8000000000000007
2024-10-16 01:00,24.3,1.7,89,1011.0,6.8,74,22.3,26.7,10.0,11.8,W,Moderate or heavy rain shower,2.0
2024-06-19 05:00,26.6,0.0,74,1004.0,6.9,20,21.5,29.0,10.0,14.0,SSW,Clear,5.100000000000001
2024-09-03 05:00,25.0,0.0,89,1007.0,7.6,21,23.0,27.7,10.0,13.6,WSW,Clear,2.0
2024-05-26 20:00,28.0,0.0,86,1007.0,3.6,51,25.6,33.4,10.0,6.2,SW,Partly cloudy,2.3999999999999986
2025-03-03 00:00,22.1,0.0,94,1009.0,3.9,15,21.1,24.6,2.0,7.9,SSW,Clear,1.0
2025-05-17 04:00,24.5,0.0,89,1008.0,6.2,21,22.6,27.0,10.0,11.5,SSW,Clear,1.8999999999999986
2025-03-17 15:00,21.9,0.0,83,1015.0,10.4,100,18.9,23.9,10.0,20.1,NW,Overcast,3.0
2025-01-11 11:00,20.0,0.2,82,1025.0,26.3,89,16.8,22.0,10.0,37.8,NE,Patchy rain possible,3.1999999999999993
2025-01-01 07:00,19.9,0.0,88,1017.0,6.8,100,17.9,21.9,10.0,9.6,NW,Overcast,2.0
2024-11-08 20:00,23.1,0.0,82,1017.0,8.3,52,19.9,25.2,10.0,13.4,NE,Partly cloudy,3.200000000000003
2025-05-17 21:00,25.9,0.0,90,1010.0,7.6,15,24.1,29.3,10.0,9.0,SSW,Clear,1.7999999999999972
2024-11-24 23:00,23.6,0.8,93,1014.0,7.5,93,22.4,26.0,10.0,16.4,E,Moderate rain at times,1.2000000000000028
2025-01-16 08:00,20.3,0.1,90,1022.0,15.8,100,18.7,22.3,10.0,27.2,NE,Patchy rain possible,1.6000000000000014
2024-09-20 06:00,24.6,0.0,82,1001.0,7.6,28,21.4,26.7,10.0,10.1,W,Partly cloudy,3.200000000000003
2024-09-30 15:00,29.5,0.02,79,1005.0,11.9,86,25.4,35.7,10.0,14.2,ESE,Patchy rain possible,4.100000000000001
2025-03-30 22:00,21.3,0.12,85,1016.0,13.7,100,18.7,23.3,10.0,19.8,NW,Patchy rain possible,2.6000000000000014
2024-08-09 02:00,26.8,0.0,81,1006.0,5.0,18,23.2,30.0,10.0,9.8,WSW,Clear,3.6000000000000014
2025-03-01 01:00,21.2,0.0,96,1013.0,10.4,71,20.5,23.2,2.0,15.7,S,Cloudy,0.6999999999999993
2025-04-26 01:00,24.1,0.0,90,1010.0,7.2,16,22.3,26.4,10.0,8.1,SSW,Clear,1.8000000000000007
2024-12-11 14:00,23.4,2.5,94,1010.0,19.4,100,22.5,25.8,7.0,33.4,NE,Moderate or heavy rain shower,0.8999999999999986
2025-02-16 08:00,23.0,0.1,86,1015.0,5.0,72,20.5,25.2,10.0,6.8,SSW,Patchy rain possible,2.5
2024-09-21 00:00,25.4,0.2,90,1004.0,4.5,58,23.6,28.3,10.0,9.0,WSW,Patchy rain possible,1.7999999999999972
2024-10-19 06:00,24.3,0.0,91,1012.0,5.8,17,22.7,26.8,10.0,9.4,SW,Sunny,1.6000000000000014
2024-06-15 18:00,30.0,1.16,87,1004.0,10.6,56,25.1,36.4,10.0,26.0,WSW,Heavy rain at times,4.899999999999999
2024-07-22 08:00,28.6,0.0,73,1004.0,8.3,19,23.1,32.3,10.0,10.0,SW,Sunny,5.5
2024-12-08 17:00,22.7,0.2,87,1015.0,13.6,96,20.5,24.9,10.0,27.2,NE,Patchy rain possible,2.1999999999999993
2024-12-07 20:00,23.0,0.1,89,1016.0,11.9,52,21.0,25.2,10.0,14.2,NE,Patchy rain possible,2.0
2025-04-24 23:00,25.9,0.0,88,1008.0,5.9,21,23.4,29.1,10.0,8.6,SW,Clear,2.5
2024-12-26 07:00,20.7,0.2,94,1018.0,9.4,100,19.6,22.7,2.0,13.6,NW,Patchy rain possible,1.0999999999999979
2025-01-11 13:00,19.9,0.1,80,1024.0,24.5,94,16.4,21.9,10.0,38.6,NE,Patchy rain possible,3.5
2024-09-04 22:00,25.9,0.0,92,1005.0,10.1,26,24.0,29.3,10.0,19.0,SW,Partly cloudy,1.8999999999999986
2025-04-05 23:00,21.8,0.0,94,1013.0,2.5,30,20.8,23.8,2.0,4.3,SW,Partly cloudy,1.0
2024-08-03 17:00,30.6,1.06,76,1007.0,5.4,54,24.5,36.6,10.0,15.8,NE,Heavy rain at times,6.100000000000001
2024-09-14 05:00,24.9,0.0,89,1002.0,8.3,72,23.0,27.5,10.0,9.8,WSW,Cloudy,1.8999999999999986
2024-07-28 06:00,27.0,0.0,75,1003.0,9.3,28,22.2,29.7,10.0,17.5,SW,Partly cloudy,4.800000000000001
2024-10-04 10:00,25.7,0.4,84,1015.0,6.6,100,22.0,28.1,10.0,13.0,NNW,Patchy rain possible,3.6999999999999993
2025-05-13 11:00,27.9,0.0,79,1010.0,6.5,87,22.6,31.9,10.0,12.0,E,Overcast,5.299999999999997
2024-08-24 04:00,24.3,0.0,87,1009.0,5.8,17,21.9,26.5,10.0,12.3,SW,Clear,2.400000000000002
2024-06-03 23:00,26.6,0.0,84,1007.0,6.2,23,23.8,30.1,10.0,12.9,WSW,Clear,2.8000000000000007
2024-08-03 10:00,32.5,0.0,63,1009.0,5.0,11,23.7,38.5,10.0,11.4,E,Sunny,8.8
2025-01-21 05:00,18.5,0.0,73,1015.0,1.4,36,13.7,20.5,10.0,6.7,ENE,Partly cloudy,4.800000000000001
2025-04-29 07:00,24.4,0.0,87,1012.0,7.6,12,22.1,26.7,10.0,10.0,SW,Sunny,2.299999999999997
2024-10-26 05:00,20.1,1.23,94,1004.0,13.6,72,19.1,22.1,9.0,20.9,W,Heavy rain at times,1.0
2024-10-17 11:00,27.7,0.1,78,1012.0,7.2,88,23.5,31.5,9.0,15.2,NE,Patchy rain possible,4.199999999999999
2024-11-19 22:00,23.9,0.4,86,1015.0,10.9,76,21.3,26.0,10.0,20.3,NE,Patchy rain possible,2.599999999999998
2025-01-18 09:00,20.2,0.0,79,1019.0,6.5,61,16.6,22.2,10.0,8.4,ENE,Cloudy,3.599999999999998
2025-01-09 03:00,19.6,0.2,90,1016.0,1.4,100,17.9,21.6,10.0,2.4,W,Patchy rain possible,1.7000000000000028
2024-08-11 03:00,26.7,0.0,77,1002.0,9.4,11,22.4,29.4,10.0,14.2,WSW,Clear,4.300000000000001
2025-01-02 08:00,20.7,0.1,85,1016.0,6.8,100,18.1,22.7,10.0,9.8,WNW,Patchy rain possible,2.599999999999998
2024-09-17 19:00,26.4,0.0,86,1004.0,12.2,75,23.9,29.9,9.0,21.0,N,Cloudy,2.5
2024-08-01 04:00,26.3,0.0,76,1007.0,6.8,32,21.8,28.7,10.0,12.2,W,Partly cloudy,4.5
2024-12-23 15:00,20.0,0.2,86,1014.0,10.4,100,17.5,22.0,10.0,19.4,NW,Patchy rain possible,2.5
2025-01-30 12:00,21.9,0.0,70,1016.0,7.2,9,16.1,23.9,10.0,12.8,ENE,Sunny,5.799999999999997
2024-07-17 18:00,27.2,0.1,84,1002.0,5.4,76,24.3,31.2,10.0,9.0,NW,Patchy rain possible,2.8999999999999986
2024-10-05 22:00,24.7,0.0,88,1013.0,5.4,88,22.5,27.1,10.0,8.4,WNW,Overcast,2.1999999999999993
2024-10-27 12:00,24.5,3.9,71,996.0,20.9,83,20.4,26.4,10.0,36.8,WNW,Moderate or heavy rain shower,4.100000000000001
2024-12-12 14:00,23.1,4.4,94,1011.0,19.4,100,22.2,25.5,7.0,25.8,NE,Moderate or heavy rain shower,0.9000000000000021
2024-09-14 06:00,24.9,0.0,90,1003.0,8.3,77,23.1,27.6,10.0,14.6,WSW,Cloudy,1.7999999999999972
2024-07-03 09:00,29.8,0.0,64,1009.0,4.3,10,22.2,33.4,10.0,10.8,SSE,Sunny,7.600000000000001
2025-04-09 01:00,21.8,0.1,95,1013.0,6.5,74,20.9,23.8,2.0,10.7,SSW,Patchy rain possible,0.9000000000000021
2024-06-19 02:00,26.9,0.0,79,1003.0,8.3,18,22.9,29.9,10.0,10.9,SW,Clear,4.0
2024-12-25 06:00,19.4,0.2,89,1016.0,9.2,100,17.6,21.4,2.0,15.1,NW,Patchy rain possible,1.7999999999999972
2024-09-20 22:00,25.7,0.1,87,1005.0,7.6,51,23.5,28.7,10.0,13.2,W,Patchy rain possible,2.1999999999999993
2024-08-25 02:00,25.4,0.0,88,1008.0,6.5,73,23.2,28.2,9.0,8.3,SW,Cloudy,2.1999999999999993
2025-04-15 05:00,20.2,0.0,82,1013.0,5.4,12,17.1,22.2,10.0,8.7,WNW,Clear,3.099999999999998
2025-05-01 22:00,24.3,0.2,91,1014.0,5.0,88,22.7,26.8,10.0,9.4,WNW,Patchy rain possible,1.6000000000000014
2024-12-31 10:00,20.8,0.44,93,1019.0,14.0,100,19.6,22.8,10.0,19.0,NNW,Light rain shower,1.1999999999999993
2024-09-24 10:00,27.7,0.2,77,1012.0,5.8,86,23.3,31.3,10.0,6.6,NNE,Patchy rain possible,4.399999999999999
2025-01-13 02:00,16.3,0.0,78,1021.0,4.0,69,12.5,18.3,10.0,6.4,NNW,Cloudy,3.8000000000000007
2024-08-19 09:00,33.5,0.0,57,1007.0,4.7,4,22.5,38.7,10.0,12.1,W,Sunny,11.0
2025-03-18 07:00,21.0,0.1,93,1019.0,13.7,100,19.9,23.0,10.0,18.6,NNE,Patchy rain possible,1.1000000000000014
2025-04-06 06:00,21.6,0.0,95,1013.0,5.4,50,20.7,23.6,2.0,8.9,SSW,Partly cloudy,0.9000000000000021
2025-04-20 17:00,28.7,0.0,74,1007.0,12.6,81,23.2,32.8,10.0,18.5,ESE,Cloudy,5.5
2025-04-24 05:00,24.6,0.0,81,1007.0,5.3,26,21.1,26.7,10.0,11.4,S,Partly cloudy,3.5
2024-07-27 04:00,27.1,0.0,71,1001.0,10.2,19,21.5,29.5,10.0,18.1,SW,Clear,5.600000000000001
2025-03-14 08:00,24.8,0.1,87,1012.0,9.0,73,22.6,27.3,10.0,15.5,S,Patchy rain possible,2.1999999999999993
2025-01-02 22:00,20.5,0.0,92,1016.0,9.4,100,19.2,22.5,10.0,9.9,WNW,Overcast,1.3000000000000007
2024-09-07 16:00,34.7,0.0,53,999.0,18.0,21,22.4,40.2,10.0,29.8,WSW,Sunny,12.300000000000004
2025-03-21 14:00,22.8,0.0,67,1020.0,13.7,71,16.3,24.9,10.0,29.1,NE,Cloudy,6.5
2024-08-22 01:00,26.0,0.0,82,1008.0,8.3,18,22.6,28.7,10.0,10.7,WSW,Clear,3.3999999999999986
2024-10-03 04:00,23.9,0.5,89,1012.0,10.1,80,22.0,26.2,10.0,15.8,WNW,Moderate rain at times,1.8999999999999986
2024-06-21 12:00,33.8,0.2,59,1003.0,15.5,88,23.3,40.0,10.0,22.8,E,Patchy rain possible,10.499999999999996
2024-07-13 07:00,26.9,0.0,77,1003.0,5.8,71,22.6,29.7,9.0,8.5,WSW,Cloudy,4.299999999999997
2025-01-22 06:00,16.5,0.0,85,1015.0,5.4,7,13.9,18.5,10.0,9.7,WSW,Clear,2.5999999999999996
2024-11-10 06:00,20.1,0.0,81,1015.0,7.9,30,16.7,22.1,10.0,13.9,W,Partly cloudy,3.400000000000002
2024-11-09 20:00,22.1,0.0,80,1015.0,10.0,28,18.6,24.6,10.0,17.8,NW,Partly cloudy,3.5
2024-07-14 10:00,27.3,0.3,90,1004.0,7.6,100,24.4,31.4,10.0,15.4,NW,Patchy rain possible,2.900000000000002
2025-05-05 16:00,31.0,0.0,74,1004.0,10.8,89,23.6,38.5,9.0,19.3,ESE,Overcast,7.399999999999999
2024-08-24 22:00,25.8,0.0,90,1010.0,9.4,31,24.1,29.1,10.0,16.9,S,Partly cloudy,1.6999999999999993
2025-05-04 17:00,29.8,0.1,79,1006.0,9.4,83,23.8,36.4,9.0,19.4,SSE,Patchy rain possible,6.0
2024-08-12 07:00,27.5,0.0,79,1003.0,8.6,21,23.6,31.2,10.0,14.3,WSW,Sunny,3.8999999999999986
2025-02-26 15:00,22.6,0.1,85,1017.0,6.8,88,20.0,24.8,10.0,19.7,E,Patchy rain possible,2.6000000000000014
2024-07-03 07:00,27.2,0.0,83,1008.0,5.8,6,24.1,31.1,10.0,8.4,SSW,Sunny,3.099999999999998
2024-10-16 00:00,24.3,0.1,90,1011.0,7.6,80,22.5,26.7,10.0,9.3,W,Patchy rain possible,1.8000000000000007
2024-05-27 17:00,32.4,0.0,75,1002.0,6.8,14,25.4,40.3,10.0,13.3,ESE,Sunny,7.0
2025-04-15 20:00,22.0,0.0,84,1013.0,1.4,23,19.1,24.0,10.0,2.2,SSW,Clear,2.8999999999999986
2024-09-04 13:00,32.7,0.0,64,1002.0,14.4,87,23.6,38.7,10.0,23.8,ENE,Overcast,9.100000000000001
2025-04-30 19:00,24.7,0.0,91,1011.0,5.0,22,23.2,27.4,10.0,8.5,SE,Clear,1.5
2025-05-04 20:00,28.0,0.0,88,1007.0,10.9,85,23.2,33.7,10.0,17.3,SW,Overcast,4.800000000000001
2024-12-06 03:00,22.6,0.5,89,1012.0,5.0,100,20.7,24.9,10.0,7.6,NE,Moderate rain at times,1.9000000000000021
2025-04-28 11:00,31.2,0.0,64,1011.0,14.0,3,22.6,35.5,10.0,21.2,ESE,Sunny,8.599999999999998
2024-09-06 04:00,26.1,0.0,78,999.0,12.2,35,22.0,28.6,10.0,18.9,WSW,Partly cloudy,4.100000000000001
2024-11-19 02:00,23.8,2.3,88,1013.0,11.9,98,21.6,26.0,10.0,20.6,NE,Moderate or heavy rain shower,2.1999999999999993
2024-06-13 03:00,26.5,0.0,76,1005.0,10.1,19,21.9,29.0,10.0,13.9,SW,Clear,4.600000000000001
2025-03-19 19:00,19.2,0.0,91,1022.0,13.3,100,17.7,21.2,10.0,18.3,NNW,Overcast,1.5
2025-01-01 10:00,20.7,0.0,85,1018.0,9.0,100,18.1,22.7,10.0,16.7,NW,Overcast,2.599999999999998
2024-07-01 13:00,35.5,0.0,53,1004.0,15.8,46,22.9,41.9,9.0,27.5,E,Partly cloudy,12.600000000000001
2024-11-14 20:00,24.4,0.0,90,1012.0,2.9,23,22.7,26.9,10.0,4.5,SE,Clear,1.6999999999999993
2024-11-21 08:00,24.3,1.49,90,1015.0,17.6,100,22.6,26.8,7.0,27.8,NE,Heavy rain at times,1.6999999999999993
2024-10-27 02:00,21.4,8.6,83,998.0,21.5,57,18.3,23.4,10.0,38.9,SSW,Moderate or heavy rain shower,3.099999999999998
2025-04-27 12:00,30.9,0.0,70,1010.0,14.2,5,23.6,37.2,10.0,24.0,ESE,Sunny,7.299999999999997
2024-12-14 17:00,21.0,1.8,92,1018.0,24.3,100,19.8,23.0,9.0,39.8,NNE,Moderate or heavy rain shower,1.1999999999999993
2024-09-18 18:00,26.0,2.6,82,1000.0,8.3,56,22.7,28.7,10.0,15.2,NW,Moderate or heavy rain shower,3.3000000000000007
2025-02-27 19:00,21.9,0.0,89,1016.0,4.6,69,20.0,23.9,10.0,7.6,E,Cloudy,1.8999999999999986
2025-04-11 14:00,31.0,0.0,79,1005.0,13.1,86,24.4,39.9,9.0,23.9,ESE,Overcast,6.600000000000001
2024-08-26 20:00,26.8,0.0,83,1007.0,10.4,20,23.6,30.3,10.0,18.5,SSE,Clear,3.1999999999999993
2024-11-09 18:00,22.7,0.0,80,1013.0,14.4,5,19.0,24.9,10.0,23.7,NW,Clear,3.6999999999999993
2025-01-14 06:00,18.0,0.0,84,1018.0,9.0,100,15.3,20.0,10.0,9.0,WNW,Overcast,2.6999999999999993
2024-06-06 14:00,31.7,0.9,71,1007.0,10.4,74,25.1,38.8,10.0,22.8,NE,Moderate rain at times,6.599999999999998
2025-03-25 20:00,20.5,0.0,90,1009.0,7.6,8,18.9,22.5,10.0,10.0,SSE,Clear,1.6000000000000014
2024-09-21 02:00,25.3,0.2,89,1003.0,8.6,72,23.3,28.1,10.0,11.1,WSW,Patchy rain possible,2.0
2024-12-19 04:00,21.2,0.2,87,1016.0,10.3,100,19.1,23.2,10.0,15.9,NE,Patchy rain possible,2.099999999999998
2025-01-13 20:00,18.8,0.0,83,1019.0,3.6,70,15.9,20.8,10.0,9.5,NNW,Cloudy,2.9000000000000004
2024-09-04 09:00,30.7,0.0,63,1006.0,4.0,14,22.7,35.0,10.0,10.4,NNW,Sunny,8.0
2024-09-09 04:00,26.4,0.0,77,1004.0,6.8,19,22.0,29.0,10.0,12.8,W,Clear,4.399999999999999
2024-12-18 12:00,21.8,0.7,88,1017.0,18.4,100,19.7,23.8,10.0,27.9,NNE,Moderate rain at times,2.1000000000000014
2024-07-08 10:00,31.2,0.0,61,1007.0,8.3,27,22.7,35.6,10.0,15.0,ESE,Partly cloudy,8.5
2024-09-18 14:00,26.9,4.3,83,1000.0,11.5,64,23.7,30.4,10.0,24.9,N,Moderate or heavy rain shower,3.1999999999999993
2025-04-10 15:00,30.8,0.0,77,1005.0,10.8,80,22.8,38.7,9.0,17.8,ESE,Cloudy,8.0
2024-06-04 10:00,33.7,0.0,60,1007.0,6.8,15,24.0,40.4,10.0,15.3,N,Sunny,9.700000000000003
2024-07-31 19:00,26.9,0.0,86,1007.0,2.9,48,24.4,30.8,10.0,5.2,S,Partly cloudy,2.5
2024-10-09 11:00,27.3,0.1,80,1013.0,11.9,69,23.5,30.9,10.0,22.2,N,Patchy rain possible,3.8000000000000007
2025-03-25 15:00,25.3,0.0,70,1006.0,15.5,2,19.5,27.0,10.0,18.4,ESE,Sunny,5.800000000000001
2024-09-13 23:00,25.6,1.34,88,1005.0,5.0,78,23.4,28.5,7.0,9.0,WSW,Heavy rain at times,2.200000000000003
2025-02-01 05:00,16.2,0.0,91,1011.0,7.9,9,15.1,18.2,10.0,10.6,SW,Clear,1.0999999999999996
2025-01-26 13:00,24.0,0.1,83,1016.0,10.4,70,18.8,25.7,10.0,21.8,N,Patchy rain possible,5.199999999999999
2025-03-26 02:00,19.1,0.0,85,1007.0,6.6,11,16.5,21.1,10.0,9.2,SSW,Clear,2.6000000000000014
2025-04-03 09:00,22.6,0.3,84,1019.0,2.2,100,19.7,24.8,10.0,7.8,NE,Patchy rain possible,2.900000000000002
2024-11-23 20:00,23.8,1.6,91,1015.0,14.0,100,22.2,26.1,10.0,23.6,ENE,Moderate or heavy rain shower,1.6000000000000014
2025-03-31 14:00,22.1,0.01,84,1014.0,12.6,100,19.3,24.6,10.0,16.3,WNW,Patchy rain possible,2.8000000000000007
2025-03-09 23:00,21.8,0.5,90,1019.0,5.0,100,20.0,23.8,10.0,7.9,WNW,Moderate rain at times,1.8000000000000007
2024-08-11 17:00,29.6,2.53,86,1001.0,8.3,55,24.3,35.0,6.0,21.1,NE,Moderate or heavy rain shower,5.300000000000001
2024-06-01 13:00,28.7,5.3,75,1008.0,8.6,52,23.9,33.1,10.0,23.4,N,Moderate or heavy rain shower,4.800000000000001
2024-05-26 04:00,25.5,0.0,90,1007.0,7.6,62,23.7,28.6,10.0,12.6,SW,Cloudy,1.8000000000000007
2024-05-27 07:00,28.9,0.0,80,1005.0,10.4,10,24.8,34.1,10.0,16.5,SSW,Sunny,4.099999999999998
2025-05-09 10:00,33.8,0.0,53,1006.0,9.0,12,22.9,39.4,10.0,16.3,E,Sunny,10.899999999999999
2024-10-29 22:00,22.7,0.3,88,1008.0,7.2,77,20.6,24.9,10.0,12.1,W,Patchy rain possible,2.099999999999998
2024-10-28 23:00,20.6,0.0,93,1007.0,6.9,100,19.5,22.6,9.0,11.1,W,Overcast,1.1000000000000014
2024-11-10 17:00,24.4,0.0,83,1012.0,16.6,50,21.3,26.5,10.0,24.9,NNW,Partly cloudy,3.099999999999998
2024-08-02 18:00,29.2,2.58,85,1007.0,7.2,82,24.6,34.6,7.0,17.8,NE,Moderate or heavy rain shower,4.599999999999998
2025-01-27 11:00,17.6,0.6,85,1020.0,6.5,100,15.1,19.6,2.0,15.7,NW,Moderate rain at times,2.5000000000000018
2024-08-18 15:00,31.7,0.0,66,1004.0,12.8,11,24.4,37.9,10.0,29.2,ENE,Sunny,7.300000000000001
2025-03-22 22:00,21.1,0.1,88,1020.0,3.6,63,18.9,23.1,10.0,6.0,SSE,Patchy rain possible,2.200000000000003
2025-04-20 13:00,31.1,0.0,70,1008.0,18.0,7,23.7,37.8,10.0,24.6,ESE,Sunny,7.400000000000002
2024-12-24 07:00,19.6,0.3,91,1017.0,6.8,100,18.1,21.6,10.0,9.8,NW,Patchy rain possible,1.5
2025-01-14 13:00,21.7,0.0,83,1017.0,9.4,100,17.2,23.7,10.0,19.2,WNW,Overcast,4.5
2024-08-07 13:00,33.4,0.3,61,1005.0,16.9,82,22.8,38.9,10.0,25.9,ENE,Patchy rain possible,10.599999999999998
2025-04-05 15:00,26.6,0.0,82,1010.0,13.7,71,22.1,29.8,10.0,22.8,E,Cloudy,4.5
2025-02-15 15:00,25.2,0.0,84,1009.0,12.6,88,22.3,27.6,10.0,20.1,ESE,Overcast,2.8999999999999986
2025-02-06 05:00,19.6,0.0,88,1014.0,7.9,88,17.6,21.6,10.0,11.8,SSE,Overcast,2.0
2024-07-29 06:00,25.4,0.0,86,1003.0,6.7,92,22.9,28.1,10.0,14.0,WSW,Overcast,2.5
2024-10-26 02:00,21.4,0.0,86,1005.0,9.6,100,19.0,23.4,2.0,16.7,WNW,Overcast,2.3999999999999986
2024-06-17 07:00,28.4,0.0,72,1005.0,7.2,18,22.8,31.9,10.0,10.9,SW,Sunny,5.599999999999998
2025-04-27 21:00,25.6,0.0,92,1012.0,0.7,30,23.2,28.9,10.0,5.1,SSW,Partly cloudy,2.400000000000002
2025-02-11 15:00,21.2,0.0,90,1013.0,4.0,100,19.5,23.2,10.0,17.0,NW,Overcast,1.6999999999999993
2024-07-07 13:00,32.2,0.6,67,1005.0,19.8,82,24.1,38.4,10.0,30.3,E,Moderate rain at times,8.100000000000001
2024-11-11 21:00,23.5,0.0,90,1012.0,16.6,100,21.7,25.7,10.0,25.3,NW,Overcast,1.8000000000000007
2024-09-09 06:00,26.8,0.0,76,1006.0,9.0,29,22.3,29.5,10.0,16.1,W,Partly cloudy,4.5
2024-12-10 18:00,23.4,0.7,91,1011.0,7.2,68,21.9,25.6,10.0,13.7,E,Moderate rain at times,1.5
2025-04-01 05:00,20.4,0.0,85,1015.0,10.1,100,17.8,22.4,10.0,14.1,NW,Overcast,2.599999999999998
2025-05-19 10:00,31.5,0.0,60,1008.0,9.7,21,22.7,36.0,10.0,18.0,ESE,Sunny,8.8
2025-04-20 00:00,24.9,0.0,92,1008.0,6.1,20,23.8,27.8,10.0,8.0,SSW,Clear,1.0999999999999979
2024-05-29 16:00,32.2,0.3,74,1001.0,5.4,59,25.0,39.7,10.0,15.3,NE,Patchy rain possible,7.200000000000003
2024-05-31 11:00,32.3,0.02,60,1004.0,7.9,93,23.5,37.9,10.0,10.3,WSW,Patchy rain possible,8.799999999999997
2024-08-30 11:00,34.1,0.0,59,1006.0,11.9,33,22.6,39.6,10.0,20.0,ENE,Partly cloudy,11.5
2025-01-02 03:00,19.9,0.0,87,1014.0,7.2,100,17.6,21.9,10.0,10.9,NW,Overcast,2.299999999999997
2025-05-12 22:00,24.5,0.0,85,1010.0,4.3,96,21.8,26.7,10.0,6.4,WSW,Overcast,2.6999999999999993
2025-03-07 13:00,21.2,0.2,88,1015.0,16.9,100,18.5,23.2,10.0,26.2,WNW,Patchy rain possible,2.6999999999999993
2024-06-26 21:00,26.2,0.0,88,1009.0,9.0,78,24.1,29.8,9.0,10.5,SSE,Cloudy,2.099999999999998
2024-09-22 06:00,24.8,0.0,93,1004.0,5.4,88,23.6,27.7,10.0,9.6,SW,Overcast,1.1999999999999993
2025-01-10 18:00,19.8,0.4,83,1022.0,13.8,57,16.9,21.8,10.0,22.6,NE,Patchy rain possible,2.900000000000002
2024-11-27 15:00,24.2,0.4,86,1014.0,25.2,82,21.8,26.4,10.0,37.8,NE,Patchy rain possible,2.3999999999999986
2024-09-01 11:00,31.9,0.2,59,1007.0,12.4,81,22.8,36.6,10.0,18.6,ENE,Patchy rain possible,9.099999999999998
2024-07-13 06:00,24.9,0.0,84,1003.0,6.5,77,22.1,27.2,9.0,12.5,WSW,Cloudy,2.799999999999997
2025-03-12 20:00,23.1,0.1,94,1012.0,2.2,87,22.0,25.4,10.0,3.4,SW,Patchy rain possible,1.1000000000000014
2025-03-10 05:00,21.9,0.1,94,1017.0,6.8,100,20.9,23.9,2.0,9.7,NNE,Patchy rain possible,1.0
2025-02-08 10:00,20.4,0.7,85,1021.0,22.0,100,17.9,22.4,10.0,29.9,ENE,Moderate rain at times,2.5
2024-07-29 01:00,25.2,0.0,88,1003.0,7.3,73,23.1,28.0,9.0,15.4,WSW,Cloudy,2.099999999999998
2024-10-30 21:00,24.1,4.19,92,1009.0,7.9,91,22.7,26.5,7.0,12.2,N,Moderate rain,1.4000000000000021
2025-05-10 02:00,25.4,0.0,85,1006.0,7.0,27,23.5,28.0,10.0,10.6,SW,Partly cloudy,1.8999999999999986
2024-11-21 05:00,23.7,0.2,90,1013.0,15.0,100,22.1,26.0,10.0,29.0,NE,Patchy rain possible,1.5999999999999979
2025-04-15 15:00,24.6,0.0,73,1011.0,13.7,12,19.6,26.4,10.0,19.7,NE,Sunny,5.0
2024-10-30 12:00,27.1,1.28,80,1008.0,8.6,82,23.4,30.5,10.0,12.0,NNW,Light rain shower,3.700000000000003
2024-10-23 21:00,24.1,0.2,86,1013.0,5.0,57,21.7,26.3,10.0,8.3,NNW,Patchy rain possible,2.400000000000002
2024-12-27 22:00,21.9,1.9,93,1020.0,17.3,100,20.8,23.9,7.0,26.7,NNE,Moderate or heavy rain shower,1.0999999999999979
2024-12-13 03:00,23.3,0.4,91,1012.0,11.1,100,21.8,25.6,10.0,17.3,NE,Patchy rain possible,1.5
2025-01-06 04:00,18.7,0.0,88,1016.0,5.8,100,16.7,20.7,10.0,9.0,NW,Overcast,2.0
2025-04-29 00:00,23.6,0.01,93,1011.0,5.8,84,22.5,26.0,10.0,10.1,SSW,Patchy rain possible,1.1000000000000014
2024-09-13 20:00,26.5,0.0,84,1005.0,4.7,84,23.5,29.8,9.0,8.0,N,Cloudy,3.0
2025-04-25 18:00,27.2,0.0,92,1009.0,7.2,75,23.7,32.6,9.0,11.4,SSE,Cloudy,3.5
2024-07-10 00:00,25.7,0.0,89,1007.0,7.9,84,23.5,28.8,9.0,15.3,SW,Cloudy,2.1999999999999993
2025-04-24 07:00,26.6,0.0,75,1008.0,5.6,29,21.7,29.1,10.0,11.9,S,Partly cloudy,4.900000000000002
2025-03-31 19:00,20.8,0.01,84,1015.0,14.0,100,18.0,22.8,10.0,19.3,WNW,Patchy rain possible,2.8000000000000007
2024-11-07 02:00,23.8,1.7,87,1015.0,11.9,81,21.5,26.0,10.0,24.3,NE,Moderate or heavy rain shower,2.3000000000000007
2025-02-04 06:00,20.1,3.8,91,1018.0,18.7,100,18.6,22.1,10.0,30.3,NE,Moderate or heavy rain shower,1.5
2025-02-23 14:00,21.8,0.6,96,1018.0,14.0,100,21.1,23.8,9.0,24.1,NNE,Moderate rain at times,0.6999999999999993
2025-03-23 22:00,20.1,0.0,90,1017.0,5.4,19,18.4,22.1,10.0,9.0,SSE,Clear,1.7000000000000028
2025-04-01 12:00,22.4,0.0,83,1016.0,10.8,100,19.3,24.7,10.0,28.9,NW,Overcast,3.099999999999998
2024-10-31 13:00,26.2,1.11,84,1008.0,7.2,75,23.4,29.3,10.0,12.6,N,Light rain shower,2.8000000000000007
2025-03-27 23:00,23.5,0.0,82,1005.0,6.1,23,20.3,25.5,10.0,7.7,SE,Clear,3.1999999999999993
2025-03-21 23:00,19.3,0.0,78,1021.0,4.0,11,15.5,21.3,10.0,6.7,WNW,Clear,3.8000000000000007
2024-07-20 00:00,25.1,0.0,89,1005.0,6.2,30,23.2,27.8,10.0,11.7,WSW,Partly cloudy,1.9000000000000021
2025-05-12 21:00,24.6,0.0,85,1009.0,6.1,70,21.9,26.9,10.0,9.0,NNW,Cloudy,2.700000000000003
2025-02-27 21:00,21.7,0.0,90,1017.0,8.3,71,20.0,23.7,10.0,10.1,ESE,Cloudy,1.6999999999999993
2024-06-19 09:00,33.6,0.0,53,1004.0,6.5,11,22.7,39.0,10.0,15.8,WSW,Sunny,10.900000000000002
2024-06-24 22:00,25.9,0.0,82,1006.0,6.8,33,22.5,28.5,10.0,12.2,SW,Partly cloudy,3.3999999999999986
2024-11-09 12:00,26.4,0.0,64,1014.0,10.4,6,18.9,27.8,10.0,18.4,NNW,Sunny,7.5
2025-01-13 14:00,19.3,0.0,84,1018.0,13.0,100,16.5,21.3,2.0,15.8,NNE,Overcast,2.8000000000000007
2025-04-06 15:00,26.2,0.0,77,1012.0,13.3,32,21.9,28.6,10.0,20.4,ENE,Partly cloudy,4.300000000000001
2025-04-17 11:00,31.1,0.0,68,1008.0,8.7,47,23.9,37.3,10.0,18.3,ESE,Partly cloudy,7.200000000000003
2024-09-06 17:00,31.6,0.0,66,998.0,10.1,16,24.4,37.8,10.0,18.1,NNW,Sunny,7.200000000000003
2024-10-28 09:00,22.9,0.0,78,1007.0,6.5,100,18.8,25.0,10.0,8.3,SSW,Overcast,4.099999999999998
2024-09-10 00:00,25.0,0.0,90,1006.0,5.8,59,23.3,27.7,10.0,12.5,SW,Partly cloudy,1.6999999999999993
2024-07-18 15:00,29.0,0.4,81,1002.0,11.2,86,25.3,34.8,10.0,15.5,N,Patchy rain possible,3.6999999999999993
2024-11-17 08:00,24.7,0.0,80,1013.0,4.7,12,21.1,26.7,10.0,5.8,SW,Sunny,3.599999999999998
2025-03-27 14:00,29.7,0.0,71,1002.0,12.6,5,24.3,34.6,10.0,24.2,E,Sunny,5.399999999999999
2024-08-28 19:00,27.8,0.0,82,1005.0,11.9,82,24.5,32.3,9.0,20.4,SSE,Cloudy,3.3000000000000007
2025-02-09 21:00,19.3,0.2,84,1020.0,8.9,98,16.5,21.3,10.0,14.5,NE,Patchy rain possible,2.8000000000000007
2024-11-11 19:00,23.9,0.1,87,1012.0,12.3,100,21.7,26.1,2.0,24.4,NW,Patchy rain possible,2.1999999999999993
2024-09-15 21:00,25.7,0.0,86,1004.0,6.1,73,23.2,28.5,9.0,11.9,WNW,Cloudy,2.5
2024-11-19 03:00,23.6,0.7,88,1013.0,10.6,100,21.5,25.8,10.0,21.3,NE,Moderate rain at times,2.1000000000000014
2025-03-03 06:00,21.9,0.0,94,1008.0,8.3,21,20.8,23.9,10.0,10.5,S,Clear,1.0999999999999979
2025-03-12 22:00,22.9,0.1,95,1012.0,4.2,84,22.1,25.3,2.0,8.8,SE,Patchy rain possible,0.7999999999999972
2024-10-07 20:00,25.2,0.2,86,1015.0,11.5,86,22.7,27.7,10.0,18.8,N,Patchy rain possible,2.5
2025-03-11 17:00,24.0,0.1,90,1012.0,9.4,81,22.2,26.3,10.0,16.3,E,Patchy rain possible,1.8000000000000007
2025-04-25 15:00,30.1,0.0,76,1007.0,13.6,12,24.0,36.4,10.0,26.3,E,Sunny,6.100000000000001
2025-02-26 00:00,20.1,0.2,90,1022.0,7.6,100,18.3,22.1,10.0,11.3,NW,Patchy rain possible,1.8000000000000007
2024-06-17 15:00,33.3,0.1,68,1002.0,15.8,85,24.0,40.0,10.0,27.2,ENE,Patchy rain possible,9.299999999999997
2025-03-31 23:00,20.6,0.01,84,1016.0,13.3,90,17.8,22.6,10.0,19.8,WNW,Patchy rain possible,2.8000000000000007
2024-09-07 07:00,29.4,0.0,73,1001.0,10.8,25,22.2,32.8,10.0,16.7,SSW,Sunny,7.199999999999999
2025-03-14 16:00,26.5,0.0,81,1008.0,16.2,10,22.9,29.4,10.0,22.4,ESE,Sunny,3.6000000000000014
2024-08-27 10:00,33.1,0.0,58,1008.0,9.4,17,22.6,38.3,10.0,17.6,NE,Sunny,10.5
2024-10-09 04:00,23.8,1.0,87,1012.0,7.2,100,21.5,26.0,10.0,12.2,NW,Heavy rain at times,2.3000000000000007
2025-04-20 10:00,30.5,0.0,71,1010.0,13.7,10,24.5,36.6,10.0,17.0,ESE,Sunny,6.0
2024-08-02 01:00,25.6,0.0,89,1007.0,9.4,10,23.7,28.7,10.0,11.3,SW,Clear,1.9000000000000021
2025-04-29 06:00,22.6,0.0,93,1011.0,7.6,18,21.3,25.0,10.0,13.1,SW,Sunny,1.3000000000000007
2024-09-24 09:00,26.9,0.1,80,1012.0,3.6,61,23.1,30.1,10.0,4.2,NNW,Patchy rain possible,3.799999999999997
2025-02-18 09:00,23.5,0.3,76,1019.0,0.7,89,18.9,25.4,10.0,8.0,E,Patchy rain possible,4.600000000000001
2025-04-17 18:00,27.5,0.0,95,1007.0,5.0,32,24.3,33.7,2.0,10.7,NW,Partly cloudy,3.1999999999999993
2024-08-05 04:00,24.2,0.0,84,1007.0,9.7,8,21.4,26.3,10.0,12.5,WSW,Clear,2.8000000000000007
2025-05-21 13:00,32.5,0.0,68,1006.0,18.4,79,24.1,38.9,10.0,22.7,E,Cloudy,8.399999999999999
2024-12-27 10:00,21.7,0.1,94,1020.0,10.8,100,20.7,23.7,2.0,18.6,NNW,Patchy rain possible,1.0
2024-06-25 11:00,32.2,0.0,56,1005.0,3.2,60,22.2,36.6,10.0,11.1,NNE,Cloudy,10.000000000000004
2024-06-27 17:00,29.6,0.9,75,1006.0,18.4,72,24.7,35.0,9.0,23.2,ESE,Moderate rain at times,4.900000000000002
2024-10-21 23:00,24.6,0.8,91,1013.0,6.5,97,23.0,27.2,10.0,14.8,NNE,Moderate rain at times,1.6000000000000014
2025-01-15 22:00,20.1,1.6,92,1022.0,17.7,100,18.7,22.1,10.0,29.8,NNE,Moderate or heavy rain shower,1.4000000000000021
2025-01-04 03:00,20.1,0.3,84,1016.0,9.7,100,17.3,22.1,10.0,13.9,NE,Patchy rain possible,2.8000000000000007
2024-07-03 06:00,26.1,0.0,86,1007.0,6.5,6,23.6,29.3,10.0,11.1,SSW,Sunny,2.5
2025-02-07 16:00,22.6,0.1,83,1015.0,14.4,87,19.6,24.8,9.0,23.9,NE,Patchy rain possible,3.0
2025-05-09 04:00,26.8,0.0,82,1004.0,9.0,66,23.6,30.3,10.0,11.9,S,Cloudy,3.1999999999999993
2024-12-13 11:00,23.5,0.6,93,1015.0,16.6,100,22.3,25.9,9.0,28.4,NE,Moderate rain at times,1.1999999999999993
2024-10-16 09:00,27.4,0.2,75,1014.0,1.1,54,22.7,30.5,10.0,9.1,NW,Patchy rain possible,4.699999999999999
2024-11-13 13:00,26.6,1.1,83,1010.0,13.3,74,23.5,29.8,10.0,17.3,ENE,Heavy rain at times,3.1000000000000014
2025-02-20 16:00,23.6,0.3,80,1015.0,10.1,88,20.0,25.6,10.0,23.4,NE,Patchy rain possible,3.6000000000000014
2024-06-01 03:00,25.5,0.0,90,1006.0,5.8,69,23.7,28.6,10.0,9.5,SW,Cloudy,1.8000000000000007
2024-12-17 04:00,19.6,0.0,87,1017.0,8.3,100,17.3,21.6,10.0,11.9,NW,Overcast,2.3000000000000007
2024-07-15 16:00,27.3,1.2,87,1000.0,9.0,88,24.4,31.4,10.0,21.3,W,Heavy rain at times,2.900000000000002
2024-10-01 19:00,26.7,0.0,88,1009.0,7.6,87,24.6,30.7,9.0,8.6,NNE,Overcast,2.099999999999998
2024-09-09 02:00,26.6,0.0,78,1004.0,7.9,14,22.5,29.4,10.0,15.0,WSW,Clear,4.100000000000001
2024-10-20 12:00,25.6,2.8,90,1014.0,12.2,92,23.9,28.8,10.0,28.5,NNE,Moderate or heavy rain shower,1.7000000000000028
2024-05-24 19:00,26.4,1.17,91,1008.0,6.5,74,24.8,30.4,10.0,10.3,SE,Heavy rain at times,1.5999999999999979
2025-04-21 22:00,24.5,0.0,92,1011.0,4.7,34,23.0,27.1,10.0,8.5,S,Partly cloudy,1.5
2024-10-28 00:00,21.1,0.0,84,1004.0,6.5,67,18.3,23.1,10.0,10.5,WSW,Cloudy,2.8000000000000007
2024-10-18 19:00,25.6,0.5,89,1011.0,3.2,83,23.7,28.7,10.0,5.4,ESE,Moderate rain at times,1.9000000000000021
2025-02-27 09:00,22.7,0.0,85,1019.0,2.5,67,20.0,24.9,10.0,6.7,NE,Cloudy,2.6999999999999993
2024-07-24 15:00,33.4,0.0,60,997.0,7.6,20,22.8,39.0,10.0,24.0,SW,Sunny,10.599999999999998
2025-01-06 19:00,20.7,0.0,81,1016.0,9.7,100,17.3,22.7,10.0,11.5,ENE,Overcast,3.3999999999999986
2025-05-16 17:00,28.4,0.1,83,1007.0,13.0,74,25.3,33.8,9.0,18.5,ESE,Patchy rain possible,3.099999999999998
2024-10-13 07:00,25.3,0.1,82,1014.0,6.1,84,22.1,27.6,10.0,8.7,W,Patchy rain possible,3.1999999999999993
2024-08-09 20:00,29.9,0.0,83,1005.0,7.2,16,24.8,35.6,10.0,13.1,SSE,Clear,5.099999999999998
2025-04-26 06:00,23.5,0.0,83,1010.0,7.9,7,20.5,25.5,10.0,14.6,SW,Sunny,3.0
2025-04-07 10:00,26.5,0.1,70,1017.0,7.9,74,20.6,28.4,10.0,14.3,ESE,Patchy rain possible,5.899999999999999
2025-03-24 14:00,25.5,0.0,70,1013.0,11.9,2,19.2,27.2,10.0,18.7,E,Sunny,6.300000000000001
2024-07-24 17:00,31.5,0.0,65,997.0,9.8,22,24.3,37.4,10.0,19.5,SSW,Sunny,7.199999999999999
2024-06-19 22:00,26.9,0.5,83,1005.0,10.1,84,23.8,30.5,10.0,19.9,SW,Moderate rain at times,3.099999999999998
2025-03-28 04:00,23.1,0.0,81,1004.0,7.9,21,19.7,25.2,10.0,9.8,S,Clear,3.400000000000002
2025-01-02 15:00,21.0,0.0,91,1013.0,9.7,100,19.4,23.0,2.0,12.9,NW,Overcast,1.6000000000000014
2024-06-29 09:00,32.4,0.0,57,1007.0,8.6,16,22.8,37.4,10.0,14.0,SSW,Sunny,9.599999999999998
2024-12-05 18:00,23.4,0.3,89,1012.0,9.0,87,21.5,25.6,9.0,14.4,NE,Patchy rain possible,1.8999999999999986
2024-09-11 02:00,25.6,0.0,90,1006.0,6.1,39,23.8,28.8,10.0,9.9,SSW,Partly cloudy,1.8000000000000007
2024-10-03 01:00,24.0,0.3,90,1012.0,10.8,88,22.2,26.3,10.0,18.0,NW,Patchy rain possible,1.8000000000000007
2024-09-20 10:00,29.8,0.1,66,1003.0,2.5,50,22.8,33.7,10.0,13.9,WNW,Patchy rain possible,7.0
2025-04-11 05:00,23.0,0.0,92,1007.0,4.1,19,21.6,25.3,10.0,8.5,SSW,Clear,1.3999999999999986
2024-11-28 10:00,23.7,0.0,82,1021.0,23.8,100,18.2,25.5,10.0,35.7,NNE,Overcast,5.5
2025-03-14 01:00,22.9,0.1,97,1011.0,7.2,81,22.3,25.4,2.0,11.1,S,Patchy rain possible,0.5999999999999979
2024-08-29 18:00,29.4,0.1,77,1004.0,11.5,72,23.7,34.0,9.0,20.7,SE,Patchy rain possible,5.699999999999999
2025-01-29 08:00,18.9,0.1,84,1022.0,6.1,100,16.1,20.9,10.0,8.0,N,Patchy rain possible,2.799999999999997
2024-08-04 17:00,30.4,0.0,76,1006.0,11.5,70,24.4,36.1,10.0,20.2,E,Cloudy,6.0
2025-02-28 09:00,23.0,0.0,84,1017.0,10.1,41,20.2,25.1,10.0,11.6,SSE,Partly cloudy,2.8000000000000007
2024-06-14 03:00,26.9,0.0,69,1003.0,10.4,10,20.8,29.0,10.0,14.9,SW,Clear,6.099999999999998
2025-02-24 16:00,20.6,1.6,94,1020.0,20.2,100,19.5,22.6,10.0,26.9,ENE,Moderate or heavy rain shower,1.1000000000000014
2025-03-10 23:00,22.0,0.8,96,1017.0,2.9,100,21.4,24.6,2.0,4.2,NNW,Moderate rain at times,0.6000000000000014
2025-04-02 16:00,21.7,0.0,88,1014.0,8.6,100,19.6,23.7,10.0,18.5,WNW,Overcast,2.099999999999998
2025-04-04 20:00,21.6,0.0,92,1012.0,7.2,21,20.3,23.6,10.0,11.6,S,Clear,1.3000000000000007
2024-06-22 11:00,33.2,0.0,69,1003.0,9.7,58,24.0,39.9,10.0,13.0,ENE,Partly cloudy,9.200000000000003
2024-10-11 22:00,24.1,0.1,90,1013.0,5.0,71,22.3,26.4,10.0,8.4,WSW,Patchy rain possible,1.8000000000000007
2024-08-28 11:00,34.7,0.0,53,1006.0,7.6,14,21.8,39.7,10.0,18.0,NE,Sunny,12.900000000000002
2025-02-22 07:00,21.4,1.2,95,1018.0,10.4,100,20.5,23.4,10.0,14.6,ENE,Heavy rain at times,0.8999999999999986
2024-11-24 16:00,24.6,0.6,90,1012.0,13.1,80,22.9,27.1,10.0,28.9,ENE,Moderate rain at times,1.7000000000000028
2024-09-06 21:00,28.2,0.0,76,1002.0,10.1,86,23.5,32.1,10.0,14.9,SSW,Overcast,4.699999999999999
2025-05-02 02:00,23.7,0.0,90,1011.0,5.4,15,22.1,26.0,10.0,9.4,W,Clear,1.5999999999999979
2025-05-03 11:00,31.9,0.1,66,1009.0,11.4,76,22.6,38.6,10.0,17.8,E,Patchy rain possible,9.299999999999997
2024-12-22 21:00,19.3,0.3,78,1018.0,8.3,69,15.3,21.3,10.0,13.1,NW,Patchy rain possible,4.0
2025-04-13 12:00,24.4,0.0,79,1016.0,20.2,100,18.8,26.3,10.0,37.4,NW,Overcast,5.599999999999998
2024-11-13 15:00,25.8,0.1,87,1009.0,10.7,70,23.5,28.9,10.0,19.9,ENE,Patchy rain possible,2.3000000000000007
2024-11-29 02:00,21.1,0.1,78,1019.0,12.0,88,17.2,23.1,10.0,20.0,NE,Patchy rain possible,3.900000000000002
2025-04-01 20:00,20.8,0.0,85,1017.0,11.5,100,18.2,22.8,10.0,16.3,NW,Overcast,2.6000000000000014
2024-07-14 07:00,27.0,0.0,80,1003.0,7.6,79,23.2,30.2,9.0,10.5,NNE,Cloudy,3.8000000000000007
2024-08-18 16:00,31.1,0.0,67,1004.0,14.4,70,24.4,37.1,10.0,20.6,ENE,Cloudy,6.700000000000003
2025-05-18 03:00,25.4,0.0,94,1008.0,7.6,35,24.4,28.8,10.0,9.4,SSW,Partly cloudy,1.0
2025-04-19 13:00,32.0,0.0,71,1007.0,11.2,12,25.2,40.3,10.0,20.0,E,Sunny,6.800000000000001
2024-12-26 21:00,20.9,2.4,95,1018.0,11.2,100,20.0,22.9,9.0,16.7,NNW,Moderate or heavy rain shower,0.8999999999999986
2025-01-27 07:00,16.7,1.1,91,1020.0,11.5,100,15.3,18.7,10.0,15.7,NW,Heavy rain at times,1.3999999999999986
2024-10-15 04:00,24.1,0.0,90,1010.0,7.6,83,22.3,26.4,10.0,12.5,W,Cloudy,1.8000000000000007
2025-05-04 01:00,24.6,0.0,92,1007.0,4.9,9,23.1,27.2,10.0,10.0,SSW,Clear,1.5
2024-10-29 00:00,21.5,0.1,86,1006.0,5.8,100,19.1,23.5,10.0,9.4,WSW,Patchy rain possible,2.3999999999999986
2024-12-31 04:00,20.5,0.7,94,1016.0,8.9,100,19.5,22.5,10.0,14.0,N,Moderate rain at times,1.0
2025-02-25 03:00,21.1,2.3,93,1020.0,11.6,100,19.8,23.1,9.0,18.8,NE,Moderate or heavy rain shower,1.3000000000000007
2025-01-27 05:00,16.7,0.7,91,1019.0,16.9,100,15.2,18.7,10.0,24.0,NNW,Moderate rain at times,1.5
2024-11-15 17:00,25.5,0.0,87,1009.0,8.3,6,23.2,28.3,10.0,11.7,ESE,Sunny,2.3000000000000007
2024-07-29 13:00,30.0,0.0,67,1003.0,9.7,52,23.3,34.5,10.0,19.8,SW,Partly cloudy,6.699999999999999
2025-05-01 14:00,30.6,0.0,71,1010.0,16.9,12,22.4,36.5,10.0,26.0,ENE,Sunny,8.200000000000003
2024-12-09 23:00,22.5,0.7,91,1014.0,5.9,100,21.0,24.9,10.0,10.8,ENE,Moderate rain at times,1.5
2024-12-07 19:00,23.0,0.0,88,1015.0,8.2,77,21.0,25.2,9.0,13.1,NE,Cloudy,2.0
2025-03-27 13:00,31.6,0.0,64,1002.0,13.5,5,24.0,37.4,10.0,27.4,E,Sunny,7.600000000000001
2024-07-07 16:00,30.5,0.0,76,1004.0,21.2,80,24.3,36.0,9.0,32.3,ESE,Cloudy,6.199999999999999
2024-12-11 23:00,23.2,2.3,94,1013.0,12.9,100,22.1,25.6,9.0,23.0,NE,Moderate or heavy rain shower,1.0999999999999979
2025-05-03 14:00,31.5,0.0,72,1006.0,18.0,12,23.5,39.2,10.0,24.9,E,Sunny,8.0
2024-09-02 15:00,31.3,0.0,63,1005.0,17.3,12,23.5,36.5,10.0,27.6,ENE,Sunny,7.800000000000001
2025-01-05 14:00,22.8,0.0,81,1016.0,12.1,72,16.5,24.9,10.0,23.1,NNW,Cloudy,6.300000000000001
2024-08-05 12:00,33.5,0.0,58,1006.0,14.8,11,22.2,38.5,10.0,22.5,ENE,Sunny,11.3
2025-03-30 13:00,24.6,0.5,89,1014.0,14.8,100,22.8,27.2,10.0,22.8,N,Light rain shower,1.8000000000000007
2025-01-12 07:00,17.6,0.0,74,1025.0,15.5,91,12.8,19.6,10.0,22.6,NNE,Overcast,4.800000000000001
2024-12-17 02:00,19.5,0.0,87,1017.0,8.6,100,17.3,21.5,10.0,12.2,NW,Overcast,2.1999999999999993
2024-05-31 00:00,27.9,0.0,77,1002.0,10.8,21,23.6,31.7,10.0,14.1,WSW,Clear,4.299999999999997
2024-06-26 04:00,24.7,0.2,90,1005.0,8.3,87,22.9,27.3,10.0,14.7,SW,Patchy rain possible,1.8000000000000007
2024-11-20 22:00,23.4,0.2,89,1014.0,7.5,55,21.6,25.6,10.0,13.4,WNW,Patchy rain possible,1.7999999999999972
2025-01-02 05:00,20.1,0.0,86,1014.0,6.1,100,17.6,22.1,10.0,9.2,WNW,Overcast,2.5
2024-11-12 14:00,25.7,4.8,86,1009.0,8.6,100,23.3,28.6,10.0,21.9,N,Moderate or heavy rain shower,2.3999999999999986
2024-09-11 23:00,26.3,0.0,82,1008.0,4.3,46,22.9,29.2,10.0,7.4,SW,Partly cloudy,3.400000000000002
2024-11-25 03:00,23.8,0.3,88,1012.0,2.9,100,21.6,26.0,10.0,8.6,NNE,Patchy rain possible,2.1999999999999993
2024-11-29 04:00,21.2,0.1,77,1018.0,11.5,75,17.1,23.2,10.0,19.5,NE,Patchy rain possible,4.099999999999998
2024-09-08 15:00,35.1,0.0,60,1003.0,12.6,24,22.5,41.1,10.0,24.2,NE,Sunny,12.600000000000001
2025-01-14 23:00,19.4,0.0,87,1019.0,7.4,100,17.2,21.4,10.0,12.6,WNW,Overcast,2.1999999999999993
2024-06-01 22:00,26.5,0.1,87,1009.0,9.7,74,24.2,30.2,10.0,11.3,SSW,Patchy rain possible,2.3000000000000007
2024-11-06 07:00,24.3,1.4,88,1016.0,14.9,100,22.1,26.6,10.0,33.7,NE,Heavy rain at times,2.1999999999999993
2025-04-22 05:00,23.8,0.0,86,1009.0,9.0,19,21.3,25.9,10.0,11.5,SSW,Clear,2.5
2024-09-24 01:00,24.8,0.0,89,1010.0,8.6,54,23.0,27.4,10.0,13.5,NW,Partly cloudy,1.8000000000000007
2025-01-08 17:00,22.3,0.1,83,1014.0,10.8,74,19.2,24.7,10.0,14.0,ENE,Patchy rain possible,3.1000000000000014
2024-07-01 09:00,31.9,0.0,59,1007.0,12.2,15,23.0,36.8,10.0,15.6,SW,Sunny,8.899999999999999
2024-12-13 09:00,23.6,1.1,92,1015.0,15.8,100,22.3,26.0,9.0,25.7,NE,Heavy rain at times,1.3000000000000007
2025-01-22 05:00,16.5,0.0,85,1014.0,5.0,4,13.9,18.5,10.0,9.1,WSW,Clear,2.5999999999999996
2025-01-22 10:00,20.9,0.0,72,1017.0,3.2,20,15.7,22.9,10.0,8.9,S,Sunny,5.199999999999999
2024-11-23 07:00,23.9,1.7,89,1016.0,15.8,100,22.1,26.2,10.0,30.8,NE,Moderate or heavy rain shower,1.7999999999999972
2024-10-18 00:00,24.4,0.0,90,1010.0,7.2,29,22.6,26.8,10.0,8.3,WSW,Partly cloudy,1.7999999999999972
2025-04-06 12:00,26.6,0.0,75,1013.0,11.9,30,21.7,29.1,10.0,18.8,E,Partly cloudy,4.900000000000002
2024-10-10 00:00,23.3,0.0,87,1012.0,8.6,43,21.1,25.5,10.0,10.5,WSW,Partly cloudy,2.1999999999999993
2024-11-15 22:00,23.5,0.0,89,1011.0,5.0,5,21.7,25.8,10.0,8.6,SSW,Clear,1.8000000000000007
2024-08-31 10:00,31.1,0.0,60,1007.0,7.9,23,22.3,35.3,10.0,9.1,NNE,Sunny,8.8
2025-02-25 02:00,21.0,2.4,93,1021.0,12.9,100,19.8,23.0,9.0,24.6,NE,Moderate or heavy rain shower,1.1999999999999993
2024-11-04 22:00,23.7,3.5,89,1014.0,7.9,77,21.7,25.9,10.0,13.4,NNW,Moderate or heavy rain shower,2.0
2024-05-29 02:00,27.4,0.0,77,1002.0,10.1,63,23.0,30.7,10.0,13.0,SSW,Cloudy,4.399999999999999
2025-02-11 05:00,18.8,0.0,86,1015.0,5.8,100,16.5,20.8,10.0,9.2,WNW,Overcast,2.3000000000000007
2024-08-26 14:00,33.1,0.0,64,1005.0,18.0,18,23.0,38.7,10.0,24.9,ENE,Sunny,10.100000000000001
2025-03-03 19:00,24.1,0.0,93,1007.0,7.6,11,22.8,26.6,10.0,9.4,SSE,Clear,1.3000000000000007
2024-10-20 11:00,25.7,0.3,90,1015.0,11.9,74,24.0,29.0,10.0,26.6,NE,Patchy rain possible,1.6999999999999993
2024-08-03 08:00,29.6,0.0,74,1009.0,5.8,13,24.2,34.6,10.0,6.8,SW,Sunny,5.400000000000002
2025-02-13 06:00,21.6,0.5,97,1014.0,7.2,100,21.2,23.6,0.0,11.0,N,Moderate rain at times,0.40000000000000213
2024-05-27 18:00,30.9,0.0,81,1003.0,4.3,17,25.9,38.4,10.0,12.5,SE,Sunny,5.0
2025-05-12 02:00,23.8,0.0,93,1008.0,9.7,83,22.6,26.3,10.0,10.4,WNW,Cloudy,1.1999999999999993
2024-12-19 22:00,20.6,0.4,84,1018.0,7.8,90,17.8,22.6,10.0,13.8,NE,Patchy rain possible,2.8000000000000007
2024-06-12 18:00,29.6,0.0,78,1006.0,7.2,75,25.3,35.8,10.0,16.7,SE,Cloudy,4.300000000000001
2024-06-22 00:00,26.4,0.0,86,1004.0,7.6,18,24.0,29.9,10.0,13.6,SSW,Clear,2.3999999999999986
2024-09-28 17:00,28.3,0.0,84,1006.0,10.1,87,25.3,33.7,10.0,14.1,ESE,Overcast,3.0
2025-01-07 21:00,20.3,0.1,82,1017.0,4.0,84,17.1,22.3,10.0,6.4,SE,Patchy rain possible,3.1999999999999993
2025-01-10 05:00,20.0,0.8,87,1021.0,14.7,100,17.8,22.0,10.0,26.0,ENE,Moderate rain at times,2.1999999999999993
2024-06-16 20:00,27.3,0.1,89,1007.0,13.8,77,23.9,31.2,9.0,25.3,SW,Patchy rain possible,3.400000000000002
2025-04-10 01:00,22.8,0.0,94,1008.0,5.9,31,21.8,25.2,2.0,10.5,SSW,Partly cloudy,1.0
2024-12-03 01:00,23.1,0.1,88,1013.0,0.7,100,21.0,25.3,10.0,6.8,ESE,Patchy rain possible,2.1000000000000014
2024-07-30 15:00,31.0,0.0,63,1004.0,9.7,55,23.2,35.8,10.0,16.4,N,Partly cloudy,7.800000000000001
2025-02-07 15:00,23.0,0.4,80,1015.0,13.0,83,19.3,25.1,10.0,23.0,NE,Patchy rain possible,3.6999999999999993
2024-09-12 12:00,31.1,0.3,73,1007.0,12.6,77,24.4,37.2,9.0,20.2,NNE,Patchy rain possible,6.700000000000003
2025-03-06 02:00,23.5,0.1,97,1009.0,5.8,53,23.1,26.1,2.0,10.1,SE,Patchy rain possible,0.3999999999999986
2024-08-01 20:00,28.5,0.0,86,1009.0,1.4,15,24.1,33.1,10.0,2.6,SE,Clear,4.399999999999999
2025-03-30 11:00,24.8,0.48,88,1015.0,10.4,89,22.8,27.4,10.0,14.7,NNE,Light rain shower,2.0
2025-01-21 14:00,21.8,0.0,66,1013.0,10.4,0,15.1,23.8,10.0,12.0,ENE,Sunny,6.700000000000001
2024-11-27 13:00,25.7,0.6,86,1014.0,24.5,54,21.0,27.8,10.0,42.8,NE,Moderate rain at times,4.699999999999999
2024-09-22 14:00,26.3,7.6,92,1002.0,9.4,100,24.6,30.2,9.0,19.0,SW,Moderate or heavy rain shower,1.6999999999999993
2024-12-09 17:00,22.6,0.3,90,1013.0,9.4,100,20.9,24.9,10.0,14.0,ENE,Patchy rain possible,1.7000000000000028
2024-05-26 14:00,31.5,0.0,73,1005.0,10.2,70,25.3,38.5,10.0,17.6,NE,Cloudy,6.199999999999999
2024-08-27 04:00,24.9,0.0,85,1006.0,7.9,11,22.2,27.2,10.0,9.3,SW,Clear,2.6999999999999993
2024-09-11 13:00,29.3,0.0,85,1007.0,9.0,78,24.4,34.5,10.0,15.9,SSW,Cloudy,4.900000000000002
2025-02-08 11:00,20.4,1.3,85,1020.0,17.5,100,17.8,22.4,10.0,29.2,NE,Heavy rain at times,2.599999999999998
2025-05-13 16:00,26.4,0.0,83,1008.0,8.3,74,23.2,29.5,10.0,14.6,ENE,Cloudy,3.1999999999999993
2024-09-08 02:00,27.9,0.0,69,1003.0,9.2,59,21.8,30.7,10.0,17.2,WSW,Partly cloudy,6.099999999999998
2024-11-25 23:00,23.5,0.5,89,1014.0,3.6,59,21.6,25.8,10.0,6.0,NNW,Moderate rain at times,1.8999999999999986
2024-07-04 21:00,25.0,0.0,91,1009.0,6.2,71,23.4,27.9,9.0,11.6,SW,Cloudy,1.6000000000000014
2024-05-28 16:00,33.2,0.0,70,1001.0,11.9,72,24.8,40.9,10.0,17.4,ENE,Cloudy,8.400000000000002
2025-05-09 01:00,26.5,0.0,85,1004.0,8.3,44,23.8,29.9,10.0,11.6,SSW,Partly cloudy,2.6999999999999993
2024-12-04 16:00,24.6,0.0,79,1011.0,9.7,88,20.8,26.6,10.0,17.6,NE,Overcast,3.8000000000000007
2025-03-24 02:00,19.3,0.0,92,1014.0,6.8,22,18.1,21.3,10.0,11.4,SW,Clear,1.1999999999999993
2024-07-12 00:00,24.9,0.0,91,1005.0,8.0,21,23.3,27.6,10.0,15.9,SSW,Clear,1.5999999999999979
2025-05-05 00:00,25.6,0.0,82,1008.0,7.4,18,23.1,28.1,10.0,15.9,SW,Clear,2.5
2025-01-20 02:00,17.4,0.0,85,1013.0,4.3,72,14.9,19.4,10.0,7.3,W,Cloudy,2.4999999999999982
2024-06-15 14:00,34.9,0.0,60,1001.0,19.1,10,24.1,42.4,10.0,28.3,ENE,Sunny,10.799999999999997
2025-01-10 15:00,20.7,0.3,80,1020.0,15.2,66,17.1,22.7,10.0,27.0,NE,Patchy rain possible,3.599999999999998
2024-11-02 15:00,26.3,0.0,71,1012.0,20.5,78,20.5,28.3,10.0,25.9,NNW,Cloudy,5.800000000000001
2024-12-01 17:00,23.2,0.0,88,1011.0,9.4,89,21.0,25.4,10.0,12.6,ENE,Overcast,2.1999999999999993
2025-01-19 06:00,18.9,0.0,82,1016.0,3.6,72,15.9,20.9,10.0,5.5,WNW,Cloudy,2.9999999999999982
2024-11-19 09:00,24.9,0.8,85,1016.0,12.6,90,22.3,27.3,10.0,24.7,ENE,Moderate rain at times,2.599999999999998
2024-12-18 03:00,20.9,0.0,88,1016.0,7.6,100,18.9,22.9,10.0,11.3,NNW,Overcast,2.0
2024-12-16 17:00,19.2,0.2,90,1018.0,10.1,100,17.5,21.2,10.0,13.5,NNW,Patchy rain possible,1.6999999999999993
2025-02-12 04:00,20.3,0.0,89,1013.0,4.0,89,18.4,22.3,10.0,6.8,W,Overcast,1.9000000000000021
2024-08-28 02:00,24.8,0.0,87,1006.0,7.4,23,22.5,27.2,10.0,16.8,WSW,Clear,2.3000000000000007
2024-10-16 11:00,28.4,0.0,73,1012.0,5.8,83,23.1,32.1,10.0,15.6,NNE,Cloudy,5.299999999999997
2024-08-22 03:00,25.8,0.0,82,1007.0,9.0,26,22.4,28.3,10.0,11.8,SW,Partly cloudy,3.400000000000002
2024-05-31 03:00,26.3,0.0,85,1002.0,7.7,79,23.5,29.5,9.0,14.9,WSW,Cloudy,2.8000000000000007
2024-11-19 12:00,25.3,1.0,84,1014.0,15.7,90,22.5,27.8,10.0,37.1,ENE,Heavy rain at times,2.8000000000000007
2024-06-25 10:00,31.4,0.0,57,1006.0,2.9,47,21.9,35.2,10.0,10.7,SW,Partly cloudy,9.5
2025-04-30 13:00,28.9,0.0,64,1009.0,14.8,6,21.4,31.7,10.0,17.0,E,Sunny,7.5
2025-02-08 16:00,20.2,0.6,87,1018.0,19.4,100,18.0,22.2,10.0,29.2,NE,Moderate rain at times,2.1999999999999993
2024-08-17 04:00,26.0,0.0,86,1005.0,9.7,28,23.6,29.2,10.0,12.2,WSW,Partly cloudy,2.3999999999999986
2024-11-22 20:00,24.1,3.3,88,1015.0,15.3,100,22.0,26.3,10.0,24.3,NE,Moderate or heavy rain shower,2.1000000000000014
2025-03-28 14:00,31.0,0.0,77,1004.0,11.4,13,25.5,38.5,10.0,23.9,ESE,Sunny,5.5
2024-06-18 20:00,29.7,0.0,83,1005.0,1.8,60,24.9,35.5,10.0,7.3,SSW,Cloudy,4.800000000000001
2025-04-29 16:00,27.7,0.0,70,1009.0,13.3,4,21.8,30.4,10.0,15.8,E,Sunny,5.899999999999999
2025-03-16 14:00,22.5,13.0,82,1014.0,20.6,52,19.2,24.8,10.0,31.1,NW,Moderate or heavy rain shower,3.3000000000000007
2024-05-28 00:00,27.6,0.0,78,1004.0,7.9,18,23.4,31.2,10.0,11.3,WSW,Clear,4.200000000000003
2024-09-24 05:00,24.3,0.0,90,1010.0,7.2,71,22.6,26.8,10.0,11.1,W,Cloudy,1.6999999999999993
2024-09-28 02:00,24.8,0.0,91,1009.0,6.5,18,23.2,27.4,10.0,11.0,SW,Clear,1.6000000000000014
2025-03-29 13:00,27.6,0.3,86,1010.0,16.9,55,23.8,31.5,10.0,27.6,E,Patchy rain possible,3.8000000000000007
2025-04-25 09:00,32.8,0.0,63,1010.0,8.3,26,22.2,40.0,10.0,10.6,SE,Partly cloudy,10.599999999999998
2024-08-19 23:00,27.0,0.0,85,1007.0,5.9,10,24.3,30.9,10.0,11.5,SW,Clear,2.6999999999999993
2024-12-06 06:00,22.9,1.4,91,1013.0,7.6,100,21.3,25.2,10.0,12.6,ENE,Heavy rain at times,1.5999999999999979
2024-05-28 14:00,34.6,0.0,62,1001.0,10.7,31,25.1,43.2,9.0,21.7,NE,Partly cloudy,9.5
2025-05-09 14:00,32.7,2.1,68,1003.0,11.9,76,25.1,41.2,10.0,23.2,ENE,Moderate or heavy rain shower,7.600000000000001
2024-09-06 15:00,33.6,0.0,56,998.0,12.6,34,23.7,39.9,10.0,26.5,NNW,Partly cloudy,9.900000000000002
2024-05-25 14:00,30.8,0.9,81,1006.0,14.8,78,26.0,38.5,9.0,22.4,E,Moderate rain at times,4.800000000000001
2025-04-24 06:00,24.8,0.0,81,1007.0,6.3,27,21.3,26.9,10.0,12.4,SSW,Partly cloudy,3.5
2024-11-24 01:00,23.9,0.3,90,1014.0,14.0,90,22.2,26.2,10.0,29.4,ENE,Patchy rain possible,1.6999999999999993
2024-09-02 19:00,27.8,0.4,80,1008.0,7.9,52,24.1,32.0,10.0,12.5,ESE,Patchy rain possible,3.6999999999999993
2024-06-20 07:00,30.4,0.0,60,1003.0,9.4,16,21.7,33.8,10.0,13.2,SW,Sunny,8.7
2024-12-25 10:00,20.4,0.2,90,1018.0,9.4,100,18.6,22.4,10.0,19.1,NW,Patchy rain possible,1.7999999999999972
2024-06-22 21:00,26.4,0.1,87,1004.0,9.7,73,24.1,30.0,10.0,13.0,SSW,Patchy rain possible,2.299999999999997
2024-10-21 17:00,25.7,1.2,90,1011.0,9.4,82,24.0,29.0,10.0,17.5,NNE,Heavy rain at times,1.6999999999999993
2025-02-12 03:00,20.2,0.0,89,1013.0,4.7,97,18.4,22.2,10.0,7.9,WSW,Overcast,1.8000000000000007
2025-02-05 03:00,17.9,0.2,90,1015.0,5.4,76,16.2,19.9,10.0,8.2,W,Patchy rain possible,1.6999999999999993
2024-10-05 18:00,24.9,0.1,88,1011.0,7.9,100,22.8,27.5,10.0,14.7,NNW,Patchy rain possible,2.099999999999998
2024-08-09 01:00,27.0,0.0,82,1006.0,7.9,20,23.5,30.4,10.0,9.2,WSW,Clear,3.5
2024-09-08 04:00,27.7,0.0,70,1004.0,7.6,67,21.7,30.4,10.0,15.1,SW,Cloudy,6.0
2024-08-02 13:00,32.4,0.7,61,1006.0,15.1,79,24.0,38.6,10.0,17.4,NE,Moderate rain at times,8.399999999999999
2025-04-08 10:00,26.5,0.1,75,1016.0,10.8,80,21.7,28.9,10.0,18.6,ESE,Patchy rain possible,4.800000000000001
2024-09-18 11:00,26.0,6.0,84,1003.0,18.0,98,23.2,28.9,10.0,31.7,W,Moderate or heavy rain shower,2.8000000000000007
2025-04-12 12:00,35.0,0.0,62,1007.0,13.0,83,23.5,45.7,10.0,19.3,ENE,Cloudy,11.5
2025-04-14 14:00,25.9,0.0,72,1013.0,13.7,54,19.1,27.7,10.0,21.5,NNE,Partly cloudy,6.799999999999997
2025-02-05 10:00,20.7,0.1,83,1017.0,4.7,77,17.7,22.7,10.0,11.1,S,Patchy rain possible,3.0
2024-06-12 09:00,32.6,0.0,56,1008.0,6.1,26,22.7,37.5,10.0,12.3,WSW,Partly cloudy,9.900000000000002
2024-06-12 13:00,34.7,0.0,61,1006.0,16.6,20,23.9,41.9,10.0,24.5,NE,Sunny,10.800000000000004
2024-06-20 18:00,31.6,0.0,73,1003.0,13.7,87,24.2,37.7,10.0,21.9,SE,Overcast,7.400000000000002
2024-10-29 05:00,21.3,2.6,88,1005.0,8.3,87,19.2,23.3,10.0,13.3,SSW,Moderate or heavy rain shower,2.1000000000000014
2024-06-17 02:00,25.6,0.0,84,1004.0,6.8,20,22.7,28.3,10.0,14.6,SW,Clear,2.900000000000002
2024-08-10 15:00,33.7,0.0,64,1001.0,11.0,29,24.3,40.9,9.0,21.6,E,Partly cloudy,9.400000000000002
2025-03-28 07:00,24.6,0.0,82,1007.0,9.7,19,21.4,26.7,10.0,15.8,SSE,Sunny,3.200000000000003
2024-12-05 03:00,21.8,0.0,87,1012.0,7.2,71,19.6,23.8,10.0,12.5,WNW,Cloudy,2.1999999999999993
2025-02-21 20:00,21.6,0.7,94,1019.0,11.2,99,20.5,23.6,10.0,16.4,ENE,Moderate rain at times,1.1000000000000014
2024-11-22 09:00,24.6,0.2,87,1016.0,15.5,100,22.3,27.0,10.0,29.4,NE,Patchy rain possible,2.3000000000000007
2024-10-26 13:00,22.4,1.9,89,1002.0,19.5,71,19.9,24.7,9.0,33.5,W,Moderate or heavy rain shower,2.5
2024-08-29 14:00,32.6,0.0,58,1003.0,12.6,12,23.4,38.3,10.0,22.4,NE,Sunny,9.200000000000003
2025-04-27 03:00,24.1,0.0,95,1010.0,8.3,27,23.6,26.8,2.0,10.8,S,Partly cloudy,0.5
2025-04-28 15:00,29.9,0.0,72,1008.0,16.9,4,22.4,33.8,10.0,27.0,E,Sunny,7.5
2024-07-18 17:00,27.9,3.3,85,1003.0,8.3,51,25.2,32.9,10.0,13.5,N,Moderate or heavy rain shower,2.6999999999999993
2024-11-29 07:00,21.3,0.0,77,1020.0,10.9,67,17.2,23.3,10.0,16.8,NE,Cloudy,4.100000000000001
2024-07-25 14:00,32.4,0.0,66,997.0,17.3,40,23.1,37.7,10.0,24.4,WSW,Partly cloudy,9.299999999999997
2025-02-17 09:00,23.0,0.0,86,1018.0,10.4,73,20.6,25.2,10.0,13.4,ESE,Cloudy,2.3999999999999986
2024-12-02 13:00,25.3,0.1,89,1012.0,8.6,100,21.3,27.5,10.0,17.7,E,Patchy rain possible,4.0
2024-07-26 15:00,32.1,0.3,69,998.0,14.2,84,23.2,37.5,10.0,25.1,SW,Patchy rain possible,8.900000000000002
2025-05-11 10:00,29.7,0.1,77,1008.0,12.2,74,23.4,35.8,10.0,16.3,N,Patchy rain possible,6.300000000000001
2024-07-17 17:00,28.3,0.2,82,1002.0,8.6,86,24.9,33.4,2.0,12.0,NNW,Patchy rain possible,3.400000000000002
2024-11-01 13:00,28.9,0.0,59,1009.0,16.6,4,20.2,31.1,10.0,28.8,NNW,Sunny,8.7
2024-09-25 10:00,28.3,0.1,73,1013.0,2.9,77,22.9,31.7,9.0,11.0,ESE,Patchy rain possible,5.400000000000002
2025-03-22 21:00,21.3,0.1,87,1020.0,5.0,77,18.8,23.3,10.0,8.5,ESE,Patchy rain possible,2.5
2024-08-24 18:00,29.8,0.0,78,1007.0,9.4,26,23.9,34.7,10.0,18.6,ESE,Partly cloudy,5.900000000000002
2024-08-28 18:00,29.0,0.0,77,1004.0,14.4,82,24.6,34.1,9.0,22.4,SE,Cloudy,4.399999999999999
2025-04-23 12:00,34.4,0.0,62,1007.0,12.4,15,23.5,44.1,10.0,24.3,ESE,Sunny,10.899999999999999
2024-09-16 00:00,25.4,0.0,87,1004.0,6.8,78,23.1,28.1,10.0,12.5,W,Cloudy,2.299999999999997
2024-12-21 15:00,21.3,0.0,79,1014.0,14.0,92,17.4,23.3,10.0,23.7,NE,Overcast,3.900000000000002
2024-05-29 06:00,27.7,0.0,72,1003.0,9.0,61,22.2,30.6,10.0,11.2,SSW,Cloudy,5.5
2024-09-16 20:00,26.5,0.1,85,1005.0,7.6,87,23.7,29.9,10.0,12.7,NW,Patchy rain possible,2.8000000000000007
2024-11-25 13:00,26.4,0.2,80,1012.0,8.6,71,22.7,29.3,9.0,18.9,NE,Patchy rain possible,3.6999999999999993
2024-08-17 22:00,27.2,0.0,91,1009.0,7.9,57,24.7,31.5,10.0,13.5,SSW,Partly cloudy,2.5
2024-10-26 07:00,21.7,0.0,93,1005.0,15.6,100,17.2,23.7,9.0,24.8,W,Overcast,4.5
2024-08-25 03:00,25.0,0.0,87,1007.0,9.0,87,22.7,27.5,9.0,10.8,WSW,Overcast,2.3000000000000007
2024-11-06 09:00,24.6,0.3,86,1018.0,18.6,78,22.0,26.9,10.0,30.5,NE,Patchy rain possible,2.6000000000000014
2024-12-03 16:00,24.9,0.0,82,1011.0,11.9,87,21.5,27.0,10.0,20.7,ENE,Overcast,3.3999999999999986
2025-01-11 16:00,19.2,0.0,81,1023.0,22.0,97,16.0,21.2,10.0,36.4,NNE,Overcast,3.1999999999999993
2025-03-17 04:00,20.4,0.1,84,1015.0,5.3,100,17.6,22.4,10.0,8.0,NW,Patchy rain possible,2.799999999999997
2025-02-01 23:00,19.0,0.0,92,1011.0,6.5,10,17.8,21.0,10.0,7.9,SW,Clear,1.1999999999999993
2024-10-30 16:00,26.4,0.76,86,1006.0,14.4,63,23.8,29.7,10.0,23.7,NW,Light rain shower,2.599999999999998
2024-06-27 19:00,27.8,0.8,84,1008.0,11.9,63,24.7,32.4,5.0,24.0,SE,Moderate rain at times,3.1000000000000014
2025-01-19 08:00,20.0,0.0,81,1017.0,1.1,63,16.7,22.0,10.0,8.1,NW,Cloudy,3.3000000000000007
2025-02-03 18:00,21.7,0.4,88,1015.0,13.0,67,19.6,23.7,10.0,20.1,N,Patchy rain possible,2.099999999999998
2025-04-21 20:00,26.1,0.0,90,1010.0,7.0,28,23.3,29.7,10.0,13.3,SE,Partly cloudy,2.8000000000000007
2025-03-04 15:00,28.5,0.3,81,1004.0,9.9,73,24.8,33.7,10.0,24.6,ESE,Patchy rain possible,3.6999999999999993
2025-03-06 14:00,26.8,0.3,86,1011.0,10.1,71,23.4,30.5,10.0,20.8,ENE,Patchy rain possible,3.400000000000002
2025-02-18 16:00,23.5,0.2,80,1014.0,8.6,71,19.9,25.5,10.0,22.8,ENE,Patchy rain possible,3.6000000000000014
2024-08-05 03:00,24.1,0.0,86,1007.0,6.9,8,21.6,26.3,10.0,13.5,SW,Clear,2.5
2024-11-25 10:00,26.1,0.4,82,1015.0,6.1,88,22.8,28.9,9.0,12.1,NE,Patchy rain possible,3.3000000000000007
2024-12-11 00:00,23.5,0.3,91,1012.0,9.7,100,21.9,25.7,10.0,15.2,ENE,Patchy rain possible,1.6000000000000014
2024-08-06 18:00,30.1,0.0,79,1006.0,9.0,71,23.7,35.1,9.0,20.6,SE,Cloudy,6.400000000000002
2025-05-08 07:00,27.7,0.0,75,1006.0,5.9,15,22.9,31.1,10.0,14.4,SSW,Sunny,4.800000000000001
2024-09-12 16:00,29.6,2.0,81,1005.0,9.0,74,24.8,35.4,10.0,19.6,NE,Moderate or heavy rain shower,4.800000000000001
2024-05-30 07:00,30.1,0.0,69,1002.0,13.0,50,23.8,35.1,10.0,18.8,SW,Partly cloudy,6.300000000000001
2024-08-18 05:00,25.2,0.0,89,1007.0,6.1,8,23.3,28.0,10.0,12.7,SW,Clear,1.8999999999999986
2025-02-28 06:00,19.5,0.0,94,1015.0,6.5,60,18.5,21.5,2.0,6.7,S,Partly cloudy,1.0
2024-10-15 11:00,27.9,0.1,82,1011.0,9.4,71,24.5,32.4,9.0,17.4,NE,Patchy rain possible,3.3999999999999986
2025-03-28 20:00,23.9,0.0,89,1008.0,6.8,13,22.0,26.1,10.0,13.6,SE,Clear,1.8999999999999986
2024-05-26 10:00,31.7,0.0,67,1008.0,2.9,18,24.8,38.4,10.0,11.2,NE,Sunny,6.899999999999999
2024-06-26 00:00,25.4,0.1,88,1007.0,6.5,72,23.4,28.3,10.0,11.4,SW,Patchy rain possible,2.0
2025-01-11 14:00,19.6,0.1,81,1023.0,23.8,87,16.3,21.6,10.0,38.9,NNE,Patchy rain possible,3.3000000000000007
2024-12-24 11:00,20.3,0.1,89,1017.0,10.4,100,18.5,22.3,10.0,13.8,NW,Patchy rain possible,1.8000000000000007
2024-06-03 19:00,28.2,0.0,82,1006.0,7.2,78,24.8,33.1,5.0,13.1,SSE,Cloudy,3.3999999999999986
2025-03-22 17:00,22.9,0.0,76,1017.0,9.4,3,18.4,25.0,10.0,17.2,ENE,Sunny,4.5
2025-01-15 13:00,20.7,4.8,96,1018.0,16.6,100,20.1,22.7,7.0,26.5,N,Moderate or heavy rain shower,0.5999999999999979
2025-03-25 11:00,26.3,0.0,60,1009.0,13.7,2,17.9,27.5,10.0,20.4,ESE,Sunny,8.400000000000002
2024-09-21 11:00,30.0,0.0,70,1005.0,3.2,26,24.0,35.1,10.0,12.9,NE,Partly cloudy,6.0
2024-08-06 13:00,33.7,0.1,61,1005.0,13.8,70,22.8,39.3,10.0,20.7,ENE,Patchy rain possible,10.900000000000002
2024-07-14 23:00,24.7,2.8,94,1004.0,13.0,75,23.6,27.6,10.0,24.4,W,Moderate or heavy rain shower,1.0999999999999979
2024-11-27 08:00,23.9,0.0,87,1017.0,16.2,86,21.6,26.1,10.0,25.5,NE,Overcast,2.299999999999997
2025-05-07 21:00,27.8,0.0,90,1006.0,8.8,88,25.0,33.6,10.0,13.5,SW,Overcast,2.8000000000000007
2025-03-07 03:00,19.1,0.7,86,1015.0,7.1,100,16.6,21.1,10.0,18.0,WNW,Moderate rain at times,2.5
2025-01-25 16:00,23.5,0.0,83,1010.0,12.6,76,20.5,25.6,10.0,21.6,ESE,Cloudy,3.0
2024-09-10 02:00,24.8,0.0,91,1005.0,6.1,54,23.2,27.5,10.0,12.1,WSW,Partly cloudy,1.6000000000000014
2024-12-17 09:00,20.5,0.0,87,1019.0,4.3,100,18.3,22.5,2.0,5.5,NNW,Overcast,2.1999999999999993
2024-08-27 01:00,25.3,0.0,86,1007.0,9.0,11,22.8,27.9,10.0,12.2,SW,Clear,2.5
2024-12-30 21:00,21.6,0.1,91,1018.0,9.0,90,20.0,23.6,10.0,13.3,NE,Patchy rain possible,1.6000000000000014
2024-11-13 19:00,24.4,0.1,91,1011.0,6.5,61,22.9,26.9,10.0,8.3,E,Patchy rain possible,1.5
2024-11-12 16:00,25.4,0.6,88,1009.0,10.4,96,23.2,28.3,10.0,18.0,N,Moderate rain at times,2.1999999999999993
2024-10-30 09:00,25.2,0.05,86,1009.0,7.6,71,22.6,27.7,10.0,9.6,W,Patchy rain possible,2.599999999999998
2025-05-17 08:00,28.1,0.0,73,1010.0,8.3,20,22.8,31.4,10.0,9.9,S,Sunny,5.300000000000001
2025-02-20 17:00,23.0,0.1,85,1015.0,10.1,81,20.4,25.2,10.0,19.0,ENE,Patchy rain possible,2.6000000000000014
2025-01-28 11:00,18.9,0.3,83,1021.0,7.2,90,15.9,20.9,10.0,15.9,N,Patchy rain possible,2.9999999999999982
2024-08-31 14:00,31.7,0.0,59,1004.0,19.1,25,22.8,36.4,10.0,22.0,ENE,Partly cloudy,8.899999999999999
2024-10-18 02:00,24.1,0.0,89,1009.0,6.5,21,22.2,26.4,10.0,6.7,WSW,Clear,1.9000000000000021
2024-08-22 11:00,33.5,0.0,52,1008.0,10.6,22,22.3,38.4,10.0,17.4,E,Sunny,11.2
2024-09-08 08:00,30.4,0.0,68,1007.0,13.0,37,22.6,34.6,10.0,20.7,SW,Partly cloudy,7.799999999999997
2025-04-04 15:00,24.8,0.0,79,1010.0,13.5,27,20.8,26.8,10.0,19.9,ESE,Partly cloudy,4.0
2024-11-18 18:00,24.0,2.5,89,1013.0,15.5,79,22.1,26.3,10.0,29.3,NE,Moderate or heavy rain shower,1.8999999999999986
2024-10-10 06:00,22.9,0.0,83,1012.0,6.8,35,19.9,25.1,10.0,12.2,W,Partly cloudy,3.0
2024-12-01 23:00,21.4,0.0,90,1013.0,3.6,100,20.1,23.4,10.0,9.4,S,Overcast,1.2999999999999972
2024-12-18 11:00,22.1,0.3,86,1018.0,18.7,100,19.7,24.6,10.0,27.5,NNE,Patchy rain possible,2.400000000000002
2024-09-09 17:00,29.7,4.1,76,1003.0,10.8,82,25.0,35.6,9.0,15.0,ENE,Moderate or heavy rain shower,4.699999999999999
2025-02-06 21:00,19.8,0.0,88,1015.0,4.0,80,17.9,21.8,10.0,6.8,SSE,Cloudy,1.9000000000000021
2024-09-01 10:00,31.4,0.0,59,1008.0,9.4,14,22.5,35.8,10.0,15.6,E,Sunny,8.899999999999999
2025-02-12 05:00,20.3,0.0,89,1013.0,2.5,83,18.4,22.3,10.0,4.3,W,Cloudy,1.9000000000000021
2024-12-24 04:00,19.6,0.3,91,1015.0,13.3,100,18.2,21.6,10.0,24.0,NNE,Patchy rain possible,1.4000000000000021
2025-02-08 06:00,20.1,0.5,89,1018.0,17.3,100,18.2,22.1,10.0,30.8,NE,Moderate rain at times,1.9000000000000021
2024-10-17 17:00,26.7,0.1,84,1009.0,8.6,83,23.9,30.3,10.0,12.1,NE,Patchy rain possible,2.8000000000000007
2024-11-28 17:00,21.8,0.0,79,1018.0,13.9,78,18.0,23.8,10.0,28.5,NNE,Cloudy,3.8000000000000007
2025-03-21 17:00,21.6,0.0,73,1019.0,13.7,78,16.6,23.6,10.0,18.4,NE,Cloudy,5.0
2024-06-13 13:00,36.3,0.0,53,1004.0,7.8,15,23.6,43.8,10.0,13.8,NE,Sunny,12.699999999999996
2024-12-03 15:00,25.3,0.0,79,1011.0,12.6,69,21.4,27.4,10.0,21.5,NE,Cloudy,3.900000000000002
2025-02-22 08:00,21.5,0.6,95,1019.0,7.2,100,20.6,23.5,10.0,15.4,ENE,Moderate rain at times,0.8999999999999986
2024-07-20 23:00,25.6,0.0,89,1006.0,7.9,84,23.7,28.7,9.0,14.6,SW,Cloudy,1.9000000000000021
2025-03-27 15:00,29.2,0.0,72,1002.0,13.0,6,23.6,33.6,10.0,18.0,E,Sunny,5.599999999999998
2024-05-28 07:00,29.7,0.0,70,1003.0,8.2,32,23.7,34.3,10.0,18.7,WSW,Partly cloudy,6.0
2024-10-14 18:00,25.7,0.1,89,1010.0,12.6,80,23.7,28.9,10.0,19.5,N,Patchy rain possible,2.0
2025-01-31 01:00,17.2,0.0,92,1013.0,9.4,15,15.9,19.2,10.0,12.7,SW,Clear,1.299999999999999
2024-11-18 14:00,26.0,0.1,82,1011.0,14.4,67,22.7,28.7,10.0,22.9,NE,Patchy rain possible,3.3000000000000007
2024-09-01 14:00,32.6,0.0,62,1005.0,19.1,13,23.4,38.4,10.0,27.2,ENE,Sunny,9.200000000000003
2024-10-26 21:00,20.9,3.7,84,1001.0,23.9,86,17.7,22.9,2.0,41.2,SW,Moderate or heavy rain shower,3.1999999999999993
2025-05-07 01:00,26.1,0.0,87,1005.0,7.6,82,24.2,29.4,10.0,12.3,SSW,Cloudy,1.9000000000000021
2024-12-06 19:00,22.8,0.8,90,1013.0,7.6,100,21.1,25.1,10.0,12.3,ENE,Moderate rain at times,1.6999999999999993
2025-05-14 10:00,28.5,0.2,76,1012.0,5.4,57,23.9,32.8,10.0,12.8,NNE,Patchy rain possible,4.600000000000001
2024-07-23 09:00,30.2,0.0,76,1003.0,11.9,17,24.3,35.6,10.0,17.5,SW,Sunny,5.899999999999999
2024-12-29 06:00,20.5,0.4,83,1020.0,8.4,91,17.4,22.5,10.0,12.9,NNE,Patchy rain possible,3.1000000000000014
2024-10-18 08:00,26.3,0.0,83,1012.0,5.0,37,23.1,29.3,10.0,6.1,SW,Partly cloudy,3.1999999999999993
2024-11-03 15:00,23.2,2.3,93,1011.0,10.1,50,22.1,25.6,5.0,14.5,SSW,Moderate or heavy rain shower,1.0999999999999979
2024-05-25 01:00,25.0,0.0,91,1008.0,9.7,38,23.4,27.8,10.0,10.9,SSW,Partly cloudy,1.6000000000000014
2025-03-07 06:00,19.2,0.0,87,1016.0,9.4,100,17.0,21.2,10.0,14.3,WNW,Overcast,2.1999999999999993
2024-06-28 23:00,26.5,0.0,88,1007.0,3.6,20,24.4,30.4,10.0,5.9,SSW,Clear,2.1000000000000014
2024-09-09 00:00,28.0,0.0,79,1006.0,9.0,17,23.5,31.8,10.0,12.3,WSW,Clear,4.5
2024-06-13 12:00,36.1,0.0,51,1004.0,7.6,16,23.7,43.4,10.0,15.7,NNE,Sunny,12.400000000000002
2024-10-02 00:00,25.6,0.0,88,1009.0,8.6,80,23.5,28.6,9.0,11.5,WNW,Cloudy,2.1000000000000014
2024-09-22 21:00,24.1,2.4,95,1006.0,9.4,85,23.2,26.7,2.0,13.8,SSW,Moderate or heavy rain shower,0.9000000000000021
2024-07-21 08:00,28.3,0.0,73,1005.0,5.0,22,23.1,31.9,10.0,6.1,WSW,Sunny,5.199999999999999
2024-05-28 19:00,30.5,0.0,82,1004.0,6.5,86,24.6,36.6,10.0,14.6,SE,Overcast,5.899999999999999
2024-08-11 04:00,26.6,0.0,77,1002.0,10.1,9,22.2,29.2,10.0,15.4,WSW,Clear,4.400000000000002
2024-08-30 02:00,25.2,0.0,87,1005.0,7.8,22,22.9,27.8,10.0,16.1,SW,Clear,2.3000000000000007
2024-10-03 05:00,23.9,0.4,88,1012.0,9.6,89,21.9,26.1,10.0,16.8,WNW,Patchy rain possible,2.0
2024-05-27 16:00,33.2,0.0,71,1002.0,11.2,85,25.3,41.3,10.0,13.7,ESE,Overcast,7.900000000000002
2024-10-05 10:00,27.6,0.0,70,1013.0,6.8,94,21.6,30.1,10.0,14.7,NNW,Overcast,6.0
2025-01-13 06:00,15.9,0.0,82,1021.0,6.8,61,12.9,17.9,10.0,11.1,NW,Cloudy,3.0
2025-01-24 21:00,19.7,0.0,92,1012.0,6.8,15,18.3,21.7,10.0,11.9,SSE,Clear,1.3999999999999986
2024-12-26 03:00,20.5,0.3,91,1016.0,6.5,100,19.0,22.5,2.0,9.8,WNW,Patchy rain possible,1.5
2024-10-06 13:00,27.8,0.0,78,1011.0,14.8,70,23.5,31.5,9.0,27.3,NNW,Cloudy,4.300000000000001
2025-04-07 21:00,22.6,0.4,91,1017.0,3.6,80,21.0,24.9,10.0,6.8,SSE,Patchy rain possible,1.6000000000000014
2025-03-18 22:00,19.7,0.0,93,1022.0,14.0,100,18.5,21.7,10.0,19.0,N,Overcast,1.1999999999999993
2025-03-30 21:00,21.4,0.07,85,1016.0,14.8,100,18.8,23.4,10.0,21.4,NW,Patchy rain possible,2.599999999999998
2025-03-02 15:00,27.5,0.0,79,1007.0,15.5,7,22.7,31.1,10.0,25.3,ESE,Sunny,4.800000000000001
2025-05-17 22:00,25.3,0.0,90,1010.0,7.9,18,23.6,28.3,10.0,9.5,SW,Clear,1.6999999999999993
2025-01-12 13:00,19.4,0.0,69,1022.0,14.8,69,13.6,21.4,10.0,25.2,NE,Cloudy,5.799999999999999
2024-10-04 06:00,23.5,0.0,84,1014.0,5.8,100,20.7,25.6,10.0,8.6,WNW,Overcast,2.8000000000000007
2025-02-08 04:00,20.0,0.7,90,1016.0,17.8,100,18.2,22.0,10.0,30.0,NE,Moderate rain at times,1.8000000000000007
2024-06-10 19:00,27.2,1.81,93,1007.0,11.3,100,25.2,31.9,7.0,20.2,S,Moderate or heavy rain shower,2.0
2024-10-25 11:00,27.2,0.0,61,1009.0,15.1,3,18.9,28.6,10.0,28.2,NW,Sunny,8.3
2025-03-31 09:00,21.7,0.01,85,1017.0,8.3,100,19.2,23.7,10.0,10.9,WNW,Patchy rain possible,2.5
2025-03-21 16:00,22.3,0.0,69,1019.0,14.8,77,16.3,24.7,10.0,23.2,NE,Cloudy,6.0
2024-09-15 03:00,25.1,0.0,88,1001.0,8.3,63,23.0,27.8,10.0,10.4,WSW,Cloudy,2.1000000000000014
2024-06-19 10:00,34.2,0.0,50,1004.0,4.7,24,22.4,39.5,10.0,14.2,NW,Sunny,11.800000000000004
2025-01-22 02:00,16.6,0.0,85,1014.0,6.5,1,14.1,18.6,10.0,11.8,WSW,Clear,2.5000000000000018
2024-07-03 15:00,31.2,0.0,67,1006.0,23.0,79,24.3,37.2,10.0,32.0,ESE,Cloudy,6.899999999999999
2024-06-08 05:00,25.1,0.0,88,1005.0,6.4,47,22.9,27.7,10.0,13.1,SW,Partly cloudy,2.200000000000003
2024-10-11 23:00,24.0,0.1,90,1013.0,5.0,80,22.2,26.3,10.0,8.5,WSW,Patchy rain possible,1.8000000000000007
2024-07-23 12:00,32.4,0.0,67,1001.0,9.0,45,24.2,38.8,10.0,20.0,WNW,Partly cloudy,8.2
2024-08-24 08:00,29.2,0.0,70,1010.0,9.4,11,22.5,32.8,10.0,11.3,SSW,Sunny,6.699999999999999
2024-08-30 10:00,33.4,0.0,58,1007.0,5.4,26,22.5,38.6,10.0,13.6,ENE,Partly cloudy,10.899999999999999
2025-04-10 10:00,28.4,0.0,70,1009.0,7.2,52,22.4,31.6,10.0,12.8,ESE,Partly cloudy,6.0
2024-11-02 10:00,26.7,0.4,60,1014.0,11.9,73,18.4,28.0,10.0,13.8,NW,Patchy rain possible,8.3
2024-09-23 20:00,25.2,0.4,91,1010.0,8.2,89,23.9,28.3,2.0,13.1,WNW,Patchy rain possible,1.3000000000000007
2024-10-11 02:00,24.4,0.4,87,1011.0,9.7,100,22.1,26.7,10.0,14.8,NW,Patchy rain possible,2.299999999999997
2024-07-15 21:00,24.7,0.1,90,1003.0,10.1,70,22.9,27.3,10.0,10.9,SSW,Patchy rain possible,1.8000000000000007
2025-04-28 20:00,25.7,0.1,94,1011.0,5.4,78,23.8,28.9,10.0,9.0,S,Patchy rain possible,1.8999999999999986
2024-09-19 17:00,26.4,2.2,87,996.0,7.9,83,24.6,30.3,10.0,24.5,SSE,Moderate or heavy rain shower,1.7999999999999972
2024-11-12 21:00,24.3,4.1,88,1012.0,5.0,100,22.3,26.6,10.0,8.2,NNW,Moderate or heavy rain shower,2.0
2024-09-05 15:00,34.1,0.0,63,999.0,17.3,89,22.3,39.7,10.0,28.0,NNE,Overcast,11.8
2025-04-12 17:00,30.3,0.0,88,1006.0,8.6,74,24.1,40.4,10.0,14.9,SW,Cloudy,6.199999999999999
2024-08-10 11:00,35.6,0.0,48,1004.0,7.2,23,22.9,41.9,10.0,19.8,W,Sunny,12.700000000000003
2025-02-14 06:00,21.0,0.0,94,1014.0,7.6,100,20.0,23.0,2.0,11.7,NW,Overcast,1.0
2024-06-07 08:00,30.3,0.0,63,1007.0,6.1,9,22.5,34.3,10.0,11.3,SW,Sunny,7.800000000000001
2024-07-09 23:00,26.0,0.0,82,1008.0,10.1,47,22.7,28.7,10.0,13.1,SSW,Partly cloudy,3.3000000000000007
2025-01-24 10:00,22.4,0.0,74,1013.0,9.4,0,17.5,24.7,10.0,15.6,SSE,Sunny,4.899999999999999
2024-12-11 20:00,22.8,1.5,95,1013.0,12.0,100,22.0,25.2,7.0,22.3,NNE,Moderate or heavy rain shower,0.8000000000000007
2024-11-26 23:00,23.5,0.6,90,1015.0,10.4,88,21.8,25.8,10.0,23.8,ENE,Moderate rain at times,1.6999999999999993
2025-04-19 00:00,25.5,0.0,92,1008.0,4.7,31,24.2,28.7,10.0,10.2,S,Partly cloudy,1.3000000000000007
2025-05-22 19:00,27.9,0.0,93,1005.0,6.1,17,25.2,33.0,10.0,10.3,SE,Clear,2.6999999999999993
2024-11-12 08:00,24.3,0.9,91,1012.0,10.8,100,22.9,26.9,10.0,21.4,NW,Moderate rain at times,1.4000000000000021
2024-11-17 15:00,26.7,0.0,73,1010.0,9.0,0,21.6,29.1,10.0,18.0,NE,Sunny,5.099999999999998
2025-01-25 02:00,18.9,0.0,93,1011.0,6.1,37,17.7,20.9,10.0,10.6,S,Partly cloudy,1.1999999999999993
2025-05-18 12:00,32.6,0.0,66,1008.0,14.4,81,24.5,40.5,10.0,23.6,E,Cloudy,8.100000000000001
2024-05-30 06:00,28.1,0.0,74,1001.0,9.0,46,23.1,31.7,10.0,16.6,SW,Partly cloudy,5.0
2024-08-10 07:00,29.6,0.0,68,1005.0,6.4,11,23.0,33.7,10.0,15.1,WSW,Sunny,6.600000000000001
2024-07-07 19:00,26.8,0.1,88,1006.0,14.0,88,24.6,30.9,9.0,22.9,SE,Patchy rain possible,2.1999999999999993
2025-02-04 08:00,20.4,1.8,90,1019.0,15.8,100,18.8,22.4,10.0,26.4,ENE,Moderate or heavy rain shower,1.5999999999999979
2024-10-12 00:00,23.9,0.0,89,1013.0,4.0,78,22.1,26.2,10.0,6.6,WSW,Cloudy,1.7999999999999972
2024-07-26 02:00,28.5,0.0,67,997.0,10.0,82,21.7,31.4,10.0,15.9,WSW,Cloudy,6.800000000000001
2024-08-26 12:00,34.0,0.0,59,1006.0,18.4,17,22.8,39.7,10.0,26.2,ENE,Sunny,11.2
2025-04-24 11:00,33.1,0.0,59,1008.0,13.0,19,22.7,39.6,10.0,21.4,E,Sunny,10.400000000000002
2024-07-18 19:00,26.6,1.7,84,1005.0,3.2,50,23.7,30.0,10.0,12.1,N,Moderate or heavy rain shower,2.900000000000002
2025-05-03 05:00,23.3,0.0,92,1009.0,8.6,17,22.0,25.6,10.0,9.8,SSW,Clear,1.3000000000000007
2024-12-26 02:00,20.6,0.3,90,1016.0,6.5,100,18.9,22.6,2.0,9.9,WNW,Patchy rain possible,1.7000000000000028
2025-03-19 11:00,20.2,0.4,87,1023.0,11.9,100,18.0,22.2,2.0,20.1,NNE,Patchy rain possible,2.1999999999999993
2024-06-20 08:00,33.0,0.0,52,1004.0,8.6,16,21.8,37.4,10.0,10.7,SW,Sunny,11.2
2025-01-21 03:00,18.5,0.0,74,1014.0,1.4,28,13.8,20.5,10.0,2.2,NNE,Partly cloudy,4.699999999999999
2024-10-22 16:00,26.3,0.7,85,1011.0,16.2,89,23.5,29.6,9.0,28.4,NE,Moderate rain at times,2.8000000000000007
2024-07-31 05:00,25.3,0.0,82,1006.0,9.4,50,21.9,27.6,10.0,12.7,W,Partly cloudy,3.400000000000002
2024-06-13 04:00,26.5,0.0,75,1005.0,7.6,22,21.7,28.9,10.0,15.6,SW,Clear,4.800000000000001
2024-05-29 22:00,29.0,0.0,79,1004.0,9.0,61,25.5,34.9,10.0,10.2,SSW,Cloudy,3.5
2025-02-13 21:00,21.7,0.1,97,1016.0,7.6,100,21.2,23.7,2.0,10.6,N,Patchy rain possible,0.5
2024-07-03 22:00,27.4,0.0,87,1010.0,8.5,74,25.0,32.0,10.0,13.7,SE,Cloudy,2.3999999999999986
2025-02-17 14:00,24.2,0.0,79,1015.0,13.3,83,20.5,26.2,10.0,21.4,E,Cloudy,3.6999999999999993
2025-02-08 13:00,20.4,0.8,86,1019.0,20.9,100,18.0,22.4,10.0,30.3,NE,Moderate rain at times,2.3999999999999986
2024-10-15 14:00,27.9,0.8,82,1009.0,12.2,78,24.6,32.4,9.0,21.0,NNE,Moderate rain at times,3.299999999999997
2025-05-22 03:00,24.1,0.0,89,1006.0,6.1,86,22.1,26.3,10.0,12.8,SW,Overcast,2.0
2025-05-13 17:00,25.9,0.0,85,1008.0,6.5,59,23.2,28.8,10.0,8.6,ENE,Partly cloudy,2.6999999999999993
2024-09-05 16:00,32.9,0.0,71,999.0,19.1,71,23.2,38.8,10.0,27.5,NNE,Cloudy,9.7
2024-07-08 00:00,25.7,0.0,91,1007.0,5.8,63,24.1,29.0,10.0,8.9,SSE,Cloudy,1.5999999999999979
2024-10-31 11:00,26.1,1.09,85,1010.0,8.6,70,23.3,29.2,10.0,14.0,N,Light rain shower,2.8000000000000007
2025-04-05 03:00,20.4,0.0,94,1011.0,4.8,42,19.4,22.4,2.0,8.4,S,Partly cloudy,1.0
2024-08-04 00:00,25.4,0.0,87,1009.0,7.6,14,23.2,28.2,10.0,9.9,WSW,Clear,2.1999999999999993
2025-02-25 16:00,21.0,0.5,94,1019.0,11.5,100,19.9,23.0,10.0,19.6,N,Moderate rain at times,1.1000000000000014
2024-09-21 12:00,30.2,7.2,71,1004.0,7.9,77,24.4,35.7,10.0,15.7,NE,Moderate or heavy rain shower,5.800000000000001
2025-02-02 18:00,21.2,0.0,95,1009.0,6.5,38,20.3,23.2,2.0,10.6,SE,Partly cloudy,0.8999999999999986
2024-05-29 08:00,29.5,0.6,74,1004.0,5.6,71,23.8,34.3,10.0,11.5,SW,Moderate rain at times,5.699999999999999
2024-11-01 19:00,24.2,0.0,82,1010.0,11.7,9,20.9,26.2,10.0,20.5,NNW,Clear,3.3000000000000007
2025-04-13 00:00,24.6,10.4,95,1011.0,12.6,53,23.5,27.5,10.0,24.2,NNW,Moderate or heavy rain shower,1.1000000000000014
2024-09-06 08:00,28.6,0.0,69,1001.0,11.9,30,22.4,31.9,10.0,17.3,WSW,Partly cloudy,6.200000000000003
2024-09-15 13:00,29.4,0.3,77,1001.0,9.9,88,24.9,34.9,9.0,18.5,NNE,Patchy rain possible,4.5
2024-12-03 04:00,23.1,0.0,88,1012.0,2.9,81,20.9,25.3,10.0,4.4,ENE,Cloudy,2.200000000000003
2024-10-17 23:00,24.8,0.0,90,1011.0,6.8,34,22.9,27.4,10.0,11.3,WSW,Partly cloudy,1.9000000000000021
2024-10-25 02:00,21.2,0.0,81,1008.0,8.1,4,18.7,23.2,10.0,13.8,W,Clear,2.5
2024-12-20 08:00,20.8,0.3,81,1018.0,12.6,100,17.4,22.8,10.0,17.9,ENE,Patchy rain possible,3.400000000000002
2025-03-03 12:00,28.2,0.0,73,1008.0,14.4,7,22.9,31.7,10.0,19.9,SE,Sunny,5.300000000000001
2025-02-01 22:00,19.2,0.0,92,1011.0,5.8,11,17.9,21.2,10.0,10.8,SSW,Clear,1.3000000000000007
2025-02-21 02:00,21.1,1.1,92,1016.0,3.6,81,19.8,23.1,10.0,5.7,ENE,Heavy rain at times,1.3000000000000007
2024-08-06 22:00,26.7,0.0,87,1008.0,6.3,77,23.7,30.2,10.0,14.1,SW,Cloudy,3.0
2024-11-09 06:00,20.6,0.0,88,1015.0,9.7,22,18.7,22.6,10.0,11.6,WNW,Sunny,1.9000000000000021
2024-12-04 20:00,22.7,0.0,87,1014.0,4.7,50,20.5,24.9,10.0,7.5,NE,Partly cloudy,2.1999999999999993
2025-03-17 08:00,20.5,0.0,87,1018.0,6.5,100,18.2,22.5,10.0,14.0,WNW,Overcast,2.3000000000000007
2025-03-05 19:00,23.4,0.0,95,1009.0,7.2,54,22.6,25.9,2.0,11.3,SE,Partly cloudy,0.7999999999999972
2025-01-24 01:00,17.9,0.0,86,1012.0,7.6,0,15.6,19.9,10.0,9.4,SW,Clear,2.299999999999999
2024-06-04 21:00,27.3,0.5,84,1008.0,5.8,85,24.3,31.4,10.0,11.3,SSW,Moderate rain at times,3.0
2025-01-31 20:00,19.5,0.0,86,1012.0,4.3,0,17.2,21.5,10.0,7.9,S,Clear,2.3000000000000007
2025-05-16 06:00,25.0,0.0,87,1010.0,8.3,20,22.7,27.5,10.0,9.0,SSW,Sunny,2.3000000000000007
2024-10-19 23:00,24.7,0.6,89,1014.0,4.0,89,22.8,27.2,9.0,6.7,WSW,Moderate rain at times,1.8999999999999986
2024-10-20 22:00,24.4,0.6,91,1014.0,7.2,100,22.8,26.9,10.0,11.4,WNW,Moderate rain at times,1.5999999999999979
2025-02-24 18:00,20.7,2.8,94,1021.0,16.1,100,19.6,22.7,10.0,30.0,ENE,Moderate or heavy rain shower,1.0999999999999979
2024-10-13 18:00,25.8,1.58,89,1011.0,9.4,85,23.8,29.0,8.0,14.5,NNE,Moderate or heavy rain shower,2.0
2024-05-31 13:00,30.8,1.27,67,1003.0,7.6,100,24.0,36.3,10.0,10.7,NNW,Light rain shower,6.800000000000001
2024-07-09 07:00,26.8,0.0,81,1007.0,8.3,47,23.2,30.0,10.0,13.4,SW,Partly cloudy,3.6000000000000014
2024-09-14 13:00,29.8,0.1,78,1002.0,5.0,58,25.1,35.8,10.0,13.5,NNE,Patchy rain possible,4.699999999999999
2024-10-20 13:00,25.6,3.3,90,1013.0,11.9,92,23.9,28.8,10.0,28.5,N,Moderate or heavy rain shower,1.7000000000000028
2024-06-04 17:00,31.6,0.0,77,1005.0,9.0,70,24.9,38.5,9.0,13.2,ESE,Cloudy,6.700000000000003
2024-08-08 01:00,26.8,0.0,89,1007.0,4.9,17,24.2,30.6,10.0,10.5,SW,Clear,2.6000000000000014
2024-12-14 03:00,22.6,3.56,95,1015.0,20.3,100,21.7,25.0,7.0,33.0,NNE,Moderate or heavy rain shower,0.9000000000000021
2024-08-13 20:00,28.7,0.0,85,1006.0,7.9,78,25.1,34.1,9.0,9.9,SSE,Cloudy,3.599999999999998
2024-10-05 00:00,23.8,0.0,87,1013.0,8.6,69,21.6,26.0,10.0,13.3,WNW,Cloudy,2.1999999999999993
2024-09-16 14:00,29.8,0.0,73,1002.0,18.0,73,24.5,35.3,9.0,22.0,NNE,Cloudy,5.300000000000001
2024-11-27 03:00,23.6,0.2,89,1014.0,13.9,100,21.7,25.9,10.0,24.0,NE,Patchy rain possible,1.9000000000000021
2025-03-30 15:00,23.2,0.07,87,1013.0,17.6,100,20.9,25.3,10.0,23.5,NW,Patchy rain possible,2.3000000000000007
2024-09-29 13:00,30.8,0.1,80,1007.0,11.5,85,26.0,38.3,10.0,14.4,E,Patchy rain possible,4.800000000000001
2024-11-08 03:00,23.2,0.9,84,1015.0,11.0,77,20.4,25.3,2.0,17.6,NE,Moderate rain at times,2.8000000000000007
2024-08-13 19:00,28.1,0.0,83,1005.0,3.2,70,24.9,33.0,10.0,5.7,ESE,Cloudy,3.200000000000003
2025-02-07 18:00,20.9,0.1,91,1016.0,11.9,85,19.4,22.9,9.0,18.9,ENE,Patchy rain possible,1.5
2024-06-07 23:00,26.6,0.0,84,1007.0,7.9,26,23.6,29.9,10.0,10.8,SW,Partly cloudy,3.0
2024-11-18 11:00,27.0,0.1,73,1013.0,9.4,73,21.7,29.5,10.0,18.6,NNE,Patchy rain possible,5.300000000000001
2024-10-11 04:00,24.3,0.9,87,1011.0,8.6,94,22.0,26.6,10.0,13.1,NW,Moderate rain at times,2.3000000000000007
2025-03-29 06:00,22.7,0.0,95,1009.0,9.0,33,21.8,25.1,2.0,11.3,SE,Partly cloudy,0.8999999999999986
2024-09-13 15:00,29.6,0.1,75,1002.0,8.9,70,24.7,35.2,9.0,15.6,NNE,Patchy rain possible,4.900000000000002
2024-12-10 23:00,23.5,0.6,90,1012.0,10.4,100,21.8,25.7,10.0,15.8,E,Moderate rain at times,1.6999999999999993
2024-12-09 00:00,22.4,0.4,87,1017.0,11.5,86,20.2,24.7,10.0,21.7,NE,Patchy rain possible,2.1999999999999993
2025-03-13 15:00,27.4,0.0,84,1009.0,14.4,70,23.4,31.5,10.0,23.5,E,Cloudy,4.0
2025-02-18 11:00,23.6,0.7,74,1018.0,6.5,72,18.6,25.4,10.0,20.1,E,Moderate rain at times,5.0
2024-10-29 16:00,24.1,0.0,87,1005.0,10.5,77,21.7,26.2,10.0,18.1,WNW,Cloudy,2.400000000000002
2025-03-15 01:00,23.2,0.0,94,1010.0,7.9,13,22.3,25.5,10.0,8.7,SSW,Clear,0.8999999999999986
2024-11-17 04:00,22.2,0.0,88,1011.0,5.4,18,20.0,24.6,10.0,9.8,WSW,Clear,2.1999999999999993
2024-06-02 13:00,31.1,0.7,73,1008.0,8.3,62,24.9,37.7,10.0,18.1,NNE,Moderate rain at times,6.200000000000003
2025-05-19 04:00,24.4,0.0,89,1007.0,4.7,23,22.4,26.8,10.0,9.6,SSW,Clear,2.0
2025-01-09 18:00,21.2,0.9,89,1018.0,12.9,100,19.4,23.2,10.0,24.1,ENE,Moderate rain at times,1.8000000000000007
2024-06-03 14:00,33.2,0.0,70,1004.0,11.8,49,24.6,40.6,9.0,20.7,NE,Partly cloudy,8.600000000000001
2024-10-05 12:00,28.5,0.0,72,1012.0,6.8,67,21.7,31.3,10.0,16.9,NNW,Cloudy,6.800000000000001
2024-09-03 08:00,27.7,0.0,78,1009.0,5.8,19,23.6,31.5,10.0,7.2,W,Sunny,4.099999999999998
2024-06-04 01:00,26.1,0.0,83,1006.0,8.6,49,23.0,28.9,10.0,11.8,SSW,Partly cloudy,3.1000000000000014
2024-12-02 17:00,23.5,0.0,87,1012.0,8.3,100,21.2,25.7,10.0,11.8,ENE,Overcast,2.3000000000000007
2024-09-28 03:00,24.7,0.0,91,1009.0,6.1,14,23.0,27.3,10.0,10.5,SW,Clear,1.6999999999999993
2025-04-18 04:00,23.8,0.0,92,1006.0,5.1,21,22.4,26.1,10.0,7.4,SSW,Clear,1.4000000000000021
2025-03-03 11:00,27.9,0.0,74,1009.0,13.0,9,22.8,31.3,10.0,17.0,SE,Sunny,5.099999999999998
2024-12-13 00:00,23.5,0.8,90,1014.0,12.6,100,21.8,25.8,10.0,25.4,ENE,Moderate rain at times,1.6999999999999993
2025-01-09 14:00,22.4,0.2,86,1016.0,15.1,96,19.8,24.7,10.0,19.3,NE,Patchy rain possible,2.599999999999998
2025-05-12 12:00,29.1,0.3,81,1009.0,18.0,92,22.3,35.0,10.0,26.8,NNW,Patchy rain possible,6.800000000000001
2025-02-20 18:00,22.0,0.2,91,1016.0,9.7,56,20.5,24.0,10.0,14.7,ENE,Patchy rain possible,1.5
2024-12-29 04:00,20.4,0.0,83,1019.0,8.8,94,17.4,22.4,10.0,14.2,NE,Overcast,3.0
2025-05-17 15:00,29.7,0.1,76,1007.0,14.4,73,25.1,35.7,10.0,32.6,E,Patchy rain possible,4.599999999999998
2024-06-03 06:00,27.6,0.0,74,1007.0,6.8,34,22.5,30.6,10.0,11.9,WSW,Partly cloudy,5.100000000000001
2024-11-29 10:00,22.7,0.0,71,1020.0,16.6,74,17.1,24.8,10.0,26.4,NE,Cloudy,5.599999999999998
2025-01-27 23:00,17.8,0.0,90,1018.0,5.4,100,16.1,19.8,10.0,7.6,NNE,Overcast,1.6999999999999993
2025-05-06 20:00,28.7,0.0,91,1006.0,11.5,79,23.9,36.2,9.0,18.8,SW,Cloudy,4.800000000000001
2025-02-25 23:00,19.9,0.2,93,1022.0,9.7,100,18.8,21.9,2.0,14.5,NW,Patchy rain possible,1.0999999999999979
2025-03-19 12:00,20.3,0.3,86,1023.0,13.0,100,17.8,22.3,10.0,21.9,NNE,Patchy rain possible,2.5
2024-11-14 07:00,24.1,0.0,90,1012.0,5.8,19,22.3,26.5,10.0,8.3,SSW,Sunny,1.8000000000000007
2024-10-04 02:00,24.0,0.0,83,1012.0,10.8,96,20.9,26.0,10.0,16.3,WNW,Overcast,3.1000000000000014
2024-07-19 23:00,25.2,0.0,91,1006.0,6.2,69,23.7,28.2,10.0,10.5,SSW,Cloudy,1.5
2024-11-04 15:00,26.0,1.3,86,1011.0,14.4,77,23.4,29.0,9.0,22.3,N,Heavy rain at times,2.6000000000000014
2024-11-18 20:00,23.9,0.8,89,1014.0,15.5,92,22.0,26.2,10.0,23.3,NE,Moderate rain at times,1.8999999999999986
2024-12-22 07:00,19.4,0.0,79,1018.0,13.0,67,15.7,21.4,10.0,20.8,NNE,Cloudy,3.6999999999999993
2025-02-08 18:00,20.0,0.7,87,1019.0,15.2,100,17.8,22.0,10.0,23.5,NE,Moderate rain at times,2.1999999999999993
2025-01-14 10:00,21.1,0.0,84,1020.0,10.1,100,16.8,23.1,10.0,17.7,NW,Overcast,4.300000000000001
2024-05-26 11:00,32.6,0.0,65,1008.0,6.5,16,24.9,39.9,10.0,13.8,ENE,Sunny,7.700000000000003
2024-06-28 09:00,30.0,0.0,70,1009.0,8.3,86,23.8,34.9,10.0,14.3,SSE,Overcast,6.199999999999999
2025-05-08 06:00,26.0,0.0,82,1006.0,6.1,25,22.7,28.7,10.0,12.7,SSW,Partly cloudy,3.3000000000000007
2025-01-20 18:00,20.1,0.0,77,1013.0,7.9,41,15.9,22.1,10.0,11.2,NE,Partly cloudy,4.200000000000001
2024-11-28 21:00,21.6,0.0,80,1020.0,13.7,65,17.9,23.6,10.0,22.9,NNE,Cloudy,3.700000000000003
2024-11-26 12:00,25.4,0.4,85,1014.0,16.9,78,22.7,28.0,10.0,29.1,ENE,Patchy rain possible,2.6999999999999993
2025-04-12 18:00,29.2,0.0,87,1007.0,10.3,89,23.9,36.6,7.0,15.0,SW,Overcast,5.300000000000001
2025-05-11 16:00,27.0,0.3,93,1007.0,8.5,63,23.3,32.1,7.0,23.2,W,Patchy rain possible,3.6999999999999993
2024-12-29 01:00,20.4,0.0,84,1020.0,10.0,100,17.5,22.4,10.0,15.1,NE,Overcast,2.8999999999999986
2024-09-02 02:00,25.6,0.0,89,1006.0,6.8,17,23.7,28.7,10.0,11.4,SW,Clear,1.9000000000000021
2024-11-03 18:00,22.9,0.6,91,1012.0,5.0,58,21.4,25.2,10.0,8.3,SSW,Moderate rain at times,1.5
2024-08-28 01:00,24.8,0.0,88,1007.0,8.8,23,22.7,27.4,10.0,17.7,SW,Clear,2.1000000000000014
2025-04-12 04:00,24.3,0.0,86,1006.0,7.6,11,21.8,26.5,10.0,10.1,SSW,Clear,2.5
2025-01-02 06:00,20.1,0.0,85,1015.0,6.8,100,17.6,22.1,10.0,10.4,WNW,Overcast,2.5
2025-04-29 04:00,22.5,0.0,93,1011.0,5.4,23,21.4,24.9,10.0,9.9,SW,Clear,1.1000000000000014
2024-12-15 09:00,19.8,0.7,90,1023.0,18.7,100,18.0,21.8,2.0,29.6,N,Moderate rain at times,1.8000000000000007
2024-12-20 06:00,20.0,0.5,84,1017.0,9.4,100,17.2,22.0,10.0,14.6,NE,Moderate rain at times,2.8000000000000007
2024-12-11 16:00,23.2,3.9,94,1011.0,17.4,100,22.3,25.6,7.0,27.5,NE,Moderate or heavy rain shower,0.8999999999999986
2025-02-07 10:00,22.6,0.2,72,1018.0,4.1,81,17.4,24.8,10.0,15.8,E,Patchy rain possible,5.200000000000003
2024-07-12 16:00,31.2,0.1,75,1000.0,9.8,72,24.8,37.7,9.0,21.6,NE,Patchy rain possible,6.399999999999999
2025-03-14 10:00,27.5,0.0,77,1012.0,10.4,17,23.1,30.8,10.0,17.4,SE,Sunny,4.399999999999999
2025-02-18 01:00,20.8,0.0,87,1017.0,1.8,88,18.5,22.8,10.0,3.0,S,Overcast,2.3000000000000007
2024-07-06 08:00,29.2,0.0,69,1007.0,7.2,12,23.0,33.0,10.0,12.2,SSW,Sunny,6.199999999999999
2024-10-27 18:00,23.8,0.0,81,1002.0,11.9,68,20.4,25.8,10.0,19.1,NW,Cloudy,3.400000000000002
2024-11-22 18:00,24.1,0.9,87,1013.0,14.7,99,21.8,26.3,10.0,30.3,NE,Moderate rain at times,2.3000000000000007
2025-01-17 19:00,19.5,0.0,82,1018.0,5.5,100,16.4,21.5,10.0,13.5,E,Overcast,3.1000000000000014
2025-03-23 05:00,19.0,0.0,89,1017.0,6.8,87,17.2,21.0,10.0,11.6,SSW,Overcast,1.8000000000000007
2025-03-31 20:00,20.6,0.01,84,1015.0,14.0,98,17.8,22.6,10.0,19.7,WNW,Patchy rain possible,2.8000000000000007
2024-09-25 08:00,26.0,0.0,83,1013.0,5.0,24,22.8,28.7,10.0,6.1,WSW,Sunny,3.1999999999999993
2024-07-08 01:00,25.3,0.0,92,1006.0,4.3,82,24.0,28.5,10.0,6.7,S,Cloudy,1.3000000000000007
2025-03-08 14:00,22.6,0.1,87,1014.0,8.3,100,18.9,24.9,10.0,21.6,NNW,Patchy rain possible,3.700000000000003
2025-04-19 14:00,31.9,0.0,75,1007.0,10.8,10,24.8,41.2,10.0,19.1,E,Sunny,7.099999999999998
2025-04-15 08:00,22.9,0.0,73,1015.0,2.2,9,17.8,25.0,10.0,6.8,SW,Sunny,5.099999999999998
2024-12-18 23:00,21.3,0.2,85,1017.0,8.3,100,18.7,23.3,2.0,16.2,NE,Patchy rain possible,2.6000000000000014
2024-11-21 01:00,23.6,0.1,91,1014.0,13.8,100,22.0,25.9,10.0,26.6,NE,Patchy rain possible,1.6000000000000014
2024-09-15 05:00,25.1,0.0,87,1002.0,7.6,56,22.8,27.6,10.0,10.2,WSW,Partly cloudy,2.3000000000000007
2024-11-02 17:00,24.9,0.0,78,1012.0,14.4,66,20.7,26.8,10.0,27.7,NNW,Cloudy,4.199999999999999
2025-01-04 23:00,18.3,0.0,82,1018.0,5.8,57,16.1,20.3,10.0,9.5,NNW,Partly cloudy,2.1999999999999993
2025-03-17 00:00,20.2,0.0,85,1017.0,8.7,100,17.6,22.2,10.0,13.1,NW,Overcast,2.599999999999998
2025-01-17 01:00,19.6,0.1,88,1020.0,11.9,100,17.5,21.6,10.0,18.6,NE,Patchy rain possible,2.1000000000000014
2024-12-12 19:00,23.3,1.34,94,1013.0,20.5,100,22.2,25.7,9.0,27.6,ENE,Heavy rain at times,1.1000000000000014
2025-03-20 05:00,19.2,0.0,85,1022.0,7.9,100,16.7,21.2,2.0,11.2,NNW,Overcast,2.5
2024-09-02 03:00,25.5,0.0,90,1006.0,6.5,14,23.6,28.5,10.0,10.9,SW,Clear,1.8999999999999986
2024-12-07 17:00,23.3,0.0,88,1013.0,13.0,77,21.2,25.5,10.0,19.0,NE,Cloudy,2.1000000000000014
2024-12-18 08:00,21.7,0.1,88,1019.0,12.9,100,19.7,23.7,10.0,23.6,NNE,Patchy rain possible,2.0
2024-10-29 08:00,23.2,1.6,84,1007.0,5.0,75,20.3,25.3,10.0,6.4,SW,Moderate or heavy rain shower,2.8999999999999986
2025-04-02 02:00,20.4,0.0,85,1015.0,7.9,100,17.7,22.4,10.0,11.3,WNW,Overcast,2.6999999999999993
2024-09-10 12:00,29.5,0.3,72,1005.0,7.2,77,23.9,34.3,10.0,13.5,SE,Patchy rain possible,5.600000000000001
2025-04-11 03:00,23.2,0.0,92,1006.0,6.8,22,21.8,25.5,10.0,7.9,SSW,Clear,1.3999999999999986
2024-10-25 23:00,21.6,0.0,77,1007.0,11.2,72,18.4,23.6,10.0,14.8,WNW,Cloudy,3.200000000000003
2024-08-21 16:00,33.3,0.0,64,1005.0,13.3,26,22.8,38.7,10.0,25.5,ENE,Partly cloudy,10.499999999999996
2025-04-22 06:00,24.3,0.0,85,1010.0,8.3,16,21.6,26.5,10.0,10.3,S,Sunny,2.6999999999999993
2024-10-08 06:00,24.2,0.3,87,1014.0,6.8,76,21.9,26.4,10.0,12.3,NW,Patchy rain possible,2.3000000000000007
2024-12-11 08:00,23.6,1.1,96,1013.0,12.3,100,22.8,26.1,9.0,18.9,NE,Heavy rain at times,0.8000000000000007
2024-09-16 03:00,25.2,0.0,87,1002.0,7.2,74,22.9,27.9,10.0,12.8,WSW,Cloudy,2.3000000000000007
2024-11-10 01:00,20.7,0.0,81,1013.0,9.7,18,17.2,22.7,10.0,16.5,WNW,Clear,3.5
2025-05-19 09:00,30.3,0.0,63,1009.0,7.9,22,22.4,34.2,10.0,16.3,SSE,Sunny,7.900000000000002
2024-07-31 20:00,26.5,0.0,86,1008.0,5.8,30,24.0,30.1,10.0,10.7,SSW,Partly cloudy,2.5
2024-11-03 11:00,23.1,21.09,99,1013.0,9.9,100,22.9,25.7,5.0,17.6,ESE,Moderate or heavy rain shower,0.20000000000000284
2025-03-04 05:00,22.6,0.0,92,1007.0,6.8,48,21.2,25.0,10.0,12.9,S,Partly cloudy,1.4000000000000021
2025-03-01 22:00,21.7,0.0,93,1013.0,5.8,31,20.6,23.7,10.0,9.6,SSE,Partly cloudy,1.0999999999999979
2025-03-29 23:00,23.1,0.5,94,1014.0,2.5,50,22.1,25.5,10.0,4.6,ESE,Moderate rain at times,1.0
2025-01-24 20:00,19.8,0.0,91,1012.0,7.2,10,18.3,21.8,10.0,12.5,SSE,Clear,1.5
2025-01-14 05:00,18.0,0.0,84,1017.0,9.4,89,15.3,20.0,10.0,10.2,NW,Overcast,2.6999999999999993
2024-09-04 07:00,26.3,0.0,84,1006.0,8.3,20,23.4,29.5,10.0,13.1,WSW,Sunny,2.900000000000002
2025-02-26 17:00,22.1,0.0,88,1018.0,5.0,85,20.0,24.6,10.0,13.3,NE,Cloudy,2.1000000000000014
2024-08-29 17:00,30.6,0.3,71,1003.0,12.2,86,23.2,35.3,9.0,20.2,ESE,Patchy rain possible,7.400000000000002
2024-08-23 09:00,32.1,0.0,58,1010.0,4.3,13,22.5,36.9,10.0,11.3,SSE,Sunny,9.600000000000001
2024-08-23 10:00,33.3,0.0,56,1010.0,8.6,12,22.4,38.3,10.0,15.0,E,Sunny,10.899999999999999
2024-10-08 14:00,27.8,0.1,75,1012.0,15.5,82,23.1,31.3,9.0,26.7,NNE,Patchy rain possible,4.699999999999999
2025-04-20 12:00,31.1,0.0,71,1009.0,14.3,10,24.3,37.9,10.0,24.4,ESE,Sunny,6.800000000000001
2024-10-19 07:00,25.3,0.0,89,1013.0,5.0,15,23.3,28.1,10.0,7.0,SW,Sunny,2.0
2025-03-22 04:00,18.1,0.0,83,1019.0,9.7,53,15.2,20.1,10.0,16.2,WSW,Partly cloudy,2.900000000000002
2025-02-07 03:00,18.1,0.0,88,1014.0,7.6,36,16.1,20.1,10.0,10.9,WSW,Partly cloudy,2.0
2025-01-22 23:00,17.3,0.0,85,1015.0,7.2,0,14.8,19.3,10.0,13.7,WSW,Clear,2.5
2025-04-21 21:00,24.6,0.0,91,1011.0,6.5,14,23.1,27.3,10.0,11.2,SSE,Clear,1.5
2025-03-22 03:00,17.9,0.0,84,1019.0,9.4,75,15.1,19.9,10.0,15.7,WSW,Cloudy,2.799999999999999
2024-05-26 13:00,32.4,0.0,70,1006.0,10.6,89,25.1,39.8,9.0,17.9,NE,Overcast,7.299999999999997
2024-09-16 17:00,28.5,0.0,81,1003.0,12.2,84,24.9,33.6,9.0,21.4,NNE,Cloudy,3.6000000000000014
2024-10-22 23:00,24.7,0.2,88,1014.0,6.5,79,22.5,27.2,9.0,10.7,NE,Patchy rain possible,2.1999999999999993
2024-10-22 19:00,25.0,0.4,87,1013.0,12.6,84,22.8,27.6,10.0,25.3,NE,Patchy rain possible,2.1999999999999993
2025-05-15 08:00,27.3,0.1,80,1011.0,6.1,88,23.5,30.9,10.0,11.4,S,Patchy rain possible,3.8000000000000007
2024-11-30 06:00,20.1,0.0,81,1016.0,6.1,66,16.7,22.1,10.0,10.2,N,Cloudy,3.400000000000002
2024-08-15 03:00,26.5,0.0,85,1005.0,9.0,76,23.6,29.8,9.0,11.6,SW,Cloudy,2.8999999999999986
2025-01-26 22:00,19.6,4.1,90,1019.0,18.0,90,17.8,21.6,10.0,28.3,N,Moderate or heavy rain shower,1.8000000000000007
2024-09-05 05:00,25.2,0.0,85,1001.0,9.0,10,22.5,27.7,10.0,12.5,W,Clear,2.6999999999999993
2025-05-22 15:00,30.7,0.9,71,1003.0,19.8,89,24.8,36.8,10.0,28.7,E,Moderate rain at times,5.899999999999999
2025-04-14 18:00,22.5,0.0,82,1013.0,15.1,57,19.3,24.8,10.0,25.4,N,Partly cloudy,3.1999999999999993
2025-03-17 22:00,20.4,0.0,88,1018.0,7.9,100,18.4,22.4,10.0,11.4,WNW,Overcast,2.0
2025-03-04 13:00,29.4,0.0,74,1006.0,10.3,8,24.7,34.5,10.0,21.8,ESE,Sunny,4.699999999999999
2024-12-24 08:00,19.5,0.1,92,1018.0,7.2,100,18.1,21.5,2.0,10.3,WNW,Patchy rain possible,1.3999999999999986
2024-09-20 15:00,29.2,0.2,76,1001.0,7.8,61,24.7,34.5,10.0,15.8,NNE,Patchy rain possible,4.5
2025-03-17 11:00,22.5,0.1,82,1018.0,8.6,100,18.4,24.8,10.0,15.5,WNW,Patchy rain possible,4.100000000000001
2025-04-18 14:00,33.2,0.0,74,1006.0,9.9,81,23.7,45.1,10.0,19.3,E,Cloudy,9.500000000000004
2024-10-12 17:00,26.4,0.2,87,1011.0,8.6,85,24.0,29.9,5.0,12.0,NE,Patchy rain possible,2.3999999999999986
2025-04-07 19:00,23.1,0.1,90,1015.0,6.5,83,21.4,25.4,10.0,11.7,ESE,Patchy rain possible,1.7000000000000028
2024-12-23 02:00,18.9,0.2,87,1015.0,14.0,100,16.6,20.9,9.0,22.1,N,Patchy rain possible,2.299999999999997
2025-01-17 03:00,19.7,0.0,86,1019.0,9.6,100,17.4,21.7,10.0,15.0,NE,Overcast,2.3000000000000007
2024-12-05 17:00,23.5,0.6,90,1012.0,10.8,80,21.7,25.7,9.0,15.9,ENE,Moderate rain at times,1.8000000000000007
2025-05-06 04:00,25.2,0.0,83,1006.0,5.9,31,22.2,27.6,10.0,8.1,SSW,Partly cloudy,3.0
2024-08-14 09:00,31.8,0.0,59,1007.0,4.0,15,22.7,36.5,10.0,11.5,NNW,Sunny,9.100000000000001
2025-04-28 06:00,23.0,0.0,86,1011.0,6.8,5,20.6,25.2,10.0,12.0,SSW,Sunny,2.3999999999999986
2024-06-28 05:00,24.9,0.0,93,1008.0,8.3,31,23.7,27.8,10.0,9.7,SSW,Partly cloudy,1.1999999999999993
2024-06-06 20:00,28.2,0.0,83,1008.0,8.3,21,24.9,33.1,10.0,11.8,SW,Clear,3.3000000000000007
2025-03-01 16:00,24.4,0.0,83,1009.0,14.4,9,21.4,26.5,10.0,23.5,ESE,Sunny,3.0
2025-01-22 20:00,18.2,0.0,83,1015.0,4.0,0,15.2,20.2,10.0,7.2,SW,Clear,3.0
2024-07-15 03:00,24.2,2.2,92,1002.0,9.0,100,22.8,26.7,7.0,14.9,WNW,Moderate or heavy rain shower,1.3999999999999986
2024-08-09 18:00,31.2,0.0,79,1004.0,8.3,74,24.4,37.3,5.0,14.0,SE,Cloudy,6.800000000000001
2025-03-13 17:00,25.9,0.0,90,1010.0,7.6,86,23.0,29.3,9.0,16.2,E,Overcast,2.8999999999999986
2025-01-26 11:00,23.7,0.2,85,1018.0,12.2,69,19.1,25.5,10.0,17.0,NE,Patchy rain possible,4.599999999999998
2025-04-16 15:00,27.3,0.0,81,1008.0,16.2,88,22.4,30.9,9.0,24.3,ESE,Overcast,4.900000000000002
2024-10-18 11:00,28.6,0.0,74,1011.0,7.6,73,23.5,32.6,9.0,15.2,E,Cloudy,5.100000000000001
2025-02-09 22:00,19.3,0.5,84,1020.0,12.2,100,16.5,21.3,10.0,18.8,NE,Moderate rain at times,2.8000000000000007
2024-08-30 04:00,24.9,0.0,86,1005.0,9.7,19,22.4,27.3,10.0,14.0,W,Clear,2.5
2025-04-23 03:00,25.8,0.0,79,1006.0,9.0,26,21.9,28.2,10.0,10.5,S,Partly cloudy,3.900000000000002
2025-02-16 23:00,22.3,0.2,87,1016.0,4.7,95,20.0,24.7,10.0,8.0,SE,Patchy rain possible,2.3000000000000007
2025-02-20 15:00,23.9,0.5,78,1015.0,9.4,81,19.7,25.8,10.0,26.8,NE,Moderate rain at times,4.199999999999999
2024-10-07 18:00,25.3,5.0,86,1013.0,10.8,98,22.8,27.9,10.0,22.4,NNE,Moderate or heavy rain shower,2.5
2025-03-18 11:00,21.4,0.9,92,1020.0,18.0,100,20.1,23.4,10.0,23.7,NNE,Moderate rain at times,1.2999999999999972
2024-10-15 19:00,25.9,0.6,87,1011.0,4.3,79,23.7,29.1,9.0,7.2,NE,Moderate rain at times,2.1999999999999993
2024-12-21 04:00,19.6,0.1,86,1015.0,4.3,100,17.1,21.6,10.0,6.5,ENE,Patchy rain possible,2.5
2024-07-08 12:00,33.0,0.0,63,1005.0,15.1,89,22.9,38.5,10.0,21.1,E,Overcast,10.100000000000001
2025-05-18 01:00,26.1,0.0,93,1009.0,3.6,36,24.9,30.1,10.0,5.6,S,Partly cloudy,1.2000000000000028
2025-03-19 20:00,19.1,0.0,91,1022.0,8.8,100,17.6,21.1,10.0,18.4,NNW,Overcast,1.5
2025-01-01 17:00,21.1,0.0,82,1014.0,8.6,100,17.9,23.1,10.0,16.6,NNE,Overcast,3.200000000000003
2025-02-09 04:00,19.4,0.2,86,1018.0,16.9,100,16.9,21.4,10.0,31.6,NE,Patchy rain possible,2.5
2025-01-30 23:00,17.7,0.0,92,1015.0,7.6,32,16.4,19.7,10.0,13.2,SW,Partly cloudy,1.3000000000000007
2024-10-21 21:00,24.6,0.1,91,1013.0,5.8,90,23.0,27.2,10.0,9.3,NNE,Patchy rain possible,1.6000000000000014
2024-09-04 04:00,24.9,0.0,88,1005.0,8.6,84,22.9,27.5,9.0,12.2,WSW,Cloudy,2.0
2024-12-16 02:00,19.7,0.0,92,1019.0,13.3,100,18.3,21.7,2.0,18.1,NNW,Overcast,1.3999999999999986
2024-09-15 23:00,24.9,0.0,89,1004.0,9.4,83,23.0,27.6,10.0,17.7,WSW,Cloudy,1.8999999999999986
2024-10-28 17:00,23.0,0.1,88,1004.0,7.6,100,21.1,25.2,2.0,11.1,W,Patchy rain possible,1.8999999999999986
2024-12-19 17:00,20.8,0.3,86,1017.0,14.3,100,18.3,22.8,10.0,27.9,NNE,Patchy rain possible,2.5
2025-03-10 17:00,22.0,0.2,96,1016.0,4.7,100,21.4,24.0,10.0,6.5,NE,Patchy rain possible,0.6000000000000014
2025-01-26 08:00,21.6,0.1,88,1017.0,7.4,72,19.5,23.6,10.0,16.3,NE,Patchy rain possible,2.1000000000000014
2024-08-01 16:00,31.1,0.0,72,1006.0,13.0,10,24.0,36.8,10.0,21.1,NNE,Sunny,7.100000000000001
2025-02-18 12:00,24.1,0.3,72,1017.0,4.0,79,18.8,25.8,10.0,22.3,E,Patchy rain possible,5.300000000000001
2024-08-16 12:00,35.2,0.0,59,1004.0,9.2,22,23.0,41.6,10.0,16.6,NNE,Sunny,12.200000000000003
2024-08-05 00:00,24.4,0.0,87,1008.0,6.8,7,22.1,26.7,10.0,14.8,SW,Clear,2.299999999999997
2024-12-17 16:00,21.0,0.3,90,1015.0,7.6,100,19.3,23.0,10.0,9.9,NNW,Patchy rain possible,1.6999999999999993
2024-10-08 01:00,24.4,1.29,88,1013.0,7.2,58,22.3,26.7,10.0,13.7,N,Heavy rain at times,2.099999999999998
2025-02-25 10:00,21.5,0.2,92,1023.0,10.8,100,20.2,23.5,10.0,15.1,NE,Patchy rain possible,1.3000000000000007
2025-03-15 14:00,28.6,0.0,73,1008.0,12.8,8,23.3,32.5,10.0,24.4,ESE,Sunny,5.300000000000001
2024-07-28 08:00,30.4,0.0,71,1004.0,10.5,22,24.0,35.5,10.0,18.2,SW,Sunny,6.399999999999999
2024-08-02 19:00,27.9,2.83,87,1008.0,10.1,50,24.8,32.6,7.0,14.0,WSW,Moderate or heavy rain shower,3.099999999999998
2025-03-21 15:00,22.6,0.0,67,1019.0,14.0,81,16.3,24.8,10.0,23.8,NE,Cloudy,6.300000000000001
2025-03-28 15:00,29.5,0.0,77,1004.0,10.6,10,24.3,35.2,10.0,23.7,ESE,Sunny,5.199999999999999
2025-02-10 22:00,19.0,0.0,90,1017.0,7.2,100,17.4,21.0,10.0,11.1,WNW,Overcast,1.6000000000000014
2024-06-12 10:00,33.4,0.0,53,1008.0,5.0,24,22.6,38.7,10.0,14.2,W,Sunny,10.799999999999997
2025-04-12 22:00,26.6,0.0,94,1011.0,5.1,88,24.7,31.2,10.0,5.7,NNW,Overcast,1.9000000000000021
2024-10-15 03:00,24.2,0.0,90,1010.0,7.2,87,22.4,26.6,10.0,9.0,WNW,Overcast,1.8000000000000007
2024-10-12 23:00,24.5,0.0,89,1013.0,4.0,62,22.7,27.0,10.0,6.6,W,Cloudy,1.8000000000000007
2024-12-09 12:00,23.5,0.1,85,1015.0,11.2,85,20.8,25.6,10.0,25.0,NE,Patchy rain possible,2.6999999999999993
2025-01-23 02:00,17.0,0.0,84,1014.0,7.6,0,14.2,19.0,10.0,10.5,WSW,Clear,2.8000000000000007
2024-05-24 01:00,24.4,0.0,95,1008.0,8.3,81,23.5,27.2,9.0,12.4,SSW,Cloudy,0.8999999999999986
2024-10-16 08:00,26.2,0.1,81,1014.0,3.6,88,22.8,29.0,10.0,4.4,WNW,Patchy rain possible,3.3999999999999986
2024-08-31 09:00,30.8,0.0,59,1008.0,3.6,26,21.9,34.5,10.0,4.1,NNE,Partly cloudy,8.900000000000002
2024-10-06 06:00,24.1,0.0,89,1013.0,7.9,73,22.2,26.4,10.0,8.0,WNW,Cloudy,1.9000000000000021
2024-07-26 16:00,30.3,0.2,66,998.0,13.4,72,23.2,34.8,10.0,23.9,SW,Patchy rain possible,7.100000000000001
2025-04-18 00:00,24.1,0.0,94,1007.0,5.9,20,23.0,26.6,10.0,7.4,S,Clear,1.1000000000000014
2025-04-19 01:00,24.1,0.0,92,1007.0,5.0,45,22.7,26.6,10.0,10.0,S,Partly cloudy,1.4000000000000021
2024-10-31 07:00,25.0,1.29,88,1010.0,15.8,100,22.9,27.6,10.0,33.2,NNE,Light rain shower,2.1000000000000014
2024-10-11 18:00,25.1,0.1,87,1011.0,1.8,51,22.9,27.8,10.0,2.9,NNE,Patchy rain possible,2.200000000000003
2024-11-27 17:00,23.4,0.5,88,1015.0,17.2,75,21.3,25.6,10.0,38.3,NE,Moderate rain at times,2.099999999999998
2024-07-02 19:00,28.4,0.0,87,1006.0,5.4,89,24.6,33.4,9.0,16.1,SE,Overcast,3.799999999999997
2024-09-10 15:00,29.6,0.2,81,1004.0,10.1,88,24.7,35.2,9.0,13.2,ENE,Patchy rain possible,4.900000000000002
2024-08-07 23:00,27.5,0.0,85,1008.0,8.6,81,24.1,31.4,10.0,10.8,SW,Cloudy,3.3999999999999986
2025-01-30 22:00,18.2,0.0,91,1015.0,6.1,32,16.6,20.2,10.0,10.5,SW,Partly cloudy,1.5999999999999979
2025-04-14 20:00,21.9,0.0,84,1015.0,7.2,66,19.1,23.9,10.0,16.6,NNW,Cloudy,2.799999999999997
2025-01-05 09:00,21.3,0.0,86,1020.0,10.1,100,17.0,23.3,10.0,13.0,NNW,Overcast,4.300000000000001
2025-03-06 18:00,23.4,4.0,90,1012.0,11.9,67,21.7,25.7,10.0,22.2,NE,Moderate or heavy rain shower,1.6999999999999993
2025-01-07 04:00,19.2,0.0,81,1015.0,8.3,98,16.9,21.2,10.0,12.6,ENE,Overcast,2.3000000000000007
2024-07-07 22:00,25.1,1.1,92,1008.0,12.2,85,23.6,28.0,10.0,20.2,S,Heavy rain at times,1.5
2024-10-06 12:00,27.7,0.1,77,1012.0,13.3,87,23.3,31.3,9.0,23.5,N,Patchy rain possible,4.399999999999999
2025-01-12 17:00,18.3,0.0,76,1021.0,13.7,70,14.0,20.3,10.0,23.1,NNE,Cloudy,4.300000000000001
2025-03-06 11:00,26.5,0.3,86,1014.0,4.0,56,23.6,30.0,10.0,18.3,E,Patchy rain possible,2.8999999999999986
2025-02-16 17:00,23.9,0.0,86,1013.0,10.1,78,21.4,26.0,10.0,18.1,ESE,Cloudy,2.5
2024-11-05 12:00,24.4,2.97,91,1014.0,19.8,100,22.7,26.9,7.0,42.2,NE,Moderate or heavy rain shower,1.6999999999999993
2024-05-31 02:00,27.3,0.0,78,1001.0,8.3,81,23.3,30.8,9.0,16.2,WSW,Cloudy,4.0
2025-04-10 19:00,24.9,0.0,92,1007.0,5.9,62,22.9,27.8,10.0,7.0,SW,Cloudy,2.0
2024-06-18 19:00,29.5,0.0,82,1004.0,2.2,72,24.8,35.1,9.0,8.5,SSW,Cloudy,4.699999999999999
2024-10-06 21:00,24.7,0.0,87,1014.0,10.8,84,22.4,27.1,10.0,12.7,WNW,Cloudy,2.3000000000000007
2024-09-29 20:00,26.8,0.0,91,1009.0,9.4,32,25.2,31.3,10.0,9.8,SSE,Partly cloudy,1.6000000000000014
2024-10-18 23:00,24.8,0.2,90,1012.0,4.3,87,23.2,27.5,10.0,7.2,SSW,Patchy rain possible,1.6000000000000014
2025-04-04 21:00,21.4,0.0,92,1013.0,7.2,19,20.1,23.4,10.0,11.9,S,Clear,1.2999999999999972
2024-11-19 00:00,23.8,1.7,89,1014.0,12.1,100,21.8,26.0,10.0,26.0,NE,Moderate or heavy rain shower,2.0
2025-05-22 16:00,29.9,0.5,75,1003.0,13.4,87,24.9,35.8,10.0,26.7,ESE,Moderate rain at times,5.0
2024-08-22 23:00,26.1,0.0,85,1011.0,5.8,44,23.5,29.2,10.0,11.2,SW,Partly cloudy,2.6000000000000014
2024-11-28 16:00,22.5,0.0,77,1017.0,19.8,83,18.4,24.8,10.0,32.7,NNE,Cloudy,4.100000000000001
2025-02-05 02:00,18.0,0.2,90,1016.0,5.4,79,16.4,20.0,10.0,8.0,WNW,Patchy rain possible,1.6000000000000014
2024-10-24 22:00,22.8,0.0,82,1010.0,11.2,4,19.4,24.9,10.0,14.7,WNW,Clear,3.400000000000002
2024-07-02 12:00,35.3,0.0,51,1004.0,13.5,10,22.4,41.0,10.0,20.3,E,Sunny,12.899999999999999
2025-03-08 10:00,22.4,0.0,81,1017.0,6.1,100,17.9,24.7,10.0,14.1,WNW,Overcast,4.5
2024-06-21 23:00,27.1,0.0,88,1005.0,6.8,15,24.9,31.5,10.0,11.3,S,Clear,2.200000000000003
2025-05-01 18:00,26.9,0.0,90,1011.0,5.8,87,22.9,31.4,9.0,16.0,ENE,Overcast,4.0
2024-11-01 08:00,24.4,0.0,78,1011.0,7.6,5,20.3,26.2,10.0,10.4,W,Sunny,4.099999999999998
2024-09-16 19:00,26.9,0.0,84,1004.0,9.0,23,24.0,30.6,10.0,11.0,NNW,Clear,2.8999999999999986
2024-09-06 22:00,28.0,0.0,75,1002.0,9.7,15,23.2,31.6,10.0,18.7,SW,Clear,4.800000000000001
2024-11-06 17:00,24.1,1.02,87,1015.0,20.9,51,21.8,26.4,10.0,32.3,NE,Heavy rain at times,2.3000000000000007
2024-05-24 08:00,26.5,0.0,94,1009.0,7.9,62,24.6,30.5,10.0,11.3,SSW,Cloudy,1.8999999999999986
2025-02-14 15:00,23.3,0.0,92,1011.0,7.6,78,22.0,25.6,10.0,24.2,NE,Cloudy,1.3000000000000007
2025-04-06 00:00,22.2,0.0,95,1013.0,3.6,56,21.4,24.7,2.0,5.7,SSW,Partly cloudy,0.8000000000000007
2024-11-08 07:00,23.5,0.2,83,1016.0,9.4,79,20.5,25.6,5.0,14.6,ENE,Patchy rain possible,3.0
2025-03-31 00:00,20.6,0.03,83,1016.0,13.3,100,17.6,22.6,10.0,19.2,WNW,Patchy rain possible,3.0
2024-08-01 17:00,30.1,0.0,78,1006.0,8.3,10,24.1,35.4,10.0,17.4,NNE,Sunny,6.0
2024-09-16 08:00,27.8,0.0,80,1005.0,4.3,71,24.0,31.8,9.0,5.6,W,Cloudy,3.8000000000000007
2024-08-23 14:00,33.3,0.0,65,1007.0,11.5,16,23.3,39.4,10.0,19.0,ENE,Sunny,9.999999999999996
2024-10-26 20:00,21.0,6.4,84,1001.0,19.0,100,18.1,23.0,10.0,35.2,SW,Moderate or heavy rain shower,2.8999999999999986
2024-10-31 02:00,24.4,8.87,93,1008.0,15.5,100,23.2,27.0,5.0,22.4,ENE,Heavy rain,1.1999999999999993
2025-03-11 20:00,22.3,0.2,96,1014.0,5.8,83,21.6,24.8,2.0,9.3,SSE,Patchy rain possible,0.6999999999999993
2025-03-30 07:00,23.7,0.23,93,1015.0,4.7,100,22.4,26.1,10.0,7.3,NNE,Light rain shower,1.3000000000000007
2025-04-02 21:00,21.5,0.0,86,1018.0,2.2,100,19.0,23.5,10.0,3.1,NNW,Overcast,2.5
2025-01-03 10:00,21.0,1.6,92,1018.0,13.7,100,19.6,23.0,10.0,18.4,NNE,Moderate or heavy rain shower,1.3999999999999986
2024-10-26 14:00,22.4,0.5,89,1000.0,28.1,66,19.6,24.7,9.0,38.5,W,Moderate rain at times,2.799999999999997
2025-02-05 14:00,21.8,0.0,81,1013.0,11.5,63,18.5,23.8,10.0,19.0,ENE,Cloudy,3.3000000000000007
2024-10-04 11:00,25.9,0.1,86,1015.0,3.2,100,22.1,28.4,2.0,13.9,NNW,Patchy rain possible,3.799999999999997
2025-04-11 21:00,25.1,0.0,90,1008.0,5.7,39,22.9,28.0,10.0,8.6,SW,Partly cloudy,2.200000000000003
2025-02-19 03:00,20.9,0.4,90,1017.0,3.2,100,19.2,22.9,10.0,5.1,E,Patchy rain possible,1.6999999999999993
2024-11-01 16:00,27.2,0.0,71,1009.0,18.4,5,21.4,29.6,10.0,25.6,NNW,Sunny,5.800000000000001
2024-08-25 21:00,27.8,0.0,88,1009.0,9.0,28,24.7,32.4,9.0,10.0,SSE,Partly cloudy,3.1000000000000014
2025-03-01 17:00,23.8,0.0,86,1010.0,9.7,88,21.3,25.9,10.0,19.0,ESE,Overcast,2.5
2024-07-20 09:00,29.2,0.0,70,1006.0,1.4,46,23.1,33.1,10.0,6.6,S,Partly cloudy,6.099999999999998
2024-06-22 19:00,28.0,0.2,80,1003.0,4.3,73,24.1,32.2,10.0,12.6,SSE,Patchy rain possible,3.8999999999999986
2024-11-16 18:00,24.7,0.0,85,1010.0,4.7,4,22.1,27.0,10.0,7.7,E,Clear,2.599999999999998
2025-05-17 19:00,26.3,0.0,89,1009.0,5.8,71,24.4,30.0,9.0,11.3,SSE,Cloudy,1.9000000000000021
2025-03-15 09:00,26.9,0.0,79,1012.0,10.4,5,22.9,29.9,10.0,13.1,SSE,Sunny,4.0
2024-10-30 11:00,26.7,0.47,80,1008.0,6.8,72,23.0,29.7,10.0,8.5,NW,Light rain shower,3.6999999999999993
2025-05-10 04:00,25.2,0.0,84,1006.0,6.6,21,23.3,27.7,10.0,9.8,SW,Clear,1.8999999999999986
2025-02-07 13:00,23.3,0.6,75,1016.0,10.4,69,18.7,25.2,10.0,26.8,NNE,Moderate rain at times,4.600000000000001
2024-12-15 19:00,19.5,0.3,88,1021.0,15.1,100,17.5,21.5,2.0,27.6,NNE,Patchy rain possible,2.0
2024-12-28 01:00,21.4,2.1,96,1019.0,16.9,100,20.7,23.4,7.0,23.3,N,Moderate or heavy rain shower,0.6999999999999993
2024-06-20 02:00,26.7,0.0,78,1003.0,8.3,27,22.6,29.5,10.0,11.4,SW,Partly cloudy,4.099999999999998
2025-03-24 07:00,19.9,0.0,89,1015.0,5.0,22,18.1,21.9,10.0,7.2,SSW,Sunny,1.7999999999999972
2024-12-11 22:00,23.1,1.7,93,1013.0,12.0,100,22.0,25.5,9.0,21.6,NNE,Moderate or heavy rain shower,1.1000000000000014
2024-10-30 01:00,23.4,0.0,90,1006.0,10.8,76,21.6,25.7,10.0,17.5,WNW,Cloudy,1.7999999999999972
2024-08-06 15:00,32.9,0.0,66,1004.0,15.1,85,23.0,38.4,9.0,26.2,ENE,Overcast,9.899999999999999
2025-02-16 14:00,24.9,0.0,80,1012.0,12.6,86,21.2,27.0,10.0,21.8,ESE,Overcast,3.6999999999999993
2025-05-17 01:00,25.2,0.0,92,1009.0,7.6,20,23.8,28.3,10.0,9.4,SSW,Clear,1.3999999999999986
2025-04-18 06:00,24.0,0.0,90,1007.0,8.3,22,22.2,26.3,10.0,10.7,SW,Sunny,1.8000000000000007
2024-12-02 21:00,23.3,0.1,89,1014.0,9.7,97,21.3,25.5,10.0,11.5,E,Patchy rain possible,2.0
2025-01-10 11:00,20.8,0.4,80,1023.0,20.2,93,17.2,22.8,10.0,29.3,NE,Patchy rain possible,3.6000000000000014
2024-08-18 12:00,34.9,0.0,60,1006.0,8.8,10,22.9,41.2,10.0,17.8,NE,Sunny,12.0
2025-04-13 11:00,22.7,0.0,78,1017.0,19.8,100,18.3,24.8,10.0,36.2,NW,Overcast,4.399999999999999
2024-08-18 13:00,34.8,0.0,59,1005.0,12.8,16,23.2,41.3,10.0,21.5,NE,Sunny,11.599999999999998
2024-11-14 13:00,28.4,0.1,78,1009.0,10.4,71,23.5,32.3,10.0,17.6,E,Patchy rain possible,4.899999999999999
2025-04-29 20:00,24.1,0.0,89,1012.0,3.6,20,22.2,26.4,10.0,6.4,SSW,Clear,1.9000000000000021
2024-07-26 12:00,32.9,0.0,61,999.0,17.6,38,23.1,38.4,10.0,24.5,WSW,Partly cloudy,9.799999999999997
2024-12-13 02:00,23.2,0.3,91,1013.0,10.4,100,21.8,25.5,10.0,17.3,NE,Patchy rain possible,1.3999999999999986
2024-10-08 11:00,27.6,0.1,78,1014.0,13.0,79,23.4,31.2,9.0,23.9,NNE,Patchy rain possible,4.200000000000003
2025-02-12 18:00,21.8,0.1,97,1013.0,9.4,100,21.3,23.8,2.0,13.5,NNE,Patchy rain possible,0.5
2024-06-06 19:00,28.3,0.0,83,1008.0,8.3,22,25.0,33.3,10.0,16.0,SW,Clear,3.3000000000000007
2024-07-22 21:00,26.3,0.1,88,1005.0,11.9,72,24.2,29.9,10.0,16.6,S,Patchy rain possible,2.1000000000000014
2025-04-30 03:00,22.2,0.0,92,1010.0,6.8,8,20.8,24.7,10.0,12.8,SW,Clear,1.3999999999999986
2024-10-04 04:00,23.8,0.0,83,1012.0,9.0,100,20.7,25.8,10.0,13.6,WNW,Overcast,3.1000000000000014
2025-03-18 18:00,20.4,0.1,91,1019.0,20.2,100,18.9,22.4,10.0,27.3,NNE,Patchy rain possible,1.5
2025-03-17 18:00,20.5,0.1,87,1016.0,11.9,100,18.2,22.5,10.0,16.8,WNW,Patchy rain possible,2.3000000000000007
2024-08-03 23:00,25.4,0.0,86,1010.0,8.3,9,23.8,28.5,10.0,18.3,SW,Clear,1.5999999999999979
2025-03-07 00:00,19.3,0.1,87,1016.0,15.5,100,17.0,21.3,10.0,29.1,WNW,Patchy rain possible,2.3000000000000007
2025-03-25 23:00,19.9,0.0,88,1009.0,6.1,9,17.9,21.9,10.0,11.9,S,Clear,2.0
2024-08-04 20:00,28.0,0.0,87,1008.0,4.0,21,24.9,32.9,10.0,7.3,SE,Clear,3.1000000000000014
2024-07-11 20:00,26.6,0.2,84,1005.0,11.2,82,23.7,30.1,9.0,19.5,SSE,Patchy rain possible,2.900000000000002
2024-08-09 06:00,27.0,0.0,76,1006.0,8.6,13,22.3,29.8,10.0,15.8,WSW,Sunny,4.699999999999999
2024-09-11 04:00,25.5,0.0,90,1007.0,6.8,80,23.7,28.6,10.0,11.4,WSW,Cloudy,1.8000000000000007
2024-10-02 03:00,25.0,0.0,89,1009.0,9.4,28,23.1,27.7,10.0,16.7,WNW,Partly cloudy,1.8999999999999986
2024-08-15 00:00,27.0,0.0,84,1006.0,7.9,30,24.2,30.9,10.0,14.2,SW,Partly cloudy,2.8000000000000007
2024-08-14 13:00,34.5,0.0,60,1005.0,12.0,84,22.9,40.7,10.0,20.7,NE,Cloudy,11.600000000000001
2024-11-01 05:00,20.7,0.0,86,1009.0,9.0,4,19.0,22.7,10.0,11.0,WNW,Clear,1.6999999999999993
2024-10-04 21:00,24.4,0.0,86,1014.0,7.2,100,21.9,26.7,10.0,10.8,WNW,Overcast,2.5
2024-11-23 08:00,24.1,0.8,89,1016.0,15.8,100,22.2,26.4,10.0,25.8,NE,Moderate rain at times,1.9000000000000021
2024-12-06 16:00,23.1,0.9,90,1011.0,12.6,100,21.5,25.4,10.0,17.2,ENE,Moderate rain at times,1.6000000000000014
2024-08-17 14:00,31.1,0.4,70,1005.0,13.2,81,25.0,37.7,10.0,28.0,NNE,Patchy rain possible,6.100000000000001
2024-06-08 12:00,33.9,0.0,59,1004.0,12.5,25,24.0,40.7,10.0,20.3,NE,Sunny,9.899999999999999
2024-09-16 04:00,25.1,0.0,87,1002.0,7.6,76,22.8,27.6,10.0,13.6,W,Cloudy,2.3000000000000007
2025-02-13 05:00,21.6,0.6,98,1014.0,6.5,100,21.3,23.6,0.0,9.8,N,Moderate rain at times,0.3000000000000007
2024-11-08 16:00,24.4,0.0,79,1015.0,13.3,79,20.6,26.3,9.0,17.8,NE,Cloudy,3.799999999999997
2025-02-18 19:00,22.1,0.6,89,1016.0,6.1,98,20.2,24.6,10.0,9.6,E,Moderate rain at times,1.9000000000000021
2025-01-08 02:00,19.1,0.0,86,1015.0,6.8,73,16.7,21.1,10.0,11.8,WSW,Cloudy,2.400000000000002
2024-07-25 07:00,28.0,0.0,71,998.0,10.3,74,22.3,31.1,10.0,17.2,SW,Cloudy,5.699999999999999
2025-02-07 00:00,18.3,0.0,89,1015.0,7.2,14,16.5,20.3,10.0,13.1,SW,Clear,1.8000000000000007
2024-07-19 10:00,30.2,0.3,65,1005.0,0.7,73,22.8,34.3,10.0,10.9,WNW,Patchy rain possible,7.399999999999999
2024-07-04 15:00,29.4,1.3,74,1007.0,12.9,84,24.4,34.5,9.0,23.8,E,Heavy rain at times,5.0
2024-09-07 19:00,30.8,0.0,67,1002.0,11.2,21,22.5,35.0,10.0,22.9,WSW,Clear,8.3
2025-01-20 20:00,20.0,0.0,76,1015.0,5.8,73,15.8,22.0,10.0,8.3,ENE,Cloudy,4.199999999999999
2024-09-19 01:00,23.3,14.51,98,997.0,11.0,100,23.0,25.9,5.0,19.5,W,Moderate or heavy rain shower,0.3000000000000007
2025-05-10 11:00,32.2,0.0,61,1007.0,12.2,13,22.8,38.1,10.0,14.2,ENE,Sunny,9.400000000000002
2025-01-05 16:00,21.4,0.0,82,1016.0,10.8,59,18.1,23.4,10.0,26.0,N,Partly cloudy,3.299999999999997
2024-07-29 21:00,26.5,0.0,78,1006.0,9.0,94,22.4,29.2,10.0,11.0,WSW,Overcast,4.100000000000001
2024-12-12 16:00,23.2,1.73,94,1011.0,18.7,100,22.2,25.6,7.0,30.9,NE,Moderate or heavy rain shower,1.0
2024-11-27 14:00,24.6,0.8,85,1014.0,23.8,76,21.9,26.8,10.0,33.0,NE,Moderate rain at times,2.700000000000003
2024-10-16 19:00,25.3,0.2,86,1012.0,5.0,55,22.8,27.9,5.0,8.9,NW,Patchy rain possible,2.5
2025-01-25 07:00,18.8,0.0,93,1012.0,9.4,22,17.6,20.8,10.0,10.9,SSW,Sunny,1.1999999999999993
2024-10-20 07:00,25.4,0.2,88,1014.0,5.0,52,23.2,28.2,10.0,7.1,WNW,Patchy rain possible,2.1999999999999993
2025-05-01 09:00,28.6,0.1,67,1013.0,6.1,81,21.9,31.6,10.0,13.1,SE,Patchy rain possible,6.700000000000003
2024-06-01 18:00,27.1,1.4,85,1008.0,6.8,87,24.4,31.2,10.0,10.0,NNE,Heavy rain at times,2.700000000000003
2025-01-24 12:00,24.0,0.0,70,1011.0,12.6,0,18.2,25.7,10.0,19.5,SE,Sunny,5.800000000000001
2024-10-28 04:00,21.0,0.2,83,1004.0,5.8,78,18.1,23.0,10.0,9.1,WSW,Patchy rain possible,2.8999999999999986
2024-11-10 14:00,27.6,0.0,73,1012.0,15.5,77,21.1,30.0,10.0,24.5,N,Cloudy,6.5
2024-10-28 08:00,21.9,0.0,82,1006.0,5.8,61,18.6,23.9,10.0,8.4,SW,Cloudy,3.299999999999997
2025-04-08 12:00,27.3,0.0,72,1014.0,15.1,11,21.8,29.8,10.0,22.5,ESE,Sunny,5.5
2025-03-04 00:00,22.6,0.0,93,1008.0,7.2,33,21.4,25.0,10.0,8.2,S,Partly cloudy,1.2000000000000028
2024-08-12 04:00,25.8,0.0,85,1001.0,8.6,17,23.2,28.8,10.0,11.9,WSW,Clear,2.6000000000000014
2024-06-11 14:00,33.8,0.0,65,1005.0,10.5,88,24.1,40.8,10.0,18.9,NE,Overcast,9.699999999999996
2025-05-14 19:00,25.5,0.2,91,1010.0,6.1,89,23.9,28.7,10.0,9.5,SW,Patchy rain possible,1.6000000000000014
2024-10-15 12:00,27.7,0.1,84,1010.0,13.0,73,24.7,32.3,9.0,18.4,NNE,Patchy rain possible,3.0
2024-09-11 07:00,25.7,1.04,90,1009.0,7.6,62,24.0,29.0,10.0,13.2,WNW,Heavy rain at times,1.6999999999999993
2025-04-09 20:00,23.5,0.0,92,1010.0,10.4,74,22.2,25.8,10.0,11.8,SE,Cloudy,1.3000000000000007
2024-08-23 16:00,32.6,0.0,69,1007.0,8.5,77,23.4,38.5,10.0,16.2,E,Cloudy,9.200000000000003
2024-07-08 02:00,25.1,0.0,93,1005.0,6.5,40,23.8,28.1,10.0,10.2,SSW,Partly cloudy,1.3000000000000007
2025-04-06 13:00,26.5,0.0,75,1012.0,13.0,27,21.7,28.8,10.0,19.7,ENE,Partly cloudy,4.800000000000001
2024-06-26 02:00,25.0,0.1,90,1005.0,9.0,71,23.3,27.7,10.0,15.6,SSW,Patchy rain possible,1.6999999999999993
2024-11-27 11:00,25.9,0.2,86,1017.0,24.1,73,21.3,28.1,10.0,41.2,NE,Patchy rain possible,4.599999999999998
2025-03-20 04:00,19.2,0.0,85,1022.0,9.0,100,16.6,21.2,10.0,12.6,NW,Overcast,2.599999999999998
2025-03-16 21:00,19.9,0.0,87,1018.0,13.3,100,17.7,21.9,10.0,23.5,NW,Overcast,2.1999999999999993
2025-01-03 19:00,20.2,0.0,88,1017.0,7.6,100,18.1,22.2,10.0,11.0,NW,Overcast,2.099999999999998
2025-04-30 09:00,27.4,0.0,66,1012.0,9.0,17,20.4,29.4,10.0,10.4,SE,Sunny,7.0
2024-06-29 00:00,26.2,0.0,87,1007.0,9.0,13,23.9,29.6,10.0,10.7,WSW,Clear,2.3000000000000007
2024-09-01 13:00,32.8,0.0,61,1005.0,19.1,14,23.3,38.4,10.0,26.5,ENE,Sunny,9.499999999999996
2024-06-26 01:00,25.2,0.8,89,1006.0,7.2,88,23.3,28.0,10.0,8.6,SSW,Moderate rain at times,1.8999999999999986
2024-10-12 06:00,23.8,0.0,89,1013.0,5.8,77,21.9,26.0,10.0,9.5,WSW,Cloudy,1.9000000000000021
2024-08-28 13:00,33.2,0.7,57,1003.0,18.4,86,23.4,39.0,10.0,28.9,NE,Moderate rain at times,9.800000000000004
2025-04-05 08:00,23.6,0.0,83,1013.0,5.4,19,20.5,25.6,10.0,6.2,SE,Sunny,3.1000000000000014
2024-10-01 23:00,26.1,0.0,85,1010.0,10.1,74,23.5,29.3,10.0,11.6,NW,Cloudy,2.6000000000000014
2025-03-05 01:00,22.7,0.0,91,1007.0,4.5,27,21.2,25.0,10.0,9.6,SSE,Partly cloudy,1.5
2025-02-02 00:00,18.6,0.0,89,1011.0,6.1,0,16.7,20.6,10.0,7.5,SSW,Clear,1.9000000000000021
2024-07-14 16:00,24.6,3.81,95,1000.0,11.5,100,23.8,27.5,7.0,21.2,WNW,Moderate or heavy rain shower,0.8000000000000007
2024-11-24 09:00,24.5,1.8,90,1016.0,15.4,100,22.8,27.0,7.0,27.8,ENE,Moderate or heavy rain shower,1.6999999999999993
2024-11-07 13:00,26.0,0.2,83,1015.0,23.4,98,21.3,28.2,2.0,33.6,ENE,Patchy rain possible,4.699999999999999
2025-03-15 11:00,30.2,0.0,70,1011.0,9.2,5,24.3,35.4,10.0,17.3,SE,Sunny,5.899999999999999
2025-02-19 19:00,21.6,0.4,93,1016.0,11.9,100,20.4,23.6,10.0,17.1,E,Patchy rain possible,1.2000000000000028
2024-07-13 04:00,24.9,0.0,85,1001.0,9.0,31,22.3,27.3,10.0,12.1,WSW,Partly cloudy,2.599999999999998
2025-01-09 05:00,20.0,0.7,90,1016.0,0.0,100,18.4,22.0,10.0,1.8,NE,Moderate rain at times,1.6000000000000014
2024-05-25 04:00,24.7,0.0,91,1008.0,8.3,20,23.2,27.4,10.0,10.0,SSW,Clear,1.5
2025-01-10 21:00,19.8,0.0,86,1023.0,13.5,82,17.3,21.8,10.0,20.8,NE,Cloudy,2.5
2025-02-24 21:00,20.9,4.4,92,1023.0,14.8,100,19.5,22.9,9.0,26.5,NE,Moderate or heavy rain shower,1.3999999999999986
2024-05-29 15:00,33.8,0.5,66,1001.0,9.4,76,24.6,41.6,10.0,17.7,NNE,Moderate rain at times,9.199999999999996
2025-01-17 20:00,19.5,0.0,83,1018.0,9.0,100,16.5,21.5,10.0,13.0,E,Overcast,3.0
2024-07-28 03:00,27.0,0.0,74,1002.0,8.4,26,22.0,29.6,10.0,16.6,WSW,Partly cloudy,5.0
2024-07-28 05:00,26.8,0.0,75,1003.0,8.9,29,22.0,29.4,10.0,17.8,SW,Partly cloudy,4.800000000000001
2025-04-21 23:00,24.4,0.0,91,1010.0,6.5,28,22.9,26.9,10.0,7.3,SSE,Partly cloudy,1.5
2025-01-06 21:00,20.7,0.0,81,1017.0,5.7,97,17.3,22.7,10.0,8.8,ENE,Overcast,3.3999999999999986
2025-03-11 12:00,25.5,0.2,81,1014.0,10.1,84,21.9,27.8,10.0,16.3,E,Patchy rain possible,3.6000000000000014
2024-10-30 18:00,24.4,0.66,90,1007.0,13.3,71,22.5,26.8,10.0,23.8,NW,Light rain shower,1.8999999999999986
2024-12-22 01:00,19.9,0.0,76,1017.0,10.1,64,15.5,21.9,10.0,12.5,NNE,Cloudy,4.399999999999999
2024-09-17 20:00,26.5,0.0,85,1005.0,7.2,56,23.8,29.9,10.0,12.2,N,Partly cloudy,2.6999999999999993
2024-06-10 04:00,26.0,0.0,83,1005.0,5.0,31,23.0,28.9,10.0,8.8,WNW,Partly cloudy,3.0
2025-02-06 00:00,20.1,0.0,87,1015.0,11.5,100,17.9,22.1,10.0,16.7,ESE,Overcast,2.200000000000003
2024-10-31 14:00,26.1,1.29,86,1008.0,8.3,94,23.5,29.2,10.0,11.1,N,Light rain shower,2.6000000000000014
2024-07-28 04:00,26.8,0.0,75,1003.0,8.0,32,22.0,29.4,10.0,15.9,WSW,Partly cloudy,4.800000000000001
2024-09-15 20:00,26.0,0.0,86,1003.0,7.2,86,23.5,29.2,9.0,13.8,NW,Overcast,2.5
2025-04-02 09:00,21.8,0.0,82,1018.0,5.4,100,18.7,23.8,10.0,6.7,NNW,Overcast,3.1000000000000014
2025-03-04 11:00,28.4,0.0,72,1008.0,12.6,12,22.9,31.9,10.0,17.3,SE,Sunny,5.5
2025-03-03 16:00,27.6,0.0,85,1006.0,10.4,82,23.7,32.2,9.0,15.9,SE,Cloudy,3.900000000000002
2024-12-05 23:00,22.9,0.3,87,1013.0,2.2,96,20.6,25.1,10.0,3.6,SE,Patchy rain possible,2.299999999999997
2024-07-02 13:00,34.9,0.0,56,1003.0,16.2,12,23.0,41.2,10.0,24.4,E,Sunny,11.899999999999999
2024-07-13 14:00,32.0,0.0,69,1000.0,16.2,86,23.8,37.9,10.0,24.0,NE,Overcast,8.2
2024-09-22 23:00,24.1,0.2,93,1006.0,7.6,100,22.9,26.7,10.0,12.1,SW,Patchy rain possible,1.2000000000000028
2024-08-28 14:00,33.0,0.1,58,1003.0,13.0,78,23.8,39.2,10.0,29.6,NE,Patchy rain possible,9.2
2025-01-10 09:00,20.7,0.7,82,1024.0,16.2,100,17.6,22.7,10.0,26.7,NE,Moderate rain at times,3.099999999999998
2025-04-17 21:00,25.8,0.0,92,1008.0,6.8,10,23.6,29.3,10.0,7.8,SW,Clear,2.1999999999999993
2024-07-24 09:00,29.6,0.0,80,1001.0,17.3,81,23.9,34.5,10.0,27.5,WSW,Cloudy,5.700000000000003
2024-11-28 09:00,23.3,0.0,82,1021.0,24.5,100,18.3,25.2,2.0,38.0,NE,Overcast,5.0
2024-11-16 09:00,26.4,0.1,80,1013.0,7.2,82,22.6,29.1,10.0,12.2,SSE,Patchy rain possible,3.799999999999997
2024-08-31 22:00,27.0,0.0,82,1008.0,7.6,14,23.7,30.5,10.0,12.9,SSW,Clear,3.3000000000000007
2024-06-06 21:00,28.0,0.0,83,1009.0,7.9,89,24.8,32.8,10.0,12.0,SW,Overcast,3.1999999999999993
2025-03-30 18:00,21.5,0.02,87,1014.0,15.5,100,19.3,23.5,10.0,21.4,NW,Patchy rain possible,2.1999999999999993
2025-04-20 14:00,30.9,0.0,70,1007.0,18.4,5,23.2,37.2,10.0,28.4,ESE,Sunny,7.699999999999999
2024-08-18 04:00,25.3,0.0,89,1006.0,6.4,13,23.5,28.2,10.0,12.2,SSW,Clear,1.8000000000000007
2024-08-14 23:00,27.0,0.0,82,1007.0,8.6,28,23.6,30.5,10.0,12.1,SW,Partly cloudy,3.3999999999999986
2025-04-07 16:00,26.2,0.0,74,1013.0,14.0,5,21.3,28.4,10.0,23.3,E,Sunny,4.899999999999999
2025-03-01 05:00,20.4,0.0,96,1013.0,5.8,80,19.8,22.4,2.0,10.5,S,Cloudy,0.5999999999999979
2024-05-30 19:00,28.3,0.0,84,1002.0,8.3,79,25.3,33.7,10.0,15.7,SW,Cloudy,3.0
2025-02-13 16:00,22.1,0.0,96,1013.0,11.9,100,21.5,24.6,2.0,15.9,NNE,Overcast,0.6000000000000014
2024-10-22 07:00,25.9,1.1,89,1013.0,13.7,91,23.9,29.2,10.0,23.4,NE,Heavy rain at times,2.0
2024-10-12 18:00,26.7,0.1,88,1011.0,6.1,89,23.5,30.0,9.0,9.4,NE,Patchy rain possible,3.1999999999999993
2025-04-11 11:00,32.3,0.0,70,1008.0,11.9,20,24.2,40.9,10.0,15.9,ESE,Sunny,8.099999999999998
2024-07-19 13:00,29.1,0.1,79,1003.0,12.6,76,25.1,34.7,10.0,17.0,NNE,Patchy rain possible,4.0
2025-01-15 01:00,19.4,0.0,90,1018.0,10.4,100,17.7,21.4,2.0,15.8,WNW,Overcast,1.6999999999999993
2024-06-09 05:00,25.4,0.0,86,1004.0,10.1,89,22.9,28.2,10.0,12.7,SW,Overcast,2.5
2024-12-13 01:00,23.4,0.4,90,1013.0,10.8,100,21.7,25.7,10.0,20.9,NE,Patchy rain possible,1.6999999999999993
2024-10-09 00:00,24.2,0.0,85,1013.0,5.4,62,21.7,26.4,10.0,9.3,WNW,Cloudy,2.5
2024-10-20 06:00,24.1,0.0,89,1013.0,5.0,70,22.3,26.4,10.0,8.5,WNW,Cloudy,1.8000000000000007
2024-10-02 07:00,26.2,0.0,86,1011.0,7.2,76,23.7,29.4,10.0,9.9,W,Cloudy,2.5
2025-04-16 13:00,27.4,0.0,73,1008.0,15.1,9,22.2,30.3,10.0,25.3,ESE,Sunny,5.199999999999999
2025-05-12 05:00,23.9,0.0,90,1008.0,6.2,100,22.2,26.2,2.0,12.1,NW,Overcast,1.6999999999999993
2025-01-25 18:00,22.2,0.0,88,1012.0,9.4,84,20.2,24.6,10.0,15.0,ESE,Cloudy,2.0
2024-06-02 16:00,29.9,0.0,70,1007.0,8.6,80,24.0,35.0,9.0,14.3,ENE,Cloudy,5.899999999999999
2025-01-02 19:00,20.5,0.0,92,1016.0,8.6,100,19.2,22.5,2.0,12.2,NW,Overcast,1.3000000000000007
2024-05-31 08:00,29.2,0.02,76,1004.0,15.8,80,24.6,34.4,10.0,22.1,SW,Patchy rain possible,4.599999999999998
2024-08-24 03:00,24.3,0.0,88,1009.0,6.0,17,22.1,26.5,10.0,13.2,SW,Clear,2.1999999999999993
2024-12-06 15:00,23.3,1.3,90,1011.0,11.9,100,21.5,25.5,10.0,16.1,ENE,Heavy rain at times,1.8000000000000007
2024-08-04 15:00,31.9,0.1,69,1006.0,14.4,74,23.9,37.9,10.0,24.1,ENE,Patchy rain possible,8.0
2024-11-15 12:00,27.6,0.0,78,1010.0,11.5,80,23.4,31.3,10.0,18.5,ESE,Cloudy,4.200000000000003
2025-02-24 00:00,21.3,1.6,96,1021.0,20.9,100,20.7,23.3,7.0,31.0,NE,Moderate or heavy rain shower,0.6000000000000014
2024-07-27 12:00,34.1,0.0,59,1002.0,19.8,21,23.6,40.6,10.0,24.7,SW,Sunny,10.5
2024-05-24 00:00,24.5,0.0,95,1009.0,7.9,69,23.6,27.3,9.0,11.8,SSW,Cloudy,0.8999999999999986
2025-03-24 13:00,25.6,0.0,71,1013.0,12.6,2,19.2,27.4,10.0,18.8,E,Sunny,6.400000000000002
2024-07-07 08:00,28.1,0.0,77,1007.0,6.1,30,23.7,32.0,10.0,12.0,SSE,Partly cloudy,4.400000000000002
2024-12-03 18:00,23.3,0.1,89,1013.0,8.3,89,21.3,25.5,10.0,13.1,NE,Patchy rain possible,2.0
2024-09-12 06:00,25.1,0.0,87,1008.0,6.5,32,22.8,27.7,10.0,11.0,WSW,Partly cloudy,2.3000000000000007
2025-01-19 01:00,18.2,0.0,84,1016.0,5.4,79,15.5,20.2,10.0,9.1,WNW,Cloudy,2.6999999999999993
2024-10-11 14:00,26.1,0.7,84,1011.0,5.5,100,23.1,29.0,10.0,13.3,NNE,Moderate rain at times,3.0
2024-10-18 07:00,25.2,0.1,87,1011.0,5.4,89,22.8,27.8,10.0,7.5,SW,Patchy rain possible,2.3999999999999986
2025-04-14 09:00,23.5,0.0,76,1017.0,8.6,93,17.9,25.4,10.0,10.4,NW,Overcast,5.600000000000001
2024-09-18 09:00,24.8,36.4,90,1003.0,10.1,74,23.1,27.4,10.0,17.3,WSW,Moderate or heavy rain shower,1.6999999999999993
2024-08-27 07:00,27.1,0.0,76,1007.0,5.8,14,22.4,30.0,10.0,7.8,WSW,Sunny,4.700000000000003
2025-02-16 10:00,24.6,0.5,79,1016.0,6.8,77,20.7,26.5,10.0,13.6,SE,Moderate rain at times,3.900000000000002
2024-10-04 18:00,24.4,0.1,87,1013.0,7.2,100,22.2,26.7,10.0,14.2,WNW,Patchy rain possible,2.1999999999999993
2024-11-12 00:00,23.5,0.1,92,1011.0,14.4,100,22.1,25.8,10.0,22.2,NW,Patchy rain possible,1.3999999999999986
2024-07-16 13:00,29.0,0.1,76,1002.0,15.8,77,24.3,33.8,9.0,18.9,NNE,Patchy rain possible,4.699999999999999
2024-06-20 23:00,26.9,0.0,83,1005.0,6.2,70,23.8,30.5,10.0,12.6,SW,Cloudy,3.099999999999998
2024-12-21 08:00,20.5,0.1,84,1017.0,9.0,100,17.8,22.5,10.0,12.1,ENE,Patchy rain possible,2.6999999999999993
2024-10-26 08:00,22.4,2.88,93,1005.0,15.0,100,18.2,24.7,7.0,22.8,WSW,Moderate or heavy rain shower,4.199999999999999
2024-07-13 03:00,25.0,0.0,86,1001.0,8.3,30,22.6,27.6,10.0,11.3,SW,Partly cloudy,2.3999999999999986
2024-08-14 07:00,27.6,0.0,79,1007.0,8.3,20,23.5,31.3,10.0,12.7,WSW,Sunny,4.100000000000001
2024-06-03 12:00,35.0,0.0,56,1005.0,11.2,46,23.9,42.2,10.0,17.2,ENE,Partly cloudy,11.100000000000001
2024-12-24 13:00,20.4,0.1,89,1016.0,12.2,100,18.5,22.4,2.0,20.7,NNW,Patchy rain possible,1.8999999999999986
2025-01-03 07:00,20.7,1.2,92,1017.0,9.8,100,19.4,22.7,10.0,15.1,N,Heavy rain at times,1.3000000000000007
2025-03-25 05:00,18.3,0.0,88,1010.0,6.0,4,16.3,20.3,10.0,7.7,S,Clear,2.0
2024-10-21 13:00,25.8,10.9,91,1012.0,9.4,94,24.3,29.3,10.0,17.5,NNE,Moderate or heavy rain shower,1.5
2025-02-09 10:00,19.9,0.1,83,1021.0,17.0,100,17.0,21.9,10.0,30.5,NE,Patchy rain possible,2.8999999999999986
2024-12-08 02:00,22.9,0.2,86,1015.0,9.4,52,20.5,25.1,10.0,16.7,NNE,Patchy rain possible,2.3999999999999986
2025-05-11 20:00,23.5,1.0,94,1009.0,10.3,66,22.5,25.9,9.0,17.6,W,Heavy rain at times,1.0
2024-11-10 13:00,27.2,0.0,68,1012.0,11.5,28,20.7,29.2,10.0,21.2,NNE,Partly cloudy,6.5
2025-01-01 19:00,20.8,0.0,82,1015.0,7.9,60,17.6,22.8,10.0,11.4,N,Cloudy,3.1999999999999993
2024-07-09 09:00,31.4,0.0,59,1007.0,8.6,46,22.4,35.7,10.0,9.9,SSW,Partly cloudy,9.0
2024-09-15 07:00,25.8,0.0,86,1003.0,8.3,66,23.4,28.8,10.0,13.9,WSW,Cloudy,2.400000000000002
2025-04-24 19:00,28.7,0.0,87,1007.0,7.9,84,23.3,35.1,9.0,17.3,SW,Cloudy,5.399999999999999
2025-05-06 16:00,32.9,0.0,74,1005.0,5.4,71,22.5,44.2,10.0,20.3,SE,Cloudy,10.399999999999999
2024-07-01 06:00,27.6,0.0,72,1006.0,8.6,24,22.2,30.5,10.0,11.7,WSW,Sunny,5.400000000000002
2025-03-30 16:00,22.1,0.03,88,1013.0,18.7,100,20.1,24.6,10.0,24.3,NW,Patchy rain possible,2.0
2024-12-14 15:00,21.6,1.97,93,1016.0,24.4,100,20.4,23.6,7.0,38.0,NNE,Moderate or heavy rain shower,1.2000000000000028
2024-11-02 23:00,23.1,0.0,82,1014.0,10.8,88,19.9,25.2,10.0,12.8,NW,Overcast,3.200000000000003
2024-12-30 14:00,22.3,0.2,85,1015.0,6.5,64,19.6,24.7,10.0,16.0,NE,Patchy rain possible,2.6999999999999993
2024-08-30 08:00,29.7,0.0,66,1007.0,5.8,82,22.7,33.6,10.0,6.6,WSW,Cloudy,7.0
2024-05-27 19:00,29.7,0.0,83,1003.0,7.6,18,25.7,36.2,10.0,14.9,S,Clear,4.0
2025-02-17 18:00,21.7,0.0,91,1016.0,8.6,86,20.1,23.7,10.0,13.4,E,Overcast,1.5999999999999979
2025-05-22 01:00,25.2,0.0,88,1006.0,6.9,7,24.1,28.5,10.0,14.2,SSW,Clear,1.0999999999999979
2024-09-29 23:00,25.9,0.0,94,1009.0,8.3,41,24.8,29.8,10.0,9.2,SSW,Partly cloudy,1.0999999999999979
2024-11-16 10:00,27.2,0.1,76,1012.0,9.0,87,22.6,30.2,10.0,10.4,SE,Patchy rain possible,4.599999999999998
2024-12-22 13:00,22.0,0.0,67,1016.0,16.2,83,15.5,24.0,10.0,25.2,NNE,Cloudy,6.5
2025-02-25 14:00,21.5,0.2,92,1020.0,10.1,100,20.1,23.5,10.0,20.5,NNE,Patchy rain possible,1.3999999999999986
2024-09-17 11:00,29.4,0.0,72,1005.0,9.7,87,23.8,34.0,9.0,18.4,NNE,Overcast,5.599999999999998
2024-10-29 06:00,21.3,0.5,88,1006.0,8.6,92,19.3,23.3,10.0,10.1,SSW,Moderate rain at times,2.0
2025-04-09 21:00,23.3,0.0,93,1011.0,10.1,34,22.1,25.6,10.0,12.1,S,Partly cloudy,1.1999999999999993
2025-04-21 19:00,26.6,0.0,88,1010.0,7.6,18,23.3,30.5,10.0,13.5,ESE,Clear,3.3000000000000007
2025-03-28 22:00,23.7,0.0,90,1009.0,6.0,21,22.0,26.0,10.0,8.7,SE,Clear,1.6999999999999993
2024-10-28 10:00,24.1,0.0,80,1007.0,7.6,100,19.9,26.0,10.0,10.2,SSW,Overcast,4.200000000000003
2024-10-17 08:00,26.3,0.0,81,1012.0,3.2,18,22.9,29.2,10.0,3.9,WNW,Sunny,3.400000000000002
2024-10-29 09:00,23.0,0.8,86,1008.0,3.2,85,20.6,25.2,10.0,4.3,SSW,Moderate rain at times,2.3999999999999986
2025-03-10 11:00,22.2,1.1,95,1019.0,9.4,100,21.4,24.7,10.0,18.0,NNE,Heavy rain at times,0.8000000000000007
2025-03-07 19:00,19.9,0.1,87,1016.0,14.8,100,17.8,21.9,10.0,20.1,WNW,Patchy rain possible,2.099999999999998
2024-12-09 10:00,23.3,0.7,85,1017.0,13.3,85,20.7,25.4,10.0,18.9,NE,Moderate rain at times,2.6000000000000014
2024-08-12 02:00,25.9,0.0,87,1001.0,9.7,17,23.7,29.1,10.0,12.7,SW,Clear,2.1999999999999993
2025-04-10 14:00,31.1,0.0,78,1005.0,11.5,77,22.7,39.8,10.0,19.8,E,Cloudy,8.400000000000002
2025-04-23 17:00,29.5,0.0,77,1006.0,7.6,85,23.3,35.3,9.0,15.7,SW,Overcast,6.199999999999999
2024-10-15 08:00,26.0,0.1,85,1012.0,6.1,56,23.4,29.1,10.0,7.7,WSW,Patchy rain possible,2.6000000000000014
2024-07-29 02:00,25.2,0.0,88,1002.0,7.2,86,23.1,28.0,10.0,14.6,WSW,Overcast,2.099999999999998
2025-03-17 21:00,20.4,0.0,88,1018.0,10.1,100,18.3,22.4,10.0,14.5,WNW,Overcast,2.099999999999998
2024-12-03 21:00,23.3,0.0,88,1014.0,9.4,70,21.3,25.5,9.0,14.8,ENE,Cloudy,2.0
2024-12-15 15:00,19.5,0.1,89,1019.0,17.7,100,17.7,21.5,2.0,28.3,N,Patchy rain possible,1.8000000000000007
2025-03-19 07:00,19.3,1.3,91,1022.0,10.4,100,17.9,21.3,9.0,14.0,N,Heavy rain at times,1.4000000000000021
2024-12-07 09:00,23.9,0.1,86,1016.0,11.9,66,21.5,26.0,10.0,16.6,NE,Patchy rain possible,2.3999999999999986
2024-08-22 10:00,33.3,0.0,52,1009.0,9.7,23,22.0,38.0,10.0,16.6,ESE,Sunny,11.299999999999997
2025-02-17 12:00,24.7,0.0,78,1017.0,11.9,88,20.6,26.6,10.0,20.4,E,Overcast,4.099999999999998
2024-06-15 05:00,26.5,0.0,79,1003.0,8.3,13,22.6,29.2,10.0,13.0,SW,Clear,3.8999999999999986
2025-02-02 22:00,20.3,0.0,96,1012.0,5.8,50,19.7,22.3,2.0,10.3,S,Partly cloudy,0.6000000000000014
2024-07-12 07:00,27.1,0.0,78,1004.0,9.0,47,22.8,30.2,10.0,13.2,SW,Partly cloudy,4.300000000000001
2025-01-04 01:00,19.9,0.0,84,1017.0,5.8,100,17.1,21.9,10.0,8.5,NE,Overcast,2.799999999999997
2025-01-10 08:00,20.4,1.0,84,1023.0,17.3,100,17.6,22.4,10.0,28.0,ENE,Heavy rain at times,2.799999999999997
2024-07-24 22:00,28.5,0.0,69,1000.0,10.7,23,22.1,31.5,10.0,19.8,SW,Clear,6.399999999999999
2024-10-29 13:00,24.6,0.0,89,1006.0,6.5,58,21.8,26.9,10.0,8.6,WSW,Partly cloudy,2.8000000000000007
2024-10-25 12:00,28.0,0.0,57,1007.0,15.5,2,18.8,29.4,10.0,28.4,NW,Sunny,9.2
2025-01-30 17:00,21.0,0.0,81,1013.0,8.3,0,17.5,23.0,10.0,16.4,E,Sunny,3.5
2024-10-03 19:00,24.5,0.0,80,1013.0,14.8,98,20.7,26.4,10.0,22.0,NW,Overcast,3.8000000000000007
2024-10-21 06:00,23.7,3.7,96,1012.0,4.3,97,23.0,26.2,7.0,13.2,WNW,Moderate or heavy rain shower,0.6999999999999993
2025-02-11 16:00,21.1,0.0,91,1013.0,5.0,100,19.5,23.1,10.0,12.5,NNW,Overcast,1.6000000000000014
2025-02-11 20:00,20.6,0.0,91,1015.0,1.8,100,19.0,22.6,10.0,2.8,WNW,Overcast,1.6000000000000014
2024-06-03 02:00,27.0,0.0,77,1006.0,7.6,51,22.7,30.0,10.0,9.7,SW,Partly cloudy,4.300000000000001
2024-07-09 12:00,32.9,0.0,54,1006.0,9.4,44,22.5,37.8,10.0,18.9,ESE,Partly cloudy,10.399999999999999
2024-10-01 18:00,28.1,0.0,88,1007.0,5.1,84,25.0,33.1,9.0,11.4,NNE,Cloudy,3.1000000000000014
2025-02-22 10:00,22.9,0.1,94,1020.0,13.3,100,20.8,25.2,10.0,18.0,ENE,Patchy rain possible,2.099999999999998
2024-10-25 10:00,26.2,0.0,65,1010.0,11.9,0,19.1,27.7,10.0,24.5,NW,Sunny,7.099999999999998
2024-08-10 13:00,37.1,0.0,54,1002.0,12.6,12,23.2,44.7,10.0,25.6,NE,Sunny,13.900000000000002
2025-01-10 06:00,20.2,0.9,86,1021.0,16.5,100,17.7,22.2,10.0,31.2,NE,Moderate rain at times,2.5
2025-04-17 09:00,28.2,0.0,74,1009.0,10.1,29,23.2,31.9,10.0,12.6,SSE,Partly cloudy,5.0
2024-06-19 08:00,32.2,0.0,57,1005.0,9.7,15,22.6,36.9,10.0,11.8,SW,Sunny,9.600000000000001
2025-02-21 07:00,21.6,0.1,92,1018.0,8.3,100,20.2,23.6,10.0,12.3,ENE,Patchy rain possible,1.4000000000000021
2025-01-26 21:00,20.0,4.1,86,1019.0,15.8,85,17.6,22.0,10.0,26.6,N,Moderate or heavy rain shower,2.3999999999999986
2024-07-03 14:00,31.6,0.1,65,1006.0,21.2,75,24.1,37.5,10.0,30.6,ESE,Patchy rain possible,7.5
2025-01-13 22:00,18.2,0.0,85,1019.0,2.9,68,15.7,20.2,10.0,8.5,WNW,Cloudy,2.5
2024-09-18 02:00,24.8,0.9,88,1002.0,7.9,100,22.8,27.4,2.0,8.1,W,Moderate rain at times,2.0
2025-04-16 06:00,21.3,0.0,80,1011.0,7.2,14,17.8,23.3,10.0,7.7,SSW,Sunny,3.5
2024-07-13 13:00,32.5,0.0,68,1001.0,17.6,82,23.5,38.3,10.0,21.9,NE,Cloudy,9.0
2025-04-10 00:00,22.8,0.0,95,1009.0,6.4,70,22.0,25.2,2.0,12.1,SSW,Cloudy,0.8000000000000007
2025-01-29 22:00,18.1,0.0,86,1019.0,6.1,91,15.7,20.1,10.0,10.4,W,Overcast,2.400000000000002
2025-04-18 11:00,33.8,0.0,70,1008.0,12.2,20,24.0,45.5,10.0,15.9,ENE,Sunny,9.799999999999997
2024-12-21 03:00,19.6,0.0,85,1015.0,4.0,100,17.0,21.6,10.0,5.9,ENE,Overcast,2.6000000000000014
2024-08-22 02:00,26.0,0.0,81,1007.0,8.3,22,22.6,28.6,10.0,11.1,SW,Clear,3.3999999999999986
2024-07-09 06:00,25.6,0.0,85,1006.0,9.4,39,22.9,28.4,10.0,12.2,SW,Partly cloudy,2.700000000000003
2024-12-17 12:00,22.4,0.0,88,1016.0,7.2,100,18.6,24.7,10.0,19.4,NNW,Overcast,3.799999999999997
2024-07-16 07:00,25.5,0.0,85,1004.0,7.2,28,22.8,28.2,10.0,10.8,WSW,Partly cloudy,2.6999999999999993
2024-07-29 19:00,27.6,0.0,75,1004.0,6.5,73,22.7,30.7,10.0,12.4,W,Cloudy,4.900000000000002
2025-04-26 23:00,24.3,0.1,95,1012.0,4.3,57,23.5,27.1,2.0,6.7,SE,Patchy rain possible,0.8000000000000007
2024-07-25 10:00,31.1,0.0,60,999.0,14.4,35,22.5,35.3,10.0,22.6,WSW,Partly cloudy,8.600000000000001
2025-05-15 21:00,25.9,0.0,89,1011.0,5.0,32,24.0,29.3,10.0,9.2,SW,Partly cloudy,1.8999999999999986
2024-06-06 22:00,27.8,0.0,82,1009.0,7.6,21,24.8,32.5,10.0,15.2,SW,Clear,3.0
2024-05-28 18:00,31.1,0.0,79,1003.0,9.2,40,25.0,37.9,9.0,17.4,SE,Partly cloudy,6.100000000000001
2024-06-04 11:00,34.5,0.0,60,1006.0,10.4,26,24.2,41.8,10.0,17.7,NNE,Partly cloudy,10.3
2024-07-26 20:00,28.1,0.0,74,1001.0,9.5,12,23.6,32.0,10.0,18.7,SW,Clear,4.5
2024-12-21 11:00,21.2,0.0,79,1017.0,11.5,100,17.5,23.2,10.0,21.7,NE,Overcast,3.6999999999999993
2024-06-07 22:00,26.6,0.1,85,1007.0,7.6,76,23.8,30.1,10.0,10.9,SSW,Patchy rain possible,2.8000000000000007
2025-02-15 01:00,21.1,0.0,95,1012.0,3.2,56,20.3,23.1,2.0,5.3,SW,Partly cloudy,0.8000000000000007
2025-05-12 19:00,25.0,0.0,83,1008.0,9.7,64,21.9,27.2,10.0,14.4,N,Cloudy,3.1000000000000014
2024-12-11 09:00,23.6,1.2,96,1013.0,12.9,100,22.8,26.1,9.0,19.3,NE,Heavy rain at times,0.8000000000000007
2025-03-26 14:00,26.8,0.0,72,1003.0,14.1,5,21.3,29.0,10.0,23.9,ESE,Sunny,5.5
2025-05-05 19:00,29.1,0.0,89,1007.0,8.1,15,24.0,36.8,10.0,16.9,SSW,Clear,5.100000000000001
2025-01-04 22:00,19.3,0.0,81,1018.0,5.0,65,16.1,21.3,10.0,8.6,N,Cloudy,3.1999999999999993
2025-03-31 17:00,21.3,0.02,85,1013.0,14.4,100,18.8,23.3,10.0,19.7,WNW,Patchy rain possible,2.5
2025-02-14 04:00,20.9,0.4,95,1014.0,7.6,100,20.1,22.9,2.0,11.3,NW,Patchy rain possible,0.7999999999999972
2025-01-03 04:00,20.5,0.1,91,1015.0,12.6,100,19.0,22.5,2.0,13.8,NNW,Patchy rain possible,1.5
2025-04-19 17:00,29.6,0.0,86,1006.0,11.9,71,25.0,37.7,10.0,17.8,SE,Cloudy,4.600000000000001
2024-09-13 09:00,28.9,0.0,81,1006.0,1.8,84,24.6,34.0,9.0,7.4,SSW,Cloudy,4.299999999999997
2024-08-11 12:00,36.0,0.0,53,1002.0,9.7,25,23.4,43.2,10.0,16.6,NNE,Sunny,12.600000000000001
2025-03-02 12:00,27.1,0.0,74,1009.0,13.7,14,22.2,29.8,10.0,18.0,ESE,Sunny,4.900000000000002
2024-10-04 20:00,24.5,0.0,86,1014.0,6.5,100,22.0,26.7,10.0,9.5,WNW,Overcast,2.5
2024-09-30 20:00,26.5,2.25,91,1008.0,8.3,84,24.9,30.6,9.0,14.8,SE,Patchy rain possible,1.6000000000000014
2024-11-12 11:00,24.7,13.4,90,1012.0,9.4,100,23.0,27.3,10.0,23.8,NW,Moderate or heavy rain shower,1.6999999999999993
2025-03-26 20:00,22.5,0.0,85,1005.0,4.7,14,19.9,24.8,10.0,9.4,SSE,Clear,2.6000000000000014
2024-10-28 15:00,23.5,0.1,91,1003.0,6.8,100,20.9,25.6,2.0,9.8,W,Patchy rain possible,2.6000000000000014
2025-04-17 23:00,24.0,0.0,92,1008.0,4.1,17,22.8,26.5,10.0,9.7,SSW,Clear,1.1999999999999993
2025-04-28 09:00,29.1,0.0,68,1012.0,9.0,3,22.6,32.7,10.0,16.5,SE,Sunny,6.5
2024-11-12 02:00,23.1,11.6,94,1010.0,11.5,100,22.1,25.5,9.0,23.4,NW,Moderate or heavy rain shower,1.0
2024-11-12 20:00,24.3,7.5,89,1012.0,6.1,100,22.3,26.7,10.0,10.0,N,Moderate or heavy rain shower,2.0
2024-06-25 04:00,25.3,0.0,82,1004.0,10.1,48,21.9,27.5,10.0,12.5,SW,Partly cloudy,3.400000000000002
2024-08-31 16:00,31.0,0.01,63,1004.0,15.8,72,23.1,35.6,10.0,18.2,E,Patchy rain possible,7.899999999999999
2024-06-24 17:00,28.3,0.1,78,1003.0,4.0,79,24.1,32.7,10.0,9.6,NE,Patchy rain possible,4.199999999999999
2024-10-01 14:00,29.8,0.1,77,1006.0,11.2,84,25.4,36.2,10.0,20.8,NE,Patchy rain possible,4.400000000000002
2024-05-28 03:00,27.3,0.0,76,1002.0,10.8,32,22.7,30.4,10.0,15.2,SW,Partly cloudy,4.600000000000001
2024-08-21 12:00,34.6,0.0,58,1008.0,4.3,34,22.5,40.4,10.0,18.9,NNW,Partly cloudy,12.100000000000001
2025-03-11 04:00,21.9,0.2,95,1014.0,3.2,100,21.1,23.9,2.0,4.6,WSW,Patchy rain possible,0.7999999999999972
2025-02-24 11:00,20.9,0.1,93,1023.0,22.0,100,19.8,22.9,9.0,29.4,ENE,Patchy rain possible,1.0999999999999979
2025-04-24 04:00,24.7,0.0,80,1006.0,5.4,27,21.1,26.8,10.0,11.3,S,Partly cloudy,3.599999999999998
2024-11-19 20:00,24.0,0.3,85,1015.0,10.4,91,21.4,26.2,10.0,21.2,NE,Patchy rain possible,2.6000000000000014
2024-06-29 22:00,27.3,0.0,84,1008.0,7.6,10,24.4,31.4,10.0,10.1,WSW,Clear,2.900000000000002
2024-08-27 05:00,24.9,0.0,85,1006.0,7.2,11,22.2,27.3,10.0,8.3,SW,Clear,2.6999999999999993
2025-05-10 05:00,25.2,0.0,83,1006.0,4.8,19,23.1,27.6,10.0,11.7,SSW,Clear,2.099999999999998
2024-10-21 10:00,25.3,3.0,90,1015.0,4.0,90,23.5,28.2,10.0,14.7,WSW,Moderate or heavy rain shower,1.8000000000000007
2024-07-14 09:00,26.7,0.5,92,1004.0,6.1,75,24.4,30.6,10.0,13.8,NNW,Moderate rain at times,2.3000000000000007
2024-11-24 18:00,23.8,1.1,92,1013.0,10.6,81,22.5,26.2,10.0,21.6,ENE,Heavy rain at times,1.3000000000000007
2024-07-11 02:00,25.7,0.0,82,1006.0,9.7,79,22.5,28.3,10.0,12.8,SW,Cloudy,3.1999999999999993
2024-12-02 20:00,23.3,0.1,88,1014.0,6.5,100,21.3,25.5,10.0,10.2,ENE,Patchy rain possible,2.0
2024-10-22 02:00,25.0,0.7,90,1012.0,7.9,99,23.2,27.7,10.0,12.1,NNE,Moderate rain at times,1.8000000000000007
2024-06-10 10:00,31.7,0.0,61,1006.0,4.0,25,23.1,36.7,10.0,12.2,SSW,Partly cloudy,8.599999999999998
2025-03-15 16:00,26.9,0.0,80,1007.0,11.8,6,23.2,30.2,10.0,23.3,ESE,Sunny,3.6999999999999993
2024-07-20 07:00,26.6,0.0,83,1006.0,6.1,49,23.5,29.8,10.0,9.5,W,Partly cloudy,3.1000000000000014
2024-07-22 17:00,28.8,0.0,81,1001.0,7.9,71,25.3,34.3,10.0,13.1,NNE,Cloudy,3.5
2025-01-16 21:00,20.3,0.4,84,1021.0,12.3,100,17.5,22.3,2.0,19.0,ENE,Patchy rain possible,2.8000000000000007
2024-07-05 22:00,27.0,0.0,84,1007.0,9.0,32,24.1,30.8,10.0,14.2,SSE,Partly cloudy,2.8999999999999986
2025-03-03 02:00,22.1,0.0,93,1008.0,6.5,13,21.0,24.6,10.0,7.4,S,Clear,1.1000000000000014
2024-10-06 11:00,27.8,0.1,75,1013.0,11.2,85,23.0,31.2,9.0,19.6,N,Patchy rain possible,4.800000000000001
2025-03-15 18:00,24.7,0.0,91,1010.0,3.2,81,23.1,27.4,9.0,9.8,S,Cloudy,1.5999999999999979
2024-10-24 03:00,23.1,0.2,89,1011.0,9.4,61,21.3,25.3,10.0,15.3,WNW,Patchy rain possible,1.8000000000000007
2024-10-26 15:00,22.4,1.8,88,999.0,28.8,78,19.3,24.7,5.0,40.8,WSW,Moderate or heavy rain shower,3.099999999999998
2024-06-30 17:00,31.5,0.0,67,1003.0,17.6,16,24.8,38.0,10.0,22.1,ESE,Sunny,6.699999999999999
2025-05-16 16:00,29.6,0.1,75,1006.0,13.7,82,24.8,35.2,10.0,16.7,E,Patchy rain possible,4.800000000000001
2024-08-07 05:00,24.4,0.0,82,1006.0,8.3,10,21.2,26.5,10.0,11.5,SW,Clear,3.1999999999999993
2025-04-15 09:00,24.2,0.0,69,1015.0,1.8,9,18.2,25.8,10.0,7.7,ENE,Sunny,6.0
2024-12-30 00:00,20.4,0.2,88,1018.0,4.7,100,18.4,22.4,10.0,6.8,E,Patchy rain possible,2.0
2024-11-14 21:00,24.1,0.0,91,1012.0,3.6,28,22.5,26.5,10.0,5.8,S,Partly cloudy,1.6000000000000014
2024-10-17 18:00,26.2,0.1,86,1010.0,5.8,74,23.7,29.4,10.0,8.8,NE,Patchy rain possible,2.5
2025-03-30 06:00,22.9,0.17,94,1014.0,4.7,100,21.8,25.2,10.0,8.2,NNE,Light rain shower,1.0999999999999979
2025-05-19 07:00,26.3,0.0,80,1008.0,9.0,23,22.7,29.1,10.0,12.2,SSW,Sunny,3.6000000000000014
2024-08-14 19:00,29.8,0.2,79,1006.0,2.9,86,24.4,35.2,10.0,4.9,SE,Patchy rain possible,5.400000000000002
2025-03-12 13:00,27.9,0.0,79,1010.0,15.1,65,23.1,31.9,10.0,19.1,ESE,Cloudy,4.799999999999997
2025-04-23 19:00,28.3,0.0,83,1007.0,9.8,83,23.4,33.6,10.0,15.5,WSW,Cloudy,4.900000000000002
2024-10-04 03:00,24.0,0.0,83,1012.0,10.4,99,20.9,26.0,10.0,12.0,WNW,Overcast,3.1000000000000014
2024-09-08 14:00,35.8,0.0,54,1003.0,7.2,25,22.2,41.6,10.0,22.1,N,Sunny,13.599999999999998
2024-10-06 00:00,24.6,0.0,87,1013.0,6.5,100,22.4,27.0,10.0,10.0,NW,Overcast,2.200000000000003
2024-12-14 08:00,22.3,2.91,91,1019.0,24.5,100,20.7,24.7,7.0,39.9,NE,Moderate or heavy rain shower,1.6000000000000014
2025-04-29 11:00,29.0,0.0,62,1012.0,13.0,1,21.0,31.6,10.0,14.9,E,Sunny,8.0
2025-02-04 19:00,19.1,0.2,94,1017.0,10.1,100,18.1,21.1,10.0,15.3,N,Patchy rain possible,1.0
2024-05-23 06:00,25.4,0.0,89,1008.0,4.3,75,23.6,28.4,10.0,6.4,WSW,Cloudy,1.7999999999999972
2024-09-24 04:00,24.5,0.0,90,1009.0,7.9,65,22.8,27.1,10.0,12.0,WNW,Cloudy,1.6999999999999993
2024-10-10 01:00,23.2,0.0,87,1011.0,9.0,14,20.8,25.3,10.0,11.3,WSW,Clear,2.3999999999999986
2024-12-07 22:00,22.9,0.2,88,1016.0,7.8,63,20.9,25.1,10.0,12.5,NE,Patchy rain possible,2.0
2024-08-11 23:00,27.0,0.0,87,1003.0,7.3,11,24.9,31.5,10.0,15.7,SW,Clear,2.1000000000000014
2025-01-14 12:00,21.6,0.0,84,1018.0,9.4,100,17.1,23.6,10.0,18.5,WNW,Overcast,4.5
2024-07-30 03:00,25.5,0.0,78,1004.0,6.0,56,21.4,27.6,10.0,14.4,WSW,Partly cloudy,4.100000000000001
2025-04-14 15:00,25.2,0.0,74,1012.0,15.1,46,19.2,27.1,10.0,24.4,N,Partly cloudy,6.0
2025-03-19 00:00,19.0,0.0,92,1021.0,10.4,100,17.8,21.0,10.0,14.0,NNW,Overcast,1.1999999999999993
2025-01-26 12:00,24.1,0.1,84,1017.0,10.8,64,18.9,25.8,10.0,15.5,NNE,Patchy rain possible,5.200000000000003
2024-08-17 06:00,26.1,0.0,85,1006.0,8.3,21,23.4,29.2,10.0,10.2,WSW,Sunny,2.700000000000003
2024-09-30 14:00,29.3,0.25,81,1005.0,13.0,76,25.8,35.6,10.0,15.6,E,Patchy rain possible,3.5
2024-12-24 00:00,19.6,0.1,90,1016.0,8.4,100,18.0,21.6,10.0,13.1,N,Patchy rain possible,1.6000000000000014
2025-01-24 16:00,23.1,0.0,78,1009.0,14.0,0,19.0,25.1,10.0,17.4,ESE,Sunny,4.100000000000001
2024-08-24 10:00,33.4,0.0,52,1010.0,6.8,6,21.4,37.5,10.0,12.9,SE,Sunny,12.0
2024-07-23 10:00,31.5,0.0,70,1003.0,11.2,40,24.3,37.6,10.0,15.2,SW,Partly cloudy,7.199999999999999
2025-03-06 09:00,24.5,0.6,89,1014.0,2.2,65,22.5,26.9,10.0,14.0,SE,Moderate rain at times,2.0
2024-08-09 17:00,32.4,0.0,75,1004.0,13.0,70,24.5,39.3,10.0,18.3,SE,Cloudy,7.899999999999999
2024-10-13 03:00,23.8,0.1,88,1012.0,5.4,87,21.7,26.1,10.0,9.8,W,Patchy rain possible,2.1000000000000014
2025-01-19 10:00,21.3,0.0,77,1017.0,5.0,72,17.0,23.3,10.0,10.3,NNE,Cloudy,4.300000000000001
2025-01-22 13:00,23.6,0.0,67,1014.0,6.8,0,16.1,25.3,10.0,14.6,E,Sunny,7.5
2024-10-24 09:00,26.1,0.0,80,1012.0,14.4,82,22.3,28.6,10.0,22.8,NNW,Cloudy,3.8000000000000007
2024-08-15 05:00,26.2,0.0,83,1005.0,6.8,20,23.1,29.1,10.0,9.0,WSW,Clear,3.099999999999998
2024-11-06 12:00,25.4,0.2,83,1016.0,20.2,72,22.3,27.8,10.0,34.4,NE,Patchy rain possible,3.099999999999998
2025-03-23 03:00,19.2,0.0,90,1016.0,6.8,80,17.5,21.2,10.0,11.3,SSW,Cloudy,1.6999999999999993
2025-02-23 12:00,21.9,1.1,95,1020.0,13.0,100,21.2,23.9,10.0,18.6,NNE,Heavy rain at times,0.6999999999999993
2025-03-16 18:00,20.3,0.3,85,1015.0,23.4,100,17.6,22.3,10.0,35.7,NW,Patchy rain possible,2.6999999999999993
2024-09-10 18:00,26.7,0.7,86,1005.0,4.3,58,24.2,30.4,10.0,7.2,NE,Moderate rain at times,2.5
2024-07-09 02:00,25.1,0.0,89,1006.0,8.2,82,23.2,27.8,10.0,16.5,SW,Cloudy,1.9000000000000021
2025-01-11 17:00,19.1,0.0,82,1024.0,16.1,100,16.0,21.1,10.0,31.9,NNE,Overcast,3.1000000000000014
2024-08-06 19:00,29.0,0.0,83,1006.0,7.9,71,23.6,33.4,9.0,13.4,S,Cloudy,5.399999999999999
2025-02-17 00:00,21.9,0.1,88,1016.0,7.6,65,19.8,23.9,10.0,9.4,ESE,Patchy rain possible,2.099999999999998
2024-11-18 22:00,23.9,0.9,89,1014.0,11.1,100,21.9,26.1,10.0,23.3,NE,Moderate rain at times,2.0
2025-05-08 05:00,25.9,0.0,82,1005.0,8.6,46,22.6,28.5,10.0,10.5,SSW,Partly cloudy,3.299999999999997
2024-11-11 16:00,25.5,0.0,82,1010.0,19.1,86,22.2,27.9,10.0,29.6,WNW,Overcast,3.3000000000000007
2024-12-03 13:00,26.7,0.0,77,1012.0,13.7,84,21.0,28.9,9.0,19.9,NE,Cloudy,5.699999999999999
2024-07-13 12:00,32.6,0.0,62,1001.0,13.7,80,23.2,38.0,10.0,20.4,ENE,Cloudy,9.400000000000002
2025-05-16 23:00,26.0,0.0,91,1010.0,3.6,11,24.5,29.7,10.0,6.1,S,Clear,1.5
2024-08-08 08:00,30.5,0.0,69,1008.0,7.2,8,23.2,35.1,10.0,8.5,SW,Sunny,7.300000000000001
2024-08-26 02:00,24.8,0.0,89,1006.0,4.9,14,22.9,27.4,10.0,10.1,SW,Clear,1.9000000000000021
2025-02-10 00:00,19.3,0.1,82,1019.0,10.4,61,16.2,21.3,10.0,16.3,NNE,Patchy rain possible,3.1000000000000014
2025-04-25 23:00,24.5,0.0,91,1011.0,6.5,21,22.9,27.1,10.0,11.8,SW,Clear,1.6000000000000014
2024-11-09 13:00,26.4,0.0,65,1013.0,13.7,78,19.3,28.0,10.0,20.6,N,Cloudy,7.099999999999998
2025-01-02 20:00,20.5,0.0,92,1016.0,9.0,100,19.2,22.5,2.0,12.8,NW,Overcast,1.3000000000000007
2024-12-25 16:00,20.5,0.4,90,1014.0,13.3,100,18.7,22.5,10.0,18.2,WNW,Patchy rain possible,1.8000000000000007
2025-04-16 11:00,27.5,0.0,69,1010.0,10.8,7,21.2,29.9,10.0,16.6,ESE,Sunny,6.300000000000001
2024-06-08 02:00,25.5,0.0,88,1004.0,6.2,49,23.3,28.3,10.0,12.6,SW,Partly cloudy,2.1999999999999993
2024-07-29 20:00,27.2,0.0,75,1005.0,7.6,54,22.4,30.1,10.0,10.3,W,Partly cloudy,4.800000000000001
2024-10-19 09:00,27.4,0.2,78,1014.0,4.3,70,23.2,30.9,10.0,5.0,SSE,Patchy rain possible,4.199999999999999
2025-01-13 09:00,18.3,0.0,76,1022.0,4.3,88,14.0,20.3,10.0,10.0,W,Overcast,4.300000000000001
2024-09-13 02:00,25.9,0.0,90,1005.0,5.8,64,24.2,29.4,10.0,9.0,W,Cloudy,1.6999999999999993
2025-01-06 01:00,18.0,0.0,89,1017.0,7.9,92,16.1,20.0,10.0,13.9,W,Overcast,1.8999999999999986
2025-02-22 22:00,21.6,0.6,95,1020.0,8.8,100,20.8,23.6,10.0,13.7,ENE,Moderate rain at times,0.8000000000000007
2025-04-26 02:00,23.9,0.0,89,1009.0,7.9,13,22.0,26.2,10.0,9.0,SSW,Clear,1.8999999999999986
2024-10-02 21:00,24.7,0.0,91,1014.0,10.4,100,23.1,27.3,10.0,18.1,NW,Overcast,1.5999999999999979
2025-05-21 18:00,28.8,0.0,86,1006.0,11.9,88,25.0,34.3,9.0,18.2,SE,Overcast,3.8000000000000007
2024-11-18 09:00,26.2,0.2,74,1014.0,4.3,54,21.3,28.4,10.0,12.0,NNW,Patchy rain possible,4.899999999999999
2024-06-29 21:00,27.5,0.0,85,1007.0,5.8,12,24.8,32.1,10.0,9.9,SSW,Clear,2.6999999999999993
2025-03-11 13:00,25.6,0.1,81,1013.0,11.5,81,22.0,28.0,10.0,18.2,E,Patchy rain possible,3.6000000000000014
2024-08-08 18:00,30.7,0.0,81,1006.0,7.2,86,24.4,36.7,9.0,11.7,SE,Overcast,6.300000000000001
2024-08-07 18:00,30.1,0.0,79,1006.0,10.8,73,24.4,35.7,10.0,20.6,SSE,Cloudy,5.700000000000003
2024-09-04 01:00,25.4,0.0,89,1005.0,9.0,80,23.4,28.3,10.0,10.6,WSW,Cloudy,2.0
2025-04-04 07:00,20.8,0.0,89,1015.0,7.9,67,19.0,22.8,10.0,10.6,SSW,Cloudy,1.8000000000000007
2025-01-29 02:00,17.4,0.6,87,1021.0,6.5,100,15.2,19.4,10.0,9.5,NNW,Moderate rain at times,2.1999999999999993
2025-01-23 14:00,24.3,0.0,69,1011.0,9.4,0,16.7,25.7,10.0,14.9,ENE,Sunny,7.600000000000001
2024-12-19 14:00,21.0,1.5,85,1016.0,14.4,100,18.5,23.0,10.0,26.2,NNE,Moderate or heavy rain shower,2.5
2024-11-05 22:00,24.2,1.89,90,1016.0,13.8,96,22.5,26.6,7.0,30.5,NE,Moderate or heavy rain shower,1.6999999999999993
2024-09-12 14:00,30.3,0.2,72,1005.0,13.0,79,24.6,36.0,10.0,23.2,NNE,Patchy rain possible,5.699999999999999
2025-04-05 16:00,25.9,0.0,86,1010.0,11.9,74,22.1,28.9,10.0,19.3,E,Cloudy,3.799999999999997
2024-06-05 19:00,27.9,0.0,83,1008.0,6.5,23,24.7,32.5,10.0,12.3,SSE,Clear,3.1999999999999993
2025-02-25 13:00,21.6,0.1,92,1021.0,9.0,100,20.2,23.6,2.0,19.1,NNE,Patchy rain possible,1.4000000000000021
2025-05-21 10:00,31.8,0.0,59,1008.0,10.4,13,22.9,36.6,10.0,17.3,ESE,Sunny,8.900000000000002
2025-02-05 21:00,20.7,0.0,85,1015.0,7.9,81,18.1,22.7,10.0,11.9,SE,Cloudy,2.599999999999998
2025-01-06 06:00,18.7,0.0,88,1017.0,6.5,97,16.6,20.7,10.0,10.2,NW,Overcast,2.099999999999998
2024-09-02 11:00,32.5,0.2,62,1008.0,13.3,83,23.2,37.9,10.0,20.6,ENE,Patchy rain possible,9.3
2024-08-04 22:00,26.2,0.0,89,1009.0,5.8,86,24.1,29.7,9.0,11.0,SW,Overcast,2.099999999999998
2025-01-19 11:00,23.0,0.0,74,1017.0,7.2,86,16.1,25.0,10.0,12.2,NNE,Overcast,6.899999999999999
2025-02-17 15:00,23.9,0.0,81,1014.0,13.7,75,20.4,25.8,10.0,21.2,E,Cloudy,3.5
2024-09-11 22:00,27.2,0.0,83,1008.0,5.8,47,24.1,31.1,10.0,10.1,SSW,Partly cloudy,3.099999999999998
2025-04-13 18:00,21.6,0.0,79,1014.0,17.3,100,17.6,23.6,10.0,22.1,NW,Overcast,4.0
2025-04-01 22:00,19.7,0.0,85,1017.0,9.0,100,17.4,21.7,10.0,12.9,WNW,Overcast,2.3000000000000007
2025-05-07 03:00,24.6,0.0,87,1005.0,6.0,80,22.4,27.0,10.0,8.7,S,Cloudy,2.200000000000003
2025-03-03 14:00,28.7,0.0,77,1005.0,12.9,5,23.9,33.4,10.0,25.7,ESE,Sunny,4.800000000000001
2025-03-16 20:00,20.1,0.0,86,1017.0,15.1,100,17.7,22.1,2.0,25.8,NW,Overcast,2.400000000000002
2025-03-14 15:00,28.1,0.0,79,1008.0,16.6,10,23.2,32.3,10.0,22.9,ESE,Sunny,4.900000000000002
2025-02-23 09:00,21.9,1.4,95,1021.0,14.0,100,21.1,23.9,2.0,19.1,NNE,Heavy rain at times,0.7999999999999972
2025-04-13 21:00,21.3,0.0,80,1016.0,12.6,100,16.9,23.3,10.0,17.1,NW,Overcast,4.400000000000002
2024-05-30 05:00,28.1,0.0,74,1001.0,7.7,79,23.0,31.6,10.0,15.5,SW,Cloudy,5.100000000000001
2025-02-10 20:00,19.3,0.0,91,1017.0,7.6,100,17.8,21.3,10.0,10.8,N,Overcast,1.5
2024-12-01 07:00,21.1,0.0,86,1014.0,5.0,29,18.7,23.1,10.0,7.6,W,Partly cloudy,2.400000000000002
2024-10-08 09:00,27.1,0.5,79,1015.0,7.9,70,23.1,30.3,9.0,19.1,N,Moderate rain at times,4.0
2025-01-02 21:00,20.5,0.0,92,1017.0,9.0,100,19.2,22.5,2.0,12.9,WNW,Overcast,1.3000000000000007
2024-10-10 12:00,28.2,0.1,68,1012.0,7.9,76,21.7,31.0,10.0,17.5,NE,Patchy rain possible,6.5
2024-10-07 23:00,24.6,0.2,88,1014.0,9.0,67,22.4,27.0,5.0,9.6,NNW,Patchy rain possible,2.200000000000003
2025-04-26 17:00,27.9,0.0,81,1008.0,15.8,85,23.6,32.2,10.0,20.7,ESE,Overcast,4.299999999999997
2025-01-19 03:00,18.3,0.0,84,1015.0,5.0,80,15.5,20.3,10.0,8.2,WNW,Cloudy,2.8000000000000007
2025-03-22 00:00,17.8,0.0,83,1020.0,4.3,25,14.9,19.8,10.0,7.7,W,Partly cloudy,2.9000000000000004
2025-02-05 19:00,20.9,0.0,84,1014.0,9.7,77,18.2,22.9,10.0,14.3,ESE,Cloudy,2.6999999999999993
2024-12-03 23:00,23.3,0.1,88,1014.0,6.8,51,21.1,25.5,10.0,10.9,E,Patchy rain possible,2.1999999999999993
2024-10-11 19:00,24.8,0.1,88,1012.0,1.8,78,22.8,27.4,10.0,7.4,WNW,Patchy rain possible,2.0
2024-05-23 18:00,26.5,0.4,87,1007.0,5.4,81,24.2,30.2,10.0,7.3,NNE,Patchy rain possible,2.3000000000000007
2024-10-23 19:00,24.8,0.0,84,1012.0,7.6,55,22.0,27.1,10.0,12.6,NNE,Partly cloudy,2.8000000000000007
2025-03-11 07:00,22.3,0.1,94,1016.0,2.5,87,21.3,24.7,2.0,3.6,SSW,Patchy rain possible,1.0
2024-11-09 16:00,25.1,0.0,73,1012.0,17.6,10,20.0,26.8,10.0,23.3,NW,Sunny,5.100000000000001
2024-10-21 04:00,24.0,6.6,95,1011.0,6.4,100,23.2,26.7,7.0,16.2,NE,Moderate or heavy rain shower,0.8000000000000007
2025-04-01 02:00,20.4,0.0,85,1015.0,10.1,100,17.8,22.4,10.0,13.8,WNW,Overcast,2.599999999999998
2024-08-21 14:00,34.7,0.0,58,1006.0,10.4,49,22.4,40.4,10.0,19.0,NNE,Partly cloudy,12.300000000000004
2024-07-18 12:00,29.6,0.3,72,1004.0,9.0,70,24.0,34.4,10.0,19.8,NNE,Patchy rain possible,5.600000000000001
2024-12-17 10:00,20.5,0.0,88,1019.0,5.4,100,18.4,22.5,2.0,12.2,NNW,Overcast,2.1000000000000014
2025-01-12 19:00,18.0,0.0,74,1022.0,8.4,70,13.2,20.0,10.0,17.7,NE,Cloudy,4.800000000000001
2025-05-04 10:00,32.5,0.0,61,1008.0,9.3,13,23.0,38.7,10.0,14.9,ESE,Sunny,9.5
2024-09-29 16:00,29.4,0.3,78,1006.0,7.6,83,25.1,35.2,10.0,16.4,ESE,Patchy rain possible,4.299999999999997
2024-05-30 14:00,31.5,0.0,68,1000.0,12.6,49,24.9,38.1,10.0,18.2,E,Partly cloudy,6.600000000000001
2025-03-20 23:00,18.9,0.0,83,1023.0,8.3,74,15.9,20.9,10.0,14.1,WNW,Cloudy,2.9999999999999982
2025-03-24 15:00,24.9,0.0,71,1012.0,11.5,4,19.0,26.6,10.0,18.7,E,Sunny,5.899999999999999
2024-08-06 12:00,33.9,0.0,60,1006.0,12.2,76,22.6,39.5,10.0,19.0,ENE,Cloudy,11.299999999999997
2025-01-28 05:00,16.7,0.0,90,1019.0,7.2,100,15.2,18.7,10.0,10.1,NNW,Overcast,1.5
2025-02-23 08:00,21.8,0.1,95,1020.0,9.6,100,21.0,23.8,10.0,18.3,NNE,Patchy rain possible,0.8000000000000007
2024-12-13 16:00,23.1,2.5,94,1012.0,17.6,100,22.1,25.5,10.0,28.3,ENE,Moderate or heavy rain shower,1.0
2024-08-06 00:00,26.1,0.0,85,1007.0,6.0,16,23.6,29.4,10.0,11.7,SSW,Clear,2.5
2024-09-01 05:00,25.0,0.0,87,1006.0,6.8,13,22.6,27.5,10.0,8.1,SW,Clear,2.3999999999999986
2025-05-05 07:00,27.1,0.0,76,1008.0,9.4,42,22.4,29.9,10.0,12.6,SSW,Partly cloudy,4.700000000000003
2025-01-16 11:00,20.5,0.3,84,1022.0,14.8,100,17.8,22.5,2.0,25.7,NE,Patchy rain possible,2.6999999999999993
2025-04-21 06:00,23.9,0.0,88,1009.0,5.5,31,21.9,26.2,10.0,9.9,S,Partly cloudy,2.0
2025-02-16 19:00,22.7,0.0,88,1014.0,6.8,73,20.6,25.0,10.0,11.1,ESE,Cloudy,2.099999999999998
2025-04-23 09:00,30.5,0.0,60,1009.0,8.3,10,21.9,34.2,10.0,15.2,SSE,Sunny,8.600000000000001
2025-01-17 11:00,20.4,0.1,83,1021.0,15.8,100,17.4,22.4,10.0,25.2,ENE,Patchy rain possible,3.0
2024-12-16 19:00,19.2,0.2,90,1019.0,9.0,100,17.5,21.2,10.0,12.3,NNW,Patchy rain possible,1.6999999999999993
2025-05-13 22:00,24.7,0.0,88,1010.0,7.6,42,22.6,27.2,10.0,12.3,SW,Partly cloudy,2.099999999999998
2024-12-02 18:00,23.1,0.0,88,1012.0,5.4,100,21.0,25.3,10.0,10.3,ENE,Overcast,2.1000000000000014
2024-07-10 07:00,28.2,0.0,78,1007.0,5.8,28,23.3,31.9,10.0,16.4,WSW,Partly cloudy,4.899999999999999
2024-07-12 13:00,32.0,0.1,62,1001.0,15.4,77,23.9,37.9,10.0,24.8,NE,Patchy rain possible,8.100000000000001
2025-01-11 05:00,19.0,0.2,83,1023.0,14.9,69,16.2,21.0,10.0,24.7,NNE,Patchy rain possible,2.8000000000000007
2024-07-17 05:00,25.1,0.0,88,1003.0,6.5,53,22.9,27.7,10.0,7.7,W,Partly cloudy,2.200000000000003
2025-02-21 19:00,21.6,0.1,94,1018.0,11.2,96,20.5,23.6,10.0,16.3,ENE,Patchy rain possible,1.1000000000000014
2025-01-18 23:00,18.3,0.1,82,1016.0,3.6,66,16.4,20.3,10.0,5.7,NE,Patchy rain possible,1.9000000000000021
2024-12-08 20:00,22.7,0.2,88,1017.0,12.2,91,20.6,25.0,10.0,19.2,NE,Patchy rain possible,2.099999999999998
2024-07-22 15:00,31.0,0.5,67,1001.0,9.4,89,24.2,36.8,10.0,16.5,NE,Moderate rain at times,6.800000000000001
2025-01-04 20:00,19.7,0.0,80,1017.0,4.3,64,16.0,21.7,10.0,7.3,NNE,Cloudy,3.6999999999999993
2024-12-15 18:00,19.5,0.5,88,1021.0,15.9,100,17.5,21.5,10.0,28.4,NNE,Moderate rain at times,2.0
2025-04-29 22:00,23.4,0.0,91,1013.0,5.4,24,21.8,25.7,10.0,9.9,SSW,Clear,1.5999999999999979
2024-07-30 12:00,29.7,0.0,73,1006.0,11.2,62,23.7,34.4,10.0,15.7,WSW,Cloudy,6.0
2024-08-20 04:00,25.9,0.0,84,1005.0,6.5,46,22.9,28.7,10.0,14.0,WSW,Partly cloudy,3.0
2024-11-28 00:00,22.9,0.5,87,1017.0,16.3,100,20.7,25.1,10.0,32.5,NE,Moderate rain at times,2.1999999999999993
2024-11-24 17:00,24.2,3.3,91,1013.0,11.6,74,22.6,26.7,10.0,26.3,ENE,Moderate or heavy rain shower,1.5999999999999979
2025-05-02 09:00,27.8,0.1,70,1013.0,5.4,70,21.9,30.6,10.0,11.9,ENE,Patchy rain possible,5.900000000000002
2024-11-21 10:00,24.5,1.32,90,1016.0,15.8,100,22.7,26.9,7.0,27.5,ENE,Heavy rain at times,1.8000000000000007
2024-06-22 09:00,30.3,0.0,70,1004.0,5.4,71,24.2,35.7,9.0,11.8,SE,Cloudy,6.100000000000001
2024-11-20 13:00,26.6,0.0,82,1012.0,19.8,69,21.5,29.0,10.0,30.0,NNW,Cloudy,5.100000000000001
2025-01-24 06:00,17.6,0.0,90,1012.0,6.5,6,15.9,19.6,10.0,11.4,SSW,Clear,1.700000000000001
2024-08-11 16:00,30.9,0.2,78,1000.0,10.4,65,24.5,36.9,9.0,27.2,NE,Patchy rain possible,6.399999999999999
2024-10-28 01:00,21.0,0.0,84,1004.0,6.5,57,18.2,23.0,10.0,10.4,SW,Partly cloudy,2.8000000000000007
2024-10-25 16:00,26.4,0.0,69,1006.0,18.4,0,20.4,28.3,10.0,26.4,NNW,Sunny,6.0
2025-05-20 18:00,27.4,1.58,88,1005.0,9.3,83,25.3,32.3,7.0,19.3,SE,Moderate or heavy rain shower,2.099999999999998
2025-02-23 10:00,22.0,0.1,95,1021.0,13.7,100,21.1,24.0,10.0,18.7,NNE,Patchy rain possible,0.8999999999999986
2024-07-08 06:00,24.9,0.0,89,1006.0,8.3,17,23.0,27.5,10.0,13.1,SSW,Sunny,1.8999999999999986
2025-04-02 01:00,20.5,0.0,84,1016.0,9.4,100,17.8,22.5,10.0,13.0,WNW,Overcast,2.6999999999999993
2024-09-24 22:00,25.0,0.8,89,1012.0,7.2,99,23.0,27.7,10.0,10.7,WNW,Moderate rain at times,2.0
2024-08-30 18:00,28.2,1.9,81,1005.0,13.0,89,24.6,32.9,10.0,24.4,SE,Moderate or heavy rain shower,3.599999999999998
2024-07-11 09:00,31.8,0.0,55,1007.0,5.4,25,21.8,35.8,10.0,12.3,WNW,Sunny,10.0
2024-08-14 15:00,33.6,0.1,63,1004.0,14.8,83,23.3,39.7,10.0,22.0,NE,Patchy rain possible,10.3
2024-05-31 01:00,27.6,0.0,78,1002.0,8.2,26,23.4,31.2,10.0,14.9,WSW,Partly cloudy,4.200000000000003
2025-03-27 19:00,25.3,0.0,86,1005.0,6.8,14,22.3,27.9,10.0,8.7,SE,Clear,3.0
2024-06-16 02:00,26.3,0.0,80,1003.0,8.3,7,23.4,29.5,10.0,16.9,SW,Clear,2.900000000000002
2024-06-24 03:00,26.1,0.0,79,1003.0,8.3,31,22.3,28.7,10.0,14.1,WSW,Partly cloudy,3.8000000000000007
2024-08-30 19:00,27.5,0.2,82,1006.0,12.6,78,24.2,31.6,10.0,18.6,SSE,Patchy rain possible,3.3000000000000007
2024-07-23 14:00,32.5,0.0,66,1000.0,10.8,44,24.1,38.9,10.0,20.1,NW,Partly cloudy,8.399999999999999
2024-08-07 22:00,27.9,0.0,86,1008.0,6.0,74,24.4,32.4,10.0,12.1,SW,Cloudy,3.5
2025-04-11 04:00,23.2,0.0,92,1006.0,4.1,21,21.7,25.4,10.0,8.3,SSW,Clear,1.5
2024-11-17 02:00,22.5,0.0,88,1011.0,4.0,23,20.4,24.8,10.0,7.1,SW,Clear,2.1000000000000014
2024-10-25 20:00,23.0,0.0,80,1008.0,11.0,6,19.4,25.1,10.0,19.7,NW,Clear,3.6000000000000014
2024-11-30 16:00,22.2,0.18,82,1013.0,11.5,100,19.0,24.6,10.0,15.5,NE,Light rain shower,3.1999999999999993
2025-04-23 14:00,33.6,0.0,69,1005.0,12.1,15,23.5,44.6,10.0,25.0,E,Sunny,10.100000000000001
2025-03-11 15:00,25.1,0.0,84,1011.0,13.0,77,22.2,27.5,10.0,20.8,E,Cloudy,2.900000000000002
2024-12-13 19:00,23.1,0.9,93,1015.0,18.0,100,22.0,25.4,9.0,29.8,NE,Moderate rain at times,1.1000000000000014
2024-08-17 09:00,31.7,0.0,59,1007.0,4.3,15,22.7,36.2,10.0,11.3,SW,Sunny,9.0
2024-12-07 02:00,23.2,0.3,89,1013.0,6.8,100,21.2,25.4,10.0,10.7,ENE,Patchy rain possible,2.0
2024-08-10 00:00,27.3,0.0,80,1005.0,8.3,13,23.6,31.0,10.0,11.6,WSW,Clear,3.6999999999999993
2025-03-03 21:00,23.8,0.0,92,1008.0,6.2,12,22.5,26.2,10.0,7.7,SE,Clear,1.3000000000000007
2024-10-22 11:00,27.1,0.2,85,1013.0,13.0,81,24.3,31.1,9.0,21.8,NE,Patchy rain possible,2.8000000000000007
2024-08-30 03:00,25.0,0.0,87,1004.0,11.5,85,22.7,27.6,10.0,15.7,WSW,Overcast,2.3000000000000007
2024-07-22 07:00,26.7,0.0,81,1004.0,4.9,21,23.2,29.9,10.0,12.6,WSW,Sunny,3.5
2024-06-06 06:00,26.5,0.0,81,1008.0,6.3,17,23.1,29.5,10.0,13.1,SW,Sunny,3.3999999999999986
2024-12-22 15:00,21.5,0.0,70,1015.0,14.4,80,15.7,23.5,10.0,23.7,NNE,Cloudy,5.800000000000001
2025-04-28 18:00,26.5,0.0,91,1009.0,7.6,16,23.7,29.9,10.0,17.0,ESE,Sunny,2.8000000000000007
2024-09-05 07:00,26.3,0.0,83,1002.0,9.7,9,23.1,29.4,10.0,15.9,WSW,Sunny,3.1999999999999993
2024-06-22 07:00,27.8,0.0,78,1003.0,6.1,44,23.7,31.7,10.0,8.2,SSW,Partly cloudy,4.100000000000001
2024-11-29 17:00,21.4,0.0,74,1017.0,11.3,70,16.5,23.4,10.0,25.9,NE,Cloudy,4.899999999999999
2024-07-02 16:00,32.4,0.0,67,1003.0,14.4,74,24.0,38.7,10.0,22.7,E,Cloudy,8.399999999999999
2025-02-20 03:00,19.8,0.9,89,1016.0,6.8,69,17.9,21.8,10.0,11.9,W,Moderate rain at times,1.9000000000000021
2024-10-16 12:00,27.9,0.2,79,1011.0,7.9,80,24.0,32.0,9.0,17.8,NNE,Patchy rain possible,3.8999999999999986
2025-01-31 04:00,16.6,0.0,89,1012.0,8.6,2,14.9,18.6,10.0,12.7,SW,Clear,1.700000000000001
2025-05-15 02:00,25.2,0.0,90,1008.0,5.0,94,23.4,28.0,10.0,8.8,SSW,Overcast,1.8000000000000007
2024-11-03 04:00,23.0,0.0,91,1012.0,8.2,100,21.3,25.2,10.0,13.9,NW,Overcast,1.6999999999999993
2024-07-16 03:00,25.4,0.0,89,1003.0,6.5,41,23.4,28.4,10.0,11.5,SW,Partly cloudy,2.0
2024-07-18 04:00,24.3,0.0,94,1003.0,8.6,87,23.3,26.9,2.0,9.9,SW,Overcast,1.0
2024-06-19 12:00,35.5,0.0,56,1003.0,9.8,76,23.0,41.9,10.0,18.2,NE,Cloudy,12.5
2024-07-24 04:00,25.5,0.0,86,1000.0,8.7,60,23.0,28.3,10.0,18.5,WSW,Partly cloudy,2.5
2025-02-07 23:00,20.4,0.7,91,1018.0,14.8,100,18.9,22.4,10.0,23.5,ENE,Moderate rain at times,1.5
2025-04-14 17:00,23.6,0.0,78,1012.0,16.2,54,19.5,25.5,10.0,25.7,N,Partly cloudy,4.100000000000001
2025-03-02 05:00,20.1,0.0,94,1010.0,5.3,24,19.1,22.1,2.0,10.8,SSW,Clear,1.0
2024-12-23 18:00,19.7,0.2,85,1016.0,7.9,100,17.2,21.7,10.0,11.6,NW,Patchy rain possible,2.5
2024-08-27 11:00,33.6,0.0,59,1007.0,14.4,21,22.7,39.0,10.0,22.0,NE,Sunny,10.900000000000002
2025-05-08 13:00,34.3,0.0,63,1003.0,17.2,15,24.5,44.2,10.0,30.3,E,Sunny,9.799999999999997
2025-05-07 04:00,24.3,0.0,88,1005.0,6.9,88,22.2,26.7,10.0,9.8,SSW,Overcast,2.1000000000000014
2024-07-07 05:00,24.4,0.0,93,1006.0,8.6,28,23.1,27.0,10.0,9.8,SSW,Partly cloudy,1.2999999999999972
2024-09-05 04:00,25.4,0.0,85,1001.0,8.3,10,22.8,28.1,10.0,11.9,W,Clear,2.599999999999998
2025-02-26 09:00,21.5,0.4,88,1023.0,1.4,100,19.5,23.5,10.0,8.7,ENE,Patchy rain possible,2.0
2025-01-01 22:00,20.1,0.1,84,1016.0,4.7,83,17.4,22.1,10.0,7.1,NNW,Patchy rain possible,2.700000000000003
2024-10-03 06:00,24.0,0.2,88,1013.0,9.9,89,21.9,26.2,10.0,15.8,WNW,Patchy rain possible,2.1000000000000014
2025-02-09 08:00,19.5,0.2,85,1020.0,12.5,100,17.0,21.5,10.0,26.6,NE,Patchy rain possible,2.5
2025-02-09 23:00,19.2,0.3,84,1020.0,11.9,99,16.5,21.2,10.0,18.3,NE,Patchy rain possible,2.6999999999999993
2024-05-25 19:00,27.3,0.0,88,1008.0,10.8,77,25.0,31.8,10.0,12.0,SE,Cloudy,2.3000000000000007
2025-03-26 03:00,19.2,0.0,86,1006.0,6.0,16,16.8,21.2,10.0,8.8,SSW,Clear,2.3999999999999986
2024-08-25 13:00,33.3,0.0,64,1006.0,14.5,17,23.4,39.4,10.0,25.9,NE,Sunny,9.899999999999999
2025-02-20 10:00,22.9,0.2,79,1019.0,2.9,59,19.2,25.0,10.0,19.5,S,Patchy rain possible,3.6999999999999993
2025-05-12 08:00,24.9,0.0,86,1010.0,11.2,100,22.4,27.3,10.0,14.3,WNW,Overcast,2.5
2025-03-23 12:00,24.6,0.0,66,1016.0,11.2,10,17.9,26.1,10.0,17.2,E,Sunny,6.700000000000003
2025-04-24 01:00,24.9,0.0,81,1007.0,5.8,18,21.5,27.1,10.0,8.0,S,Clear,3.3999999999999986
2024-12-30 18:00,22.0,0.6,86,1017.0,8.6,74,19.6,24.0,10.0,12.7,NE,Moderate rain at times,2.3999999999999986
2024-10-13 15:00,27.6,0.0,81,1010.0,13.0,80,24.2,31.8,9.0,23.5,NE,Cloudy,3.400000000000002
2024-08-29 15:00,32.6,0.0,64,1003.0,10.6,11,23.1,38.1,10.0,23.2,NE,Sunny,9.5
2025-01-08 00:00,19.2,0.0,87,1016.0,5.4,87,17.0,21.2,10.0,9.3,WSW,Overcast,2.1999999999999993
2025-02-05 23:00,20.4,0.0,86,1015.0,5.0,61,18.0,22.4,10.0,7.8,SE,Cloudy,2.3999999999999986
2024-09-04 16:00,30.5,0.2,79,1001.0,3.2,82,24.2,36.1,10.0,11.8,SE,Patchy rain possible,6.300000000000001
2024-09-13 11:00,29.9,0.0,71,1006.0,4.3,76,24.0,34.8,10.0,14.7,ENE,Cloudy,5.899999999999999
2025-04-29 18:00,25.4,0.0,84,1010.0,6.1,3,22.5,27.9,10.0,9.5,E,Sunny,2.8999999999999986
2025-05-20 17:00,28.5,0.4,82,1005.0,12.9,79,25.1,33.7,9.0,29.4,SE,Patchy rain possible,3.3999999999999986
2024-07-09 15:00,31.2,0.0,69,1005.0,12.6,88,23.6,36.4,10.0,17.1,E,Overcast,7.599999999999998
2025-05-13 03:00,23.7,0.0,88,1008.0,4.7,78,21.7,25.9,9.0,7.4,WSW,Cloudy,2.0
2025-01-07 19:00,20.4,0.2,81,1016.0,7.6,80,17.0,22.4,10.0,12.2,ENE,Patchy rain possible,3.3999999999999986
2025-02-13 07:00,22.0,0.2,97,1015.0,7.9,100,21.5,24.0,0.0,11.4,N,Patchy rain possible,0.5
2025-04-19 04:00,23.6,0.0,92,1007.0,7.9,33,22.3,26.0,10.0,9.1,S,Partly cloudy,1.3000000000000007
2024-12-06 00:00,22.3,0.7,89,1013.0,2.2,100,20.3,24.7,10.0,3.6,WNW,Moderate rain at times,2.0
2025-01-18 06:00,19.0,0.0,81,1017.0,6.5,73,15.7,21.0,10.0,9.8,E,Cloudy,3.3000000000000007
2024-10-27 21:00,22.6,0.0,83,1004.0,8.0,44,19.5,24.8,10.0,13.5,WNW,Partly cloudy,3.1000000000000014
2024-08-23 12:00,34.1,0.0,59,1009.0,13.0,19,22.6,39.8,10.0,20.3,ENE,Sunny,11.5
2024-12-20 11:00,21.0,0.5,82,1018.0,11.5,100,17.7,23.0,10.0,19.9,ENE,Moderate rain at times,3.3000000000000007
2024-08-28 03:00,24.6,0.0,86,1006.0,7.8,21,22.2,27.0,10.0,16.3,WSW,Clear,2.400000000000002
2025-01-02 18:00,20.5,0.0,92,1015.0,8.6,100,19.2,22.5,2.0,12.2,NW,Overcast,1.3000000000000007
2025-01-14 04:00,18.1,0.1,84,1017.0,8.6,94,15.4,20.1,10.0,12.7,NW,Patchy rain possible,2.700000000000001
2025-02-03 00:00,19.3,0.0,95,1012.0,6.8,35,18.5,21.3,2.0,12.3,SW,Partly cloudy,0.8000000000000007
2025-04-27 04:00,24.0,0.0,95,1010.0,7.9,24,23.6,26.6,2.0,10.2,S,Clear,0.3999999999999986
2024-11-09 08:00,22.9,0.0,80,1016.0,8.6,18,19.3,25.0,10.0,10.6,WNW,Sunny,3.599999999999998
2024-08-12 23:00,26.3,0.0,87,1005.0,7.2,27,24.0,29.9,10.0,13.6,SSW,Partly cloudy,2.3000000000000007
2025-04-02 20:00,21.5,0.0,86,1017.0,2.9,100,19.0,23.5,10.0,4.1,NW,Overcast,2.5
2025-03-21 09:00,21.7,0.2,74,1023.0,6.1,64,16.9,23.7,10.0,11.9,NNE,Patchy rain possible,4.800000000000001
2025-05-07 12:00,35.1,0.0,61,1004.0,8.0,72,23.5,45.4,10.0,26.3,E,Cloudy,11.600000000000001
2024-11-20 21:00,23.5,0.1,89,1014.0,8.8,63,21.6,25.7,10.0,14.7,WNW,Patchy rain possible,1.8999999999999986
2024-06-09 15:00,30.5,0.4,72,1003.0,10.2,85,25.0,36.8,9.0,18.9,ENE,Patchy rain possible,5.5
2025-04-22 10:00,30.7,0.0,62,1010.0,14.4,10,22.7,35.0,10.0,19.7,SE,Sunny,8.0
2024-08-10 08:00,31.9,0.0,60,1006.0,11.9,13,23.0,36.9,10.0,14.3,WSW,Sunny,8.899999999999999
2024-06-16 19:00,28.8,0.0,89,1006.0,12.1,83,25.4,34.6,9.0,25.0,SW,Cloudy,3.400000000000002
2024-11-02 05:00,21.4,0.0,81,1011.0,9.9,3,19.0,23.4,10.0,18.3,NW,Clear,2.3999999999999986
2024-10-20 18:00,24.8,0.5,91,1013.0,9.4,100,23.2,27.5,10.0,14.1,NNW,Moderate rain at times,1.6000000000000014
2024-06-26 23:00,25.8,0.0,90,1010.0,7.9,70,24.0,29.1,10.0,9.1,SSE,Cloudy,1.8000000000000007
2024-11-30 12:00,22.6,0.26,80,1015.0,13.7,100,18.9,24.8,10.0,17.7,NE,Light rain shower,3.700000000000003
2025-04-29 12:00,29.1,0.0,62,1011.0,15.1,2,21.1,31.8,10.0,17.4,E,Sunny,8.0
2024-05-28 21:00,28.5,0.0,87,1005.0,9.0,82,24.3,33.2,9.0,13.0,SSE,Cloudy,4.199999999999999
2025-04-06 23:00,23.3,0.0,89,1015.0,6.1,87,21.4,25.5,10.0,10.4,SSE,Overcast,1.9000000000000021
2024-07-19 09:00,29.0,0.2,69,1005.0,4.3,89,22.8,32.7,10.0,10.7,WSW,Patchy rain possible,6.199999999999999
2024-10-23 02:00,24.2,1.2,87,1012.0,6.1,88,21.8,26.4,9.0,15.7,ENE,Heavy rain at times,2.3999999999999986
2025-03-19 14:00,20.2,0.0,86,1021.0,13.0,100,17.8,22.2,2.0,22.4,N,Overcast,2.3999999999999986
2025-05-19 01:00,25.7,0.0,90,1008.0,6.2,12,24.1,28.9,10.0,7.8,SW,Clear,1.5999999999999979
2024-12-06 13:00,23.7,1.8,88,1012.0,10.1,100,21.5,25.9,10.0,19.7,ENE,Moderate or heavy rain shower,2.1999999999999993
2024-10-28 16:00,23.4,0.1,89,1004.0,7.6,100,20.9,25.5,10.0,10.9,W,Patchy rain possible,2.5
2024-07-09 10:00,32.7,0.0,55,1007.0,5.0,32,22.4,37.5,10.0,13.0,S,Partly cloudy,10.300000000000004
2024-08-25 01:00,25.7,0.0,87,1009.0,4.3,22,23.4,28.7,10.0,7.8,SW,Clear,2.3000000000000007
2025-01-28 01:00,16.7,0.0,88,1019.0,7.6,100,14.7,18.7,2.0,10.6,NW,Overcast,2.0
2024-08-05 11:00,33.4,0.0,57,1007.0,10.4,11,22.2,38.4,10.0,18.6,ENE,Sunny,11.2
2024-11-03 02:00,23.0,0.0,91,1013.0,10.1,100,21.5,25.3,9.0,15.0,NW,Overcast,1.5
2025-01-28 23:00,18.6,0.2,86,1021.0,8.5,100,16.3,20.6,10.0,13.9,ENE,Patchy rain possible,2.3000000000000007
2024-12-02 14:00,25.2,0.0,89,1011.0,8.6,100,21.2,27.3,10.0,17.5,ESE,Overcast,4.0
2024-06-11 03:00,26.7,0.0,82,1006.0,10.4,44,23.4,30.0,10.0,13.3,WSW,Partly cloudy,3.3000000000000007
2025-05-05 21:00,28.0,0.0,86,1008.0,6.3,73,24.5,33.4,10.0,8.1,SSW,Cloudy,3.5
2024-07-01 12:00,35.0,0.0,49,1004.0,10.0,23,22.8,41.0,10.0,19.9,ENE,Sunny,12.2
2024-10-24 04:00,23.3,0.0,88,1011.0,10.4,83,21.3,25.5,10.0,16.8,WNW,Cloudy,2.0
2024-07-17 16:00,28.9,5.9,78,1002.0,6.6,51,24.7,34.1,5.0,14.3,NNW,Moderate or heavy rain shower,4.199999999999999
2024-12-01 20:00,23.0,0.0,89,1013.0,6.5,86,21.1,25.3,10.0,9.2,ENE,Overcast,1.8999999999999986
2025-03-26 16:00,26.6,0.0,77,1003.0,11.7,5,21.5,29.2,10.0,20.0,ESE,Sunny,5.100000000000001
2024-07-28 18:00,29.0,0.0,73,1001.0,2.9,26,23.6,33.2,10.0,11.3,W,Partly cloudy,5.399999999999999
2024-08-24 06:00,25.3,0.0,86,1010.0,6.9,15,22.8,27.9,10.0,12.8,SSW,Sunny,2.5
2024-06-18 15:00,31.0,0.7,70,1002.0,11.2,72,24.9,37.4,9.0,23.2,NE,Moderate rain at times,6.100000000000001
2025-05-16 07:00,25.9,0.0,84,1010.0,7.6,14,23.0,28.7,10.0,11.2,SSW,Sunny,2.8999999999999986
2024-10-29 14:00,25.3,0.0,85,1005.0,6.1,59,21.8,27.5,10.0,16.3,W,Partly cloudy,3.5
2025-04-30 11:00,28.4,0.0,63,1011.0,13.7,14,20.8,30.8,10.0,15.7,E,Sunny,7.599999999999998
2025-02-28 10:00,24.0,0.0,80,1017.0,9.7,22,20.3,26.0,10.0,11.2,SE,Sunny,3.6999999999999993
2025-02-14 18:00,22.2,0.0,97,1012.0,4.7,89,21.6,24.7,2.0,12.5,ENE,Overcast,0.5999999999999979
2024-08-12 14:00,33.5,0.1,67,1001.0,15.8,86,24.4,40.9,10.0,20.2,NE,Patchy rain possible,9.100000000000001
2024-07-06 14:00,31.8,0.0,67,1004.0,12.4,89,23.8,37.5,10.0,24.6,ENE,Overcast,8.0
2024-05-29 11:00,32.9,0.0,59,1004.0,4.3,50,23.9,39.2,10.0,9.6,SW,Partly cloudy,9.0
2024-08-26 15:00,32.1,0.5,64,1004.0,15.5,74,23.2,37.4,10.0,27.3,E,Moderate rain at times,8.900000000000002
2025-01-25 03:00,18.5,0.0,94,1010.0,6.5,37,17.5,20.5,10.0,11.4,SSW,Partly cloudy,1.0
2024-11-29 18:00,21.1,0.0,72,1017.0,8.9,72,15.9,23.1,10.0,16.7,NNE,Cloudy,5.200000000000001
2024-07-07 09:00,29.6,0.0,69,1007.0,7.9,17,23.4,34.0,10.0,15.5,SE,Sunny,6.200000000000003
2024-09-22 12:00,27.0,2.3,91,1003.0,10.4,100,25.0,31.5,2.0,14.7,SW,Moderate or heavy rain shower,2.0
2025-04-14 12:00,25.4,0.0,69,1015.0,11.2,97,18.6,27.0,10.0,18.9,N,Overcast,6.799999999999997
2024-11-21 16:00,24.2,1.4,90,1012.0,14.7,100,22.4,26.6,7.0,30.0,NE,Heavy rain at times,1.8000000000000007
2024-06-30 18:00,29.7,0.0,76,1003.0,14.0,12,25.1,35.7,10.0,20.5,SE,Sunny,4.599999999999998
2024-09-21 05:00,25.2,0.0,87,1003.0,6.8,49,22.9,27.8,10.0,7.9,WNW,Partly cloudy,2.3000000000000007
2025-03-27 22:00,23.7,0.0,82,1006.0,4.3,21,20.5,25.7,10.0,9.1,SE,Clear,3.1999999999999993
2024-06-29 07:00,27.9,0.0,74,1007.0,9.4,13,22.8,31.2,10.0,13.0,SW,Sunny,5.099999999999998
2024-10-05 07:00,24.3,0.0,85,1013.0,7.9,75,21.7,26.5,10.0,10.8,WNW,Cloudy,2.6000000000000014
2024-08-27 22:00,25.8,0.1,86,1008.0,10.4,75,23.2,28.7,10.0,19.7,SW,Patchy rain possible,2.6000000000000014
2025-04-12 19:00,28.1,0.0,91,1009.0,7.6,79,24.0,34.6,9.0,10.8,SW,Cloudy,4.100000000000001
2025-01-25 00:00,19.5,0.0,91,1011.0,6.8,27,17.9,21.5,10.0,11.7,SSE,Partly cloudy,1.6000000000000014
2025-03-02 18:00,23.7,0.0,91,1008.0,5.8,8,22.1,26.0,10.0,10.3,SE,Clear,1.5999999999999979
2024-12-18 22:00,21.4,0.2,84,1018.0,9.6,100,18.6,23.4,10.0,16.1,NE,Patchy rain possible,2.799999999999997
2024-11-11 08:00,24.5,0.0,79,1013.0,11.4,52,20.6,26.4,10.0,19.1,WNW,Partly cloudy,3.8999999999999986
2025-04-21 07:00,25.7,0.0,82,1010.0,9.0,28,22.5,28.3,10.0,12.7,SSE,Partly cloudy,3.1999999999999993
2024-08-02 11:00,33.4,0.0,59,1007.0,6.9,10,23.4,39.4,10.0,14.1,NE,Sunny,10.0
2024-08-01 18:00,29.1,0.0,80,1007.0,5.8,8,24.1,33.8,10.0,15.0,NE,Sunny,5.0
2025-05-11 13:00,28.2,2.0,84,1007.0,20.5,53,23.6,33.4,10.0,28.8,NNW,Moderate or heavy rain shower,4.599999999999998
2025-05-21 21:00,26.2,2.0,92,1008.0,6.8,70,24.8,30.1,10.0,12.1,S,Moderate or heavy rain shower,1.3999999999999986
2025-02-09 01:00,19.3,0.3,87,1020.0,17.6,100,17.1,21.3,10.0,30.2,NE,Patchy rain possible,2.1999999999999993
2024-10-29 15:00,24.2,0.0,86,1005.0,5.4,70,21.7,26.4,10.0,17.0,WNW,Cloudy,2.5
2024-10-09 12:00,27.6,0.1,78,1012.0,14.4,61,23.4,31.1,10.0,27.9,NNE,Patchy rain possible,4.200000000000003
2025-05-05 01:00,25.3,0.0,84,1007.0,6.9,21,23.3,27.7,10.0,13.3,SSW,Clear,2.0
2024-07-03 01:00,24.9,0.0,89,1006.0,10.8,8,23.0,27.6,10.0,13.6,SW,Clear,1.8999999999999986
2024-08-06 21:00,27.1,0.0,89,1008.0,7.8,87,23.8,30.9,10.0,15.3,SW,Overcast,3.3000000000000007
2025-05-18 23:00,25.9,0.0,89,1009.0,6.9,9,24.1,29.2,10.0,8.6,SSW,Clear,1.7999999999999972
2024-06-16 11:00,35.0,0.0,55,1005.0,8.3,18,22.9,41.2,10.0,16.2,E,Sunny,12.100000000000001
2025-05-13 23:00,24.6,0.0,88,1010.0,7.2,39,22.5,27.1,10.0,11.9,SSW,Partly cloudy,2.1000000000000014
2024-12-20 13:00,21.0,0.1,81,1015.0,10.1,98,17.6,23.0,10.0,21.5,ENE,Patchy rain possible,3.3999999999999986
2025-01-25 08:00,20.2,0.0,90,1013.0,9.4,23,18.5,22.2,10.0,12.7,S,Sunny,1.6999999999999993
2025-02-15 23:00,21.4,0.2,95,1013.0,7.6,64,20.6,23.4,2.0,12.6,SSW,Patchy rain possible,0.7999999999999972
2025-05-05 05:00,24.5,0.0,86,1007.0,5.7,27,22.0,26.7,10.0,8.1,SSW,Partly cloudy,2.5
2025-05-21 17:00,30.0,0.0,81,1006.0,13.7,84,24.8,35.8,9.0,24.4,ESE,Cloudy,5.199999999999999
2025-01-06 11:00,21.7,0.1,84,1018.0,6.5,100,17.2,23.7,10.0,13.3,N,Patchy rain possible,4.5
2025-01-24 04:00,17.7,0.0,89,1011.0,7.2,3,15.9,19.7,10.0,8.2,SW,Clear,1.799999999999999
2025-01-07 18:00,20.6,0.1,79,1015.0,8.3,84,16.8,22.6,10.0,13.4,ENE,Patchy rain possible,3.8000000000000007
2025-03-25 14:00,25.7,0.0,67,1007.0,13.4,2,19.1,27.3,10.0,20.9,ESE,Sunny,6.599999999999998
2024-10-18 05:00,23.9,0.0,88,1010.0,5.0,37,21.9,26.2,10.0,8.6,WSW,Partly cloudy,2.0
2024-07-20 03:00,25.4,0.0,87,1004.0,7.6,61,23.0,28.1,10.0,9.0,WNW,Cloudy,2.3999999999999986
2024-06-03 00:00,26.8,0.0,81,1007.0,5.9,49,23.3,30.0,10.0,11.7,SW,Partly cloudy,3.5
2024-10-17 19:00,26.0,0.0,87,1011.0,2.9,85,23.6,29.1,10.0,4.5,NNE,Overcast,2.3999999999999986
2025-01-20 12:00,21.8,0.1,74,1015.0,4.7,52,16.1,23.8,10.0,15.8,E,Patchy rain possible,5.699999999999999
2024-09-27 21:00,26.3,0.0,89,1011.0,7.6,49,24.3,30.0,10.0,12.1,SSE,Partly cloudy,2.0
2024-12-18 09:00,21.8,0.1,88,1019.0,12.7,100,19.7,23.8,10.0,23.0,NNE,Patchy rain possible,2.1000000000000014
2025-02-20 12:00,23.8,0.1,75,1018.0,5.0,72,19.2,25.6,10.0,23.4,ENE,Patchy rain possible,4.600000000000001
2024-10-31 00:00,24.3,4.02,92,1009.0,8.6,100,22.9,26.8,7.0,15.8,NE,Moderate or heavy rain shower,1.4000000000000021
2025-04-08 17:00,24.9,0.0,83,1013.0,12.2,23,21.8,27.1,10.0,15.9,E,Sunny,3.099999999999998
2024-08-31 00:00,25.2,0.0,85,1007.0,6.5,22,22.6,27.7,10.0,14.0,SW,Clear,2.599999999999998
2025-04-15 04:00,20.3,0.0,82,1013.0,7.6,21,17.2,22.3,10.0,8.1,NNW,Clear,3.1000000000000014
2024-10-24 15:00,26.3,0.0,73,1008.0,20.2,88,21.2,28.5,10.0,32.8,NNW,Overcast,5.100000000000001
2024-06-02 06:00,25.4,0.0,89,1009.0,9.0,56,23.4,28.3,10.0,10.7,SW,Partly cloudy,2.0
2024-07-28 10:00,31.1,0.0,62,1004.0,15.8,28,22.9,35.7,10.0,24.8,SW,Partly cloudy,8.200000000000003
2024-07-25 17:00,31.0,0.0,66,997.0,12.2,83,23.8,36.3,10.0,17.6,WSW,Cloudy,7.199999999999999
2025-04-18 07:00,25.8,0.0,85,1008.0,5.8,20,23.1,28.7,10.0,10.4,SW,Sunny,2.6999999999999993
2024-06-30 11:00,35.4,0.0,47,1006.0,12.2,10,22.4,41.2,10.0,25.5,SW,Sunny,13.0
2025-05-16 03:00,24.5,0.0,89,1009.0,5.7,19,22.6,26.9,10.0,10.7,SW,Clear,1.8999999999999986
2024-11-20 20:00,23.5,0.0,89,1014.0,8.7,82,21.6,25.7,10.0,14.0,NW,Cloudy,1.8999999999999986
2024-06-19 21:00,27.1,1.8,83,1004.0,9.0,76,23.9,30.9,10.0,16.8,SSW,Moderate or heavy rain shower,3.200000000000003
2024-10-20 04:00,24.0,0.2,90,1012.0,5.4,73,22.2,26.3,10.0,9.3,W,Patchy rain possible,1.8000000000000007
2024-12-21 20:00,20.5,0.0,79,1017.0,8.7,88,16.7,22.5,10.0,14.4,NE,Overcast,3.8000000000000007
2024-08-10 14:00,33.8,2.8,59,1001.0,14.9,83,24.6,41.1,10.0,22.8,ENE,Moderate or heavy rain shower,9.199999999999996
2025-02-17 01:00,21.7,0.1,90,1015.0,5.6,69,20.0,23.7,10.0,9.1,ESE,Patchy rain possible,1.6999999999999993
2024-12-27 16:00,21.4,3.3,94,1017.0,11.9,100,20.4,23.4,9.0,16.1,NNW,Moderate or heavy rain shower,1.0
2024-11-03 22:00,22.9,0.0,89,1014.0,1.4,94,21.1,25.2,10.0,2.3,SW,Overcast,1.7999999999999972
2024-09-12 08:00,28.3,0.0,74,1009.0,4.0,40,23.2,32.0,10.0,4.6,WSW,Partly cloudy,5.100000000000001
2024-09-07 23:00,27.7,0.0,72,1004.0,10.3,26,22.3,30.7,10.0,19.9,SW,Partly cloudy,5.399999999999999
2024-08-05 05:00,24.3,0.0,83,1007.0,8.6,8,21.3,26.4,10.0,11.2,WSW,Clear,3.0
2024-09-25 13:00,28.7,0.1,81,1010.0,9.0,74,25.0,34.0,10.0,18.3,NE,Patchy rain possible,3.6999999999999993
2024-08-27 03:00,24.9,0.0,86,1006.0,9.0,9,22.4,27.4,10.0,11.0,SW,Clear,2.5
2025-01-09 09:00,22.3,0.3,85,1019.0,3.2,83,19.6,24.7,10.0,8.3,NE,Patchy rain possible,2.6999999999999993
2024-10-23 18:00,25.0,0.0,84,1012.0,10.8,83,22.1,27.3,10.0,17.9,NE,Cloudy,2.8999999999999986
2024-06-20 15:00,33.9,0.0,63,1002.0,13.3,24,23.5,40.4,10.0,20.6,E,Sunny,10.399999999999999
2024-06-17 12:00,35.7,0.0,55,1004.0,9.7,16,22.5,41.9,10.0,15.0,E,Sunny,13.200000000000003
2025-01-20 23:00,19.8,0.0,77,1015.0,5.0,52,15.7,21.8,10.0,7.2,E,Partly cloudy,4.100000000000001
2024-10-03 08:00,25.6,0.2,84,1014.0,13.0,100,22.6,28.1,10.0,15.8,NW,Patchy rain possible,3.0
2024-08-25 11:00,33.3,0.0,58,1008.0,14.8,21,22.8,38.6,10.0,21.8,NE,Sunny,10.499999999999996
2025-05-14 21:00,25.4,0.0,90,1011.0,5.4,42,23.6,28.4,10.0,8.8,SW,Partly cloudy,1.7999999999999972
2025-03-13 01:00,22.4,0.1,94,1010.0,6.4,60,21.4,24.8,2.0,11.9,SSW,Patchy rain possible,1.0
2024-08-10 02:00,27.2,0.0,76,1004.0,7.6,14,22.7,30.2,10.0,10.3,W,Clear,4.5
2025-01-23 09:00,21.6,0.0,71,1016.0,4.0,0,15.6,23.6,10.0,8.4,SSW,Sunny,6.000000000000002
2024-06-02 18:00,29.2,0.0,84,1008.0,7.9,53,25.6,35.3,10.0,11.7,SE,Partly cloudy,3.599999999999998
2024-09-21 20:00,26.6,0.1,88,1004.0,10.8,83,24.5,30.5,10.0,18.7,WNW,Patchy rain possible,2.1000000000000014
2024-12-14 23:00,20.3,1.0,93,1020.0,20.5,100,19.2,22.3,9.0,33.0,N,Heavy rain at times,1.1000000000000014
2024-09-17 14:00,29.6,0.1,72,1002.0,17.3,70,24.0,34.6,9.0,29.3,N,Patchy rain possible,5.600000000000001
2024-10-09 03:00,23.9,1.0,86,1012.0,6.5,100,21.4,26.0,10.0,11.1,NW,Heavy rain at times,2.5
2024-10-16 21:00,25.0,0.1,87,1013.0,6.1,77,22.6,27.5,10.0,10.5,W,Patchy rain possible,2.3999999999999986
2024-11-29 03:00,21.3,0.2,78,1018.0,11.8,79,17.2,23.3,10.0,20.0,NE,Patchy rain possible,4.100000000000001
2024-12-31 01:00,20.7,0.1,92,1017.0,9.7,100,19.3,22.7,10.0,14.4,NNE,Patchy rain possible,1.3999999999999986
2024-12-26 15:00,21.7,0.2,93,1015.0,9.4,100,20.5,23.7,2.0,17.7,NW,Patchy rain possible,1.1999999999999993
2024-08-26 05:00,24.4,0.0,88,1006.0,8.6,12,22.3,26.8,10.0,9.8,SW,Clear,2.099999999999998
2025-04-14 07:00,20.9,0.0,78,1015.0,7.2,89,16.9,22.9,10.0,9.7,NW,Overcast,4.0
2025-04-29 01:00,23.3,0.0,94,1011.0,5.0,25,22.2,25.7,10.0,8.8,SSW,Clear,1.1000000000000014
2024-06-12 04:00,26.7,0.0,75,1006.0,9.0,14,21.9,29.2,10.0,12.4,WSW,Clear,4.800000000000001
2024-08-23 03:00,24.7,0.0,88,1008.0,8.6,22,22.6,27.1,10.0,10.1,SSW,Clear,2.099999999999998
2025-01-03 16:00,21.7,0.0,87,1015.0,9.7,100,16.5,23.7,10.0,19.2,N,Overcast,5.199999999999999
2025-02-12 20:00,21.7,0.0,96,1015.0,6.1,100,21.1,23.7,2.0,9.0,N,Overcast,0.5999999999999979
2024-09-06 11:00,33.2,0.2,55,1001.0,7.2,87,22.8,38.5,10.0,8.9,WNW,Patchy rain possible,10.400000000000002
2024-05-23 07:00,26.3,0.0,86,1008.0,2.9,100,23.8,29.6,10.0,3.8,WSW,Overcast,2.5
2024-10-22 09:00,26.8,0.5,87,1014.0,12.9,62,24.4,30.8,9.0,22.4,NE,Moderate rain at times,2.400000000000002
2025-04-15 07:00,21.6,0.0,77,1014.0,5.0,11,17.5,23.6,10.0,6.4,WSW,Sunny,4.100000000000001
2024-12-12 02:00,24.0,2.4,93,1010.0,15.5,100,22.9,26.5,9.0,23.7,ENE,Moderate or heavy rain shower,1.1000000000000014
2024-11-22 10:00,24.8,0.5,87,1016.0,16.7,100,22.4,27.2,10.0,34.7,NE,Moderate rain at times,2.400000000000002
2025-01-09 02:00,19.6,0.4,90,1016.0,1.4,100,17.9,21.6,10.0,2.4,WSW,Patchy rain possible,1.7000000000000028
2025-04-15 17:00,23.6,0.0,77,1011.0,10.4,12,19.4,25.5,10.0,12.9,NE,Sunny,4.200000000000003
2024-09-01 02:00,25.5,0.0,87,1006.0,6.5,13,23.2,28.4,10.0,11.5,SW,Clear,2.3000000000000007
2024-08-06 14:00,33.2,0.0,65,1005.0,16.9,17,22.8,38.7,10.0,25.4,ENE,Sunny,10.400000000000002
2025-05-08 23:00,26.1,0.0,83,1006.0,9.4,43,22.9,28.9,10.0,18.8,SSW,Partly cloudy,3.200000000000003
2024-08-25 18:00,29.4,0.0,83,1006.0,11.5,84,24.1,34.4,10.0,19.0,ESE,Cloudy,5.299999999999997
2024-07-04 03:00,25.0,0.0,91,1008.0,6.1,34,23.5,27.9,10.0,9.8,SSW,Partly cloudy,1.5
2025-04-26 07:00,25.1,0.0,77,1011.0,7.6,5,20.7,27.1,10.0,11.4,SSW,Sunny,4.400000000000002
2024-07-06 11:00,32.0,0.1,59,1006.0,9.5,82,23.1,37.1,10.0,18.2,E,Patchy rain possible,8.899999999999999
2024-08-13 23:00,26.6,0.0,87,1007.0,9.7,25,24.2,30.3,10.0,11.3,SSW,Clear,2.400000000000002
2024-11-04 10:00,25.8,7.7,86,1014.0,7.2,56,23.3,28.7,10.0,9.8,N,Moderate or heavy rain shower,2.5
2025-04-08 18:00,23.6,0.0,90,1013.0,8.6,18,21.9,25.9,10.0,13.1,ESE,Sunny,1.7000000000000028
2025-02-22 13:00,23.5,0.3,94,1018.0,10.1,100,20.9,25.9,10.0,25.9,ENE,Patchy rain possible,2.6000000000000014
2025-04-24 13:00,32.8,0.4,73,1006.0,11.7,72,23.7,43.4,9.0,21.5,E,Patchy rain possible,9.099999999999998
2025-04-26 15:00,29.7,0.0,74,1008.0,14.8,2,23.1,35.0,10.0,22.6,ESE,Sunny,6.599999999999998
2024-10-31 03:00,24.6,8.46,92,1007.0,17.6,100,23.2,27.3,5.0,29.9,NE,Heavy rain,1.4000000000000021
2025-05-01 06:00,23.5,0.0,90,1012.0,7.2,33,21.7,25.8,10.0,12.1,SW,Partly cloudy,1.8000000000000007
2024-09-27 00:00,25.0,0.0,89,1012.0,6.1,21,23.1,27.6,10.0,10.0,SSW,Clear,1.8999999999999986
2024-06-24 13:00,32.2,0.0,63,1004.0,7.6,72,23.5,37.7,10.0,15.9,NNW,Cloudy,8.700000000000003
2024-09-11 11:00,28.0,0.3,93,1009.0,6.8,68,24.5,32.6,10.0,15.6,SW,Patchy rain possible,3.5
2024-08-03 21:00,26.1,0.0,88,1010.0,8.4,13,23.9,29.5,10.0,16.8,WSW,Clear,2.200000000000003
2024-09-16 07:00,26.8,0.0,83,1005.0,4.7,79,23.5,30.1,10.0,6.7,W,Cloudy,3.3000000000000007
2024-12-16 11:00,19.8,0.1,91,1021.0,14.0,100,18.4,21.8,2.0,22.3,N,Patchy rain possible,1.4000000000000021
2024-07-07 11:00,32.4,0.0,68,1006.0,15.8,72,23.4,38.1,9.0,23.0,E,Cloudy,9.0
2025-02-14 16:00,23.3,0.0,93,1011.0,9.7,63,22.1,25.6,10.0,24.7,ENE,Cloudy,1.1999999999999993
2025-04-14 10:00,24.6,0.0,74,1016.0,9.7,90,18.3,26.4,10.0,11.7,NNW,Overcast,6.300000000000001
2025-04-16 17:00,24.8,0.0,89,1009.0,7.6,87,22.8,27.3,8.0,22.8,SSE,Overcast,2.0
2025-04-01 16:00,21.6,0.0,84,1014.0,12.2,100,18.9,23.6,10.0,30.0,WNW,Overcast,2.700000000000003
2024-12-19 15:00,21.0,0.9,85,1016.0,18.0,100,18.3,23.0,10.0,24.8,NNE,Moderate rain at times,2.6999999999999993
2024-09-08 16:00,34.0,0.0,64,1003.0,12.2,25,23.0,40.1,10.0,21.0,NE,Partly cloudy,11.0
2025-04-04 18:00,22.4,0.0,90,1011.0,10.4,21,20.7,24.8,10.0,18.7,SE,Sunny,1.6999999999999993
2024-08-26 10:00,33.9,0.0,54,1007.0,8.6,13,21.8,38.5,10.0,14.1,ENE,Sunny,12.099999999999998
2024-08-02 23:00,26.1,0.0,88,1009.0,9.6,24,24.0,29.5,10.0,18.0,SW,Clear,2.1000000000000014
2024-06-17 10:00,34.2,0.0,55,1006.0,3.2,16,22.5,39.6,10.0,12.0,SE,Sunny,11.700000000000003
2024-12-03 10:00,25.3,0.1,81,1015.0,9.0,80,21.7,27.5,9.0,12.0,ENE,Patchy rain possible,3.6000000000000014
2025-02-19 04:00,20.8,0.3,91,1016.0,6.1,100,19.2,22.8,10.0,9.5,E,Patchy rain possible,1.6000000000000014
2024-06-06 07:00,28.8,0.0,72,1008.0,5.2,19,23.3,32.7,10.0,14.7,SW,Sunny,5.5
2025-02-17 20:00,21.3,0.0,90,1018.0,6.8,80,19.6,23.3,10.0,7.6,E,Cloudy,1.6999999999999993
2025-03-20 10:00,20.9,0.0,83,1024.0,16.6,100,17.9,22.9,10.0,21.5,NNE,Overcast,3.0
2024-10-26 06:00,21.3,2.9,93,1005.0,12.0,100,17.5,23.3,7.0,19.6,W,Moderate or heavy rain shower,3.8000000000000007
2025-02-24 06:00,21.0,0.6,95,1021.0,24.1,100,20.1,23.0,10.0,37.3,NE,Moderate rain at times,0.8999999999999986
2025-04-25 03:00,24.1,0.0,82,1007.0,6.0,10,20.8,26.1,10.0,9.1,SSW,Clear,3.3000000000000007
2024-10-03 23:00,24.0,0.0,80,1014.0,9.3,41,20.5,26.0,10.0,14.9,NW,Partly cloudy,3.5
2024-05-27 01:00,25.7,0.0,88,1006.0,6.0,17,23.6,28.7,10.0,12.2,SW,Clear,2.099999999999998
2025-01-21 17:00,20.4,0.0,73,1013.0,9.0,0,15.3,22.4,10.0,12.2,ENE,Sunny,5.099999999999998
2024-12-24 16:00,19.6,0.1,91,1015.0,13.3,100,18.0,21.6,10.0,18.4,NNW,Patchy rain possible,1.6000000000000014
2024-07-26 01:00,28.4,0.0,67,997.0,9.2,40,21.7,31.2,10.0,15.7,SW,Partly cloudy,6.699999999999999
2024-10-19 12:00,28.8,0.2,72,1012.0,8.6,86,23.2,32.6,10.0,17.0,E,Patchy rain possible,5.600000000000001
2025-01-13 13:00,19.6,0.0,81,1018.0,11.9,100,16.2,21.6,10.0,14.2,NNE,Overcast,3.400000000000002
2024-10-22 00:00,24.6,1.6,89,1013.0,6.1,100,22.7,27.1,10.0,11.8,NNE,Moderate or heavy rain shower,1.9000000000000021
2025-03-26 13:00,27.5,0.0,68,1004.0,13.3,8,21.0,29.8,10.0,24.6,ESE,Sunny,6.5
2025-01-17 22:00,19.4,0.0,83,1018.0,7.2,100,16.5,21.4,10.0,10.5,ESE,Overcast,2.8999999999999986
2024-07-25 05:00,28.0,0.0,67,997.0,10.5,61,21.2,30.5,10.0,19.3,SW,Cloudy,6.800000000000001
2024-12-19 21:00,20.6,0.2,84,1019.0,8.6,92,17.8,22.6,10.0,14.8,NE,Patchy rain possible,2.8000000000000007
2025-04-28 02:00,24.1,0.0,91,1009.0,6.5,14,22.8,26.6,10.0,6.9,SSW,Clear,1.3000000000000007
2024-12-01 16:00,23.4,0.0,87,1010.0,10.1,76,21.1,25.6,10.0,12.7,ENE,Cloudy,2.299999999999997
2024-11-17 00:00,22.8,0.0,89,1011.0,5.4,22,21.0,25.1,10.0,9.5,SW,Clear,1.8000000000000007
2024-10-22 21:00,25.2,1.6,88,1014.0,12.2,78,23.0,27.9,9.0,19.7,NE,Moderate or heavy rain shower,2.1999999999999993
2024-08-18 02:00,25.5,0.0,90,1007.0,7.2,14,23.7,28.6,10.0,13.6,SSW,Clear,1.8000000000000007
2024-06-15 20:00,27.0,3.73,95,1005.0,9.7,81,24.4,31.0,8.0,15.5,WSW,Moderate or heavy rain shower,2.6000000000000014
2025-05-06 13:00,35.2,0.0,67,1005.0,13.6,29,22.8,48.4,9.0,25.7,E,Partly cloudy,12.400000000000002
2025-03-12 04:00,21.6,0.0,96,1010.0,7.9,67,20.9,23.6,2.0,12.9,SSW,Cloudy,0.7000000000000028
2025-04-08 19:00,23.0,0.0,93,1014.0,7.2,29,21.8,25.4,10.0,11.6,SE,Partly cloudy,1.1999999999999993
2024-09-27 14:00,29.6,0.2,72,1008.0,15.5,71,24.1,34.6,10.0,22.1,ESE,Patchy rain possible,5.5
2025-01-23 19:00,19.4,0.0,83,1013.0,2.9,2,16.5,21.4,10.0,4.9,SE,Clear,2.8999999999999986
2025-02-27 06:00,20.6,0.0,92,1018.0,3.2,100,19.2,22.6,10.0,4.9,W,Overcast,1.4000000000000021
2025-04-29 23:00,23.2,0.0,91,1013.0,5.4,20,21.7,25.5,10.0,9.9,SW,Clear,1.5
2025-01-28 22:00,18.7,0.1,86,1022.0,8.6,100,16.3,20.7,10.0,13.7,ENE,Patchy rain possible,2.3999999999999986
2025-02-22 03:00,21.2,0.2,94,1017.0,9.4,100,20.2,23.2,10.0,11.2,ENE,Patchy rain possible,1.0
2024-11-25 15:00,26.2,0.1,82,1012.0,9.0,76,22.9,29.1,9.0,17.5,NE,Patchy rain possible,3.3000000000000007
2025-04-28 12:00,31.3,0.0,64,1010.0,16.2,4,22.8,35.9,10.0,25.2,ESE,Sunny,8.5
2024-06-07 10:00,33.0,0.0,53,1007.0,2.2,10,22.1,37.6,10.0,10.4,ENE,Sunny,10.899999999999999
2024-08-11 18:00,28.3,3.15,89,1002.0,7.7,94,24.4,33.1,7.0,19.4,NE,Moderate or heavy rain shower,3.900000000000002
2025-02-21 00:00,21.2,0.8,92,1017.0,5.0,85,19.9,23.2,10.0,7.8,E,Moderate rain at times,1.3000000000000007
2025-05-12 07:00,24.4,0.0,88,1009.0,6.9,100,22.4,26.7,2.0,16.1,NW,Overcast,2.0
2024-10-22 22:00,25.1,0.2,88,1014.0,9.0,83,22.9,27.7,9.0,14.8,NE,Patchy rain possible,2.200000000000003
2024-10-22 04:00,25.1,1.9,91,1012.0,12.2,94,23.5,28.0,10.0,23.3,NE,Moderate or heavy rain shower,1.6000000000000014
2024-12-25 17:00,20.2,0.5,89,1015.0,9.1,100,18.4,22.2,10.0,18.3,WNW,Moderate rain at times,1.8000000000000007
2024-08-29 09:00,31.9,0.0,55,1006.0,2.2,11,21.7,35.8,10.0,11.0,S,Sunny,10.2
2024-11-16 12:00,27.8,0.0,71,1010.0,11.2,6,22.1,30.7,10.0,18.1,ESE,Sunny,5.699999999999999
2025-01-04 08:00,20.7,0.2,80,1018.0,9.0,93,17.2,22.7,10.0,15.7,NE,Patchy rain possible,3.5
2024-12-16 23:00,19.1,0.0,90,1019.0,6.7,100,17.5,21.1,10.0,15.3,WNW,Overcast,1.6000000000000014
2025-01-19 15:00,21.9,0.0,76,1012.0,10.1,71,17.4,23.9,10.0,19.0,NE,Cloudy,4.5
2025-05-02 21:00,26.3,0.1,90,1011.0,3.6,89,23.3,30.1,10.0,10.2,SSW,Patchy rain possible,3.0
2024-10-25 17:00,24.8,0.0,75,1006.0,13.8,0,20.1,26.6,10.0,30.1,NW,Sunny,4.699999999999999
2025-01-16 18:00,20.3,0.0,85,1020.0,13.0,100,17.7,22.3,10.0,27.4,NE,Overcast,2.6000000000000014
2025-04-11 16:00,28.7,0.0,95,1005.0,6.8,51,24.0,37.4,6.0,11.2,NW,Partly cloudy,4.699999999999999
2025-02-18 06:00,20.9,0.0,86,1017.0,2.9,83,18.4,22.9,10.0,4.6,S,Cloudy,2.5
2025-01-10 23:00,19.9,0.0,85,1023.0,15.4,64,17.3,21.9,10.0,26.3,NE,Cloudy,2.599999999999998
2024-07-10 19:00,29.2,0.0,81,1006.0,7.9,76,23.6,33.7,10.0,13.6,SSE,Cloudy,5.599999999999998
2025-01-30 06:00,17.3,0.0,85,1018.0,6.8,15,14.8,19.3,10.0,11.7,W,Clear,2.5
2024-07-21 06:00,25.0,0.0,85,1005.0,8.6,23,22.4,27.4,10.0,10.7,WSW,Sunny,2.6000000000000014
2025-05-02 06:00,23.9,0.0,87,1012.0,5.4,14,21.7,26.0,10.0,8.6,W,Sunny,2.1999999999999993
2025-04-28 03:00,22.8,0.0,90,1009.0,7.2,11,21.1,25.1,10.0,8.4,SSW,Clear,1.6999999999999993
2025-02-01 14:00,24.5,0.0,69,1009.0,13.3,0,18.5,26.1,10.0,16.5,ESE,Sunny,6.0
2025-04-15 03:00,20.3,0.0,83,1013.0,6.1,33,17.4,22.3,10.0,9.6,NW,Partly cloudy,2.900000000000002
2024-06-28 10:00,31.0,0.0,66,1008.0,11.5,77,24.0,36.4,9.0,17.8,ESE,Cloudy,7.0
2024-08-26 17:00,29.9,0.0,70,1005.0,14.0,71,23.9,34.8,9.0,21.5,ESE,Cloudy,6.0
2024-09-10 03:00,25.0,0.0,88,1004.0,8.6,50,23.0,27.7,10.0,10.3,WSW,Partly cloudy,2.0
2025-04-22 11:00,32.5,0.0,61,1009.0,12.7,9,24.0,38.7,10.0,24.3,ESE,Sunny,8.5
2024-12-31 19:00,20.3,0.2,87,1017.0,10.4,100,18.2,22.4,10.0,14.5,N,Light rain shower,2.1000000000000014
2024-06-27 00:00,26.2,0.0,89,1009.0,6.8,20,24.2,29.8,10.0,12.0,S,Clear,2.0
2025-05-20 16:00,30.5,0.6,77,1004.0,15.1,87,24.5,37.9,10.0,20.8,ESE,Moderate rain at times,6.0
2024-06-16 05:00,25.6,0.0,78,1004.0,6.9,11,21.5,27.8,10.0,14.1,SW,Clear,4.100000000000001
2024-05-31 12:00,32.4,0.62,61,1004.0,4.3,100,24.0,38.5,10.0,5.7,W,Light rain shower,8.399999999999999
2024-07-30 09:00,27.3,0.0,76,1007.0,8.8,100,22.8,30.4,10.0,16.0,WSW,Overcast,4.5
2024-08-14 22:00,27.3,0.0,81,1007.0,7.6,28,23.7,31.0,10.0,14.1,SW,Partly cloudy,3.6000000000000014
2024-10-05 13:00,28.3,0.0,77,1011.0,8.6,62,22.3,31.4,5.0,20.0,N,Cloudy,6.0
2025-01-17 10:00,20.4,0.0,83,1021.0,15.5,100,17.4,22.4,10.0,20.5,ENE,Overcast,3.0
2024-06-29 17:00,31.2,0.0,78,1004.0,13.7,76,25.3,38.2,9.0,17.9,ESE,Cloudy,5.899999999999999
2024-06-18 07:00,29.6,0.0,69,1005.0,9.3,25,23.3,33.9,10.0,19.5,SW,Partly cloudy,6.300000000000001
2025-03-03 18:00,24.5,0.0,92,1006.0,8.3,16,23.1,27.1,10.0,17.9,SE,Clear,1.3999999999999986
2025-01-26 16:00,22.0,1.0,84,1015.0,11.2,82,19.2,24.0,9.0,23.3,NNE,Heavy rain at times,2.8000000000000007
2024-08-13 06:00,25.5,0.0,84,1005.0,10.4,24,22.5,28.0,10.0,14.0,WSW,Sunny,3.0
2024-05-29 18:00,31.2,0.0,80,1003.0,4.0,53,24.7,37.8,10.0,7.0,E,Partly cloudy,6.5
2024-12-17 06:00,19.8,0.1,87,1018.0,9.7,100,17.6,21.8,10.0,11.5,NW,Patchy rain possible,2.1999999999999993
2025-02-11 11:00,21.6,0.1,90,1017.0,5.8,100,18.7,23.6,10.0,13.7,WNW,Patchy rain possible,2.900000000000002
2025-05-02 10:00,29.8,0.0,70,1012.0,9.7,3,22.2,34.3,10.0,15.3,ENE,Sunny,7.600000000000001
2025-02-09 13:00,19.8,0.5,84,1019.0,18.7,100,16.9,21.8,10.0,29.5,NE,Moderate rain at times,2.900000000000002
2024-12-05 09:00,25.1,0.1,79,1015.0,5.8,97,21.1,27.1,10.0,14.2,NE,Patchy rain possible,4.0
2024-06-28 11:00,31.4,0.0,65,1008.0,14.4,78,24.0,37.2,10.0,20.3,E,Cloudy,7.399999999999999
2024-07-21 15:00,29.1,4.0,79,1003.0,8.3,73,25.2,34.9,9.0,17.3,NNW,Moderate or heavy rain shower,3.900000000000002
2024-12-02 11:00,24.7,0.0,89,1013.0,6.8,100,21.2,26.8,10.0,13.8,ENE,Overcast,3.5
2024-12-20 16:00,20.9,0.1,81,1014.0,10.1,100,17.5,22.9,10.0,13.3,ENE,Patchy rain possible,3.3999999999999986
2025-05-07 23:00,26.5,0.0,87,1006.0,8.2,17,24.3,30.1,10.0,12.7,SSW,Clear,2.1999999999999993
2025-01-20 04:00,17.4,0.0,85,1012.0,5.8,33,14.9,19.4,10.0,9.5,SW,Partly cloudy,2.4999999999999982
2025-01-24 14:00,24.2,0.0,72,1009.0,15.1,0,18.8,25.9,10.0,22.2,ESE,Sunny,5.399999999999999
2025-05-02 00:00,24.1,0.1,91,1013.0,5.4,84,22.5,26.5,10.0,9.4,W,Patchy rain possible,1.6000000000000014
2024-09-19 00:00,23.5,14.82,98,998.0,13.7,100,23.1,26.1,5.0,21.6,NW,Moderate or heavy rain shower,0.3999999999999986
2024-08-08 13:00,34.2,0.0,61,1005.0,13.9,19,23.5,40.9,10.0,20.5,NE,Sunny,10.700000000000003
2024-09-10 19:00,27.0,0.0,90,1006.0,5.0,59,25.1,31.6,10.0,8.4,N,Partly cloudy,1.8999999999999986
2024-10-11 00:00,24.5,0.5,87,1012.0,10.8,100,22.2,26.8,10.0,12.7,NW,Moderate rain at times,2.3000000000000007
2025-05-06 17:00,31.6,0.0,82,1004.0,4.0,72,22.8,42.9,9.0,12.7,ESE,Cloudy,8.8
2025-05-14 16:00,27.4,0.2,88,1008.0,2.2,78,24.5,32.2,10.0,15.3,E,Patchy rain possible,2.8999999999999986
2025-04-21 13:00,32.7,0.0,71,1008.0,18.7,17,24.1,42.4,10.0,25.8,ESE,Sunny,8.600000000000001
2025-02-17 03:00,21.3,0.1,92,1015.0,5.8,57,20.0,23.3,10.0,10.3,ESE,Patchy rain possible,1.3000000000000007
2024-12-06 05:00,22.8,1.2,91,1013.0,6.6,100,21.2,25.1,10.0,11.0,ENE,Heavy rain at times,1.6000000000000014
2024-10-08 19:00,25.3,0.2,84,1013.0,6.2,73,22.4,27.8,10.0,14.1,N,Patchy rain possible,2.900000000000002
2025-04-03 23:00,22.4,0.0,91,1016.0,7.6,89,20.9,24.8,2.0,11.0,SE,Overcast,1.5
2025-03-10 00:00,21.7,0.2,91,1019.0,5.0,100,20.3,23.7,10.0,7.2,NNW,Patchy rain possible,1.3999999999999986
2025-02-17 02:00,21.5,0.1,91,1015.0,6.2,60,20.0,23.5,10.0,10.9,E,Patchy rain possible,1.5
2024-08-18 08:00,29.7,0.0,79,1008.0,6.5,5,23.8,34.5,10.0,9.1,WSW,Sunny,5.899999999999999
2024-08-14 11:00,34.0,0.0,58,1006.0,7.4,26,22.6,39.6,10.0,14.9,NE,Partly cloudy,11.399999999999999
2025-05-03 18:00,28.1,0.0,88,1007.0,11.5,84,24.2,34.0,10.0,21.3,SE,Cloudy,3.900000000000002
2025-02-10 10:00,20.1,1.0,84,1020.0,12.2,100,17.4,22.1,10.0,16.1,NE,Heavy rain at times,2.700000000000003
2024-12-18 01:00,20.9,0.1,88,1017.0,7.6,100,19.0,22.9,10.0,11.1,N,Patchy rain possible,1.8999999999999986
2024-06-14 18:00,29.8,0.0,86,1003.0,6.0,79,25.9,36.8,10.0,19.1,W,Cloudy,3.900000000000002
2024-07-22 09:00,30.1,0.0,67,1005.0,8.6,18,23.3,34.6,10.0,10.3,WSW,Sunny,6.800000000000001
2025-02-15 16:00,24.4,0.0,87,1009.0,15.1,83,22.1,26.7,10.0,19.3,E,Cloudy,2.299999999999997
2024-09-08 18:00,30.9,0.0,78,1004.0,7.2,18,24.1,36.6,10.0,17.0,ENE,Clear,6.799999999999997
2024-08-10 04:00,27.1,0.0,75,1004.0,7.9,13,22.4,29.9,10.0,11.4,W,Clear,4.700000000000003
2025-03-23 11:00,24.5,0.0,66,1017.0,9.4,9,17.8,26.0,10.0,15.6,ESE,Sunny,6.699999999999999
2024-09-14 21:00,26.2,6.2,85,1004.0,5.4,71,23.5,29.4,9.0,9.1,SW,Moderate or heavy rain shower,2.6999999999999993
2024-08-09 13:00,36.0,0.0,58,1004.0,12.0,19,23.0,43.0,10.0,23.2,NE,Sunny,13.0
2025-05-16 10:00,30.2,0.1,65,1010.0,6.8,85,22.9,34.4,10.0,14.7,SSE,Patchy rain possible,7.300000000000001
2025-01-17 02:00,19.6,0.0,87,1019.0,10.5,100,17.4,21.6,10.0,17.3,ENE,Overcast,2.200000000000003
2025-05-06 21:00,28.1,0.0,89,1007.0,9.6,84,23.9,34.3,9.0,22.8,SSW,Cloudy,4.200000000000003
2024-08-18 09:00,31.8,0.0,66,1008.0,4.0,5,23.0,36.9,10.0,9.7,WNW,Sunny,8.8
2025-04-23 20:00,26.3,0.0,84,1007.0,8.4,11,22.9,29.4,10.0,14.8,WSW,Clear,3.400000000000002
2025-01-15 04:00,19.9,0.3,91,1017.0,10.8,100,18.3,21.9,2.0,16.2,WNW,Patchy rain possible,1.5999999999999979
2024-06-12 19:00,28.4,0.0,82,1006.0,8.3,20,25.1,33.7,10.0,9.2,SE,Clear,3.299999999999997
2025-01-12 08:00,17.8,0.0,75,1025.0,13.3,88,13.4,19.8,10.0,18.6,NNE,Overcast,4.4
2024-06-26 20:00,26.4,0.0,88,1009.0,9.7,75,24.3,30.1,9.0,11.1,SE,Cloudy,2.099999999999998
2024-10-14 15:00,27.3,0.0,84,1009.0,15.5,85,24.4,31.5,9.0,19.5,NNE,Overcast,2.900000000000002
2024-12-04 17:00,23.5,0.0,85,1012.0,8.6,77,20.8,25.6,10.0,12.7,NE,Cloudy,2.6999999999999993
2025-03-26 10:00,26.5,0.0,67,1007.0,13.7,24,19.9,28.3,10.0,15.7,SE,Sunny,6.600000000000001
2024-08-21 11:00,34.2,0.0,57,1008.0,7.4,34,22.2,39.5,10.0,17.5,NW,Partly cloudy,12.000000000000004
2025-04-19 20:00,26.2,0.0,91,1008.0,8.3,84,24.1,29.9,10.0,11.5,SSE,Cloudy,2.099999999999998
2025-01-14 14:00,21.8,0.0,83,1016.0,9.0,100,17.2,23.8,10.0,19.4,WNW,Overcast,4.600000000000001
2025-04-16 16:00,26.7,0.0,84,1008.0,13.3,70,22.3,30.2,10.0,22.3,ESE,Cloudy,4.399999999999999
2024-06-08 14:00,31.5,0.0,66,1003.0,9.4,15,24.3,37.6,10.0,21.1,ENE,Sunny,7.199999999999999
2024-08-14 18:00,30.6,0.0,78,1005.0,7.6,51,23.7,35.9,10.0,13.0,SSE,Partly cloudy,6.900000000000002
2024-12-24 06:00,19.6,0.3,91,1016.0,8.6,100,18.2,21.6,10.0,16.9,N,Patchy rain possible,1.4000000000000021
2025-05-15 06:00,25.4,0.0,88,1010.0,6.8,32,23.3,28.2,10.0,7.1,SW,Partly cloudy,2.099999999999998
2024-07-15 11:00,27.5,4.7,97,1003.0,10.4,100,24.8,32.2,3.0,20.1,WSW,Moderate or heavy rain shower,2.6999999999999993
2025-02-20 02:00,19.7,0.5,90,1016.0,7.2,77,18.0,21.7,10.0,12.5,WSW,Moderate rain at times,1.6999999999999993
2025-03-02 00:00,20.9,0.0,95,1012.0,8.3,51,20.1,22.9,2.0,13.5,SSE,Partly cloudy,0.7999999999999972
2024-11-16 08:00,25.3,0.0,84,1012.0,7.2,14,22.5,27.8,10.0,8.6,SSE,Sunny,2.8000000000000007
2024-08-07 12:00,34.5,0.0,59,1006.0,14.4,15,22.4,40.2,10.0,16.6,E,Sunny,12.100000000000001
2025-04-08 14:00,27.0,0.0,73,1013.0,15.8,15,21.7,29.5,10.0,22.5,E,Sunny,5.300000000000001
2024-07-04 11:00,32.0,0.0,65,1009.0,12.6,84,23.6,37.7,9.0,19.5,E,Cloudy,8.399999999999999
2025-02-27 01:00,20.8,0.0,91,1018.0,2.2,100,19.3,22.8,10.0,3.4,W,Overcast,1.5
2024-07-17 06:00,25.3,0.0,87,1003.0,6.8,85,23.0,28.0,10.0,7.1,W,Overcast,2.3000000000000007
2025-01-18 08:00,19.8,0.0,81,1018.0,7.2,72,16.5,21.8,10.0,9.8,ENE,Cloudy,3.3000000000000007
2024-06-11 19:00,28.5,0.0,86,1006.0,4.3,71,25.1,33.8,9.0,8.2,ESE,Cloudy,3.3999999999999986
2024-09-17 02:00,24.8,0.0,87,1004.0,6.8,83,22.5,27.2,9.0,8.0,WNW,Cloudy,2.3000000000000007
2025-03-09 13:00,23.2,0.2,83,1017.0,8.3,52,20.0,25.2,10.0,15.8,NE,Patchy rain possible,3.1999999999999993
2024-07-30 19:00,26.9,0.0,82,1006.0,4.7,54,23.5,30.4,10.0,8.6,ESE,Partly cloudy,3.3999999999999986
2025-05-08 10:00,34.0,0.0,56,1006.0,12.6,10,23.5,40.8,10.0,15.5,SE,Sunny,10.5
2025-04-17 22:00,25.4,0.0,92,1009.0,7.9,12,23.6,28.6,10.0,10.5,S,Clear,1.7999999999999972
2024-09-05 08:00,29.4,0.0,77,1003.0,6.4,10,22.6,33.2,10.0,13.8,WSW,Sunny,6.799999999999997
2024-07-12 06:00,25.2,0.0,85,1003.0,8.6,44,22.5,27.7,10.0,15.7,SW,Partly cloudy,2.6999999999999993
2025-01-29 19:00,18.8,0.0,83,1018.0,7.6,75,15.9,20.8,10.0,12.5,NNE,Cloudy,2.9000000000000004
2025-01-05 21:00,19.2,0.0,85,1018.0,5.0,57,16.6,21.2,10.0,8.5,WNW,Partly cloudy,2.599999999999998
2025-04-30 01:00,22.7,0.0,92,1011.0,5.8,14,21.3,25.1,10.0,10.3,SW,Clear,1.3999999999999986
2025-05-19 22:00,24.6,0.0,88,1008.0,6.2,11,22.4,27.0,10.0,8.0,SSW,Clear,2.200000000000003
2025-03-14 09:00,26.2,0.1,82,1013.0,9.4,78,22.9,29.1,10.0,16.8,SSE,Patchy rain possible,3.3000000000000007
2024-06-28 03:00,25.3,0.0,93,1008.0,7.9,37,24.0,28.5,10.0,8.3,SSW,Partly cloudy,1.3000000000000007
2024-09-23 22:00,24.9,0.2,91,1011.0,7.2,87,23.6,27.8,2.0,10.8,WNW,Patchy rain possible,1.2999999999999972
2024-12-27 04:00,21.5,0.5,96,1016.0,15.1,100,20.9,23.5,9.0,21.2,NNW,Moderate rain at times,0.6000000000000014
2024-12-21 05:00,19.4,0.0,87,1016.0,5.0,100,17.2,21.4,10.0,7.6,ENE,Overcast,2.1999999999999993
2025-01-04 09:00,21.1,0.1,79,1019.0,13.7,80,17.4,23.1,10.0,19.0,NE,Patchy rain possible,3.700000000000003
2024-06-14 13:00,36.9,0.0,52,1001.0,12.0,11,24.0,45.0,10.0,19.5,E,Sunny,12.899999999999999
2024-12-25 11:00,20.7,0.1,89,1017.0,9.3,100,18.9,22.7,10.0,18.4,NW,Patchy rain possible,1.8000000000000007
2024-07-09 04:00,25.3,0.0,87,1005.0,7.0,48,23.0,28.0,10.0,13.3,SW,Partly cloudy,2.3000000000000007
2025-05-17 00:00,25.5,0.0,92,1009.0,6.1,24,24.2,28.9,10.0,6.5,SW,Clear,1.3000000000000007
2025-03-26 08:00,23.3,0.0,77,1008.0,6.4,16,19.0,25.2,10.0,12.9,S,Sunny,4.300000000000001
2024-10-11 06:00,24.4,0.8,87,1012.0,8.6,100,22.1,26.7,10.0,13.0,NW,Moderate rain at times,2.299999999999997
2025-02-25 12:00,21.6,0.1,92,1022.0,9.4,100,20.2,23.6,10.0,18.8,NE,Patchy rain possible,1.4000000000000021
2024-09-23 10:00,26.5,0.0,92,1008.0,10.8,51,24.3,30.3,9.0,15.3,WSW,Partly cloudy,2.1999999999999993
2024-11-12 03:00,23.0,2.4,94,1010.0,11.5,100,22.1,25.4,10.0,25.2,NNW,Moderate or heavy rain shower,0.8999999999999986
2024-10-05 19:00,24.9,0.0,88,1012.0,6.1,100,22.7,27.4,10.0,10.4,NNW,Overcast,2.1999999999999993
2025-03-28 17:00,27.5,0.0,82,1005.0,11.9,7,23.6,31.4,10.0,16.9,SE,Sunny,3.8999999999999986
2025-05-20 15:00,31.6,0.1,72,1004.0,14.8,75,24.3,39.6,10.0,23.7,ESE,Patchy rain possible,7.300000000000001
2024-09-07 15:00,35.2,0.0,51,999.0,20.2,18,22.1,40.5,10.0,30.4,SW,Sunny,13.100000000000001
2024-09-17 05:00,24.8,0.2,86,1004.0,7.2,51,22.2,27.1,10.0,12.6,W,Patchy rain possible,2.6000000000000014
2025-03-18 19:00,20.1,0.0,92,1020.0,18.0,100,18.7,22.1,10.0,24.2,NNE,Overcast,1.4000000000000021
2025-04-22 12:00,33.0,0.0,61,1008.0,14.1,13,24.0,40.2,10.0,28.9,ESE,Sunny,9.0
2024-12-24 14:00,20.1,0.1,90,1015.0,13.7,100,18.3,22.1,2.0,23.5,NNW,Patchy rain possible,1.8000000000000007
2025-02-13 19:00,21.8,0.0,97,1015.0,6.4,100,21.2,23.8,2.0,15.1,NNE,Overcast,0.6000000000000014
2024-10-19 10:00,28.3,0.1,73,1013.0,4.3,74,23.0,31.9,10.0,10.6,SE,Patchy rain possible,5.300000000000001
2025-04-19 15:00,30.1,0.0,76,1006.0,11.9,77,24.1,36.5,10.0,15.3,E,Cloudy,6.0
2025-04-16 23:00,23.1,0.0,94,1009.0,5.9,26,22.0,25.4,10.0,7.0,S,Partly cloudy,1.1000000000000014
2025-04-16 12:00,27.6,0.0,70,1009.0,15.8,8,21.7,30.2,10.0,22.3,ESE,Sunny,5.900000000000002
2024-09-09 14:00,31.4,1.5,65,1003.0,16.6,78,24.0,37.1,10.0,23.5,NNE,Moderate or heavy rain shower,7.399999999999999
2025-03-28 10:00,29.0,0.0,70,1007.0,10.2,9,23.0,32.8,10.0,17.7,SE,Sunny,6.0
2025-04-21 03:00,23.5,0.0,89,1008.0,6.2,27,21.6,25.8,10.0,8.8,S,Partly cloudy,1.8999999999999986
2024-12-18 20:00,21.4,0.1,84,1018.0,11.4,100,18.6,23.4,10.0,18.7,NE,Patchy rain possible,2.799999999999997
2024-07-07 00:00,25.6,0.0,90,1006.0,6.1,19,23.7,28.7,10.0,10.0,SSE,Clear,1.9000000000000021
2024-11-17 11:00,27.2,0.2,70,1012.0,5.4,76,21.3,29.6,10.0,12.8,E,Patchy rain possible,5.899999999999999
2024-08-17 21:00,27.4,0.0,91,1009.0,6.5,60,24.7,31.9,10.0,11.7,SW,Cloudy,2.6999999999999993
2024-09-02 04:00,25.4,0.0,90,1007.0,6.8,13,23.5,28.4,10.0,11.5,SW,Clear,1.8999999999999986
2024-12-15 22:00,19.3,0.0,90,1022.0,11.3,100,17.6,21.3,10.0,17.9,N,Overcast,1.6999999999999993
2024-08-15 07:00,28.4,0.0,74,1006.0,7.6,12,23.4,32.3,10.0,10.8,WSW,Sunny,5.0
2025-02-03 02:00,19.0,0.0,94,1012.0,5.0,27,18.0,21.0,10.0,9.3,WSW,Partly cloudy,1.0
2025-04-19 18:00,28.7,0.0,90,1007.0,9.7,75,25.1,35.9,10.0,17.5,SE,Cloudy,3.599999999999998
2025-03-16 00:00,23.7,0.0,92,1011.0,6.8,67,22.3,26.0,10.0,11.8,SSE,Cloudy,1.3999999999999986
2024-06-01 10:00,30.0,0.2,82,1009.0,5.8,50,24.9,36.1,10.0,14.9,SW,Patchy rain possible,5.100000000000001
2024-07-04 05:00,24.8,0.0,92,1009.0,8.3,39,23.4,27.6,10.0,8.6,SSW,Partly cloudy,1.4000000000000021
2024-08-11 09:00,33.9,0.0,57,1004.0,8.4,12,22.9,39.7,10.0,15.3,WSW,Sunny,11.0
2025-02-20 07:00,20.4,0.7,87,1018.0,5.4,93,18.2,22.4,10.0,8.7,W,Moderate rain at times,2.1999999999999993
2024-12-27 19:00,21.4,3.5,96,1019.0,15.8,100,20.7,23.4,7.0,22.0,N,Moderate or heavy rain shower,0.6999999999999993
2024-07-20 12:00,29.6,1.7,73,1005.0,9.4,74,24.3,34.8,10.0,18.7,ENE,Moderate or heavy rain shower,5.300000000000001
2024-08-21 19:00,29.5,0.0,83,1008.0,10.8,71,25.0,35.3,9.0,17.9,SE,Cloudy,4.5
2024-06-21 01:00,26.9,0.0,86,1003.0,8.6,18,24.4,30.9,10.0,11.2,SW,Clear,2.5
2024-07-08 20:00,26.6,0.0,93,1006.0,12.5,50,24.1,30.2,5.0,24.2,WSW,Partly cloudy,2.5
2024-11-01 07:00,23.0,0.0,83,1011.0,8.6,4,20.0,25.1,10.0,14.4,WNW,Sunny,3.0
2025-02-21 13:00,23.9,0.3,90,1017.0,11.9,88,20.6,26.1,10.0,23.9,ENE,Patchy rain possible,3.299999999999997
2024-12-21 22:00,19.3,0.0,78,1018.0,13.0,100,16.8,21.3,10.0,16.4,NE,Overcast,2.5
2024-08-05 02:00,24.2,0.0,86,1007.0,6.6,8,21.7,26.4,10.0,13.7,SW,Clear,2.5
2025-01-25 11:00,23.8,0.0,78,1013.0,10.4,11,19.8,25.7,10.0,18.1,ESE,Sunny,4.0
2024-09-09 18:00,28.2,4.3,81,1004.0,6.8,85,24.6,32.9,9.0,11.6,ESE,Moderate or heavy rain shower,3.599999999999998
2024-10-15 09:00,27.3,0.2,80,1012.0,4.0,82,23.6,30.9,10.0,10.0,WSW,Patchy rain possible,3.6999999999999993
2025-02-11 03:00,18.6,0.0,87,1015.0,7.2,100,16.5,20.6,10.0,11.3,W,Overcast,2.1000000000000014
2024-07-05 05:00,23.9,0.0,87,1007.0,7.2,29,21.5,26.0,10.0,9.2,SW,Partly cloudy,2.3999999999999986
2024-08-25 00:00,26.0,0.0,88,1009.0,4.0,82,23.7,29.2,9.0,7.1,SSW,Cloudy,2.3000000000000007
2025-02-06 15:00,22.7,0.0,73,1012.0,11.2,11,17.6,24.9,10.0,24.7,E,Sunny,5.099999999999998
2024-09-08 21:00,29.3,0.0,81,1007.0,5.0,31,24.0,34.0,10.0,9.3,SSW,Partly cloudy,5.300000000000001
2024-06-05 01:00,26.4,0.0,81,1007.0,8.6,21,22.9,29.3,10.0,12.1,SSW,Clear,3.5
2024-09-10 09:00,28.4,0.0,88,1007.0,6.8,79,24.8,33.4,10.0,9.8,SW,Cloudy,3.599999999999998
2024-08-26 01:00,24.9,0.0,89,1007.0,5.3,16,22.9,27.5,10.0,10.1,SW,Clear,2.0
2025-02-24 14:00,20.6,0.7,94,1020.0,21.2,100,19.6,22.6,9.0,28.2,ENE,Moderate rain at times,1.0
2024-09-06 03:00,26.3,0.0,80,999.0,12.2,49,22.5,29.1,10.0,18.3,WSW,Partly cloudy,3.8000000000000007
2025-01-07 16:00,22.5,0.1,70,1013.0,10.1,89,16.6,24.7,10.0,18.2,ENE,Patchy rain possible,5.899999999999999
2024-12-22 20:00,19.4,0.1,77,1018.0,9.4,82,15.4,21.4,10.0,14.8,NW,Patchy rain possible,3.9999999999999982
2024-08-20 23:00,26.7,0.0,90,1009.0,8.4,47,24.7,30.8,10.0,15.3,SSW,Partly cloudy,2.0
2024-09-30 17:00,28.7,0.39,84,1005.0,9.7,84,25.8,34.8,10.0,13.1,ESE,Patchy light rain with thunder,2.8999999999999986
2025-04-09 05:00,21.1,0.0,95,1012.0,6.5,50,20.3,23.1,2.0,10.8,SSW,Partly cloudy,0.8000000000000007
2025-01-21 18:00,19.1,0.0,76,1013.0,6.5,0,14.7,21.1,10.0,10.7,ENE,Clear,4.400000000000002
2024-11-04 07:00,24.0,0.2,89,1014.0,2.9,93,22.1,26.3,10.0,7.9,NW,Patchy rain possible,1.8999999999999986
2024-07-21 12:00,29.6,0.2,74,1004.0,11.2,85,24.6,35.1,9.0,21.1,NE,Patchy rain possible,5.0
2025-02-22 01:00,21.3,0.2,94,1018.0,7.9,100,20.3,23.3,10.0,11.9,ENE,Patchy rain possible,1.0
2024-09-05 00:00,25.3,0.0,90,1003.0,11.5,80,23.4,28.2,9.0,14.6,SW,Cloudy,1.9000000000000021
2025-02-27 22:00,21.6,0.0,91,1017.0,7.6,70,20.0,23.6,10.0,10.9,ESE,Cloudy,1.6000000000000014
2025-02-27 03:00,20.7,0.0,92,1017.0,2.5,97,19.2,22.7,10.0,3.9,W,Overcast,1.5
2025-03-05 05:00,22.6,0.0,94,1007.0,5.5,18,21.6,25.0,2.0,7.3,SSE,Clear,1.0
2025-03-09 17:00,22.9,0.2,85,1016.0,6.8,67,20.2,25.1,10.0,14.1,NNE,Patchy rain possible,2.6999999999999993
2025-01-11 10:00,19.9,0.1,82,1026.0,25.6,87,16.7,21.9,10.0,35.1,NE,Patchy rain possible,3.1999999999999993
2024-06-10 16:00,29.8,1.47,76,1004.0,11.2,54,25.0,35.8,8.0,14.3,E,Heavy rain at times,4.800000000000001
2025-01-22 19:00,18.6,0.0,81,1014.0,2.5,0,15.3,20.6,10.0,4.5,SSE,Clear,3.3000000000000007
2024-07-15 12:00,27.6,3.17,96,1002.0,13.3,95,24.9,32.3,7.0,26.7,WSW,Moderate or heavy rain shower,2.700000000000003
2024-10-25 07:00,22.9,0.0,82,1009.0,13.0,4,19.8,25.1,10.0,19.3,WNW,Sunny,3.099999999999998
2024-06-07 01:00,26.6,0.0,82,1007.0,9.4,16,23.3,29.8,10.0,11.5,SW,Clear,3.3000000000000007
2024-12-26 22:00,20.8,1.9,96,1018.0,12.6,100,20.0,22.8,9.0,18.8,NNW,Moderate or heavy rain shower,0.8000000000000007
2025-03-30 10:00,24.5,0.35,90,1016.0,7.6,96,22.7,27.0,10.0,11.2,NNE,Light rain shower,1.8000000000000007
2025-05-16 04:00,24.5,0.0,88,1009.0,8.3,22,22.5,26.9,10.0,9.7,SSW,Clear,2.0
2024-12-23 13:00,20.0,0.5,85,1015.0,11.9,100,17.5,22.0,10.0,23.3,NNW,Moderate rain at times,2.5
2024-09-02 12:00,32.8,0.1,61,1007.0,16.2,81,23.5,38.6,10.0,24.3,ENE,Patchy rain possible,9.299999999999997
2024-05-23 22:00,25.8,0.0,90,1010.0,2.5,82,24.0,29.1,10.0,3.6,W,Cloudy,1.8000000000000007
2024-08-17 02:00,25.8,0.0,88,1005.0,7.2,86,23.7,28.9,9.0,9.5,WSW,Overcast,2.1000000000000014
2024-07-30 21:00,26.4,0.0,83,1008.0,5.0,59,23.4,29.6,10.0,9.5,SSW,Partly cloudy,3.0
2024-06-21 06:00,26.6,0.0,83,1003.0,7.1,77,23.4,29.8,10.0,14.1,SSW,Cloudy,3.200000000000003
2025-02-27 05:00,20.5,0.0,92,1017.0,2.9,100,19.2,22.5,10.0,4.4,WSW,Overcast,1.3000000000000007
2024-09-14 07:00,25.5,0.0,89,1004.0,7.9,100,23.6,28.6,10.0,14.3,WSW,Overcast,1.8999999999999986
2024-07-19 08:00,27.5,0.0,75,1005.0,6.8,30,22.8,30.6,10.0,8.9,WSW,Partly cloudy,4.699999999999999
2025-04-02 05:00,20.6,0.0,85,1015.0,5.4,100,17.9,22.6,10.0,7.6,NW,Overcast,2.700000000000003
2024-09-02 20:00,26.6,8.3,82,1008.0,7.2,58,24.0,30.1,5.0,15.7,ESE,Moderate or heavy rain shower,2.6000000000000014
2024-10-26 10:00,21.3,2.1,90,1005.0,17.3,74,18.7,23.3,5.0,30.6,W,Moderate or heavy rain shower,2.6000000000000014
2024-08-27 21:00,26.4,0.3,85,1008.0,8.6,76,23.7,29.7,10.0,15.8,SW,Patchy rain possible,2.6999999999999993
2024-06-11 04:00,26.3,0.0,83,1006.0,7.1,45,23.1,29.3,10.0,14.4,WSW,Partly cloudy,3.1999999999999993
2024-12-24 03:00,19.6,0.3,91,1015.0,12.2,100,18.2,21.6,10.0,18.5,NNE,Patchy rain possible,1.4000000000000021
2024-11-13 07:00,24.5,0.1,90,1012.0,1.1,100,22.7,27.0,10.0,1.5,S,Patchy rain possible,1.8000000000000007
2025-04-05 06:00,20.6,0.0,94,1012.0,7.2,44,19.5,22.6,10.0,7.4,SSE,Partly cloudy,1.1000000000000014
2024-11-09 02:00,21.0,0.0,88,1014.0,9.4,89,18.9,23.0,10.0,11.7,WNW,Overcast,2.1000000000000014
2024-07-23 22:00,27.6,0.0,70,1003.0,8.6,63,21.5,30.1,10.0,17.8,SW,Cloudy,6.100000000000001
2024-10-23 06:00,24.2,2.2,86,1013.0,6.5,81,21.8,26.4,9.0,13.3,ENE,Moderate or heavy rain shower,2.3999999999999986
2024-06-03 18:00,29.1,0.1,80,1005.0,6.6,62,25.3,34.8,5.0,16.5,SE,Patchy rain possible,3.8000000000000007
2024-11-28 22:00,21.7,0.0,79,1020.0,14.0,99,18.0,23.7,10.0,23.5,NNE,Overcast,3.6999999999999993
2024-11-18 12:00,26.6,0.1,77,1013.0,13.7,66,22.2,29.2,10.0,24.0,NNE,Patchy rain possible,4.400000000000002
2024-12-11 17:00,23.1,4.0,95,1011.0,16.9,100,22.2,25.5,7.0,28.7,NE,Moderate or heavy rain shower,0.9000000000000021
2024-10-17 09:00,27.5,0.1,76,1013.0,1.8,87,22.8,30.7,10.0,9.1,NNE,Patchy rain possible,4.699999999999999
2025-02-19 09:00,21.8,0.3,92,1019.0,12.6,100,20.4,23.8,10.0,16.8,E,Patchy rain possible,1.4000000000000021
2024-09-07 13:00,35.0,0.0,53,1000.0,18.7,25,22.1,40.3,10.0,28.2,SW,Partly cloudy,12.899999999999999
2024-07-19 00:00,25.3,0.2,88,1005.0,9.0,78,23.2,28.1,10.0,10.9,WSW,Patchy rain possible,2.1000000000000014
2025-05-03 04:00,23.4,0.0,92,1009.0,9.0,17,22.1,25.8,10.0,10.1,SSW,Clear,1.2999999999999972
2025-02-07 06:00,17.7,0.0,83,1016.0,6.5,81,15.7,19.7,10.0,11.8,WSW,Cloudy,2.0
2024-06-16 21:00,27.2,0.5,88,1007.0,11.2,76,24.0,31.0,10.0,24.4,WSW,Moderate rain at times,3.1999999999999993
2024-11-20 07:00,23.3,0.0,89,1014.0,11.2,77,21.3,25.5,10.0,16.4,WNW,Cloudy,2.0
2025-04-17 14:00,31.2,0.0,78,1005.0,14.8,88,24.5,40.1,9.0,20.0,E,Overcast,6.699999999999999
2024-12-07 06:00,23.3,0.0,88,1014.0,9.1,95,21.2,25.5,10.0,14.3,NE,Overcast,2.1000000000000014
2024-06-18 22:00,28.7,0.0,86,1006.0,0.7,70,25.1,34.0,10.0,5.9,NNE,Cloudy,3.599999999999998
2025-05-11 19:00,25.3,0.1,94,1009.0,9.4,66,23.1,28.6,8.0,11.7,WNW,Patchy rain possible,2.1999999999999993
2025-01-30 15:00,23.0,0.0,73,1012.0,7.9,0,16.6,25.0,10.0,14.9,E,Sunny,6.399999999999999
2024-10-14 12:00,27.8,0.1,81,1011.0,14.0,87,24.2,32.0,9.0,24.4,NNE,Patchy rain possible,3.6000000000000014
2025-02-02 04:00,18.2,0.0,89,1009.0,8.6,0,16.3,20.2,10.0,11.2,SSW,Clear,1.8999999999999986
2024-09-24 14:00,27.2,0.0,83,1009.0,13.7,74,24.1,31.0,10.0,16.5,NNE,Cloudy,3.099999999999998
2025-04-30 22:00,24.3,0.01,93,1013.0,5.8,89,23.0,26.9,10.0,10.0,SW,Patchy rain possible,1.3000000000000007
2024-12-12 03:00,23.9,1.7,94,1010.0,16.5,100,22.9,26.4,9.0,25.3,ENE,Moderate or heavy rain shower,1.0
2024-09-06 00:00,26.4,0.0,83,1001.0,9.7,28,23.2,29.4,10.0,19.0,WSW,Partly cloudy,3.1999999999999993
2025-03-06 15:00,25.6,0.1,86,1011.0,12.6,71,23.1,28.4,10.0,21.5,ENE,Patchy rain possible,2.5
2024-12-31 13:00,20.8,0.54,92,1017.0,11.2,100,19.4,22.8,10.0,15.5,NNE,Light rain shower,1.4000000000000021
2025-03-02 13:00,27.1,0.0,75,1008.0,15.1,11,22.3,29.9,10.0,20.7,ESE,Sunny,4.800000000000001
2024-11-08 10:00,24.6,0.1,79,1017.0,17.3,72,20.7,26.6,10.0,28.7,NE,Patchy rain possible,3.900000000000002
2024-11-05 04:00,24.2,2.7,91,1013.0,13.6,100,22.7,26.7,7.0,28.3,NE,Moderate or heavy rain shower,1.5
2024-08-21 00:00,26.2,0.0,85,1008.0,7.2,32,23.4,29.4,10.0,13.8,SSW,Partly cloudy,2.8000000000000007
2024-06-20 13:00,34.2,0.0,57,1002.0,11.9,21,23.2,40.4,10.0,22.8,NE,Sunny,11.000000000000004
2025-01-25 09:00,21.7,0.0,85,1013.0,9.0,16,19.1,23.7,10.0,10.7,S,Sunny,2.599999999999998
2024-10-05 03:00,23.2,0.0,87,1012.0,9.0,42,20.9,25.3,10.0,11.0,WNW,Partly cloudy,2.3000000000000007
2025-02-25 11:00,21.6,0.2,92,1023.0,10.1,100,20.2,23.6,2.0,14.0,NE,Patchy rain possible,1.4000000000000021
2025-03-18 02:00,20.3,0.6,93,1017.0,10.1,100,19.1,22.3,2.0,13.8,N,Moderate rain at times,1.1999999999999993
2024-11-09 03:00,20.8,0.0,88,1014.0,9.4,74,18.8,22.8,10.0,11.6,WNW,Cloudy,2.0
2024-09-18 05:00,24.4,6.4,93,1002.0,9.4,75,23.2,27.1,10.0,18.6,NW,Moderate or heavy rain shower,1.1999999999999993
2024-10-24 01:00,23.1,2.4,90,1011.0,7.9,70,21.3,25.3,10.0,13.1,W,Moderate or heavy rain shower,1.8000000000000007
2024-12-14 21:00,20.5,1.1,93,1021.0,20.8,100,19.4,22.5,9.0,35.6,NNE,Heavy rain at times,1.1000000000000014
2025-04-26 14:00,30.1,0.0,72,1008.0,14.8,2,23.3,35.6,10.0,23.4,ESE,Sunny,6.800000000000001
2025-01-19 00:00,18.5,0.0,84,1016.0,4.0,75,15.7,20.5,10.0,6.6,NW,Cloudy,2.8000000000000007
2024-11-07 08:00,24.5,0.1,85,1017.0,14.5,97,21.9,26.8,10.0,23.9,ENE,Patchy rain possible,2.6000000000000014
2024-08-23 22:00,26.4,0.0,88,1012.0,7.1,76,23.9,29.9,9.0,16.1,WSW,Cloudy,2.5
2025-03-01 13:00,26.0,0.0,78,1011.0,17.3,5,21.9,28.4,10.0,25.2,ESE,Sunny,4.100000000000001
2024-08-27 16:00,32.0,0.0,67,1004.0,14.4,85,23.8,37.9,10.0,21.6,ENE,Overcast,8.2
2024-12-12 06:00,23.7,3.29,95,1011.0,16.5,100,22.8,26.2,7.0,27.1,ENE,Moderate or heavy rain shower,0.8999999999999986
2024-06-13 17:00,31.1,0.0,71,1003.0,11.9,9,25.2,37.9,10.0,15.9,ESE,Sunny,5.900000000000002
2024-06-13 18:00,30.7,0.0,77,1003.0,10.1,11,25.7,37.8,10.0,17.1,SE,Sunny,5.0
2024-12-31 17:00,20.4,0.47,88,1016.0,12.6,100,18.3,22.4,10.0,17.1,NNE,Light rain shower,2.099999999999998
2025-03-20 18:00,20.6,0.0,76,1020.0,8.2,73,16.3,22.6,10.0,17.9,NNE,Cloudy,4.300000000000001
2025-03-30 01:00,22.8,0.19,95,1013.0,5.0,51,21.9,25.2,10.0,9.3,ENE,Light rain shower,0.9000000000000021
2025-03-29 21:00,23.3,0.8,94,1014.0,2.9,72,22.3,25.7,9.0,5.1,SE,Moderate rain at times,1.0
2025-03-10 22:00,22.0,0.9,97,1018.0,3.2,100,21.5,24.6,2.0,4.6,NNW,Moderate rain at times,0.5
2024-06-24 12:00,31.7,0.0,65,1005.0,5.8,82,23.2,36.8,10.0,18.3,W,Cloudy,8.5
2025-03-21 07:00,20.1,0.2,80,1023.0,7.6,91,16.4,22.1,10.0,10.8,NNE,Patchy rain possible,3.700000000000003
2025-05-06 15:00,34.2,0.0,70,1003.0,13.3,75,23.0,46.8,10.0,20.5,E,Cloudy,11.200000000000003
2025-01-11 15:00,19.5,0.4,81,1023.0,23.0,91,16.1,21.5,10.0,38.4,NNE,Patchy rain possible,3.3999999999999986
2024-06-19 03:00,26.8,0.0,77,1003.0,9.4,18,22.4,29.6,10.0,12.0,SSW,Clear,4.400000000000002
2025-03-07 15:00,21.0,0.1,88,1014.0,17.3,100,18.2,23.0,10.0,22.6,WNW,Patchy rain possible,2.8000000000000007
2024-08-22 12:00,34.8,0.0,55,1007.0,12.5,22,22.6,40.6,10.0,22.0,E,Sunny,12.199999999999996
2025-02-21 18:00,21.6,0.3,94,1017.0,11.5,90,20.6,23.6,10.0,16.6,ENE,Patchy rain possible,1.0
2024-06-07 09:00,32.1,0.0,57,1007.0,3.6,8,22.6,36.8,10.0,11.1,SSW,Sunny,9.5
2025-02-03 12:00,23.2,0.2,82,1015.0,9.0,84,20.0,25.2,10.0,18.2,NNE,Patchy rain possible,3.1999999999999993
2024-11-14 14:00,28.1,0.0,81,1009.0,10.4,89,23.6,32.0,10.0,16.5,E,Overcast,4.5
2024-06-07 17:00,29.7,0.3,75,1004.0,9.0,70,24.7,35.1,10.0,12.6,E,Patchy rain possible,5.0
2025-02-19 10:00,21.9,0.6,92,1019.0,11.9,99,20.5,23.9,10.0,20.0,ESE,Moderate rain at times,1.3999999999999986
2024-08-23 08:00,29.9,0.0,69,1010.0,6.5,12,23.2,34.2,10.0,7.5,SSW,Sunny,6.699999999999999
2025-03-31 13:00,22.0,0.01,84,1014.0,11.9,100,19.2,24.5,10.0,15.4,WNW,Patchy rain possible,2.8000000000000007
2024-07-29 05:00,25.3,0.0,86,1003.0,6.5,44,22.9,28.0,10.0,14.6,WSW,Partly cloudy,2.400000000000002
2024-08-07 03:00,24.4,0.0,85,1006.0,6.2,10,21.7,26.6,10.0,12.3,SW,Clear,2.6999999999999993
2024-10-21 08:00,24.3,0.8,93,1014.0,5.4,87,23.1,26.9,10.0,14.7,WNW,Moderate rain at times,1.1999999999999993
2024-07-02 02:00,26.4,0.0,76,1004.0,9.0,13,21.9,28.9,10.0,12.1,SW,Clear,4.5
2024-09-24 17:00,26.4,0.0,86,1009.0,13.3,72,24.0,30.0,10.0,17.6,N,Cloudy,2.3999999999999986
2025-05-10 19:00,26.6,0.2,92,1007.0,9.4,77,25.2,31.0,9.0,11.1,ESE,Patchy rain possible,1.4000000000000021
2025-03-13 18:00,23.8,0.0,94,1010.0,3.6,83,22.8,26.3,2.0,10.0,NE,Cloudy,1.0
2025-02-09 16:00,19.9,0.1,83,1017.0,16.2,99,17.0,21.9,10.0,23.0,NE,Patchy rain possible,2.8999999999999986
2024-06-06 23:00,26.6,0.0,82,1009.0,9.4,26,23.3,29.8,10.0,13.5,SW,Partly cloudy,3.3000000000000007
2024-10-29 23:00,22.4,0.0,89,1008.0,7.6,84,20.5,24.8,10.0,12.9,WSW,Cloudy,1.8999999999999986
2025-02-06 11:00,22.7,0.2,74,1015.0,10.1,83,17.9,24.9,10.0,17.5,ESE,Patchy rain possible,4.800000000000001
2024-07-13 22:00,26.8,0.0,87,1004.0,6.8,88,24.3,30.7,10.0,13.0,SW,Overcast,2.5
2025-02-17 05:00,21.4,0.4,92,1016.0,5.3,72,20.1,23.4,10.0,9.6,ESE,Patchy rain possible,1.2999999999999972
2024-12-20 23:00,20.2,0.0,83,1016.0,5.8,100,17.2,22.2,10.0,8.5,SE,Overcast,3.0
2024-10-23 22:00,23.8,0.0,87,1013.0,5.4,78,21.5,25.9,10.0,8.9,NW,Cloudy,2.3000000000000007
2025-04-14 02:00,20.5,0.0,75,1014.0,7.2,100,15.9,22.5,2.0,9.9,WNW,Overcast,4.6
2025-03-02 19:00,23.6,0.0,90,1009.0,5.3,15,21.8,25.8,10.0,11.7,SE,Clear,1.8000000000000007
2024-09-06 23:00,27.7,0.0,75,1002.0,12.6,17,22.8,30.9,10.0,20.6,SW,Clear,4.899999999999999
2024-10-12 15:00,27.6,0.0,80,1010.0,10.8,73,23.8,31.5,9.0,19.8,ENE,Cloudy,3.8000000000000007
2024-08-15 21:00,27.8,0.0,84,1006.0,6.5,81,24.9,32.5,10.0,12.0,SSW,Cloudy,2.900000000000002
2024-06-24 04:00,26.3,0.0,78,1003.0,6.5,31,22.1,28.8,10.0,10.4,WSW,Partly cloudy,4.199999999999999
2025-01-02 04:00,20.0,0.0,86,1014.0,7.2,100,17.6,22.0,10.0,10.8,NW,Overcast,2.3999999999999986
2025-05-06 19:00,29.4,0.0,90,1007.0,11.9,86,23.7,37.9,9.0,25.1,WSW,Overcast,5.699999999999999
2024-10-18 10:00,28.5,0.0,73,1012.0,4.7,28,23.1,32.2,10.0,10.8,SE,Partly cloudy,5.399999999999999
2024-06-15 10:00,34.4,0.0,52,1003.0,8.3,11,23.2,40.6,10.0,9.5,ESE,Sunny,11.2
2024-09-06 02:00,26.5,0.0,81,1000.0,11.5,49,23.0,29.5,10.0,16.9,WSW,Partly cloudy,3.5
2025-01-07 14:00,22.6,0.0,69,1014.0,11.2,76,16.5,24.8,10.0,18.8,ENE,Cloudy,6.100000000000001
2024-12-31 02:00,20.6,0.1,93,1017.0,11.5,100,19.4,22.6,10.0,16.7,N,Patchy rain possible,1.2000000000000028
2025-02-03 17:00,22.1,0.4,88,1015.0,14.0,60,20.0,24.5,10.0,20.7,N,Patchy rain possible,2.1000000000000014
2024-11-27 19:00,23.3,0.3,88,1017.0,20.2,100,21.1,25.4,10.0,41.3,NE,Patchy rain possible,2.1999999999999993
2024-07-31 18:00,27.5,0.01,86,1007.0,4.0,75,24.9,32.2,10.0,6.6,ESE,Patchy rain possible,2.6000000000000014
2024-06-07 05:00,25.8,0.0,84,1006.0,9.0,9,22.8,28.5,10.0,11.4,SW,Clear,3.0
2025-02-01 12:00,24.7,0.0,68,1011.0,10.8,0,18.6,26.3,10.0,12.7,ESE,Sunny,6.099999999999998
2025-01-28 17:00,18.9,0.0,86,1019.0,12.6,61,16.5,20.9,10.0,17.2,N,Cloudy,2.3999999999999986
2024-11-19 07:00,24.3,0.5,86,1015.0,13.0,89,21.8,26.5,10.0,26.7,NE,Moderate rain at times,2.5
2024-05-29 03:00,27.5,0.0,75,1002.0,6.3,53,22.6,30.5,10.0,13.0,SSW,Partly cloudy,4.899999999999999
2025-04-27 14:00,30.4,0.0,72,1008.0,19.8,3,23.2,36.3,10.0,25.4,ESE,Sunny,7.199999999999999
2024-09-28 16:00,29.0,0.0,80,1006.0,7.9,76,25.2,34.7,10.0,14.7,ESE,Cloudy,3.8000000000000007
2025-03-23 19:00,21.0,0.0,88,1016.0,6.1,13,19.0,23.0,10.0,9.9,E,Clear,2.0
2024-06-08 23:00,26.0,0.0,89,1006.0,10.1,29,24.1,29.5,10.0,12.0,SSW,Partly cloudy,1.8999999999999986
2025-05-07 10:00,32.4,0.0,57,1006.0,11.9,20,22.7,37.3,10.0,14.1,SE,Sunny,9.7
2024-10-14 00:00,24.5,0.0,89,1012.0,6.5,87,22.5,26.9,10.0,10.8,WNW,Overcast,2.0
2024-11-13 06:00,24.1,0.3,90,1011.0,3.6,100,22.4,26.4,10.0,5.4,ENE,Patchy rain possible,1.7000000000000028
2024-10-19 00:00,25.0,0.1,90,1012.0,4.7,79,23.3,27.8,10.0,7.5,S,Patchy rain possible,1.6999999999999993
2024-10-06 07:00,24.8,0.0,88,1014.0,7.6,82,22.7,27.4,10.0,11.0,WNW,Cloudy,2.1000000000000014
2024-12-14 20:00,20.6,2.5,92,1020.0,21.4,100,19.3,22.6,9.0,36.8,NNE,Moderate or heavy rain shower,1.3000000000000007
2024-07-04 23:00,24.6,0.0,89,1009.0,9.4,50,22.6,27.0,10.0,11.4,WSW,Partly cloudy,2.0
2025-02-18 03:00,20.7,0.1,86,1016.0,1.4,51,18.4,22.7,10.0,6.2,SE,Patchy rain possible,2.3000000000000007
2025-05-15 22:00,25.7,0.0,89,1011.0,8.6,30,23.7,28.8,10.0,10.3,SSW,Partly cloudy,2.0
2024-06-27 15:00,30.2,0.2,71,1006.0,16.6,71,24.4,35.8,10.0,24.6,ESE,Patchy rain possible,5.800000000000001
2024-11-02 14:00,26.9,0.3,67,1012.0,19.4,82,20.2,28.8,10.0,23.8,NNW,Patchy rain possible,6.699999999999999
2024-05-26 06:00,25.8,0.0,89,1008.0,7.2,35,23.8,29.0,10.0,11.7,SW,Partly cloudy,2.0
2024-08-24 15:00,33.0,0.0,63,1006.0,11.6,12,23.3,38.8,10.0,20.3,ENE,Sunny,9.7
2025-04-25 10:00,34.2,0.0,63,1010.0,5.9,31,22.0,43.8,10.0,14.5,E,Partly cloudy,12.200000000000003
2025-05-21 03:00,24.0,0.0,88,1006.0,6.1,12,22.0,26.3,10.0,13.9,SSW,Clear,2.0
2025-05-06 22:00,27.5,0.0,92,1008.0,8.6,72,24.2,33.2,9.0,15.1,SW,Cloudy,3.3000000000000007
2025-03-18 00:00,20.6,0.2,89,1018.0,8.6,100,18.7,22.6,2.0,12.0,NNW,Patchy rain possible,1.9000000000000021
2025-02-13 14:00,23.4,0.0,96,1013.0,11.5,100,20.4,25.9,2.0,19.6,N,Overcast,3.0
2024-06-24 20:00,26.8,0.0,80,1005.0,6.1,48,23.0,29.8,10.0,10.5,SW,Partly cloudy,3.8000000000000007
2024-08-25 23:00,25.8,0.0,89,1009.0,7.9,29,23.9,29.0,10.0,10.0,SW,Partly cloudy,1.9000000000000021
2024-11-09 15:00,25.8,0.0,70,1012.0,18.4,13,20.0,27.6,10.0,23.0,NNW,Sunny,5.800000000000001
2024-11-01 09:00,27.0,0.0,68,1012.0,9.4,5,19.2,28.6,10.0,15.3,W,Sunny,7.800000000000001
2025-01-30 09:00,20.5,0.0,73,1018.0,2.9,56,15.5,22.5,10.0,8.2,SW,Partly cloudy,5.0
2025-04-09 00:00,23.0,0.1,95,1014.0,6.8,78,22.0,25.4,2.0,11.3,SSW,Patchy rain possible,1.0
2024-10-21 07:00,24.1,10.6,94,1013.0,6.8,70,23.2,26.8,10.0,17.1,W,Moderate or heavy rain shower,0.9000000000000021
2025-03-08 18:00,20.5,0.1,92,1015.0,7.9,100,19.1,22.5,2.0,10.8,NW,Patchy rain possible,1.3999999999999986
2024-06-09 16:00,30.1,0.1,76,1003.0,11.5,80,25.4,36.5,9.0,15.1,ENE,Patchy rain possible,4.700000000000003
2024-06-08 08:00,29.9,0.0,66,1006.0,9.0,15,22.8,33.8,10.0,10.8,SSW,Sunny,7.099999999999998
2025-03-07 22:00,18.6,0.0,87,1017.0,8.1,100,16.4,20.6,10.0,17.8,WNW,Overcast,2.200000000000003
2024-05-23 16:00,26.8,0.7,85,1006.0,6.1,75,24.1,30.5,10.0,12.5,ENE,Moderate rain at times,2.6999999999999993
2024-11-14 00:00,24.1,0.0,92,1012.0,5.0,81,22.7,26.6,10.0,7.5,S,Cloudy,1.4000000000000021
2024-09-11 08:00,26.9,0.0,92,1010.0,6.1,65,24.9,31.2,9.0,8.7,NNW,Cloudy,2.0
2024-09-01 20:00,27.6,0.6,83,1008.0,8.3,89,24.5,31.9,9.0,20.0,SE,Moderate rain at times,3.1000000000000014
2025-05-14 08:00,27.1,2.0,79,1011.0,3.6,62,23.2,30.4,10.0,9.1,WSW,Moderate or heavy rain shower,3.900000000000002
2024-10-15 13:00,27.7,0.1,84,1010.0,14.0,84,24.7,32.3,9.0,19.9,NNE,Patchy rain possible,3.0
2024-07-22 19:00,27.0,0.0,85,1003.0,6.8,70,24.2,30.9,9.0,14.0,S,Cloudy,2.8000000000000007
2025-02-26 12:00,23.3,0.3,87,1020.0,5.8,84,20.0,25.5,10.0,18.0,ESE,Patchy rain possible,3.3000000000000007
2025-03-01 06:00,20.3,0.0,96,1013.0,5.5,75,19.7,22.3,2.0,9.8,S,Cloudy,0.6000000000000014
2025-04-14 08:00,22.6,0.0,78,1016.0,4.4,92,17.6,24.8,10.0,10.5,NW,Overcast,5.0
2025-02-04 05:00,20.1,4.3,91,1017.0,18.0,100,18.6,22.1,10.0,27.3,NE,Moderate or heavy rain shower,1.5
2024-10-29 19:00,23.0,0.0,88,1007.0,6.8,48,20.8,25.2,10.0,15.9,WNW,Partly cloudy,2.1999999999999993
2025-04-25 13:00,32.7,0.0,73,1008.0,14.8,13,22.4,43.1,10.0,23.7,ENE,Sunny,10.300000000000004
2025-01-14 19:00,19.8,0.0,88,1019.0,10.0,100,17.3,21.8,10.0,19.2,WNW,Overcast,2.5
2025-03-18 03:00,20.4,0.2,93,1017.0,11.5,100,19.3,22.4,2.0,15.7,N,Patchy rain possible,1.0999999999999979
2025-01-20 19:00,20.0,0.0,77,1014.0,6.5,70,15.8,22.0,10.0,9.3,NE,Cloudy,4.199999999999999
2025-05-13 15:00,27.0,0.2,79,1008.0,8.6,79,23.2,30.3,2.0,14.3,ENE,Patchy rain possible,3.8000000000000007
2024-12-05 20:00,23.4,0.2,88,1014.0,6.1,53,21.3,25.6,10.0,9.6,ENE,Patchy rain possible,2.099999999999998
2025-03-18 23:00,19.5,0.0,93,1022.0,12.6,100,18.4,21.5,9.0,17.1,N,Overcast,1.1000000000000014
2025-01-23 07:00,17.1,0.0,80,1015.0,5.4,0,13.7,19.1,10.0,9.6,WSW,Sunny,3.400000000000002
2024-08-29 03:00,24.7,0.0,85,1004.0,7.9,9,22.1,27.0,10.0,17.0,WSW,Clear,2.599999999999998
2025-01-29 12:00,20.5,0.3,80,1020.0,12.6,76,17.0,22.5,10.0,22.2,NE,Patchy rain possible,3.5
2024-12-08 22:00,22.8,0.2,87,1017.0,11.6,99,20.5,25.0,10.0,19.8,ENE,Patchy rain possible,2.3000000000000007
2024-09-01 18:00,28.6,0.1,78,1006.0,11.5,77,24.4,33.2,10.0,21.0,E,Patchy rain possible,4.200000000000003
2025-05-09 11:00,35.2,0.0,56,1005.0,8.7,11,24.1,44.0,10.0,20.3,ENE,Sunny,11.100000000000001
2024-11-30 08:00,21.6,0.07,79,1017.0,5.0,78,17.9,23.6,10.0,6.6,NNE,Patchy rain possible,3.700000000000003
2025-03-19 16:00,21.0,0.0,88,1020.0,12.6,100,17.1,23.0,10.0,22.5,N,Overcast,3.8999999999999986
2024-06-11 08:00,30.0,0.0,65,1008.0,7.2,20,22.8,34.0,10.0,8.7,WSW,Sunny,7.199999999999999
2024-05-29 19:00,30.7,0.0,81,1003.0,5.0,53,25.1,37.3,10.0,8.6,SSE,Partly cloudy,5.599999999999998
2025-04-22 04:00,23.8,0.0,86,1009.0,5.4,20,21.3,25.9,10.0,7.7,S,Clear,2.5
2025-05-01 21:00,25.6,0.4,91,1013.0,1.4,76,23.0,28.8,9.0,2.7,W,Patchy rain possible,2.6000000000000014
2025-05-14 17:00,26.2,0.2,88,1009.0,2.2,86,24.2,29.8,10.0,8.1,SSE,Patchy rain possible,2.0
2024-06-02 01:00,25.1,0.0,93,1009.0,9.7,70,23.9,28.2,10.0,11.1,WSW,Cloudy,1.2000000000000028
2024-08-14 17:00,31.9,0.0,70,1004.0,6.5,74,23.5,37.5,10.0,16.4,ESE,Cloudy,8.399999999999999
2024-09-28 12:00,30.3,0.1,73,1009.0,11.5,75,24.9,36.3,10.0,13.2,ESE,Patchy rain possible,5.400000000000002
2024-06-29 12:00,33.9,0.0,53,1005.0,10.4,25,23.1,39.8,10.0,21.5,ESE,Sunny,10.799999999999997
2025-01-08 22:00,20.4,0.5,90,1017.0,4.0,56,18.8,22.4,10.0,6.4,SSW,Moderate rain at times,1.5999999999999979
2025-05-21 04:00,24.1,0.0,88,1006.0,10.1,13,22.0,26.4,10.0,14.1,SSW,Clear,2.1000000000000014
2025-03-21 11:00,22.7,0.2,68,1022.0,14.4,71,16.6,24.9,10.0,24.1,NE,Patchy rain possible,6.099999999999998
2024-12-10 13:00,25.2,0.1,89,1011.0,13.7,95,21.4,27.3,10.0,24.0,ENE,Patchy rain possible,3.8000000000000007
2024-08-26 13:00,33.1,0.0,61,1005.0,12.6,17,23.0,38.5,10.0,27.0,ENE,Sunny,10.100000000000001
2025-02-25 17:00,20.6,0.5,95,1020.0,13.0,100,19.7,22.6,2.0,17.7,N,Moderate rain at times,0.9000000000000021
2024-11-25 17:00,25.1,0.4,87,1013.0,7.2,73,22.8,27.7,9.0,10.6,ENE,Patchy rain possible,2.3000000000000007
2024-12-29 22:00,21.3,0.0,87,1019.0,8.6,100,19.0,23.3,10.0,12.5,ENE,Overcast,2.3000000000000007
2024-11-30 21:00,21.9,0.16,83,1015.0,7.6,97,19.0,24.0,10.0,11.0,ENE,Light rain shower,2.8999999999999986
2024-10-24 20:00,23.1,0.0,82,1010.0,9.4,6,19.9,25.2,10.0,16.7,WNW,Clear,3.200000000000003
2025-04-08 16:00,25.7,0.0,79,1012.0,14.8,19,21.7,27.9,10.0,22.1,E,Sunny,4.0
2024-08-04 12:00,33.0,0.0,63,1008.0,11.2,11,23.5,39.0,10.0,21.2,ENE,Sunny,9.5
2024-07-26 13:00,32.9,0.0,62,999.0,13.9,41,23.2,38.5,10.0,25.0,SW,Partly cloudy,9.7
2024-09-26 05:00,24.5,0.0,90,1011.0,5.0,79,22.7,27.0,10.0,8.5,WSW,Cloudy,1.8000000000000007
2025-03-11 06:00,21.9,0.1,95,1015.0,2.5,91,21.1,23.9,2.0,3.7,SSW,Patchy rain possible,0.7999999999999972
2024-08-16 04:00,25.9,0.0,86,1004.0,9.0,18,23.5,29.0,10.0,11.4,SW,Clear,2.3999999999999986
2024-06-23 23:00,25.7,0.1,89,1004.0,6.9,88,23.7,28.9,10.0,12.0,SSW,Patchy rain possible,2.0
2025-01-15 05:00,19.9,0.4,91,1017.0,7.9,100,18.4,21.9,10.0,13.5,WNW,Patchy rain possible,1.5
2024-07-24 20:00,28.7,0.0,67,999.0,10.1,64,21.9,31.6,10.0,18.6,SW,Cloudy,6.800000000000001
2024-10-07 14:00,27.4,0.1,83,1011.0,17.6,89,24.4,31.6,10.0,29.0,N,Patchy rain possible,3.0
2024-11-27 05:00,23.7,0.3,88,1015.0,15.6,100,21.6,25.9,10.0,30.5,NE,Patchy rain possible,2.099999999999998
2024-11-14 19:00,24.7,0.0,90,1011.0,4.0,12,22.9,27.3,10.0,6.2,ESE,Clear,1.8000000000000007
2025-04-09 04:00,21.3,0.0,95,1012.0,6.5,51,20.4,23.3,2.0,10.7,SSW,Partly cloudy,0.9000000000000021
2025-01-31 14:00,23.9,0.0,68,1010.0,11.5,0,17.7,25.6,10.0,13.8,ESE,Sunny,6.199999999999999
2024-10-07 04:00,24.0,0.0,85,1012.0,7.9,100,21.4,26.2,10.0,8.6,W,Overcast,2.6000000000000014
2024-06-26 03:00,24.8,0.7,90,1005.0,9.0,72,23.1,27.5,10.0,15.8,SW,Moderate rain at times,1.6999999999999993
2024-07-20 11:00,30.9,0.0,70,1006.0,6.5,89,24.6,36.9,10.0,16.4,ENE,Overcast,6.299999999999997
2024-07-19 14:00,29.0,0.1,80,1003.0,11.5,79,25.1,34.6,10.0,15.0,NNE,Patchy rain possible,3.8999999999999986
2024-08-20 12:00,34.9,0.0,62,1006.0,12.3,31,23.4,41.8,10.0,24.5,NNE,Partly cloudy,11.5
2025-01-14 07:00,18.3,0.0,84,1018.0,9.0,100,15.5,20.3,10.0,13.3,NW,Overcast,2.8000000000000007
2024-07-30 06:00,26.3,0.0,74,1005.0,7.2,50,21.3,28.5,10.0,14.2,WSW,Partly cloudy,5.0
2025-01-23 11:00,23.5,0.0,67,1015.0,4.3,0,16.0,25.2,10.0,10.6,ESE,Sunny,7.5
2024-06-17 08:00,30.5,0.0,62,1006.0,4.7,21,22.5,34.6,10.0,10.5,SSW,Sunny,8.0
2024-06-08 15:00,30.9,1.0,69,1002.0,7.6,86,24.6,36.9,10.0,14.1,ENE,Heavy rain at times,6.299999999999997
2024-06-28 18:00,28.8,0.0,79,1006.0,10.3,82,24.8,34.0,10.0,17.8,SE,Cloudy,4.0
2024-10-18 13:00,27.9,0.1,80,1009.0,11.9,85,24.2,32.2,9.0,19.3,ENE,Patchy rain possible,3.6999999999999993
2024-11-17 13:00,27.3,0.1,71,1011.0,9.4,85,21.6,29.8,10.0,17.5,ENE,Patchy rain possible,5.699999999999999
2024-07-11 03:00,25.4,0.0,83,1006.0,10.4,89,22.2,27.8,10.0,13.6,WSW,Overcast,3.1999999999999993
2025-01-05 00:00,17.9,0.0,85,1018.0,7.9,8,15.3,19.9,10.0,14.8,WNW,Clear,2.599999999999998
2024-11-15 20:00,24.2,0.0,89,1011.0,3.6,5,22.2,26.5,10.0,5.8,SSW,Clear,2.0
2024-12-26 10:00,21.5,0.4,93,1019.0,9.0,100,20.3,23.5,2.0,12.2,NW,Patchy rain possible,1.1999999999999993
2025-02-11 10:00,20.5,0.1,89,1018.0,5.0,100,18.6,22.5,10.0,11.2,WNW,Patchy rain possible,1.8999999999999986
2024-08-19 18:00,30.1,0.0,80,1005.0,12.6,82,25.1,36.2,9.0,21.3,SE,Cloudy,5.0
2024-12-20 14:00,21.0,0.1,82,1014.0,9.7,100,17.7,23.0,10.0,19.8,ENE,Patchy rain possible,3.3000000000000007
2024-06-11 00:00,26.5,0.0,86,1007.0,9.4,44,24.0,30.0,10.0,11.4,SW,Partly cloudy,2.5
2025-03-13 02:00,22.1,0.0,92,1009.0,5.4,53,20.8,24.6,10.0,11.2,S,Partly cloudy,1.3000000000000007
2025-05-08 17:00,29.4,2.6,76,1004.0,7.4,58,24.8,34.9,9.0,19.5,SSE,Moderate or heavy rain shower,4.599999999999998
2024-08-12 06:00,26.1,0.0,83,1002.0,9.0,18,23.0,29.0,10.0,12.7,WSW,Sunny,3.1000000000000014
2025-01-01 20:00,20.5,0.0,83,1016.0,6.8,59,17.5,22.5,10.0,10.2,NNW,Partly cloudy,3.0
2024-06-20 17:00,32.7,0.0,69,1001.0,10.1,44,23.9,39.1,10.0,20.3,ESE,Partly cloudy,8.800000000000004
2025-03-24 08:00,21.4,0.0,84,1016.0,4.7,16,18.5,23.4,10.0,5.6,SSE,Sunny,2.8999999999999986
2025-05-16 08:00,26.9,0.0,79,1011.0,8.3,14,23.0,30.0,10.0,11.0,SSW,Sunny,3.8999999999999986
2024-08-12 09:00,31.7,0.0,61,1003.0,7.2,23,23.3,36.8,10.0,15.4,WSW,Sunny,8.399999999999999
2025-01-12 20:00,17.9,0.0,74,1023.0,7.2,74,13.1,19.9,10.0,12.7,NE,Cloudy,4.799999999999999
2024-09-12 22:00,26.0,0.1,88,1007.0,5.4,85,23.9,29.4,10.0,9.1,WSW,Patchy rain possible,2.1000000000000014
2025-03-04 19:00,24.5,0.0,94,1007.0,4.9,60,23.3,27.3,10.0,10.2,SSE,Partly cloudy,1.1999999999999993
2025-03-06 08:00,23.9,0.4,91,1013.0,1.8,79,22.4,26.3,10.0,9.0,N,Patchy rain possible,1.5
2024-11-20 05:00,22.5,0.1,89,1012.0,10.4,72,20.5,24.8,10.0,13.7,WNW,Patchy rain possible,2.0
2025-04-23 04:00,25.9,0.0,77,1007.0,7.6,38,21.7,28.2,10.0,9.6,S,Partly cloudy,4.199999999999999
2024-08-09 12:00,36.2,0.0,54,1005.0,7.0,27,22.5,42.5,10.0,14.5,NE,Partly cloudy,13.700000000000003
2025-04-22 20:00,26.9,0.0,84,1008.0,8.5,14,23.3,30.6,10.0,13.3,S,Clear,3.599999999999998
2024-11-25 21:00,23.8,0.1,89,1015.0,2.2,78,21.9,26.1,10.0,7.9,NNW,Patchy rain possible,1.9000000000000021
2024-09-03 22:00,25.2,0.0,90,1008.0,6.1,73,23.5,28.1,9.0,11.9,W,Cloudy,1.6999999999999993
2025-02-23 05:00,21.6,0.1,96,1018.0,8.0,100,20.9,23.6,10.0,11.9,NE,Patchy rain possible,0.7000000000000028
2024-09-26 12:00,29.4,0.1,73,1011.0,10.1,77,24.0,34.1,10.0,16.8,E,Patchy rain possible,5.399999999999999
2025-01-18 17:00,20.5,0.0,79,1015.0,6.5,53,16.8,22.5,10.0,14.1,ENE,Partly cloudy,3.6999999999999993
2024-10-20 03:00,24.0,0.2,90,1012.0,4.3,56,22.2,26.3,10.0,7.5,W,Patchy rain possible,1.8000000000000007
2024-06-27 05:00,24.9,0.0,92,1008.0,6.8,80,23.6,27.8,9.0,10.9,S,Cloudy,1.2999999999999972
2024-06-14 14:00,35.3,0.0,60,1001.0,19.1,75,24.7,43.7,10.0,26.1,E,Cloudy,10.599999999999998
2024-10-25 04:00,20.9,0.0,83,1008.0,11.9,0,18.7,22.9,10.0,14.6,WNW,Clear,2.1999999999999993
2024-11-13 11:00,26.6,0.2,80,1011.0,5.8,60,22.9,29.6,10.0,12.8,ENE,Patchy rain possible,3.700000000000003
2024-10-23 07:00,25.1,1.4,85,1013.0,6.5,75,22.4,27.5,10.0,12.5,ENE,Heavy rain at times,2.700000000000003
2025-03-27 11:00,32.8,0.0,54,1004.0,9.7,5,23.0,37.6,10.0,16.7,SSE,Sunny,9.799999999999997
2025-01-31 03:00,16.7,0.0,91,1012.0,9.7,6,15.2,18.7,10.0,12.6,SW,Clear,1.5
2025-02-09 02:00,19.3,0.1,87,1019.0,16.7,100,17.2,21.3,10.0,26.9,NE,Patchy rain possible,2.1000000000000014
2025-04-04 00:00,19.8,0.0,92,1015.0,6.5,47,18.4,21.8,10.0,10.8,SW,Partly cloudy,1.4000000000000021
2025-04-04 01:00,19.7,0.0,92,1014.0,7.2,41,18.4,21.7,10.0,12.0,SW,Partly cloudy,1.3000000000000007
2024-09-23 12:00,26.3,0.5,93,1008.0,10.1,64,24.3,29.9,5.0,18.3,SSW,Moderate rain at times,2.0
2024-09-05 09:00,31.4,0.0,66,1003.0,8.6,12,22.4,35.7,10.0,10.0,WSW,Sunny,9.0
2025-01-18 12:00,21.5,0.0,71,1017.0,7.9,83,16.1,23.5,10.0,16.2,ENE,Cloudy,5.399999999999999
2024-07-05 16:00,30.0,0.2,69,1004.0,14.4,78,23.6,34.8,10.0,22.9,E,Patchy rain possible,6.399999999999999
2024-08-12 16:00,32.5,0.0,74,1000.0,13.3,70,24.8,39.8,10.0,21.6,E,Cloudy,7.699999999999999
2024-09-05 10:00,33.1,0.0,61,1003.0,7.9,11,22.0,37.9,10.0,17.0,W,Sunny,11.100000000000001
2025-03-03 22:00,23.5,0.0,93,1008.0,5.6,18,22.4,25.9,10.0,6.8,SSE,Clear,1.1000000000000014
2024-06-01 21:00,26.6,2.2,87,1009.0,7.9,74,24.2,30.3,10.0,17.0,S,Moderate or heavy rain shower,2.400000000000002
2024-12-13 21:00,23.2,1.4,93,1016.0,19.8,100,22.0,25.5,9.0,28.4,NE,Heavy rain at times,1.1999999999999993
2024-07-09 05:00,25.3,0.0,86,1006.0,6.4,45,22.9,28.0,10.0,12.5,SW,Partly cloudy,2.400000000000002
2025-01-23 21:00,18.9,0.0,86,1014.0,5.0,3,16.5,20.9,10.0,8.6,SSW,Clear,2.3999999999999986
2025-04-07 13:00,27.5,0.1,66,1014.0,13.0,89,20.6,29.7,10.0,19.8,E,Patchy rain possible,6.899999999999999
2024-11-16 11:00,27.7,0.1,73,1011.0,10.4,75,22.3,30.7,10.0,16.5,ESE,Patchy rain possible,5.399999999999999
2025-04-01 09:00,22.1,0.0,81,1017.0,7.9,100,18.7,24.6,10.0,15.7,NNW,Overcast,3.400000000000002
2025-03-05 03:00,22.6,0.0,92,1006.0,5.6,27,21.3,25.0,10.0,7.2,SSE,Partly cloudy,1.3000000000000007
2025-03-09 18:00,21.9,0.3,89,1016.0,5.0,55,20.0,23.9,10.0,7.9,NNE,Patchy rain possible,1.8999999999999986
2025-01-13 16:00,19.0,0.0,85,1018.0,11.2,100,16.5,21.0,10.0,14.5,NNE,Overcast,2.5
2025-03-17 03:00,20.3,0.1,84,1015.0,5.5,100,17.5,22.3,10.0,8.1,WNW,Patchy rain possible,2.8000000000000007
2025-03-29 11:00,28.0,0.1,81,1012.0,15.5,52,23.2,31.7,10.0,25.6,E,Patchy rain possible,4.800000000000001
2025-01-24 03:00,17.8,0.0,89,1011.0,7.9,1,15.8,19.8,10.0,8.8,SSW,Clear,2.0
2024-09-24 02:00,24.7,0.0,90,1009.0,8.3,65,22.9,27.3,10.0,12.7,WNW,Cloudy,1.8000000000000007
2025-03-24 20:00,20.1,0.0,88,1013.0,3.6,4,18.0,22.1,10.0,6.3,SSE,Clear,2.1000000000000014
2025-04-21 15:00,30.8,0.0,72,1007.0,15.4,5,23.1,37.4,10.0,24.5,ESE,Sunny,7.699999999999999
2025-03-16 05:00,22.9,0.3,97,1012.0,10.4,86,22.3,25.3,2.0,17.1,N,Patchy rain possible,0.5999999999999979
2025-02-08 15:00,20.3,1.5,87,1017.0,18.0,100,18.1,22.3,10.0,29.6,NE,Moderate or heavy rain shower,2.1999999999999993
2025-03-22 07:00,19.1,0.0,80,1020.0,6.5,65,15.7,21.1,10.0,9.8,WSW,Cloudy,3.400000000000002
2024-11-02 07:00,23.3,0.3,78,1013.0,8.0,78,19.3,25.2,10.0,12.6,WNW,Patchy rain possible,4.0
2024-09-30 18:00,27.2,2.37,89,1006.0,9.4,76,25.2,31.9,10.0,15.9,SE,Patchy light rain with thunder,2.0
2025-05-01 07:00,25.4,0.0,81,1012.0,5.8,19,22.0,27.8,10.0,7.6,SSW,Sunny,3.3999999999999986
2025-01-19 05:00,18.7,0.0,83,1015.0,4.3,77,15.7,20.7,10.0,6.7,WNW,Cloudy,3.0
2024-11-08 17:00,23.7,0.0,81,1015.0,13.7,70,20.2,25.6,10.0,20.6,NE,Cloudy,3.5
2025-04-19 19:00,26.6,0.0,91,1007.0,7.9,86,24.8,31.0,9.0,15.3,SE,Overcast,1.8000000000000007
2024-10-04 13:00,26.4,0.0,89,1013.0,12.3,100,22.3,29.1,2.0,21.8,NNW,Overcast,4.099999999999998
2024-08-07 02:00,24.6,0.0,86,1006.0,5.6,9,22.0,26.8,10.0,12.3,SSW,Clear,2.6000000000000014
2025-01-09 04:00,19.8,0.7,90,1016.0,1.1,100,18.1,21.8,10.0,1.7,SW,Moderate rain at times,1.6999999999999993
2024-06-16 17:00,31.7,0.0,75,1004.0,11.5,79,24.8,38.5,9.0,22.1,SE,Cloudy,6.899999999999999
2024-09-13 13:00,29.8,0.6,73,1003.0,11.2,79,24.3,35.0,9.0,20.1,NE,Moderate rain at times,5.5
2024-11-11 09:00,26.1,0.0,74,1014.0,15.8,74,21.2,28.2,10.0,18.6,NW,Cloudy,4.900000000000002
2024-06-15 08:00,32.1,0.0,59,1004.0,6.1,10,23.1,37.2,10.0,7.4,SSW,Sunny,9.0
2025-04-28 00:00,24.7,0.0,92,1010.0,5.0,13,23.2,27.4,10.0,9.0,SSW,Clear,1.5
2025-05-20 00:00,24.4,0.0,89,1008.0,5.5,19,22.4,26.8,10.0,7.2,SW,Clear,2.0
2024-06-02 03:00,25.3,0.0,90,1008.0,9.4,61,23.6,28.2,10.0,11.0,WSW,Cloudy,1.6999999999999993
2025-01-04 11:00,22.7,0.0,77,1018.0,13.7,73,16.5,24.9,10.0,22.8,ENE,Cloudy,6.199999999999999
2024-11-23 21:00,23.8,0.9,91,1015.0,13.3,100,22.2,26.1,10.0,24.4,ENE,Moderate rain at times,1.6000000000000014
2025-02-15 18:00,22.6,0.1,93,1011.0,6.5,74,21.5,25.0,10.0,13.8,E,Patchy rain possible,1.1000000000000014
2024-06-08 21:00,26.4,0.0,87,1006.0,7.6,83,24.1,30.0,9.0,13.5,SW,Cloudy,2.299999999999997
2024-07-22 02:00,24.8,0.0,86,1003.0,6.1,17,22.4,27.2,10.0,13.4,WSW,Clear,2.400000000000002
2024-06-02 21:00,26.9,0.0,89,1009.0,10.1,37,24.9,31.3,10.0,11.9,SSW,Partly cloudy,2.0
2025-04-22 19:00,27.4,0.0,85,1008.0,10.1,13,23.5,31.7,10.0,14.6,SW,Clear,3.8999999999999986
2025-05-05 15:00,31.5,0.0,71,1004.0,12.3,82,23.6,39.0,10.0,22.6,E,Cloudy,7.899999999999999
2024-08-01 09:00,30.2,0.0,67,1009.0,5.4,17,22.9,34.4,10.0,13.1,SW,Sunny,7.300000000000001
2024-08-02 21:00,26.7,0.0,88,1009.0,8.6,77,23.7,30.2,9.0,17.4,WSW,Cloudy,3.0
2025-04-03 05:00,21.1,0.0,85,1016.0,1.8,95,18.5,23.1,10.0,2.5,WSW,Overcast,2.6000000000000014
2024-12-14 10:00,22.2,2.1,90,1019.0,27.7,100,20.5,24.7,7.0,36.6,NE,Moderate or heavy rain shower,1.6999999999999993
2025-01-26 10:00,23.2,0.1,86,1018.0,8.8,68,19.3,25.2,10.0,17.0,NE,Patchy rain possible,3.8999999999999986
2024-09-04 00:00,25.6,0.0,89,1006.0,9.0,25,23.7,28.7,10.0,11.7,WSW,Clear,1.9000000000000021
2025-02-01 10:00,23.1,0.0,74,1013.0,7.9,0,18.2,25.1,10.0,13.9,SSE,Sunny,4.900000000000002
2025-04-23 00:00,26.0,0.0,79,1008.0,5.1,33,22.0,28.4,10.0,11.3,S,Partly cloudy,4.0
2024-06-06 04:00,25.9,0.0,85,1007.0,10.1,15,23.2,28.8,10.0,13.6,SW,Clear,2.6999999999999993
2025-02-17 07:00,21.8,0.3,92,1017.0,10.8,86,20.5,23.8,10.0,11.9,ESE,Patchy rain possible,1.3000000000000007
2024-07-28 17:00,29.7,0.8,73,1001.0,5.0,76,24.3,34.9,10.0,14.8,NW,Moderate rain at times,5.399999999999999
2025-01-18 22:00,18.6,0.1,79,1017.0,2.5,64,16.4,20.6,10.0,4.0,NNE,Patchy rain possible,2.200000000000003
2024-11-29 16:00,22.4,0.0,71,1016.0,13.8,83,16.8,24.7,10.0,23.3,NE,Cloudy,5.599999999999998
2024-10-25 05:00,20.6,0.0,84,1008.0,10.4,0,18.5,22.6,10.0,14.2,WNW,Clear,2.1000000000000014
2024-09-06 12:00,33.1,0.0,54,1000.0,8.6,29,22.6,38.2,10.0,23.5,NNW,Partly cloudy,10.5
2024-09-16 01:00,25.2,0.0,87,1003.0,6.5,81,23.0,27.9,9.0,11.8,W,Cloudy,2.1999999999999993
2024-07-25 11:00,31.6,0.0,58,999.0,19.8,40,22.4,35.9,10.0,23.8,WSW,Partly cloudy,9.200000000000003
2025-04-05 07:00,22.0,0.0,90,1012.0,6.5,38,20.2,24.5,10.0,8.5,SSE,Partly cloudy,1.8000000000000007
2024-09-17 23:00,25.4,0.3,88,1005.0,4.3,54,23.2,28.2,5.0,7.6,WSW,Patchy rain possible,2.1999999999999993
2024-07-04 04:00,24.9,0.0,92,1008.0,7.9,72,23.5,27.8,10.0,8.8,SSW,Cloudy,1.3999999999999986
2025-02-19 22:00,21.6,0.9,93,1017.0,4.3,100,20.3,23.6,10.0,6.9,E,Moderate rain at times,1.3000000000000007
2025-03-31 11:00,22.1,0.06,84,1016.0,9.0,100,19.3,24.6,10.0,11.4,WNW,Patchy rain possible,2.8000000000000007
2024-08-04 14:00,32.2,0.0,68,1006.0,13.7,16,23.6,38.1,10.0,24.4,ENE,Sunny,8.600000000000001
2024-11-28 15:00,22.9,0.0,76,1017.0,20.9,66,18.4,25.0,10.0,32.6,NNE,Cloudy,4.5
2024-11-07 05:00,23.8,0.5,86,1015.0,11.2,69,21.4,26.0,9.0,19.6,NE,Moderate rain at times,2.400000000000002
2025-02-12 00:00,20.4,0.0,89,1015.0,5.4,100,18.6,22.4,10.0,8.5,WSW,Overcast,1.7999999999999972
2025-03-24 09:00,22.5,0.0,78,1016.0,4.7,5,18.6,24.8,10.0,9.9,SE,Sunny,3.8999999999999986
2025-04-01 10:00,22.3,0.0,81,1017.0,8.3,100,19.0,24.7,10.0,26.1,NNW,Overcast,3.3000000000000007
2025-05-09 23:00,26.1,0.0,89,1007.0,8.3,75,24.4,29.6,9.0,12.7,SW,Cloudy,1.7000000000000028
2024-06-07 03:00,26.2,0.0,84,1006.0,9.7,11,23.3,29.3,10.0,11.6,SW,Clear,2.8999999999999986
2025-01-01 15:00,21.6,0.0,80,1013.0,10.1,92,18.0,23.6,10.0,18.9,N,Overcast,3.6000000000000014
2025-05-20 23:00,26.1,0.0,93,1008.0,4.7,24,24.8,30.0,10.0,7.9,SSW,Clear,1.3000000000000007
2025-02-21 08:00,22.0,0.3,91,1019.0,9.0,100,20.4,24.5,10.0,12.5,NE,Patchy rain possible,1.6000000000000014
2025-05-02 13:00,32.0,0.0,71,1010.0,15.1,10,21.3,40.5,10.0,22.6,NE,Sunny,10.7
2024-12-05 21:00,23.2,0.3,88,1014.0,3.2,61,21.1,25.4,10.0,5.2,ENE,Patchy rain possible,2.099999999999998
2024-11-24 03:00,23.8,1.76,91,1014.0,13.4,91,22.3,26.2,7.0,24.5,ENE,Moderate or heavy rain shower,1.5
2025-03-28 01:00,23.3,0.0,82,1004.0,4.6,19,20.1,25.4,10.0,6.2,SSE,Clear,3.1999999999999993
2025-05-07 11:00,33.7,0.1,56,1005.0,10.7,79,23.6,40.3,10.0,20.7,ESE,Patchy rain possible,10.100000000000001
2024-09-06 18:00,30.0,0.0,70,999.0,7.2,23,24.0,35.1,10.0,17.9,NNW,Clear,6.0
2025-02-17 23:00,21.3,0.1,88,1017.0,6.1,65,19.2,23.3,10.0,10.0,E,Patchy rain possible,2.1000000000000014
2025-05-08 03:00,25.8,0.0,83,1005.0,6.8,73,22.6,28.4,10.0,13.0,SSW,Cloudy,3.1999999999999993
2025-01-07 23:00,19.4,0.3,86,1016.0,5.0,80,17.1,21.4,10.0,8.5,SW,Patchy rain possible,2.299999999999997
2025-05-08 12:00,34.9,0.0,57,1004.0,15.4,12,23.8,43.5,10.0,25.6,ESE,Sunny,11.099999999999998
2024-09-28 11:00,30.2,0.0,72,1010.0,10.1,7,24.6,35.9,10.0,15.9,ESE,Sunny,5.599999999999998
2024-09-23 07:00,24.1,0.9,95,1007.0,6.2,78,23.3,26.8,10.0,10.1,SSW,Moderate rain at times,0.8000000000000007
2024-08-18 14:00,32.7,0.4,60,1005.0,18.7,89,23.9,39.0,10.0,28.0,ENE,Patchy rain possible,8.800000000000004
2024-06-18 08:00,31.8,0.0,60,1005.0,8.1,23,23.0,36.8,10.0,15.8,WSW,Sunny,8.8
2024-09-03 21:00,25.8,1.2,87,1008.0,1.8,84,23.5,28.8,9.0,8.8,W,Heavy rain at times,2.3000000000000007
2024-09-11 01:00,25.6,0.0,90,1007.0,6.8,55,23.9,28.8,10.0,11.2,SW,Partly cloudy,1.7000000000000028
2025-03-01 03:00,20.7,0.0,96,1012.0,9.4,80,20.0,22.7,2.0,10.4,S,Cloudy,0.6999999999999993
2024-11-22 14:00,24.5,0.3,86,1013.0,17.0,86,22.0,26.8,10.0,28.7,NE,Patchy rain possible,2.5
2025-03-03 10:00,27.1,0.0,77,1010.0,11.2,10,22.8,30.2,10.0,18.4,SE,Sunny,4.300000000000001
2025-02-22 04:00,21.2,0.5,94,1017.0,9.7,100,20.3,23.2,10.0,13.5,ENE,Moderate rain at times,0.8999999999999986
2024-08-28 06:00,24.4,0.0,82,1006.0,10.1,14,21.1,26.5,10.0,13.5,WSW,Sunny,3.299999999999997
2025-03-15 13:00,30.2,0.0,71,1009.0,11.4,7,24.7,35.6,10.0,27.0,ESE,Sunny,5.5
2024-10-20 19:00,24.7,0.7,90,1013.0,8.6,100,23.0,27.4,10.0,16.9,NNW,Moderate rain at times,1.6999999999999993
2025-01-09 17:00,21.3,0.5,90,1017.0,12.8,100,19.6,23.3,10.0,25.2,ENE,Moderate rain at times,1.6999999999999993
2024-10-31 19:00,24.5,0.01,89,1009.0,10.1,60,22.7,27.0,10.0,15.0,WNW,Patchy rain possible,1.8000000000000007
2025-02-10 03:00,18.9,0.1,85,1017.0,9.0,75,16.4,20.9,10.0,13.8,NNE,Patchy rain possible,2.5
2024-11-14 11:00,28.3,0.1,76,1012.0,7.6,84,23.1,32.0,10.0,15.0,ESE,Patchy rain possible,5.199999999999999
2025-05-04 13:00,32.2,0.0,68,1005.0,15.4,78,23.3,39.8,10.0,25.7,E,Cloudy,8.900000000000002
2024-07-24 06:00,26.4,0.0,86,1001.0,9.1,44,23.3,29.5,10.0,17.8,SW,Partly cloudy,3.099999999999998
2024-08-31 01:00,24.7,0.0,85,1006.0,7.0,25,22.1,27.0,10.0,14.6,SW,Partly cloudy,2.599999999999998
2024-10-31 10:00,25.4,0.86,87,1011.0,8.3,68,23.0,28.1,10.0,12.3,N,Light rain shower,2.3999999999999986
2024-07-13 08:00,29.1,0.0,66,1003.0,5.8,38,22.2,32.5,10.0,6.7,WSW,Partly cloudy,6.900000000000002
2024-09-10 21:00,25.9,0.0,89,1008.0,5.4,80,24.0,29.3,10.0,13.7,E,Cloudy,1.8999999999999986
2024-09-17 09:00,28.3,0.0,74,1006.0,4.0,83,23.2,32.0,10.0,10.9,WNW,Cloudy,5.100000000000001
2025-02-11 18:00,20.8,0.0,91,1014.0,4.7,100,19.4,22.8,10.0,6.8,NNW,Overcast,1.4000000000000021
2024-09-15 14:00,29.8,0.1,73,1000.0,11.5,68,24.6,35.3,10.0,14.4,NNE,Patchy rain possible,5.199999999999999
2025-05-16 02:00,24.6,0.0,89,1009.0,5.6,15,22.7,27.1,10.0,10.7,SW,Clear,1.9000000000000021
2025-03-25 17:00,23.5,0.0,80,1007.0,14.0,4,19.9,25.5,10.0,18.5,ESE,Sunny,3.6000000000000014
2024-11-12 01:00,23.3,3.3,93,1011.0,11.9,100,22.2,25.6,10.0,17.9,NW,Moderate or heavy rain shower,1.1000000000000014
2025-03-07 11:00,21.4,0.0,90,1017.0,18.4,100,18.2,23.4,2.0,24.3,WNW,Overcast,3.1999999999999993
2024-09-27 13:00,29.8,1.0,71,1009.0,14.0,84,23.9,34.6,10.0,21.4,ESE,Heavy rain at times,5.900000000000002
2025-04-18 01:00,24.0,0.0,94,1006.0,5.4,20,22.9,26.5,10.0,7.0,SSW,Clear,1.1000000000000014
2025-05-21 00:00,25.4,0.0,91,1007.0,7.9,15,24.2,28.7,10.0,15.9,SSW,Clear,1.1999999999999993
2024-08-03 07:00,27.8,0.0,83,1008.0,6.8,14,24.6,32.3,10.0,9.8,SW,Sunny,3.1999999999999993
2024-09-17 15:00,29.9,0.2,70,1002.0,17.6,84,23.7,34.7,10.0,29.5,N,Patchy rain possible,6.199999999999999
2025-03-14 00:00,23.2,0.1,96,1011.0,8.6,86,22.6,25.6,2.0,9.4,SSE,Patchy rain possible,0.5999999999999979
2025-02-12 23:00,21.6,0.0,97,1016.0,6.5,100,21.1,23.6,2.0,9.6,NNW,Overcast,0.5
2024-09-03 03:00,25.5,0.0,88,1006.0,6.5,27,23.4,28.4,10.0,11.2,SW,Partly cloudy,2.1000000000000014
2024-09-06 20:00,28.8,0.0,74,1001.0,7.9,70,23.7,33.1,10.0,15.2,SW,Cloudy,5.100000000000001
2025-05-22 08:00,28.7,0.0,67,1007.0,9.0,7,22.1,31.9,10.0,15.6,S,Sunny,6.599999999999998
2025-05-10 18:00,27.1,0.1,89,1007.0,8.3,74,25.2,31.8,10.0,13.1,E,Patchy rain possible,1.9000000000000021
2025-03-17 23:00,20.4,0.0,89,1018.0,7.6,100,18.5,22.4,10.0,10.7,NW,Overcast,1.8999999999999986
2024-06-21 11:00,33.7,0.1,59,1004.0,13.3,88,23.3,39.7,10.0,15.3,ESE,Patchy rain possible,10.400000000000002
2024-09-26 22:00,25.4,0.0,88,1012.0,7.2,29,23.4,28.4,10.0,11.8,S,Partly cloudy,2.0
2025-04-17 10:00,29.5,0.0,69,1009.0,10.4,42,23.2,33.7,10.0,13.6,SE,Partly cloudy,6.300000000000001
2024-12-25 05:00,19.6,0.2,89,1015.0,9.3,100,17.7,21.6,2.0,15.0,NW,Patchy rain possible,1.9000000000000021
2025-03-14 07:00,23.3,0.0,93,1012.0,7.9,43,22.1,25.6,10.0,12.0,S,Partly cloudy,1.1999999999999993
2025-01-06 00:00,18.0,0.0,90,1017.0,8.6,91,16.3,20.0,10.0,15.1,W,Overcast,1.6999999999999993
2024-05-26 00:00,26.1,0.1,88,1009.0,6.8,55,24.0,29.5,10.0,11.1,SSW,Patchy rain possible,2.1000000000000014
2025-01-28 18:00,18.6,0.1,86,1020.0,11.9,61,16.3,20.6,10.0,17.2,N,Patchy rain possible,2.3000000000000007
2024-11-24 08:00,24.4,1.2,91,1016.0,12.6,97,22.7,26.8,7.0,23.0,ENE,Heavy rain at times,1.6999999999999993
2025-01-22 04:00,16.5,0.0,85,1014.0,5.4,3,13.9,18.5,10.0,9.8,W,Clear,2.5999999999999996
2024-12-10 15:00,24.1,0.0,89,1010.0,13.7,70,22.1,26.4,10.0,21.8,E,Cloudy,2.0
2024-11-11 03:00,21.7,0.0,82,1012.0,9.1,82,18.5,23.7,10.0,16.0,WNW,Cloudy,3.1999999999999993
2024-12-21 13:00,21.3,0.0,79,1015.0,12.2,96,17.4,23.3,10.0,23.4,NE,Overcast,3.900000000000002
2024-07-11 14:00,30.9,0.2,67,1003.0,11.3,72,24.0,36.3,10.0,21.9,NE,Patchy rain possible,6.899999999999999
2024-09-08 09:00,32.3,0.0,62,1007.0,17.3,25,22.6,37.1,10.0,22.8,SW,Sunny,9.699999999999996
2024-07-08 21:00,25.5,0.1,92,1007.0,11.4,65,24.1,28.8,10.0,20.8,SSW,Patchy rain possible,1.3999999999999986
2024-07-13 17:00,29.4,0.2,76,1000.0,13.7,72,24.7,34.9,9.0,18.4,E,Patchy rain possible,4.699999999999999
2025-02-10 18:00,19.6,0.0,89,1016.0,7.1,100,17.7,21.6,10.0,15.4,NNE,Overcast,1.9000000000000021
2024-10-20 02:00,24.2,0.5,89,1012.0,4.0,87,22.3,26.5,10.0,6.8,W,Moderate rain at times,1.8999999999999986
2025-04-06 17:00,25.2,0.0,82,1012.0,9.0,54,21.9,27.5,10.0,16.1,E,Partly cloudy,3.3000000000000007
2025-03-09 09:00,22.6,0.1,82,1019.0,2.2,81,19.4,24.8,10.0,6.3,NE,Patchy rain possible,3.200000000000003
2024-10-09 15:00,27.7,0.0,77,1010.0,13.0,50,23.2,31.1,10.0,21.7,NNE,Partly cloudy,4.5
2024-12-21 06:00,19.4,0.1,88,1016.0,6.1,100,17.3,21.4,10.0,9.2,NE,Patchy rain possible,2.099999999999998
2024-11-06 00:00,24.0,1.2,90,1015.0,13.6,100,22.3,26.4,10.0,31.2,NE,Heavy rain at times,1.6999999999999993
2024-07-27 17:00,31.1,0.0,71,1001.0,7.2,22,24.2,36.9,10.0,12.0,SW,Sunny,6.900000000000002
2024-11-01 18:00,24.6,0.0,80,1009.0,12.0,8,20.8,26.6,10.0,24.1,NNW,Clear,3.8000000000000007
2024-10-25 09:00,25.5,0.0,68,1010.0,10.8,4,19.3,27.1,10.0,20.9,WNW,Sunny,6.199999999999999
2024-11-20 14:00,26.1,0.2,84,1012.0,19.8,63,21.5,28.5,10.0,30.3,NNW,Patchy rain possible,4.600000000000001
2025-01-24 18:00,20.3,0.0,89,1010.0,5.3,3,18.5,22.3,10.0,15.8,SE,Clear,1.8000000000000007
2024-07-17 23:00,25.4,0.4,90,1005.0,10.4,59,23.6,28.4,10.0,13.5,SSW,Patchy rain possible,1.7999999999999972
2025-05-22 12:00,33.4,0.0,63,1005.0,15.9,10,23.7,39.7,10.0,27.8,ESE,Sunny,9.7
2025-03-13 07:00,22.3,0.0,88,1011.0,7.9,20,20.2,24.7,10.0,13.4,SSW,Sunny,2.1000000000000014
2024-06-10 08:00,28.8,0.0,73,1007.0,6.1,28,23.6,33.1,10.0,7.3,SW,Partly cloudy,5.199999999999999
2024-07-07 20:00,26.2,2.0,89,1007.0,13.0,77,24.3,29.8,9.0,17.4,SSE,Moderate or heavy rain shower,1.8999999999999986
2024-09-09 21:00,27.1,0.0,84,1007.0,5.4,73,24.1,31.0,10.0,9.8,S,Cloudy,3.0
2025-02-20 09:00,22.4,0.3,81,1019.0,2.9,71,19.0,24.7,10.0,16.8,WSW,Patchy rain possible,3.3999999999999986
2024-06-19 01:00,27.0,0.0,80,1004.0,8.6,14,23.3,30.4,10.0,11.7,SW,Clear,3.6999999999999993
2024-07-26 10:00,32.2,0.0,64,1000.0,14.5,34,23.2,37.5,10.0,23.9,SW,Partly cloudy,9.000000000000004
2025-03-13 09:00,25.4,0.1,77,1013.0,6.5,79,21.0,27.4,10.0,13.6,SSE,Patchy rain possible,4.399999999999999
2025-03-14 06:00,22.1,0.0,96,1011.0,8.3,52,21.3,24.6,2.0,14.7,S,Partly cloudy,0.8000000000000007
2024-09-18 20:00,25.0,1.9,86,1002.0,11.5,79,22.4,27.4,10.0,20.8,W,Moderate or heavy rain shower,2.6000000000000014
2024-10-15 23:00,25.2,0.0,89,1012.0,3.6,40,23.2,28.0,10.0,6.0,W,Partly cloudy,2.0
2025-02-26 04:00,20.5,0.0,89,1020.0,5.4,100,18.7,22.5,10.0,8.0,NNW,Overcast,1.8000000000000007
2024-06-18 06:00,27.0,0.0,76,1005.0,12.2,25,22.4,29.8,10.0,17.2,WSW,Partly cloudy,4.600000000000001
2024-12-07 16:00,24.8,0.0,87,1013.0,13.0,79,20.6,26.8,10.0,18.2,NE,Cloudy,4.199999999999999
2024-07-14 01:00,25.5,0.3,84,1003.0,5.8,86,22.6,28.1,10.0,10.7,SW,Patchy rain possible,2.8999999999999986
2025-05-17 07:00,26.5,0.0,79,1009.0,9.0,18,22.7,29.4,10.0,12.0,SSW,Sunny,3.8000000000000007
2024-06-12 02:00,26.6,0.0,80,1006.0,9.7,15,22.9,29.5,10.0,12.9,WSW,Clear,3.700000000000003
2024-07-28 00:00,27.1,0.0,74,1003.0,8.3,32,22.0,29.7,10.0,16.0,WSW,Partly cloudy,5.100000000000001
2024-12-03 20:00,23.3,0.1,89,1014.0,9.7,88,21.4,25.5,9.0,11.6,ENE,Patchy rain possible,1.9000000000000021
2024-07-22 22:00,26.1,0.0,88,1005.0,10.4,70,23.9,29.4,10.0,15.0,SSW,Cloudy,2.200000000000003
2024-09-26 16:00,28.3,0.0,79,1009.0,10.8,89,24.3,32.8,10.0,18.3,E,Overcast,4.0
2024-12-17 18:00,20.8,0.4,90,1016.0,7.6,100,19.2,22.8,10.0,10.5,NNW,Patchy rain possible,1.6000000000000014
2025-03-25 21:00,20.3,0.0,90,1009.0,6.1,7,18.7,22.3,10.0,11.4,S,Clear,1.6000000000000014
2024-10-06 09:00,26.5,0.0,81,1014.0,6.5,82,22.9,29.5,9.0,7.7,NNW,Cloudy,3.6000000000000014
2024-10-23 11:00,27.4,0.0,77,1013.0,10.8,78,23.1,30.7,9.0,28.2,NNE,Cloudy,4.299999999999997
2024-11-11 17:00,24.6,0.1,85,1010.0,18.0,60,21.9,26.9,10.0,25.5,WNW,Patchy rain possible,2.700000000000003
2025-05-13 05:00,23.9,0.6,87,1009.0,5.8,87,21.7,26.1,10.0,9.1,W,Moderate rain at times,2.1999999999999993
2025-02-20 08:00,21.5,0.9,84,1018.0,3.6,78,18.7,23.5,10.0,5.1,SW,Moderate rain at times,2.8000000000000007
2024-12-15 10:00,19.9,0.5,89,1022.0,22.7,100,18.1,21.9,10.0,29.1,N,Moderate rain at times,1.7999999999999972
2024-10-04 09:00,25.5,0.0,84,1015.0,1.4,100,21.5,27.6,2.0,7.9,N,Overcast,4.0
2024-07-06 16:00,30.0,0.0,73,1004.0,11.7,82,24.7,35.7,10.0,23.3,E,Cloudy,5.300000000000001
2024-12-09 15:00,22.8,0.1,89,1012.0,9.4,100,21.0,25.1,10.0,18.4,NE,Patchy rain possible,1.8000000000000007
2025-02-25 00:00,21.0,1.6,93,1022.0,14.5,100,19.8,23.0,10.0,23.2,NE,Moderate or heavy rain shower,1.1999999999999993
2024-09-09 15:00,31.6,0.2,66,1002.0,16.2,83,24.3,37.6,10.0,24.3,NE,Patchy rain possible,7.300000000000001
2024-07-31 04:00,25.2,0.0,83,1006.0,10.1,47,22.2,27.6,10.0,14.0,WSW,Partly cloudy,3.0
2025-01-17 16:00,19.8,0.0,81,1016.0,11.5,100,16.6,21.8,10.0,21.2,ENE,Overcast,3.1999999999999993
2024-09-01 01:00,25.8,0.0,87,1007.0,7.6,89,23.5,28.9,10.0,9.0,SW,Overcast,2.3000000000000007
2024-12-20 15:00,21.0,0.1,81,1014.0,9.4,100,17.6,23.0,10.0,18.9,ENE,Patchy rain possible,3.3999999999999986
2025-04-13 14:00,22.9,0.0,80,1014.0,20.5,100,18.2,25.0,10.0,31.6,NW,Overcast,4.699999999999999
2025-01-23 22:00,18.5,0.0,88,1014.0,6.5,2,16.5,20.5,10.0,11.1,SSW,Clear,2.0
2025-03-13 03:00,21.8,0.0,91,1009.0,6.0,46,20.4,23.8,10.0,11.3,SSW,Partly cloudy,1.4000000000000021
2024-09-29 01:00,25.2,0.0,91,1008.0,6.8,14,23.5,28.1,10.0,11.8,SW,Clear,1.6999999999999993
2024-11-04 16:00,25.7,0.3,87,1011.0,13.7,83,23.4,28.6,9.0,17.7,N,Patchy rain possible,2.3000000000000007
2024-07-13 19:00,26.4,0.0,87,1002.0,9.4,73,24.1,30.0,5.0,17.4,ESE,Cloudy,2.299999999999997
2024-07-16 04:00,24.2,0.0,89,1003.0,7.6,38,22.3,26.6,10.0,9.1,SW,Partly cloudy,1.8999999999999986
2025-02-08 20:00,19.9,0.3,88,1020.0,15.6,99,17.8,21.9,10.0,18.6,NE,Patchy rain possible,2.099999999999998
2025-05-07 05:00,25.1,0.0,89,1005.0,6.4,86,23.8,27.8,10.0,13.2,SSW,Overcast,1.3000000000000007
2025-01-06 09:00,20.2,0.0,85,1019.0,4.7,100,17.7,22.2,10.0,5.9,NW,Overcast,2.5
2025-03-25 04:00,18.3,0.0,88,1010.0,5.7,5,16.3,20.3,10.0,7.9,S,Clear,2.0
2025-01-06 23:00,20.5,0.0,82,1016.0,9.7,91,17.2,22.5,10.0,14.9,E,Overcast,3.3000000000000007
2024-12-29 11:00,21.8,0.0,82,1020.0,13.0,94,18.7,23.8,10.0,22.8,NE,Overcast,3.1000000000000014
2024-07-20 16:00,29.1,1.5,80,1003.0,11.2,70,25.2,34.9,9.0,14.3,ENE,Moderate or heavy rain shower,3.900000000000002
2024-08-07 21:00,28.6,0.0,85,1008.0,10.4,81,24.6,33.6,10.0,14.0,SSW,Cloudy,4.0
2024-08-05 22:00,27.2,0.0,86,1008.0,9.0,23,24.1,31.1,10.0,11.3,SW,Clear,3.099999999999998
2024-11-03 21:00,23.0,0.0,89,1014.0,0.4,100,21.1,25.2,10.0,0.6,W,Overcast,1.8999999999999986
2024-07-23 11:00,32.2,0.0,69,1003.0,8.3,44,24.4,38.7,10.0,17.7,W,Partly cloudy,7.800000000000004
2025-04-01 04:00,20.3,0.0,85,1014.0,9.7,100,17.7,22.3,10.0,13.7,NW,Overcast,2.6000000000000014
2024-05-24 11:00,29.6,0.1,81,1008.0,4.7,91,24.9,35.4,10.0,12.2,S,Patchy rain possible,4.700000000000003
2025-03-13 11:00,28.2,0.0,74,1012.0,10.4,31,22.4,31.8,10.0,18.6,ESE,Partly cloudy,5.800000000000001
2024-06-10 12:00,33.7,0.0,59,1005.0,11.2,89,23.8,40.3,10.0,17.6,ENE,Overcast,9.900000000000002
2024-08-29 07:00,27.6,0.0,73,1005.0,6.1,8,22.5,30.7,10.0,8.9,WSW,Sunny,5.100000000000001
2024-10-22 06:00,25.2,0.4,90,1012.0,13.7,87,23.5,28.1,10.0,23.3,NE,Patchy rain possible,1.6999999999999993
2025-02-09 14:00,19.7,0.8,84,1017.0,17.6,100,17.0,21.7,10.0,27.2,NE,Moderate rain at times,2.6999999999999993
2025-03-22 16:00,23.2,0.0,73,1016.0,9.7,3,18.2,25.2,10.0,18.1,ENE,Sunny,5.0
2024-10-02 11:00,28.3,0.3,80,1011.0,11.5,89,24.5,33.1,9.0,26.6,NNW,Patchy rain possible,3.8000000000000007
2024-07-15 14:00,28.0,0.1,92,1001.0,14.8,100,24.3,32.5,9.0,20.6,WSW,Patchy rain possible,3.6999999999999993
2025-04-17 13:00,31.8,0.0,76,1006.0,12.3,80,24.6,41.3,9.0,25.5,E,Cloudy,7.199999999999999
2024-11-24 05:00,23.8,1.73,91,1014.0,13.4,89,22.3,26.1,7.0,27.7,ENE,Moderate or heavy rain shower,1.5
2024-10-12 08:00,25.8,0.1,85,1014.0,4.7,77,23.2,28.7,10.0,6.0,WSW,Patchy rain possible,2.6000000000000014
2024-08-20 01:00,26.1,0.0,88,1005.0,6.8,46,23.9,29.5,10.0,14.5,SW,Partly cloudy,2.200000000000003
2024-09-09 20:00,27.4,0.3,82,1006.0,4.7,73,24.2,31.5,10.0,8.4,SSW,Patchy rain possible,3.1999999999999993
2024-11-06 08:00,24.5,0.3,87,1017.0,16.5,94,22.1,26.8,10.0,26.0,NE,Patchy rain possible,2.3999999999999986
2024-11-09 17:00,23.7,0.0,78,1012.0,16.2,4,19.6,25.6,10.0,24.9,NW,Sunny,4.099999999999998
2024-08-01 01:00,26.1,0.0,82,1008.0,9.0,18,22.8,28.9,10.0,12.1,WSW,Clear,3.3000000000000007
2025-05-13 18:00,25.5,0.0,87,1009.0,4.3,48,23.2,28.4,10.0,6.0,ESE,Partly cloudy,2.3000000000000007
2025-02-28 17:00,22.8,0.01,90,1013.0,8.3,61,21.0,25.1,10.0,11.1,ESE,Patchy rain possible,1.8000000000000007
2025-01-18 07:00,19.3,0.0,81,1017.0,7.2,77,16.0,21.3,10.0,10.5,ENE,Cloudy,3.3000000000000007
2024-12-28 19:00,20.4,0.0,90,1021.0,14.4,100,18.6,22.4,9.0,24.3,NNE,Overcast,1.7999999999999972
2024-08-01 12:00,33.3,0.0,57,1008.0,6.0,11,23.1,39.0,10.0,16.2,W,Sunny,10.199999999999996
2025-03-04 21:00,23.3,0.0,93,1009.0,4.3,44,22.2,25.7,10.0,8.9,SE,Partly cloudy,1.1000000000000014
2025-03-26 19:00,22.6,0.0,87,1005.0,7.9,14,20.3,24.9,10.0,9.7,SSE,Clear,2.3000000000000007
2024-10-21 11:00,25.8,1.6,89,1014.0,0.7,99,23.8,29.0,10.0,13.6,NW,Moderate or heavy rain shower,2.0
2024-06-07 12:00,34.9,0.0,55,1005.0,8.8,23,23.3,41.5,10.0,15.7,NE,Sunny,11.599999999999998
2025-03-16 03:00,23.4,0.4,92,1011.0,6.1,77,22.0,25.7,10.0,10.4,NNE,Patchy rain possible,1.3999999999999986
2025-01-28 12:00,19.2,0.4,83,1020.0,9.0,78,16.2,21.2,10.0,19.3,N,Patchy rain possible,3.0
2025-01-05 05:00,17.5,0.0,86,1018.0,10.8,92,15.2,19.5,10.0,19.7,NW,Overcast,2.3000000000000007
2025-01-24 17:00,22.0,0.0,84,1009.0,11.9,0,19.1,24.0,10.0,16.1,SE,Sunny,2.8999999999999986
2024-12-12 10:00,23.4,3.7,94,1014.0,19.6,100,22.4,25.8,7.0,33.6,NE,Moderate or heavy rain shower,1.0
2024-11-29 05:00,20.9,0.0,78,1019.0,10.6,51,16.8,22.9,10.0,18.7,NNE,Partly cloudy,4.099999999999998
2024-05-28 20:00,29.2,0.0,85,1004.0,10.1,28,25.0,34.9,10.0,18.3,SE,Partly cloudy,4.199999999999999
2024-12-12 12:00,23.3,2.49,94,1012.0,21.6,100,22.3,25.7,7.0,32.8,NE,Moderate or heavy rain shower,1.0
2024-11-23 03:00,23.6,1.5,90,1014.0,12.7,100,21.9,25.9,10.0,23.8,NE,Moderate or heavy rain shower,1.7000000000000028
2025-05-09 07:00,29.2,0.0,71,1006.0,5.3,19,23.3,33.3,10.0,12.5,S,Sunny,5.899999999999999
2025-04-05 13:00,27.6,0.0,77,1011.0,15.5,6,22.1,31.1,10.0,22.1,E,Sunny,5.5
2024-06-21 18:00,30.2,0.0,81,1003.0,13.3,81,24.8,36.3,9.0,19.7,ESE,Cloudy,5.399999999999999
2025-01-24 19:00,19.9,0.0,90,1011.0,8.6,6,18.3,21.9,10.0,9.3,SE,Clear,1.5999999999999979
2024-12-27 11:00,21.7,0.2,94,1019.0,11.5,100,20.7,23.7,2.0,19.5,NNW,Patchy rain possible,1.0
2024-10-02 20:00,24.9,0.0,91,1013.0,11.8,91,23.3,27.6,10.0,19.0,NNW,Overcast,1.5999999999999979
2025-04-29 08:00,26.2,0.0,76,1013.0,6.1,1,21.7,28.6,10.0,7.1,SSW,Sunny,4.5
2024-11-23 15:00,23.9,0.7,90,1013.0,18.7,100,22.2,26.2,10.0,27.5,NE,Moderate rain at times,1.6999999999999993
2025-02-18 14:00,24.0,0.4,76,1015.0,6.8,57,19.4,25.8,10.0,23.7,ENE,Patchy rain possible,4.600000000000001
2024-06-08 22:00,26.2,0.0,88,1007.0,8.3,87,24.1,29.7,9.0,10.7,SW,Overcast,2.099999999999998
2024-05-23 20:00,25.8,0.2,91,1009.0,5.8,95,24.2,29.2,10.0,8.1,NNW,Patchy rain possible,1.6000000000000014
2024-07-03 20:00,27.6,0.1,87,1009.0,8.8,72,25.3,32.6,10.0,18.4,SE,Patchy rain possible,2.3000000000000007
2024-12-16 18:00,19.2,0.1,90,1019.0,9.7,100,17.5,21.2,10.0,13.2,NNW,Patchy rain possible,1.6999999999999993
2024-08-31 11:00,31.9,0.0,59,1007.0,13.3,20,22.8,36.7,10.0,15.3,NE,Sunny,9.099999999999998
2024-09-06 01:00,26.4,0.0,82,1000.0,9.7,36,23.1,29.4,10.0,19.0,W,Partly cloudy,3.299999999999997
2025-03-25 07:00,20.0,0.0,85,1010.0,6.4,3,17.3,22.0,10.0,12.3,S,Sunny,2.6999999999999993
2024-08-30 14:00,32.7,0.0,65,1004.0,15.8,23,23.5,38.6,10.0,23.1,E,Sunny,9.200000000000003
2025-03-29 12:00,28.1,0.1,83,1011.0,17.3,57,23.6,32.0,10.0,27.8,E,Patchy rain possible,4.5
2024-05-24 18:00,27.1,1.3,87,1007.0,7.2,53,24.8,31.5,10.0,10.4,ESE,Heavy rain at times,2.3000000000000007
2024-09-17 22:00,25.8,0.3,85,1005.0,1.1,53,23.2,28.7,10.0,9.8,NNW,Patchy rain possible,2.6000000000000014
2025-01-22 03:00,16.5,0.0,85,1014.0,6.1,2,14.0,18.5,10.0,11.2,WSW,Clear,2.5
2024-10-10 11:00,28.1,0.0,66,1012.0,5.0,71,21.3,30.7,10.0,14.8,NE,Cloudy,6.800000000000001
2024-09-25 22:00,25.2,0.0,87,1013.0,2.9,72,23.0,27.9,10.0,4.6,WSW,Cloudy,2.1999999999999993
2024-10-10 04:00,22.8,0.0,85,1011.0,7.6,17,20.1,25.0,10.0,9.5,W,Clear,2.6999999999999993
2024-11-22 07:00,24.2,1.8,88,1015.0,13.6,100,22.1,26.5,10.0,30.0,NE,Moderate or heavy rain shower,2.099999999999998
2024-12-27 20:00,21.8,2.69,95,1020.0,15.7,100,20.8,23.8,7.0,27.6,NNE,Moderate or heavy rain shower,1.0
2024-05-23 11:00,29.3,0.0,75,1009.0,4.0,57,24.3,34.3,10.0,15.6,E,Partly cloudy,5.0
2024-12-07 08:00,23.7,0.1,87,1016.0,9.2,68,21.3,25.8,10.0,18.6,NE,Patchy rain possible,2.3999999999999986
2024-07-11 01:00,25.8,0.0,83,1007.0,10.1,73,22.7,28.5,10.0,13.5,SW,Cloudy,3.1000000000000014
2024-08-12 03:00,26.0,0.0,86,1001.0,9.0,18,23.5,29.1,10.0,12.5,WSW,Clear,2.5
2024-09-04 05:00,24.7,0.0,89,1005.0,5.4,79,22.7,27.2,10.0,12.0,WSW,Cloudy,2.0
2025-04-23 08:00,28.9,0.0,66,1009.0,7.9,14,22.0,32.1,10.0,10.8,SSE,Sunny,6.899999999999999
2024-09-19 07:00,23.3,11.07,97,996.0,12.1,100,22.7,25.8,5.0,28.0,WSW,Moderate or heavy rain shower,0.6000000000000014
2024-10-31 01:00,24.2,4.74,93,1008.0,11.5,100,23.0,26.8,7.0,22.3,ENE,Moderate or heavy rain shower,1.1999999999999993
2025-02-06 12:00,23.0,0.0,72,1014.0,11.9,87,17.7,25.0,10.0,18.5,ESE,Overcast,5.300000000000001
2024-07-04 18:00,26.5,3.34,87,1007.0,11.9,52,24.1,30.2,7.0,21.7,ESE,Moderate or heavy rain shower,2.3999999999999986
2024-10-30 08:00,24.3,0.02,88,1009.0,7.6,60,22.3,26.6,10.0,10.7,W,Patchy rain possible,2.0
2024-09-24 13:00,27.2,0.0,84,1010.0,11.9,69,24.1,31.1,5.0,14.3,NNE,Cloudy,3.099999999999998
2024-07-02 01:00,26.9,0.0,76,1005.0,9.7,16,22.3,29.7,10.0,12.1,SW,Clear,4.599999999999998
2024-09-20 09:00,28.8,0.0,69,1003.0,4.7,56,22.7,32.4,10.0,9.6,W,Partly cloudy,6.100000000000001
2024-09-25 15:00,27.5,2.1,82,1009.0,10.1,83,24.1,31.5,9.0,17.8,NE,Moderate or heavy rain shower,3.3999999999999986
2024-10-09 02:00,23.8,0.5,87,1012.0,5.4,84,21.5,26.0,10.0,9.4,NW,Moderate rain at times,2.3000000000000007
2025-02-01 09:00,21.7,0.0,79,1013.0,8.3,0,18.0,23.7,10.0,9.7,S,Sunny,3.6999999999999993
2025-02-07 05:00,18.5,0.0,85,1015.0,6.8,69,16.0,20.5,10.0,12.7,WSW,Cloudy,2.5
2025-03-28 23:00,23.4,0.0,92,1009.0,5.2,12,22.0,25.7,10.0,6.9,SE,Clear,1.3999999999999986
2025-02-15 02:00,21.1,0.0,95,1012.0,3.6,72,20.2,23.1,2.0,6.0,SW,Cloudy,0.9000000000000021
2025-02-20 23:00,21.6,0.6,94,1017.0,8.6,100,20.7,23.6,10.0,9.0,ENE,Moderate rain at times,0.9000000000000021
2024-06-22 15:00,31.8,0.0,73,1001.0,9.4,77,24.4,38.2,5.0,21.0,ENE,Cloudy,7.400000000000002
2024-11-22 08:00,24.3,0.5,87,1016.0,14.8,100,22.1,26.6,10.0,25.3,NE,Moderate rain at times,2.1999999999999993
2024-07-22 00:00,25.1,0.1,87,1004.0,5.6,75,22.8,27.7,10.0,12.0,WSW,Patchy rain possible,2.3000000000000007
2025-05-13 14:00,26.8,0.5,80,1008.0,7.2,64,23.1,29.9,10.0,8.5,ENE,Moderate rain at times,3.6999999999999993
2024-09-19 19:00,25.4,0.0,84,997.0,4.0,74,22.5,28.0,10.0,6.8,SSE,Cloudy,2.8999999999999986
2024-11-05 02:00,24.1,9.1,92,1013.0,9.3,100,22.7,26.6,7.0,20.6,NE,Moderate or heavy rain shower,1.4000000000000021
2024-06-30 04:00,26.8,0.0,74,1006.0,8.3,13,21.7,29.2,10.0,12.7,WSW,Clear,5.100000000000001
2025-04-10 11:00,28.7,0.0,70,1008.0,11.9,85,22.7,32.2,10.0,14.4,E,Overcast,6.0
2025-04-26 09:00,28.6,0.0,64,1012.0,8.6,4,21.2,31.2,10.0,10.4,SSE,Sunny,7.400000000000002
2024-11-09 09:00,24.1,0.0,74,1016.0,8.6,26,19.1,25.8,10.0,10.0,NW,Partly cloudy,5.0
2025-05-07 13:00,35.2,0.0,68,1004.0,6.7,83,23.5,49.3,9.0,23.0,E,Cloudy,11.700000000000003
2025-03-21 00:00,17.9,0.0,84,1022.0,8.3,76,15.1,19.9,10.0,14.7,W,Cloudy,2.799999999999999
2024-09-15 12:00,30.8,5.7,66,1002.0,9.9,85,23.7,36.0,9.0,17.0,NNE,Moderate or heavy rain shower,7.100000000000001
2024-07-29 16:00,30.4,0.1,65,1002.0,7.5,83,23.2,35.0,10.0,15.7,SW,Patchy rain possible,7.199999999999999
2025-04-22 21:00,26.1,0.0,86,1009.0,7.5,18,23.3,29.4,10.0,12.0,S,Clear,2.8000000000000007
2024-06-26 05:00,24.6,0.1,89,1006.0,7.6,75,22.7,27.1,10.0,13.5,SW,Patchy rain possible,1.9000000000000021
2024-07-18 23:00,25.3,0.1,88,1006.0,7.6,80,23.2,28.1,10.0,10.2,SW,Patchy rain possible,2.1000000000000014
2024-10-24 16:00,25.6,0.0,76,1008.0,18.7,73,21.1,27.6,10.0,30.3,NNW,Cloudy,4.5
2025-05-17 12:00,31.0,0.0,66,1009.0,16.2,74,23.8,36.4,10.0,24.1,E,Cloudy,7.199999999999999
2024-07-19 20:00,25.8,0.0,89,1005.0,8.6,72,23.9,29.1,9.0,11.1,S,Cloudy,1.9000000000000021
2024-06-27 10:00,30.3,0.0,69,1009.0,7.6,75,24.0,35.4,10.0,13.5,ESE,Cloudy,6.300000000000001
2024-07-03 16:00,30.3,0.1,72,1006.0,21.6,70,24.7,36.2,10.0,31.7,ESE,Patchy rain possible,5.600000000000001
2025-05-18 16:00,29.8,0.0,77,1006.0,11.0,89,25.4,36.1,9.0,19.6,E,Overcast,4.400000000000002
2024-11-10 10:00,25.9,0.0,65,1015.0,5.8,43,18.8,27.3,10.0,12.5,WNW,Partly cloudy,7.099999999999998
2024-07-30 05:00,25.9,0.0,75,1005.0,6.8,92,21.1,28.0,10.0,13.6,WSW,Overcast,4.799999999999997
2024-07-31 11:00,31.8,0.0,60,1007.0,6.1,28,23.2,37.0,10.0,7.7,WSW,Partly cloudy,8.600000000000001
2024-11-30 05:00,20.3,0.0,80,1016.0,6.1,54,16.7,22.3,10.0,10.3,N,Partly cloudy,3.6000000000000014
2024-10-02 05:00,24.9,0.0,88,1010.0,9.0,23,22.8,27.5,10.0,15.7,W,Clear,2.099999999999998
2025-03-13 14:00,28.2,0.0,81,1009.0,14.4,19,23.5,32.9,10.0,22.3,E,Sunny,4.699999999999999
2024-07-18 03:00,24.3,0.0,95,1004.0,9.4,59,23.5,27.1,5.0,10.3,SSW,Partly cloudy,0.8000000000000007
2025-03-30 02:00,22.6,0.15,95,1013.0,4.0,60,21.8,25.1,2.0,7.3,ENE,Mist,0.8000000000000007
2024-10-04 14:00,26.1,0.1,89,1012.0,14.6,100,22.4,28.7,10.0,25.6,NW,Patchy rain possible,3.700000000000003
2025-02-20 00:00,20.2,0.5,89,1018.0,4.0,69,18.3,22.2,10.0,6.5,WSW,Moderate rain at times,1.8999999999999986
2025-03-16 06:00,22.7,1.2,96,1013.0,10.4,100,22.1,25.2,10.0,17.1,NNW,Heavy rain at times,0.5999999999999979
2024-12-08 07:00,23.0,0.4,87,1017.0,13.8,77,20.7,25.2,10.0,21.3,NE,Patchy rain possible,2.3000000000000007
2025-03-21 02:00,18.5,0.0,80,1021.0,7.6,80,14.9,20.5,10.0,12.6,WNW,Cloudy,3.5999999999999996
2024-10-04 16:00,24.5,0.0,90,1012.0,8.6,100,22.7,27.0,10.0,24.1,NW,Overcast,1.8000000000000007
2025-01-15 16:00,20.5,2.8,95,1018.0,20.4,100,19.6,22.5,9.0,33.6,NNE,Moderate or heavy rain shower,0.8999999999999986
2025-04-04 02:00,19.6,0.0,92,1014.0,7.6,43,18.3,21.6,10.0,12.4,SW,Partly cloudy,1.3000000000000007
2024-06-21 07:00,29.0,0.0,81,1003.0,6.7,32,23.8,33.4,10.0,17.6,SSW,Partly cloudy,5.199999999999999
2024-12-21 17:00,20.7,0.0,80,1015.0,10.1,98,17.1,22.7,10.0,21.9,NE,Overcast,3.599999999999998
2025-03-27 02:00,21.8,0.0,83,1004.0,5.6,10,18.8,23.8,10.0,8.3,S,Clear,3.0
2024-10-07 03:00,24.0,0.0,86,1012.0,8.3,100,21.5,26.2,10.0,9.6,W,Overcast,2.5
2024-10-23 01:00,24.4,1.5,87,1012.0,6.5,74,22.0,26.6,10.0,11.0,ENE,Moderate or heavy rain shower,2.3999999999999986
2024-08-31 08:00,29.2,0.09,65,1008.0,4.0,79,21.8,32.3,10.0,4.6,SW,Patchy rain possible,7.399999999999999
2025-05-07 07:00,27.4,0.0,83,1007.0,6.5,45,24.2,31.5,10.0,15.7,SSW,Partly cloudy,3.1999999999999993
2024-07-17 07:00,26.4,0.0,86,1004.0,6.5,58,23.8,29.8,10.0,9.4,WSW,Partly cloudy,2.599999999999998
2025-05-09 05:00,26.9,0.0,81,1004.0,5.4,43,23.4,30.3,10.0,11.6,S,Partly cloudy,3.5
2025-01-18 13:00,21.4,0.0,73,1016.0,9.4,79,16.3,23.4,10.0,17.2,ENE,Cloudy,5.099999999999998
2025-01-31 23:00,18.4,0.0,88,1012.0,6.5,3,16.3,20.4,10.0,12.3,SSW,Clear,2.099999999999998
2025-01-03 06:00,20.6,0.8,93,1016.0,10.0,100,19.3,22.6,10.0,15.9,N,Moderate rain at times,1.3000000000000007
2025-04-04 19:00,22.0,0.0,91,1012.0,7.6,23,20.5,24.0,10.0,11.5,SSE,Clear,1.5
2025-01-31 11:00,23.4,0.0,67,1015.0,6.5,0,16.9,25.2,10.0,7.5,SSE,Sunny,6.5
2024-12-13 13:00,23.5,1.8,93,1013.0,16.6,100,22.3,25.9,9.0,30.3,ENE,Moderate or heavy rain shower,1.1999999999999993
2024-11-24 00:00,23.9,0.7,90,1015.0,14.8,91,22.2,26.2,10.0,29.8,ENE,Moderate rain at times,1.6999999999999993
2025-04-10 21:00,24.4,0.0,88,1008.0,4.7,79,22.3,26.8,10.0,6.1,WSW,Cloudy,2.099999999999998
2024-07-03 02:00,25.0,0.0,88,1006.0,6.3,10,22.9,27.6,10.0,13.4,SW,Clear,2.1000000000000014
2025-03-25 19:00,20.8,0.0,91,1008.0,8.6,7,19.3,22.8,10.0,11.2,SE,Clear,1.5
2024-11-03 16:00,23.5,1.3,92,1011.0,8.3,85,22.2,25.8,9.0,16.4,SSW,Heavy rain at times,1.3000000000000007
2025-04-20 03:00,23.5,0.0,90,1007.0,7.6,17,21.8,25.8,10.0,10.1,SSW,Clear,1.6999999999999993
2025-04-13 22:00,21.2,0.0,79,1016.0,8.2,100,16.8,23.2,10.0,16.3,NW,Overcast,4.399999999999999
2024-11-07 17:00,24.1,0.3,84,1015.0,16.7,71,21.3,26.2,9.0,33.2,ENE,Patchy rain possible,2.8000000000000007
2025-02-07 17:00,21.8,0.1,88,1016.0,14.0,85,19.7,23.8,9.0,20.1,ENE,Patchy rain possible,2.1000000000000014
2024-10-15 05:00,24.0,0.0,90,1010.0,7.6,82,22.3,26.4,10.0,12.3,W,Cloudy,1.6999999999999993
2025-01-31 17:00,22.1,0.0,79,1010.0,9.4,0,18.4,24.6,10.0,13.1,ESE,Sunny,3.700000000000003
2024-09-03 02:00,25.7,0.0,88,1007.0,6.1,25,23.6,28.8,10.0,10.4,WSW,Clear,2.099999999999998
2024-12-27 06:00,21.3,1.3,96,1018.0,13.3,100,20.6,23.3,9.0,19.5,NNW,Heavy rain at times,0.6999999999999993
2025-02-15 22:00,21.6,0.2,95,1013.0,5.8,61,20.8,23.6,2.0,9.6,S,Patchy rain possible,0.8000000000000007
2024-10-31 09:00,25.0,1.04,87,1011.0,10.1,73,22.8,27.6,10.0,14.5,N,Light rain shower,2.1999999999999993
2024-07-11 22:00,26.0,0.0,86,1006.0,9.0,25,23.4,29.0,10.0,16.5,SSW,Partly cloudy,2.6000000000000014
2024-11-13 05:00,24.0,0.1,91,1010.0,5.8,100,22.4,26.4,10.0,8.7,NE,Patchy rain possible,1.6000000000000014
2024-07-25 06:00,27.7,0.0,69,998.0,9.4,57,21.4,30.2,10.0,17.9,SW,Partly cloudy,6.300000000000001
2025-04-08 13:00,27.2,0.0,72,1013.0,15.8,9,21.8,29.8,10.0,22.7,ESE,Sunny,5.399999999999999
2025-01-06 05:00,18.6,0.0,88,1016.0,6.1,93,16.6,20.6,10.0,9.7,NW,Overcast,2.0
2024-08-05 23:00,26.7,0.0,87,1007.0,9.0,22,24.1,30.3,10.0,11.1,SW,Clear,2.599999999999998
2024-07-04 06:00,25.2,0.0,91,1009.0,7.2,34,23.6,28.1,10.0,11.1,SSW,Partly cloudy,1.5999999999999979
2024-05-28 08:00,31.3,0.0,64,1004.0,10.8,23,23.7,36.7,10.0,14.5,WSW,Sunny,7.600000000000001
2024-07-18 20:00,26.4,2.8,85,1005.0,1.8,81,23.7,29.7,10.0,7.9,S,Moderate or heavy rain shower,2.6999999999999993
2025-03-16 15:00,21.9,5.8,82,1014.0,25.2,70,18.7,23.9,10.0,31.3,NW,Moderate or heavy rain shower,3.1999999999999993
2024-11-25 06:00,23.7,0.7,89,1014.0,3.6,100,21.7,25.9,10.0,6.0,NE,Moderate rain at times,2.0
2024-06-29 03:00,25.8,0.0,86,1005.0,9.4,12,23.3,28.8,10.0,11.1,SSW,Clear,2.5
2024-09-16 09:00,28.7,0.3,77,1005.0,1.4,85,24.2,33.4,9.0,10.3,W,Patchy rain possible,4.5
2025-04-12 10:00,33.1,0.0,56,1008.0,7.6,15,22.9,38.7,10.0,12.4,S,Sunny,10.200000000000003
2025-01-05 07:00,18.8,0.0,86,1019.0,11.5,100,16.4,20.8,10.0,17.4,NW,Overcast,2.400000000000002
2024-11-22 11:00,24.8,0.6,86,1016.0,16.3,95,22.2,27.1,10.0,37.9,NE,Moderate rain at times,2.6000000000000014
2025-01-17 21:00,19.5,0.0,83,1018.0,8.6,100,16.5,21.5,10.0,12.5,E,Overcast,3.0
2025-02-18 23:00,21.5,0.0,93,1017.0,6.6,100,20.3,23.5,10.0,11.1,E,Overcast,1.1999999999999993
2025-02-09 06:00,19.4,0.0,85,1019.0,17.7,100,16.8,21.4,10.0,30.1,NE,Overcast,2.599999999999998
2024-11-02 11:00,27.2,0.3,60,1014.0,13.3,83,18.7,28.6,10.0,20.0,NNW,Patchy rain possible,8.5
2025-01-03 13:00,20.9,0.0,86,1016.0,16.2,100,18.5,22.9,10.0,21.9,NNE,Overcast,2.3999999999999986
2025-04-19 08:00,27.7,0.0,83,1009.0,1.4,28,24.5,32.0,10.0,7.5,NE,Partly cloudy,3.1999999999999993
2024-10-05 09:00,26.7,0.0,73,1013.0,6.5,85,21.4,29.0,10.0,7.5,WNW,Overcast,5.300000000000001
2025-04-15 19:00,22.0,0.0,84,1013.0,2.2,16,19.1,24.0,10.0,3.4,ENE,Clear,2.8999999999999986
2024-07-12 08:00,30.8,0.0,65,1004.0,7.6,33,22.5,35.0,10.0,8.8,SW,Partly cloudy,8.3
2024-10-31 04:00,24.6,5.26,91,1008.0,17.3,100,23.1,27.3,7.0,33.0,NE,Moderate or heavy rain shower,1.5
2025-05-02 08:00,26.8,0.1,75,1013.0,0.4,89,21.9,29.3,10.0,6.7,E,Patchy rain possible,4.900000000000002
2024-11-08 09:00,24.4,0.2,80,1017.0,16.2,89,20.7,26.3,5.0,21.8,ENE,Patchy rain possible,3.6999999999999993
2025-04-18 10:00,33.2,0.0,66,1009.0,7.2,26,24.4,42.2,10.0,9.6,E,Partly cloudy,8.800000000000004
2025-03-12 17:00,25.1,0.0,91,1009.0,7.6,72,23.0,28.0,10.0,10.9,ESE,Cloudy,2.1000000000000014
2024-07-13 15:00,30.8,0.1,67,1000.0,8.1,89,24.0,36.3,10.0,23.5,ENE,Patchy rain possible,6.800000000000001
2024-08-26 09:00,31.6,0.0,56,1007.0,3.2,12,21.8,35.5,10.0,9.8,S,Sunny,9.8
2024-09-14 04:00,24.9,0.0,89,1002.0,8.6,73,23.0,27.5,10.0,10.3,WSW,Cloudy,1.8999999999999986
2024-06-03 11:00,34.6,0.0,55,1006.0,4.7,47,23.6,41.4,10.0,14.0,NE,Partly cloudy,11.0
2024-11-30 01:00,21.4,0.1,78,1016.0,11.9,78,17.3,23.4,10.0,18.2,NE,Patchy rain possible,4.099999999999998
2024-07-05 03:00,24.0,0.0,87,1007.0,7.9,31,21.6,26.1,10.0,10.4,WSW,Partly cloudy,2.3999999999999986
2024-07-13 05:00,24.9,0.0,84,1002.0,8.3,27,22.0,27.2,10.0,10.7,WSW,Partly cloudy,2.8999999999999986
2024-07-04 00:00,26.2,0.0,88,1010.0,6.6,39,24.2,29.8,10.0,11.3,SSE,Partly cloudy,2.0
2025-04-18 02:00,23.9,0.0,94,1006.0,4.7,19,22.8,26.4,10.0,6.3,SSW,Clear,1.0999999999999979
2024-12-24 18:00,19.4,0.1,90,1016.0,11.5,100,17.7,21.4,10.0,16.8,NNW,Patchy rain possible,1.6999999999999993
2024-10-29 12:00,24.2,0.5,91,1006.0,6.1,57,21.9,26.5,10.0,8.5,SW,Moderate rain at times,2.3000000000000007
2024-09-05 12:00,34.9,0.0,55,1001.0,7.9,17,21.1,39.5,10.0,21.8,NNE,Sunny,13.799999999999997
2024-11-17 21:00,23.5,0.0,88,1013.0,6.5,88,21.4,25.7,9.0,11.2,WNW,Overcast,2.1000000000000014
2024-07-06 02:00,25.4,0.0,89,1006.0,7.2,72,23.4,28.3,5.0,8.8,SSW,Cloudy,2.0
2025-02-07 22:00,20.2,0.1,91,1018.0,13.7,100,18.8,22.2,10.0,22.6,ENE,Patchy rain possible,1.3999999999999986
2025-03-06 12:00,26.0,0.2,85,1013.0,4.3,60,23.2,28.9,10.0,18.1,ENE,Patchy rain possible,2.8000000000000007
2024-06-03 17:00,29.5,0.8,79,1004.0,9.4,51,25.4,35.7,9.0,13.8,ESE,Moderate rain at times,4.100000000000001
2024-07-05 11:00,32.4,0.1,59,1007.0,13.7,73,22.7,37.4,10.0,19.9,E,Patchy rain possible,9.7
2024-07-16 20:00,25.6,0.6,89,1003.0,4.3,80,23.7,28.7,10.0,7.6,SSW,Moderate rain at times,1.9000000000000021
2024-07-02 08:00,30.9,0.0,58,1005.0,6.8,11,21.8,34.4,10.0,8.0,SSW,Sunny,9.099999999999998
2024-08-30 05:00,25.1,0.0,84,1005.0,8.3,19,22.2,27.5,10.0,12.1,W,Clear,2.900000000000002
2025-05-04 06:00,24.7,0.0,81,1007.0,5.7,12,21.1,26.7,10.0,11.6,SSW,Sunny,3.599999999999998
2024-08-11 19:00,27.6,3.01,94,1004.0,7.6,52,24.5,32.1,7.0,12.9,NNW,Moderate or heavy rain shower,3.1000000000000014
2025-02-25 08:00,21.3,0.4,92,1022.0,9.3,100,20.0,23.3,2.0,14.1,NE,Patchy rain possible,1.3000000000000007
2024-07-15 02:00,24.5,5.6,90,1002.0,11.5,100,22.7,27.0,10.0,19.7,WNW,Moderate or heavy rain shower,1.8000000000000007
2024-06-17 19:00,28.8,2.11,93,1005.0,15.7,75,24.1,33.8,8.0,29.7,W,Moderate or heavy rain shower,4.699999999999999
2025-02-28 08:00,21.6,0.0,90,1016.0,8.6,55,20.0,23.6,10.0,10.6,S,Partly cloudy,1.6000000000000014
2024-08-03 14:00,32.6,0.0,69,1007.0,14.0,78,23.1,38.3,10.0,21.9,NE,Cloudy,9.5
2024-07-19 22:00,25.5,0.0,90,1006.0,5.9,59,23.9,28.7,10.0,11.0,S,Partly cloudy,1.6000000000000014
2025-05-16 13:00,30.9,0.0,66,1008.0,12.9,82,23.8,36.1,10.0,19.5,E,Cloudy,7.099999999999998
2025-01-25 15:00,23.9,0.0,81,1010.0,12.6,71,20.4,25.8,10.0,22.4,ESE,Cloudy,3.5
2024-07-27 19:00,28.8,0.0,74,1002.0,9.7,16,23.6,33.1,10.0,18.9,SW,Clear,5.199999999999999
2024-07-30 23:00,26.2,0.0,84,1008.0,7.6,77,23.3,29.3,10.0,13.8,SW,Cloudy,2.8999999999999986
2024-10-18 16:00,27.4,0.2,82,1008.0,9.7,82,24.0,31.3,10.0,16.7,E,Patchy rain possible,3.3999999999999986
2024-08-29 00:00,24.9,0.0,88,1006.0,11.9,12,22.8,27.5,10.0,20.3,SW,Clear,2.099999999999998
2024-08-23 04:00,24.6,0.0,88,1009.0,8.3,17,22.4,27.0,10.0,9.9,SW,Clear,2.200000000000003
2025-02-01 20:00,19.7,0.0,92,1011.0,6.1,6,18.3,21.7,10.0,11.2,S,Clear,1.3999999999999986
2025-05-21 20:00,27.9,0.4,92,1008.0,4.6,75,25.2,33.1,10.0,14.4,SSE,Patchy rain possible,2.6999999999999993
2025-01-30 04:00,17.5,0.0,83,1017.0,1.1,84,14.5,19.5,10.0,1.8,SSW,Cloudy,3.0
2024-10-02 10:00,29.0,0.0,73,1011.0,12.8,71,23.8,33.4,9.0,22.2,NNW,Cloudy,5.199999999999999
2024-10-03 00:00,24.2,0.8,90,1013.0,11.5,55,22.3,26.5,10.0,18.3,NW,Moderate rain at times,1.8999999999999986
2024-07-16 11:00,30.4,0.1,64,1003.0,9.7,80,22.8,34.7,10.0,15.0,NNE,Patchy rain possible,7.599999999999998
2025-02-01 03:00,17.6,0.0,90,1010.0,7.9,5,15.9,19.6,10.0,9.5,SSW,Clear,1.700000000000001
2024-06-15 23:00,26.3,0.0,87,1006.0,6.5,70,23.8,29.7,10.0,13.7,WSW,Cloudy,2.5
2024-08-29 08:00,29.9,0.0,62,1006.0,5.0,10,21.9,33.3,10.0,11.6,SW,Sunny,8.0
2025-01-19 18:00,20.2,0.0,82,1013.0,10.1,73,17.0,22.2,10.0,15.7,NNE,Cloudy,3.1999999999999993
2025-03-21 13:00,23.8,0.0,67,1021.0,15.1,84,16.4,25.5,10.0,30.5,NE,Cloudy,7.400000000000002
2025-03-10 14:00,23.3,0.3,96,1016.0,8.3,100,21.6,25.7,10.0,17.3,NE,Patchy rain possible,1.6999999999999993
2024-07-15 08:00,25.7,7.98,98,1002.0,10.1,100,24.3,29.2,5.0,14.0,WSW,Moderate or heavy rain shower,1.3999999999999986
2025-04-02 12:00,22.1,0.0,84,1017.0,7.9,100,19.3,24.6,10.0,14.7,NNW,Overcast,2.8000000000000007
2024-12-15 13:00,19.7,0.3,90,1020.0,21.6,100,18.0,21.7,2.0,31.2,N,Patchy rain possible,1.6999999999999993
2025-04-19 02:00,24.0,0.0,92,1007.0,7.6,49,22.6,26.4,10.0,8.9,SSW,Partly cloudy,1.3999999999999986
2025-01-23 17:00,21.2,0.0,78,1011.0,6.1,0,17.2,23.2,10.0,13.2,E,Sunny,4.0
2025-01-16 12:00,20.6,0.2,84,1021.0,18.4,100,17.8,22.6,10.0,29.5,NE,Patchy rain possible,2.8000000000000007
2024-08-14 01:00,25.6,0.0,86,1006.0,5.9,73,23.1,28.4,10.0,12.8,WSW,Cloudy,2.5
2024-09-09 23:00,26.2,0.0,86,1006.0,8.3,87,23.7,29.5,9.0,15.3,SW,Overcast,2.5
2024-06-03 05:00,27.2,0.0,74,1006.0,7.6,48,22.1,29.9,10.0,10.0,WSW,Partly cloudy,5.099999999999998
2024-06-18 05:00,26.1,0.0,78,1004.0,7.8,26,22.0,28.5,10.0,16.2,SW,Partly cloudy,4.100000000000001
2025-03-06 01:00,23.6,0.0,96,1010.0,4.3,47,23.1,26.2,2.0,7.6,SE,Partly cloudy,0.5
2024-09-28 09:00,28.9,0.0,76,1011.0,6.5,5,24.1,33.5,10.0,11.8,SSE,Sunny,4.799999999999997
2024-10-14 10:00,27.9,0.2,77,1013.0,8.6,59,23.5,31.6,10.0,19.5,NNE,Patchy rain possible,4.399999999999999
2025-02-14 22:00,22.0,0.0,96,1013.0,5.4,95,21.4,24.6,2.0,8.3,S,Overcast,0.6000000000000014
2025-04-25 11:00,33.7,0.0,67,1010.0,15.1,28,22.3,43.7,10.0,25.2,ENE,Partly cloudy,11.400000000000002
2024-11-22 04:00,23.9,1.4,88,1013.0,15.0,100,21.9,26.2,10.0,30.7,NE,Heavy rain at times,2.0
2024-11-06 15:00,25.3,0.1,83,1014.0,20.2,73,22.1,27.6,9.0,26.0,NE,Patchy rain possible,3.1999999999999993
2025-05-12 20:00,24.8,0.0,85,1009.0,6.8,93,22.0,27.0,10.0,10.2,NNW,Overcast,2.8000000000000007
2025-01-08 23:00,20.2,0.3,91,1017.0,4.3,69,18.6,22.2,10.0,6.8,SW,Patchy rain possible,1.5999999999999979
2025-01-10 00:00,20.8,0.3,85,1021.0,9.7,78,18.2,22.8,10.0,15.6,ENE,Patchy rain possible,2.6000000000000014
2024-08-16 06:00,26.1,0.0,84,1005.0,7.6,22,23.3,29.2,10.0,9.5,SW,Sunny,2.8000000000000007
2024-11-20 12:00,26.6,0.0,75,1013.0,16.9,78,21.7,29.0,10.0,27.8,NNW,Cloudy,4.900000000000002
2025-03-22 13:00,24.3,0.0,74,1018.0,9.7,85,18.4,26.0,10.0,17.6,E,Overcast,5.900000000000002
2024-08-19 01:00,26.8,0.0,83,1006.0,7.2,12,23.6,30.3,10.0,12.8,SW,Clear,3.1999999999999993
2024-05-24 03:00,24.2,0.0,96,1007.0,7.6,79,23.4,26.9,10.0,11.3,SSW,Cloudy,0.8000000000000007
2024-08-16 00:00,26.2,0.0,89,1005.0,6.6,23,24.2,29.8,10.0,13.3,SW,Clear,2.0
2024-11-02 16:00,25.7,0.0,75,1011.0,16.6,75,20.9,27.7,10.0,28.4,NNW,Cloudy,4.800000000000001
2024-09-22 10:00,27.6,0.3,90,1005.0,8.3,100,25.3,32.6,2.0,15.5,SW,Patchy rain possible,2.3000000000000007
2024-10-04 00:00,24.1,0.0,84,1014.0,10.4,100,21.2,26.2,10.0,15.4,NW,Overcast,2.900000000000002
2024-12-14 13:00,21.9,2.65,92,1017.0,23.9,100,20.6,23.9,7.0,37.5,NNE,Moderate or heavy rain shower,1.2999999999999972
2024-10-28 22:00,20.7,0.0,94,1007.0,10.1,100,19.6,22.7,9.0,10.7,W,Overcast,1.0999999999999979
2024-05-28 09:00,32.8,0.0,58,1004.0,9.0,22,23.5,38.6,10.0,11.6,WSW,Sunny,9.299999999999997
2025-05-12 16:00,26.7,0.0,75,1007.0,16.6,58,22.0,29.3,10.0,36.3,N,Partly cloudy,4.699999999999999
2025-02-01 08:00,20.0,0.0,85,1013.0,7.9,4,17.5,22.0,10.0,10.7,SSW,Sunny,2.5
2024-08-25 22:00,27.2,0.0,89,1009.0,8.6,80,24.7,31.5,10.0,10.7,SSW,Cloudy,2.5
2024-11-30 15:00,22.3,0.14,81,1013.0,12.2,92,19.0,24.7,10.0,16.0,NE,Patchy rain possible,3.3000000000000007
2024-05-23 13:00,28.2,0.8,79,1007.0,5.8,74,24.2,32.6,9.0,12.7,E,Moderate rain at times,4.0
2025-04-19 09:00,29.4,0.0,75,1010.0,5.0,26,24.4,34.7,10.0,11.6,ENE,Partly cloudy,5.0
2024-11-25 12:00,26.5,0.1,80,1013.0,7.9,88,22.8,29.3,9.0,18.7,NE,Patchy rain possible,3.6999999999999993
2025-04-11 15:00,30.2,0.0,86,1004.0,6.8,78,24.0,39.2,8.0,16.3,SE,Cloudy,6.199999999999999
2024-07-25 13:00,32.0,0.0,65,998.0,17.6,38,23.3,37.4,10.0,24.0,SW,Partly cloudy,8.7
2024-08-29 13:00,33.0,0.2,56,1004.0,11.1,88,23.0,38.4,10.0,26.2,NE,Patchy rain possible,10.0
2024-12-02 16:00,24.9,0.0,87,1011.0,6.1,100,21.0,26.9,10.0,15.3,E,Overcast,3.8999999999999986
2024-09-27 04:00,24.1,0.0,90,1010.0,5.4,15,22.5,26.5,10.0,9.2,SSW,Clear,1.6000000000000014
2024-11-05 21:00,24.2,1.69,90,1016.0,13.6,94,22.5,26.7,7.0,27.3,NE,Moderate or heavy rain shower,1.6999999999999993
2024-08-28 12:00,35.1,0.0,55,1005.0,13.2,13,22.4,40.8,10.0,19.5,NE,Sunny,12.700000000000003
2024-06-07 14:00,30.4,4.0,63,1005.0,16.2,70,24.8,36.4,10.0,23.6,ENE,Moderate or heavy rain shower,5.599999999999998
2025-05-04 05:00,24.1,0.0,83,1007.0,9.0,14,21.1,26.2,10.0,11.0,SSW,Clear,3.0
2025-02-16 21:00,22.3,0.2,88,1016.0,6.8,93,20.2,24.7,10.0,11.6,SE,Patchy rain possible,2.1000000000000014
2025-04-19 23:00,25.4,0.0,91,1009.0,7.9,16,24.0,28.5,10.0,9.7,SSE,Clear,1.3999999999999986
2024-07-01 03:00,27.2,0.0,75,1004.0,6.9,12,22.2,30.0,10.0,14.7,WSW,Clear,5.0
2024-10-10 09:00,27.0,0.2,69,1013.0,2.2,77,20.8,29.1,10.0,8.4,W,Patchy rain possible,6.199999999999999
2025-01-16 06:00,20.1,0.2,91,1021.0,16.2,100,18.6,22.1,10.0,24.3,NNE,Patchy rain possible,1.5
2024-11-29 13:00,23.1,0.0,68,1017.0,18.4,86,16.9,25.1,10.0,26.9,NE,Overcast,6.200000000000003
2024-08-20 11:00,34.6,0.0,59,1007.0,12.2,32,23.0,40.9,10.0,21.8,NNE,Partly cloudy,11.600000000000001
2024-10-19 15:00,27.7,0.9,80,1010.0,12.2,79,23.9,31.7,10.0,20.6,ENE,Moderate rain at times,3.8000000000000007
2025-03-24 11:00,25.3,0.0,73,1015.0,10.1,2,18.7,27.1,10.0,11.6,E,Sunny,6.600000000000001
2025-05-11 07:00,26.2,0.0,86,1007.0,5.8,64,23.7,29.5,5.0,7.9,WNW,Cloudy,2.5
2025-04-12 21:00,26.6,0.0,94,1012.0,6.8,56,24.8,31.4,10.0,9.5,W,Partly cloudy,1.8000000000000007
2025-02-03 20:00,21.2,0.1,89,1017.0,9.4,100,19.3,23.2,10.0,16.9,NNW,Patchy rain possible,1.8999999999999986
2024-10-20 23:00,24.3,5.1,91,1014.0,7.2,100,22.7,26.8,2.0,11.4,WNW,Moderate or heavy rain shower,1.6000000000000014
2024-06-14 01:00,26.9,0.0,72,1004.0,6.9,7,21.4,29.2,10.0,14.4,SW,Clear,5.5
2024-10-24 18:00,24.1,0.0,80,1009.0,11.9,5,20.4,26.1,10.0,24.2,NW,Clear,3.700000000000003
2025-03-21 01:00,18.1,0.0,82,1021.0,7.9,76,15.0,20.1,10.0,13.8,WNW,Cloudy,3.1000000000000014
2024-12-06 04:00,22.7,1.0,91,1012.0,5.0,100,21.1,25.0,10.0,8.7,ENE,Heavy rain at times,1.5999999999999979
2024-07-14 21:00,24.5,2.63,97,1004.0,5.4,100,24.0,27.4,7.0,8.7,WSW,Moderate or heavy rain shower,0.5
2024-11-17 09:00,25.9,0.0,75,1014.0,4.3,10,21.2,28.0,10.0,5.0,S,Sunny,4.699999999999999
2024-07-20 02:00,25.2,0.0,87,1004.0,7.9,43,22.9,27.9,10.0,9.6,W,Partly cloudy,2.3000000000000007
2024-12-11 02:00,23.4,0.1,91,1011.0,10.1,100,21.9,25.7,10.0,14.8,ENE,Patchy rain possible,1.5
2024-11-06 01:00,23.9,0.9,90,1015.0,13.9,100,22.1,26.2,10.0,29.6,NE,Moderate rain at times,1.7999999999999972
2024-11-21 22:00,24.0,0.7,89,1015.0,20.2,100,22.2,26.3,10.0,32.7,ENE,Moderate rain at times,1.8000000000000007
2024-08-05 21:00,27.7,0.0,85,1008.0,8.6,24,24.3,31.9,10.0,11.0,SSW,Clear,3.3999999999999986
2024-09-24 03:00,24.6,0.0,90,1009.0,7.9,66,22.9,27.2,10.0,12.0,NW,Cloudy,1.7000000000000028
2024-07-22 01:00,25.0,0.1,86,1003.0,5.6,70,22.5,27.4,10.0,11.8,W,Patchy rain possible,2.5
2025-03-08 17:00,20.8,0.0,91,1014.0,7.6,100,19.2,22.8,2.0,15.3,NW,Overcast,1.6000000000000014
2024-09-09 09:00,33.1,0.0,60,1007.0,4.3,26,22.3,38.0,10.0,10.6,NW,Partly cloudy,10.8
2024-10-28 19:00,22.3,0.0,92,1006.0,6.8,100,20.9,24.8,9.0,10.2,WNW,Overcast,1.4000000000000021
2025-01-12 15:00,19.1,0.0,71,1020.0,14.8,76,13.9,21.1,10.0,24.7,NE,Cloudy,5.200000000000001
2024-07-15 01:00,24.5,4.4,89,1003.0,11.9,96,22.6,26.9,10.0,21.0,WNW,Moderate or heavy rain shower,1.8999999999999986
2025-04-04 23:00,21.1,0.0,92,1012.0,5.8,22,19.7,23.1,10.0,9.7,S,Clear,1.4000000000000021
2024-12-04 23:00,21.9,0.0,90,1013.0,4.3,85,20.2,23.9,10.0,7.2,WNW,Overcast,1.6999999999999993
2024-08-02 08:00,29.5,0.0,68,1008.0,6.8,12,22.9,33.5,10.0,8.1,WSW,Sunny,6.600000000000001
2025-05-13 21:00,24.8,0.0,89,1010.0,7.9,59,22.9,27.4,10.0,12.6,SW,Partly cloudy,1.9000000000000021
2024-07-01 19:00,29.7,0.0,78,1005.0,3.2,17,24.2,34.9,10.0,12.1,ESE,Clear,5.5
2025-03-24 01:00,19.5,0.0,93,1014.0,7.2,23,18.3,21.5,10.0,11.8,SW,Clear,1.1999999999999993
2025-03-27 18:00,26.0,0.0,84,1004.0,6.5,14,22.9,28.9,10.0,12.2,ESE,Sunny,3.1000000000000014
2025-04-29 17:00,26.9,0.0,75,1009.0,10.8,5,22.1,29.6,10.0,13.9,E,Sunny,4.799999999999997
2025-05-06 18:00,30.3,0.0,86,1006.0,9.0,78,23.4,39.7,9.0,15.6,SSW,Cloudy,6.900000000000002
2024-06-08 19:00,26.3,0.4,88,1005.0,6.8,73,24.2,29.9,10.0,12.2,W,Patchy rain possible,2.1000000000000014
2024-08-17 07:00,27.5,0.0,80,1007.0,7.6,18,23.7,31.2,10.0,12.1,WSW,Sunny,3.8000000000000007
2025-05-13 07:00,24.6,0.1,87,1010.0,3.2,82,22.3,26.9,10.0,4.6,W,Patchy rain possible,2.3000000000000007
2024-08-13 09:00,31.9,0.0,59,1006.0,5.4,25,22.8,36.7,10.0,13.2,SW,Partly cloudy,9.099999999999998
2024-05-29 14:00,34.2,0.0,64,1001.0,10.4,51,24.5,41.9,10.0,13.3,NNE,Partly cloudy,9.700000000000003
2025-01-21 12:00,21.9,0.0,65,1015.0,6.8,0,15.0,23.9,10.0,12.2,E,Sunny,6.899999999999999
2024-11-01 00:00,21.8,0.0,88,1009.0,8.6,25,20.4,23.8,10.0,10.8,WNW,Partly cloudy,1.4000000000000021
2025-01-05 03:00,17.5,0.0,86,1017.0,10.8,86,15.1,19.5,10.0,15.9,WNW,Overcast,2.4000000000000004
2024-06-29 14:00,31.6,1.8,66,1004.0,14.1,75,24.4,37.9,10.0,25.1,ENE,Moderate or heavy rain shower,7.200000000000003
2024-06-06 16:00,30.2,0.0,79,1006.0,5.8,85,25.1,36.4,9.0,16.3,NW,Overcast,5.099999999999998
2024-12-30 22:00,21.5,0.1,91,1018.0,9.7,100,20.1,23.5,10.0,14.4,NE,Patchy rain possible,1.3999999999999986
2025-01-31 06:00,16.5,0.0,89,1013.0,9.4,0,14.7,18.5,10.0,13.3,SW,Clear,1.8000000000000007
2025-02-06 20:00,20.1,0.0,88,1015.0,3.6,74,18.1,22.1,10.0,6.0,ESE,Cloudy,2.0
2024-11-28 04:00,22.8,0.7,85,1016.0,18.3,100,20.2,25.0,10.0,28.3,NE,Moderate rain at times,2.6000000000000014
2024-11-11 02:00,21.7,0.0,82,1012.0,8.9,77,18.6,23.7,10.0,15.0,WNW,Cloudy,3.099999999999998
2024-06-23 10:00,30.3,0.0,71,1003.0,6.1,54,24.4,35.9,10.0,15.1,N,Partly cloudy,5.900000000000002
2025-01-21 01:00,18.6,0.0,74,1015.0,0.7,37,13.9,20.6,10.0,1.1,SSW,Partly cloudy,4.700000000000001
2024-09-23 19:00,24.3,0.4,91,1009.0,9.7,100,22.9,26.9,2.0,14.9,WNW,Patchy rain possible,1.4000000000000021
2024-07-07 02:00,24.9,0.0,92,1005.0,8.3,25,23.5,27.7,10.0,10.2,S,Partly cloudy,1.3999999999999986
2024-09-21 16:00,28.9,1.7,84,1001.0,11.5,69,26.0,35.3,10.0,18.1,NNW,Moderate or heavy rain shower,2.8999999999999986
2024-06-04 23:00,26.5,0.0,87,1009.0,2.5,70,24.1,30.2,10.0,5.0,NNW,Cloudy,2.3999999999999986
2024-12-02 12:00,25.3,0.1,88,1013.0,9.4,100,21.3,27.4,10.0,17.8,E,Patchy rain possible,4.0
2024-06-19 13:00,35.5,0.0,57,1002.0,12.4,17,23.0,42.1,10.0,20.1,NE,Sunny,12.5
2024-08-13 21:00,27.2,0.0,85,1007.0,6.1,22,24.5,31.5,10.0,10.8,SSW,Clear,2.6999999999999993
2024-10-22 17:00,25.7,0.3,86,1011.0,15.1,85,23.1,28.5,9.0,23.9,NE,Patchy rain possible,2.599999999999998
2024-06-04 18:00,30.4,0.0,81,1006.0,8.6,70,25.8,37.5,9.0,14.9,SE,Cloudy,4.599999999999998
2024-08-28 07:00,26.6,0.0,75,1007.0,7.6,12,21.7,29.0,10.0,12.3,SW,Sunny,4.900000000000002
2024-12-08 14:00,24.1,0.4,85,1015.0,20.2,100,20.1,26.0,10.0,31.7,NE,Patchy rain possible,4.0
2024-08-29 04:00,24.9,0.0,84,1004.0,10.1,10,22.1,27.3,10.0,14.3,WSW,Clear,2.799999999999997
2024-10-24 06:00,23.3,0.0,88,1011.0,8.5,83,21.2,25.5,10.0,15.0,WNW,Cloudy,2.1000000000000014
2024-10-28 12:00,23.7,0.2,83,1005.0,5.8,100,20.2,25.6,2.0,11.9,SW,Patchy rain possible,3.5
2024-08-11 07:00,28.7,0.0,72,1003.0,7.8,10,23.1,32.5,10.0,15.6,WSW,Sunny,5.599999999999998
2025-04-26 20:00,25.7,0.3,95,1011.0,4.7,86,24.1,29.5,2.0,7.6,ESE,Patchy rain possible,1.5999999999999979
2024-10-12 19:00,25.3,0.1,88,1012.0,4.0,74,23.2,28.1,5.0,6.3,NNE,Patchy rain possible,2.1000000000000014
2024-06-23 05:00,25.2,0.0,90,1002.0,6.6,89,23.4,28.0,10.0,11.6,WSW,Overcast,1.8000000000000007
2024-10-21 14:00,26.1,0.8,90,1011.0,10.1,70,24.4,29.8,10.0,17.9,N,Moderate rain at times,1.7000000000000028
2025-02-28 20:00,22.1,0.01,93,1015.0,11.9,74,21.0,24.6,10.0,17.1,ESE,Patchy rain possible,1.1000000000000014
2024-07-14 18:00,24.4,2.8,94,1001.0,10.1,100,23.4,27.1,7.0,22.3,WNW,Moderate or heavy rain shower,1.0
2025-03-02 11:00,26.9,0.0,75,1010.0,11.9,12,22.1,29.6,10.0,18.5,SE,Sunny,4.799999999999997
2025-05-02 20:00,26.6,0.3,90,1011.0,0.7,74,23.2,30.8,10.0,8.3,SSW,Patchy rain possible,3.400000000000002
2024-09-23 04:00,23.9,1.52,96,1005.0,4.7,100,23.2,26.5,7.0,6.9,WSW,Moderate or heavy rain shower,0.6999999999999993
2024-10-19 19:00,25.4,0.3,88,1012.0,3.6,74,23.2,28.2,9.0,6.0,NE,Patchy rain possible,2.1999999999999993
2024-08-19 22:00,27.3,0.0,86,1007.0,9.0,87,24.7,31.7,10.0,11.5,SSW,Overcast,2.6000000000000014
2024-12-20 02:00,19.7,0.5,87,1016.0,7.6,100,17.4,21.7,10.0,11.3,NE,Moderate rain at times,2.3000000000000007
2024-11-10 05:00,20.2,0.0,80,1014.0,9.0,28,16.8,22.2,10.0,15.7,W,Partly cloudy,3.3999999999999986
2024-12-16 01:00,19.9,0.0,90,1020.0,10.4,100,18.3,21.9,2.0,15.4,N,Overcast,1.5999999999999979
2024-12-13 08:00,23.6,0.4,92,1015.0,14.8,100,22.2,25.9,10.0,20.5,NE,Patchy rain possible,1.4000000000000021
2024-06-13 10:00,33.9,0.0,53,1006.0,7.9,18,23.0,39.7,10.0,13.8,WSW,Sunny,10.899999999999999
2024-06-29 06:00,25.8,0.0,83,1006.0,9.7,10,22.6,28.5,10.0,12.1,SW,Sunny,3.1999999999999993
2024-06-09 01:00,26.0,0.0,87,1004.0,7.9,30,23.7,29.2,10.0,10.1,SSW,Partly cloudy,2.3000000000000007
2025-03-08 00:00,19.2,0.0,85,1017.0,13.0,100,16.6,21.2,10.0,18.1,WNW,Overcast,2.599999999999998
2025-05-22 04:00,24.1,0.0,88,1006.0,5.6,7,21.9,26.3,10.0,12.2,SW,Clear,2.200000000000003
2024-10-14 05:00,23.8,2.7,90,1011.0,7.2,52,22.0,26.1,10.0,17.6,WNW,Moderate or heavy rain shower,1.8000000000000007
2025-04-27 15:00,30.0,0.0,73,1008.0,18.4,3,22.6,35.6,10.0,28.5,ESE,Sunny,7.399999999999999
2024-05-31 15:00,28.7,1.2,78,1003.0,10.4,100,24.5,33.6,10.0,16.6,N,Light rain shower,4.199999999999999
2025-04-02 13:00,22.3,0.0,84,1016.0,7.6,100,19.4,24.7,10.0,15.7,NNW,Overcast,2.900000000000002
2024-06-11 02:00,26.6,0.0,84,1006.0,9.7,88,23.7,30.0,10.0,12.7,SW,Overcast,2.900000000000002
2024-08-16 14:00,31.1,3.5,69,1003.0,18.4,75,24.8,37.4,10.0,29.3,NNE,Moderate or heavy rain shower,6.300000000000001
2024-09-01 06:00,25.2,0.0,86,1007.0,6.8,13,22.6,27.7,10.0,7.9,SW,Sunny,2.599999999999998
2024-06-02 10:00,31.2,0.0,70,1010.0,3.2,44,23.9,36.8,10.0,9.5,W,Partly cloudy,7.300000000000001
2025-04-17 19:00,25.9,0.0,93,1007.0,7.2,14,23.9,29.6,10.0,10.7,S,Clear,2.0
2025-01-04 13:00,21.9,0.2,74,1016.0,14.0,95,17.1,23.9,10.0,23.1,ENE,Patchy rain possible,4.799999999999997
2024-07-08 03:00,24.8,0.0,93,1005.0,8.6,35,23.6,27.6,10.0,10.3,SSW,Partly cloudy,1.1999999999999993
2025-04-01 17:00,21.3,0.0,85,1014.0,12.2,100,18.6,23.3,10.0,28.5,NW,Overcast,2.6999999999999993
2025-01-27 03:00,16.9,0.7,90,1019.0,15.8,100,15.4,18.9,2.0,28.0,NW,Moderate rain at times,1.4999999999999982
2024-08-02 09:00,31.3,0.0,60,1008.0,3.2,13,22.6,35.7,10.0,8.9,W,Sunny,8.7
2024-11-01 23:00,22.2,0.0,86,1012.0,9.0,71,20.3,24.7,10.0,15.7,WNW,Cloudy,1.8999999999999986
2025-03-30 05:00,22.6,0.2,95,1013.0,4.3,100,21.7,25.0,10.0,7.8,NNE,Light rain shower,0.9000000000000021
2024-06-21 19:00,29.4,0.0,85,1004.0,12.6,73,25.1,35.4,9.0,20.3,SE,Cloudy,4.299999999999997
2024-06-15 00:00,27.6,0.0,87,1004.0,9.0,16,24.6,32.1,10.0,12.0,SW,Clear,3.0
2024-07-21 23:00,25.4,0.0,89,1006.0,5.6,79,23.3,28.2,10.0,11.9,SW,Cloudy,2.099999999999998
2024-08-25 14:00,33.2,0.0,68,1006.0,17.3,16,24.0,40.0,10.0,25.8,NNE,Sunny,9.200000000000003
2024-10-01 00:00,26.0,0.0,91,1006.0,7.6,14,24.3,29.5,10.0,8.1,SSW,Clear,1.6999999999999993
2024-08-16 16:00,31.6,0.0,77,1003.0,9.0,78,25.2,38.8,9.0,18.0,ENE,Cloudy,6.400000000000002
2024-08-11 05:00,26.6,0.0,77,1002.0,6.5,9,22.2,29.2,10.0,14.6,WSW,Clear,4.400000000000002
2024-06-18 10:00,35.0,0.0,54,1005.0,6.8,17,22.9,41.1,10.0,14.5,WSW,Sunny,12.100000000000001
2025-01-31 10:00,22.5,0.0,70,1016.0,6.8,0,16.9,24.8,10.0,7.9,SSW,Sunny,5.600000000000001
2024-06-05 04:00,26.2,0.0,81,1006.0,9.7,15,22.6,28.9,10.0,14.0,SW,Clear,3.599999999999998
2025-04-22 18:00,28.3,0.0,84,1008.0,8.3,78,23.8,33.7,9.0,14.8,SSE,Cloudy,4.5
2025-05-11 01:00,25.8,0.0,91,1006.0,4.0,16,24.3,29.4,10.0,6.6,WSW,Clear,1.5
2025-01-04 00:00,20.0,0.0,82,1017.0,3.6,100,16.9,22.0,10.0,5.5,N,Overcast,3.1000000000000014
2024-06-09 19:00,26.2,0.1,91,1006.0,9.0,82,24.6,30.0,9.0,19.3,SSW,Patchy rain possible,1.5999999999999979
2025-03-06 13:00,27.0,0.4,86,1012.0,7.9,54,23.6,31.0,10.0,17.6,ENE,Patchy rain possible,3.3999999999999986
2024-05-27 09:00,32.2,0.0,60,1005.0,9.0,10,23.5,37.7,10.0,11.3,SW,Sunny,8.700000000000003
2024-09-26 17:00,27.6,0.0,83,1009.0,9.0,71,24.5,32.0,10.0,15.5,ESE,Cloudy,3.1000000000000014
2024-11-15 14:00,28.2,0.0,80,1008.0,13.3,87,23.1,31.9,10.0,15.6,E,Overcast,5.099999999999998
2024-08-21 09:00,32.3,0.0,61,1009.0,3.6,20,22.1,36.7,10.0,12.8,WSW,Sunny,10.199999999999996
2024-08-02 05:00,25.2,0.0,86,1007.0,10.4,13,22.6,27.7,10.0,14.3,WSW,Clear,2.599999999999998
2024-05-26 17:00,30.1,0.0,77,1006.0,8.6,87,25.2,36.4,9.0,11.2,ENE,Overcast,4.900000000000002
2024-08-24 09:00,31.6,0.0,58,1010.0,7.2,7,21.7,35.4,10.0,13.0,S,Sunny,9.900000000000002
2024-10-02 06:00,25.0,0.0,88,1010.0,8.3,23,22.9,27.5,10.0,14.1,W,Sunny,2.1000000000000014
2025-03-08 04:00,19.2,0.0,84,1015.0,9.4,100,16.5,21.2,10.0,13.5,W,Overcast,2.6999999999999993
2025-02-07 19:00,20.6,0.4,91,1017.0,11.2,75,19.2,22.6,9.0,18.0,NE,Patchy rain possible,1.4000000000000021
2025-02-27 12:00,22.9,0.2,84,1017.0,9.7,64,20.1,25.1,10.0,11.6,NE,Patchy rain possible,2.799999999999997
2024-08-12 05:00,25.8,0.0,84,1002.0,9.0,20,22.8,28.5,10.0,12.4,W,Clear,3.0
2024-11-07 12:00,26.1,0.1,83,1016.0,23.8,100,21.5,28.4,10.0,39.3,ENE,Patchy rain possible,4.600000000000001
2025-05-17 06:00,25.0,0.0,86,1009.0,4.9,17,22.5,27.5,10.0,9.1,SSW,Sunny,2.5
2024-09-18 16:00,27.0,3.1,84,999.0,10.4,88,24.0,30.7,10.0,20.9,WNW,Moderate or heavy rain shower,3.0
2025-02-12 08:00,21.9,0.1,88,1015.0,3.6,97,19.8,23.9,10.0,4.9,NW,Patchy rain possible,2.099999999999998
2024-05-23 01:00,25.4,0.0,91,1007.0,7.6,77,23.8,28.4,2.0,12.1,WSW,Cloudy,1.5999999999999979
2025-02-02 19:00,20.8,0.0,95,1010.0,6.1,40,20.0,22.8,2.0,10.5,SE,Partly cloudy,0.8000000000000007
2024-11-19 17:00,24.3,1.0,86,1013.0,11.0,84,21.8,26.5,10.0,25.6,NE,Heavy rain at times,2.5
2025-01-29 23:00,17.9,0.0,87,1019.0,7.2,83,15.6,19.9,10.0,12.3,W,Cloudy,2.299999999999999
2024-06-30 23:00,27.7,0.0,78,1007.0,7.6,12,23.6,31.4,10.0,10.5,WSW,Clear,4.099999999999998
2025-04-18 17:00,30.3,0.0,85,1006.0,11.6,72,24.9,39.6,8.0,21.6,S,Cloudy,5.400000000000002
2024-09-13 08:00,27.0,0.0,84,1006.0,3.2,89,24.1,30.8,10.0,4.3,WSW,Overcast,2.8999999999999986
2025-05-21 06:00,24.9,0.0,86,1007.0,5.4,18,22.5,27.4,10.0,10.4,SSW,Sunny,2.3999999999999986
2024-12-25 21:00,20.4,0.3,88,1018.0,7.7,100,18.3,22.4,10.0,12.3,WNW,Patchy rain possible,2.099999999999998
2025-03-15 07:00,23.5,0.0,90,1011.0,8.3,12,21.7,25.7,10.0,13.2,S,Sunny,1.8000000000000007
2024-06-16 15:00,34.0,0.0,66,1003.0,15.8,72,23.7,40.8,10.0,24.6,ENE,Cloudy,10.3
2025-05-15 23:00,25.2,0.0,90,1011.0,5.8,34,23.5,28.1,10.0,10.9,SW,Partly cloudy,1.6999999999999993
2025-03-09 15:00,23.5,0.2,81,1015.0,9.4,63,20.1,25.5,10.0,17.6,NE,Patchy rain possible,3.3999999999999986
2024-09-22 08:00,26.6,0.0,94,1005.0,5.8,63,24.9,30.8,5.0,8.2,SSW,Cloudy,1.7000000000000028
2025-05-03 00:00,25.3,0.0,92,1010.0,8.6,18,23.3,28.4,10.0,14.1,SSW,Clear,2.0
2024-09-02 00:00,26.2,0.0,87,1008.0,5.8,17,23.9,29.6,10.0,9.5,SSW,Clear,2.3000000000000007
2024-07-27 16:00,31.4,0.1,69,1001.0,6.1,85,24.3,37.5,10.0,16.0,SW,Patchy rain possible,7.099999999999998
2025-04-14 19:00,22.1,0.0,84,1014.0,13.3,61,19.2,24.6,10.0,19.3,NNW,Cloudy,2.900000000000002
2025-04-10 16:00,29.7,0.0,85,1006.0,7.5,69,23.4,37.8,6.0,20.1,SSE,Cloudy,6.300000000000001
2024-05-31 21:00,25.7,0.0,89,1007.0,10.4,38,23.7,28.9,10.0,17.1,SSW,Partly cloudy,2.0
2024-06-24 10:00,28.8,0.0,85,1005.0,10.1,71,23.9,33.3,10.0,21.0,W,Cloudy,4.900000000000002
2025-04-14 23:00,21.4,0.0,86,1015.0,5.8,56,18.9,23.4,10.0,8.4,WNW,Partly cloudy,2.5
2024-10-15 16:00,27.4,0.1,84,1009.0,10.8,82,24.4,31.7,10.0,19.2,NE,Patchy rain possible,3.0
2025-05-16 12:00,31.1,0.1,64,1009.0,13.7,73,23.3,36.0,10.0,20.6,E,Patchy rain possible,7.800000000000001
2024-08-16 03:00,25.9,0.0,87,1004.0,8.6,21,23.6,29.1,10.0,11.6,SSW,Clear,2.299999999999997
2025-05-04 12:00,32.8,0.0,65,1006.0,13.3,13,23.4,40.7,10.0,21.1,E,Sunny,9.399999999999999
2025-01-03 20:00,20.2,0.0,87,1018.0,6.8,79,18.0,22.2,10.0,10.1,NW,Cloudy,2.1999999999999993
2025-02-03 10:00,23.8,0.2,83,1017.0,1.1,90,19.5,25.9,10.0,8.1,NNE,Patchy rain possible,4.300000000000001
2024-07-27 07:00,27.8,0.0,75,1003.0,10.7,37,23.1,31.3,10.0,18.8,SW,Partly cloudy,4.699999999999999
2024-05-29 21:00,29.6,0.0,80,1004.0,6.1,56,25.5,35.8,10.0,7.3,SW,Partly cloudy,4.100000000000001
2024-12-04 22:00,22.2,0.0,89,1014.0,2.9,72,20.3,24.6,10.0,4.7,NW,Cloudy,1.8999999999999986
2024-10-18 14:00,27.7,0.1,81,1008.0,11.2,81,24.1,31.8,9.0,18.3,ENE,Patchy rain possible,3.599999999999998
2025-03-15 04:00,21.9,0.0,92,1010.0,7.9,28,20.6,23.9,10.0,15.4,S,Partly cloudy,1.2999999999999972
2025-05-20 05:00,24.3,0.0,88,1006.0,5.2,19,22.2,26.7,10.0,6.2,SSW,Clear,2.1000000000000014
2025-01-04 15:00,21.7,0.0,76,1014.0,13.0,74,17.2,23.7,10.0,16.6,ENE,Cloudy,4.5
2024-08-14 21:00,27.7,0.0,81,1007.0,6.1,84,24.1,31.8,9.0,11.3,SSW,Cloudy,3.599999999999998
2024-06-03 09:00,32.1,0.0,60,1007.0,3.2,45,23.3,37.5,10.0,10.6,WSW,Partly cloudy,8.8
2024-10-30 20:00,24.2,2.04,90,1009.0,9.7,76,22.6,26.6,9.0,15.4,NNW,Light rain,1.5999999999999979
2024-11-12 15:00,25.5,7.9,88,1009.0,10.1,91,23.3,28.4,10.0,22.2,N,Moderate or heavy rain shower,2.1999999999999993
2025-03-27 09:00,28.9,0.0,60,1006.0,12.6,4,20.5,31.2,10.0,18.6,S,Sunny,8.399999999999999
2024-10-27 20:00,22.0,0.0,82,1004.0,8.2,53,19.7,24.0,10.0,13.1,WNW,Partly cloudy,2.3000000000000007
2024-12-24 23:00,19.4,0.0,89,1017.0,9.7,100,17.6,21.4,10.0,14.5,NW,Overcast,1.7999999999999972
2024-06-08 10:00,33.0,0.0,55,1005.0,2.5,13,22.7,38.1,10.0,11.2,ESE,Sunny,10.3
2024-06-16 07:00,29.4,0.0,70,1005.0,6.4,13,23.5,33.8,10.0,15.2,SSW,Sunny,5.899999999999999
2025-05-19 16:00,29.3,0.0,80,1005.0,13.7,87,25.5,35.4,9.0,23.9,ESE,Overcast,3.8000000000000007
2025-05-22 10:00,32.4,0.0,62,1006.0,14.4,7,23.2,37.8,10.0,21.8,ESE,Sunny,9.2
2024-05-27 20:00,29.1,0.0,83,1004.0,7.6,17,25.6,35.2,10.0,14.5,S,Clear,3.5
2025-02-23 20:00,21.5,1.2,96,1021.0,14.0,100,20.8,23.5,7.0,25.1,NE,Heavy rain at times,0.6999999999999993
2025-04-05 14:00,27.1,0.0,79,1010.0,15.1,10,22.1,30.5,10.0,23.5,E,Sunny,5.0
2025-05-20 11:00,33.1,0.0,60,1007.0,10.6,16,23.4,39.8,10.0,16.8,E,Sunny,9.700000000000003
2025-03-31 18:00,21.1,0.01,84,1014.0,14.4,100,18.3,23.1,10.0,19.6,WNW,Patchy rain possible,2.8000000000000007
2024-06-13 16:00,31.7,0.0,67,1003.0,13.7,9,24.9,38.5,10.0,26.6,E,Sunny,6.800000000000001
2024-08-04 11:00,32.7,0.0,63,1009.0,7.9,9,23.4,38.5,10.0,16.3,ENE,Sunny,9.300000000000004
2024-08-09 03:00,26.7,0.0,80,1005.0,9.0,15,22.9,29.7,10.0,10.7,WSW,Clear,3.8000000000000007
2025-01-01 03:00,18.8,0.0,89,1015.0,9.0,100,17.3,20.8,10.0,12.6,NW,Overcast,1.5
2024-11-04 05:00,23.2,0.4,90,1013.0,4.7,100,21.6,25.5,2.0,7.1,WNW,Patchy rain possible,1.5999999999999979
2024-10-09 08:00,25.4,0.2,86,1014.0,6.1,84,22.8,28.0,10.0,13.6,NW,Patchy rain possible,2.599999999999998
2025-02-21 22:00,21.4,1.6,94,1019.0,10.1,100,20.5,23.4,10.0,15.2,ENE,Moderate or heavy rain shower,0.8999999999999986
2024-08-24 21:00,26.3,0.0,89,1010.0,8.3,80,24.3,29.9,10.0,14.7,SSE,Cloudy,2.0
2024-10-04 08:00,25.1,0.0,84,1015.0,2.5,100,21.1,27.1,2.0,3.4,NW,Overcast,4.0
2024-06-13 22:00,28.4,0.0,77,1005.0,5.6,6,25.1,33.6,10.0,12.0,SW,Clear,3.299999999999997
2024-09-22 18:00,24.0,1.4,96,1004.0,7.6,91,23.3,26.7,9.0,10.7,SSW,Heavy rain at times,0.6999999999999993
2024-11-25 09:00,25.9,1.6,83,1015.0,5.4,53,22.8,28.6,10.0,11.0,NE,Moderate or heavy rain shower,3.099999999999998
2024-11-01 11:00,28.6,0.0,57,1010.0,9.0,4,19.1,30.2,10.0,20.7,NNW,Sunny,9.5
2025-01-13 15:00,19.0,0.0,86,1017.0,12.2,100,16.6,21.0,10.0,15.4,NNE,Overcast,2.3999999999999986
2024-06-20 20:00,29.7,0.0,80,1004.0,5.8,36,24.6,35.2,10.0,10.1,S,Partly cloudy,5.099999999999998
2025-01-30 11:00,21.8,0.1,68,1018.0,5.4,88,15.8,23.8,10.0,10.7,NE,Patchy rain possible,6.0
2024-07-01 23:00,28.1,0.0,76,1006.0,5.0,13,24.2,32.4,10.0,9.6,SSW,Clear,3.900000000000002
2024-11-24 04:00,23.9,1.73,91,1014.0,13.7,87,22.3,26.2,7.0,28.0,ENE,Moderate or heavy rain shower,1.5999999999999979
2025-05-01 15:00,30.2,0.0,72,1009.0,15.1,89,22.8,35.8,10.0,28.9,ENE,Overcast,7.399999999999999
2025-02-11 06:00,19.0,0.0,87,1016.0,6.1,100,16.7,21.0,10.0,9.8,NW,Overcast,2.3000000000000007
2025-02-02 11:00,25.0,0.0,71,1011.0,10.8,0,19.4,26.6,10.0,16.5,SE,Sunny,5.600000000000001
2024-10-21 09:00,24.7,0.7,92,1015.0,5.0,78,23.3,27.4,10.0,14.7,W,Moderate rain at times,1.3999999999999986
2025-01-19 21:00,19.9,0.2,81,1015.0,5.8,65,16.6,21.9,10.0,9.0,NE,Patchy rain possible,3.299999999999997
2024-07-05 18:00,28.3,0.1,78,1005.0,11.9,82,24.2,32.7,5.0,17.1,ESE,Patchy rain possible,4.100000000000001
2024-06-16 14:00,34.7,0.0,64,1004.0,16.3,79,23.5,41.5,10.0,23.2,ENE,Cloudy,11.200000000000003
2024-06-13 15:00,32.9,0.0,62,1003.0,14.8,9,24.7,40.0,10.0,27.3,E,Sunny,8.2
2024-10-10 20:00,25.0,0.0,88,1012.0,8.3,81,22.8,27.6,10.0,13.8,NW,Cloudy,2.1999999999999993
2024-10-23 04:00,24.2,0.2,86,1012.0,7.9,85,21.7,26.4,10.0,14.1,NE,Patchy rain possible,2.5
2025-01-18 16:00,20.9,0.0,77,1014.0,8.3,73,16.7,22.9,10.0,17.4,ENE,Cloudy,4.199999999999999
2025-04-06 10:00,26.2,0.1,75,1015.0,7.6,54,21.4,28.4,10.0,12.6,E,Patchy rain possible,4.800000000000001
2025-02-20 21:00,21.5,0.4,94,1018.0,5.8,100,20.5,23.5,10.0,9.7,ENE,Patchy rain possible,1.0
2024-12-24 19:00,19.4,0.1,90,1017.0,10.1,100,17.6,21.4,10.0,14.9,NW,Patchy rain possible,1.7999999999999972
2024-07-28 23:00,27.9,0.0,72,1003.0,6.8,31,22.3,31.0,10.0,13.4,SW,Partly cloudy,5.599999999999998
2024-10-20 10:00,26.5,1.63,86,1015.0,12.2,90,23.9,30.0,7.0,21.5,NE,Moderate or heavy rain shower,2.6000000000000014
2025-05-14 00:00,25.0,0.0,90,1010.0,6.8,45,23.2,27.7,10.0,11.0,SW,Partly cloudy,1.8000000000000007
2025-02-23 11:00,22.1,0.9,95,1021.0,13.0,100,21.2,24.6,2.0,22.4,NNE,Moderate rain at times,0.9000000000000021
2025-05-22 21:00,26.5,0.2,94,1006.0,6.5,77,25.4,31.1,10.0,10.7,SE,Patchy rain possible,1.1000000000000014
2024-08-06 09:00,31.3,0.0,58,1007.0,1.4,14,22.0,35.3,10.0,8.2,ENE,Sunny,9.3
2024-06-24 23:00,25.8,0.0,82,1006.0,8.3,35,22.4,28.3,10.0,10.4,SW,Partly cloudy,3.400000000000002
2024-06-25 00:00,25.4,0.0,85,1006.0,7.9,100,22.6,28.0,10.0,10.2,WSW,Overcast,2.799999999999997
2025-04-05 18:00,23.1,0.0,93,1011.0,6.5,77,21.8,25.4,10.0,9.5,SE,Cloudy,1.3000000000000007
2024-08-08 07:00,28.5,0.0,80,1008.0,7.2,9,23.5,32.6,10.0,10.4,SW,Sunny,5.0
2024-08-13 12:00,34.7,0.0,56,1004.0,7.9,83,23.5,41.4,10.0,14.9,NNE,Cloudy,11.200000000000003
2024-10-04 17:00,24.4,0.0,89,1012.0,8.3,100,22.4,26.8,10.0,19.5,WNW,Overcast,2.0
2024-10-19 22:00,25.0,0.2,88,1014.0,2.2,83,22.8,27.6,10.0,3.6,WSW,Patchy rain possible,2.1999999999999993
2024-06-30 21:00,27.7,0.0,84,1007.0,5.0,12,24.8,32.4,10.0,9.1,SSW,Clear,2.8999999999999986
2024-11-04 03:00,23.3,1.1,90,1013.0,5.4,100,21.6,25.6,2.0,8.1,WNW,Heavy rain at times,1.6999999999999993
2025-03-07 01:00,19.1,0.1,87,1016.0,14.1,100,16.8,21.1,10.0,24.1,WNW,Patchy rain possible,2.3000000000000007
2025-01-12 10:00,19.6,0.0,74,1025.0,12.6,66,12.9,21.6,10.0,22.8,NNE,Cloudy,6.700000000000001
2025-01-07 10:00,21.8,0.2,75,1018.0,9.0,71,17.2,23.8,10.0,11.4,E,Patchy rain possible,4.600000000000001
2025-01-31 00:00,17.4,0.0,92,1014.0,7.9,24,16.1,19.4,10.0,14.0,SW,Clear,1.2999999999999972
2024-08-01 02:00,26.1,0.0,79,1007.0,9.0,21,22.3,28.7,10.0,12.5,WSW,Clear,3.8000000000000007
2024-11-13 03:00,23.9,0.6,91,1010.0,5.8,100,22.3,26.3,10.0,8.6,NNE,Moderate rain at times,1.5999999999999979
2024-11-06 18:00,23.9,0.1,88,1015.0,19.4,77,21.7,26.1,10.0,35.1,NE,Patchy rain possible,2.1999999999999993
2025-04-30 02:00,22.4,0.0,92,1010.0,6.1,11,21.1,24.8,10.0,11.2,SW,Clear,1.2999999999999972
2025-02-15 14:00,25.7,0.0,82,1009.0,15.5,10,22.3,28.2,10.0,19.2,ESE,Sunny,3.3999999999999986
2024-11-10 12:00,27.4,0.0,64,1013.0,7.6,26,19.9,29.2,10.0,18.2,N,Partly cloudy,7.5
2024-07-03 04:00,26.0,0.0,88,1006.0,10.1,10,23.7,29.3,10.0,12.0,SSW,Clear,2.3000000000000007
2025-03-17 07:00,20.3,0.1,87,1017.0,7.1,100,18.1,22.3,10.0,10.5,NW,Patchy rain possible,2.1999999999999993
2024-10-13 21:00,25.2,0.0,88,1013.0,6.1,86,23.1,28.0,9.0,10.0,NNW,Overcast,2.099999999999998
2024-09-20 16:00,28.8,0.3,79,1001.0,10.4,64,24.7,33.9,10.0,14.4,NNE,Patchy rain possible,4.100000000000001
2024-10-27 10:00,22.3,11.9,82,992.0,23.1,67,19.1,24.7,10.0,41.3,W,Moderate or heavy rain shower,3.1999999999999993
2025-01-13 18:00,18.9,0.0,83,1018.0,5.8,100,16.0,20.9,10.0,8.2,N,Overcast,2.8999999999999986
2025-04-12 06:00,24.6,0.0,80,1007.0,7.6,11,20.9,26.6,10.0,11.0,SSW,Sunny,3.700000000000003
2024-09-28 21:00,26.4,0.0,90,1010.0,7.2,11,24.6,30.4,10.0,12.0,S,Clear,1.7999999999999972
2024-10-01 11:00,30.7,0.1,69,1007.0,7.2,73,24.2,36.3,10.0,15.5,ENE,Patchy rain possible,6.5
2024-12-20 05:00,19.9,0.5,85,1016.0,9.0,100,17.3,21.9,10.0,13.2,NE,Moderate rain at times,2.599999999999998
2025-01-19 22:00,19.8,0.1,81,1015.0,5.0,67,16.4,21.8,10.0,7.9,NE,Patchy rain possible,3.400000000000002
2024-10-03 09:00,25.2,0.1,87,1015.0,14.8,100,22.8,27.7,2.0,23.5,NW,Patchy rain possible,2.3999999999999986
2025-03-31 02:00,20.7,0.09,84,1015.0,11.5,100,17.9,22.7,10.0,16.5,WNW,Patchy rain possible,2.8000000000000007
2024-07-07 18:00,28.4,1.6,87,1006.0,12.7,81,24.3,33.0,7.0,28.4,SE,Moderate or heavy rain shower,4.099999999999998
2025-04-09 03:00,21.4,0.1,95,1012.0,6.5,80,20.5,23.4,2.0,10.8,S,Patchy rain possible,0.8999999999999986
2024-09-18 12:00,27.0,4.3,79,1002.0,13.5,100,22.9,30.1,10.0,30.5,NW,Moderate or heavy rain shower,4.100000000000001
2024-06-28 22:00,26.9,0.0,88,1008.0,7.9,31,24.6,31.0,10.0,8.8,SSE,Partly cloudy,2.299999999999997
2024-10-09 06:00,24.0,0.2,88,1012.0,6.8,100,21.8,26.2,10.0,11.3,NW,Patchy rain possible,2.1999999999999993
2025-04-05 12:00,27.6,0.0,76,1012.0,11.3,7,21.9,30.9,10.0,17.4,E,Sunny,5.700000000000003
2025-02-19 12:00,23.1,0.5,91,1017.0,11.9,100,20.0,25.4,10.0,23.1,ESE,Moderate rain at times,3.1000000000000014
2025-02-01 00:00,18.2,0.0,88,1012.0,7.6,4,16.2,20.2,10.0,9.7,SW,Clear,2.0
2024-06-13 11:00,34.9,0.0,50,1005.0,3.6,19,22.9,41.0,10.0,14.4,WNW,Sunny,12.0
2024-10-09 20:00,25.3,0.0,83,1012.0,5.0,83,22.2,27.7,9.0,8.4,NNW,Cloudy,3.1000000000000014
2024-12-10 09:00,23.6,0.2,90,1015.0,8.0,100,21.8,25.9,10.0,18.0,ENE,Patchy rain possible,1.8000000000000007
2024-07-22 13:00,29.4,10.8,64,1002.0,7.6,82,24.4,34.6,10.0,20.3,N,Moderate or heavy rain shower,5.0
2024-10-18 01:00,24.2,0.0,90,1009.0,7.2,27,22.4,26.6,10.0,8.2,WSW,Partly cloudy,1.8000000000000007
2024-10-20 09:00,27.0,0.1,82,1015.0,7.6,56,23.7,30.5,10.0,16.2,NE,Patchy rain possible,3.3000000000000007
2025-03-30 17:00,21.9,0.05,88,1013.0,15.8,100,19.8,23.9,10.0,21.1,NW,Patchy rain possible,2.099999999999998
2024-12-03 09:00,24.7,0.3,82,1015.0,9.0,89,21.5,26.9,9.0,11.8,ENE,Patchy rain possible,3.1999999999999993
2024-09-04 10:00,32.6,0.0,62,1005.0,8.6,13,22.7,37.6,10.0,15.6,NNE,Sunny,9.900000000000002
2024-09-24 18:00,25.8,0.0,87,1010.0,11.5,81,23.5,28.8,10.0,16.8,NNW,Cloudy,2.3000000000000007
2024-11-05 15:00,24.3,3.94,91,1012.0,18.0,100,22.6,26.7,7.0,33.7,NE,Moderate or heavy rain shower,1.6999999999999993
2025-02-06 06:00,19.5,0.0,88,1015.0,5.4,83,17.4,21.5,10.0,8.2,SSE,Cloudy,2.1000000000000014
2025-05-19 03:00,24.6,0.0,89,1007.0,4.8,16,22.6,27.0,10.0,10.2,SSW,Clear,2.0
2024-06-29 18:00,30.2,0.0,81,1005.0,9.4,43,25.9,37.4,9.0,13.3,SE,Partly cloudy,4.300000000000001
2024-05-24 04:00,24.3,0.0,95,1008.0,6.8,70,23.4,27.1,10.0,10.4,SSW,Cloudy,0.9000000000000021
2025-04-19 11:00,32.0,0.0,72,1009.0,8.6,15,25.5,40.5,10.0,16.5,ENE,Sunny,6.5
2024-09-04 11:00,33.1,0.0,63,1004.0,10.0,19,23.0,38.6,10.0,16.2,NE,Sunny,10.100000000000001
2024-09-01 04:00,25.3,0.0,87,1006.0,8.6,12,23.0,28.0,10.0,9.6,SW,Clear,2.3000000000000007
2024-12-19 03:00,21.1,0.7,88,1016.0,9.2,100,19.0,23.1,10.0,18.8,NE,Moderate rain at times,2.1000000000000014
2024-12-31 18:00,20.3,0.36,87,1016.0,11.5,100,18.2,22.4,10.0,15.8,NNE,Light rain shower,2.1000000000000014
2024-06-23 18:00,26.9,11.0,85,1002.0,9.7,100,24.2,30.8,10.0,18.9,SSW,Moderate or heavy rain shower,2.6999999999999993
2024-10-26 03:00,20.9,0.0,90,1005.0,10.1,100,19.2,22.9,9.0,16.4,NW,Overcast,1.6999999999999993
2024-12-09 11:00,23.4,0.1,85,1016.0,12.6,80,20.7,25.5,10.0,23.9,NE,Patchy rain possible,2.6999999999999993
2024-06-03 20:00,27.7,0.0,84,1006.0,5.4,24,24.8,32.4,10.0,10.1,S,Clear,2.8999999999999986
2024-06-20 14:00,34.3,0.0,61,1002.0,15.1,23,23.4,40.7,10.0,17.5,ENE,Sunny,10.899999999999999
2024-12-08 23:00,22.9,0.3,86,1017.0,11.6,97,20.5,25.1,10.0,20.7,ENE,Patchy rain possible,2.3999999999999986
2024-08-29 01:00,24.9,0.0,87,1005.0,12.2,10,22.6,27.4,10.0,20.9,SW,Clear,2.299999999999997
2025-02-11 17:00,21.0,0.0,91,1014.0,4.0,100,19.5,23.0,10.0,10.5,NNW,Overcast,1.5
2025-03-30 00:00,23.0,0.23,95,1014.0,5.0,71,22.1,25.4,9.0,9.3,ENE,Patchy rain possible,0.8999999999999986
2025-04-19 22:00,25.7,0.0,91,1009.0,6.0,15,24.1,29.1,10.0,11.1,SSE,Clear,1.5999999999999979
2024-05-23 21:00,25.8,0.1,90,1009.0,4.0,79,24.1,29.1,10.0,5.7,NW,Patchy rain possible,1.6999999999999993
2024-09-14 16:00,28.8,0.7,76,1001.0,5.4,52,24.2,33.5,10.0,11.8,NNE,Moderate rain at times,4.600000000000001
2024-06-28 21:00,27.1,0.0,87,1007.0,6.7,26,24.6,31.3,10.0,11.2,SSE,Partly cloudy,2.5
2025-04-25 14:00,30.5,0.5,73,1008.0,15.8,85,23.8,36.8,10.0,24.9,ENE,Moderate rain at times,6.699999999999999
2024-06-30 05:00,26.7,0.0,74,1005.0,8.6,13,21.6,29.0,10.0,12.9,WSW,Clear,5.099999999999998
2025-03-22 06:00,18.2,0.0,82,1020.0,6.8,87,15.2,20.2,10.0,11.4,WSW,Overcast,3.0
2024-07-05 08:00,28.2,0.0,71,1008.0,7.6,29,22.5,31.4,10.0,8.7,SSW,Partly cloudy,5.699999999999999
2025-02-10 23:00,19.0,0.0,89,1017.0,6.8,100,17.2,21.0,10.0,10.8,WNW,Overcast,1.8000000000000007
2025-05-04 19:00,28.2,0.0,88,1007.0,10.0,83,22.7,34.3,10.0,21.0,SW,Cloudy,5.5
2024-07-14 17:00,25.6,4.34,94,1000.0,12.1,100,24.3,29.0,7.0,19.2,W,Moderate or heavy rain shower,1.3000000000000007
2024-11-29 19:00,20.9,0.0,74,1018.0,5.6,76,16.1,22.9,10.0,11.0,NNE,Cloudy,4.799999999999997
2025-04-22 08:00,28.3,0.0,70,1010.0,10.8,12,22.4,31.5,10.0,14.0,SSE,Sunny,5.900000000000002
2025-05-09 00:00,26.4,0.0,86,1004.0,8.6,44,24.0,29.9,10.0,16.2,SSW,Partly cloudy,2.3999999999999986
2024-06-03 13:00,34.8,0.0,59,1004.0,9.8,84,24.3,42.3,10.0,19.9,NE,Cloudy,10.499999999999996
2024-12-20 20:00,20.5,0.0,81,1017.0,10.8,100,17.2,22.5,10.0,15.7,E,Overcast,3.3000000000000007
2024-08-17 20:00,27.7,0.0,92,1008.0,5.0,100,24.8,32.5,10.0,7.8,W,Overcast,2.8999999999999986
2024-07-13 21:00,27.2,0.0,87,1004.0,7.2,67,24.4,31.4,10.0,13.5,SSW,Cloudy,2.8000000000000007
2024-08-30 06:00,25.6,0.0,82,1006.0,7.6,20,22.3,28.0,10.0,14.1,W,Sunny,3.3000000000000007
2024-06-15 19:00,28.2,2.87,94,1004.0,11.0,66,24.7,33.2,7.0,21.4,SW,Moderate or heavy rain shower,3.5
2024-07-21 19:00,26.7,0.0,85,1004.0,5.8,50,24.0,30.4,10.0,11.4,SSW,Partly cloudy,2.6999999999999993
2024-11-01 14:00,28.5,0.0,62,1009.0,18.7,4,20.5,30.8,10.0,30.2,NNW,Sunny,8.0
2024-12-21 01:00,19.8,0.0,83,1016.0,2.5,100,16.8,21.8,10.0,7.9,E,Overcast,3.0
2024-07-13 23:00,26.7,0.0,86,1004.0,4.7,84,24.2,30.4,10.0,9.0,SW,Cloudy,2.5
2025-03-09 12:00,23.1,0.3,82,1018.0,7.9,63,19.9,25.2,10.0,15.1,NE,Patchy rain possible,3.200000000000003
2024-12-04 01:00,22.8,0.2,88,1013.0,5.0,87,20.7,25.1,9.0,8.6,ENE,Patchy rain possible,2.1000000000000014
2024-10-16 22:00,24.8,0.0,88,1013.0,6.5,53,22.6,27.3,10.0,11.2,WSW,Partly cloudy,2.1999999999999993
2025-02-20 05:00,19.8,0.4,88,1016.0,4.2,70,17.8,21.8,10.0,9.4,SW,Patchy rain possible,2.0
2024-09-04 18:00,26.8,3.75,91,1002.0,10.1,80,24.2,30.6,7.0,18.4,SSW,Moderate or heavy rain shower,2.6000000000000014
2025-01-04 21:00,19.5,0.0,80,1018.0,4.0,71,16.0,21.5,10.0,6.8,NNE,Cloudy,3.5
2024-07-03 23:00,27.1,0.0,87,1010.0,7.9,33,24.6,31.3,10.0,12.4,SE,Partly cloudy,2.5
2024-12-07 18:00,23.1,0.0,88,1014.0,7.9,63,21.0,25.3,10.0,15.6,NE,Cloudy,2.1000000000000014
2025-02-18 04:00,20.8,0.0,86,1016.0,2.9,88,18.4,22.8,10.0,4.7,ESE,Overcast,2.400000000000002
2024-11-28 07:00,22.4,0.7,83,1019.0,20.8,100,19.3,24.7,2.0,31.3,NE,Moderate rain at times,3.099999999999998
2025-03-10 16:00,22.0,0.2,96,1016.0,6.1,100,21.4,24.6,10.0,14.3,NE,Patchy rain possible,0.6000000000000014
2025-04-22 13:00,34.1,0.0,65,1007.0,15.3,13,24.2,44.4,10.0,32.7,ESE,Sunny,9.900000000000002
2024-08-17 00:00,26.7,0.0,85,1006.0,7.9,88,24.0,30.4,9.0,9.9,SW,Overcast,2.6999999999999993
2025-01-01 00:00,20.2,0.0,89,1017.0,7.9,100,18.3,22.2,10.0,11.1,NNW,Overcast,1.8999999999999986
2025-03-24 04:00,19.0,0.0,92,1014.0,5.0,23,17.7,21.0,10.0,8.6,SSW,Clear,1.3000000000000007
2024-08-01 10:00,31.4,0.0,64,1009.0,4.3,16,23.1,36.3,10.0,14.2,SW,Sunny,8.299999999999997
2025-04-21 08:00,27.4,0.0,76,1010.0,9.7,25,22.7,30.5,10.0,12.2,SSE,Sunny,4.699999999999999
2025-05-04 16:00,31.3,0.2,71,1004.0,16.2,82,23.1,38.6,9.0,18.8,ESE,Patchy rain possible,8.2
2024-12-31 15:00,20.5,0.42,90,1015.0,14.0,100,18.7,22.5,10.0,18.6,NE,Light rain shower,1.8000000000000007
2024-08-13 17:00,30.0,0.0,77,1004.0,12.6,78,25.5,36.5,9.0,17.9,ENE,Cloudy,4.5
2024-06-04 06:00,27.3,0.0,74,1006.0,8.6,45,22.1,30.0,10.0,13.1,WSW,Partly cloudy,5.199999999999999
2024-07-26 11:00,33.0,0.0,60,1000.0,18.7,34,23.2,38.6,10.0,23.8,WSW,Partly cloudy,9.8
2024-08-14 20:00,28.3,0.1,80,1006.0,4.7,83,24.4,32.9,10.0,8.2,SSE,Patchy rain possible,3.900000000000002
2024-06-16 12:00,35.4,0.0,56,1005.0,12.0,17,23.1,42.1,10.0,19.9,E,Sunny,12.299999999999997
2024-10-08 17:00,26.4,7.9,83,1012.0,14.4,82,23.3,29.5,9.0,21.5,NNE,Moderate or heavy rain shower,3.099999999999998
2024-08-31 03:00,24.5,0.0,82,1005.0,4.9,28,21.2,26.6,10.0,12.7,WSW,Partly cloudy,3.3000000000000007
2024-08-19 17:00,30.6,0.0,74,1004.0,12.2,85,25.6,37.6,10.0,20.1,ESE,Overcast,5.0
2024-11-05 14:00,24.2,3.99,91,1013.0,18.0,100,22.7,26.7,7.0,30.3,NE,Moderate or heavy rain shower,1.5
2025-04-30 14:00,28.8,0.0,65,1009.0,14.8,5,21.7,31.8,10.0,17.0,E,Sunny,7.100000000000001
2024-10-25 21:00,22.7,0.0,80,1008.0,11.9,25,19.1,24.9,10.0,20.0,WNW,Partly cloudy,3.599999999999998
2024-10-16 04:00,23.9,0.0,88,1011.0,6.8,27,21.8,26.1,10.0,11.9,W,Partly cloudy,2.099999999999998
2025-04-19 06:00,23.7,0.0,91,1008.0,5.0,49,22.2,26.0,10.0,9.5,SW,Partly cloudy,1.5
2024-09-13 07:00,26.1,0.0,88,1006.0,5.0,61,24.0,29.6,10.0,9.1,W,Cloudy,2.1000000000000014
2024-11-27 09:00,24.2,0.2,86,1018.0,16.3,69,21.8,26.4,10.0,30.2,NE,Patchy rain possible,2.3999999999999986
2025-02-25 06:00,21.2,2.1,92,1021.0,10.7,100,19.8,23.2,10.0,13.4,NE,Moderate or heavy rain shower,1.3999999999999986
2024-12-23 14:00,19.9,0.4,86,1015.0,12.2,100,17.5,21.9,10.0,23.4,NNW,Patchy rain possible,2.3999999999999986
2024-09-17 00:00,24.9,0.2,89,1005.0,7.6,80,22.9,27.5,10.0,8.9,W,Patchy rain possible,2.0
2025-05-05 14:00,31.6,0.0,71,1005.0,16.9,18,23.7,39.5,10.0,21.0,E,Sunny,7.900000000000002
2024-06-15 04:00,26.3,0.0,82,1003.0,9.0,14,22.9,29.1,10.0,12.5,SW,Clear,3.400000000000002
2025-02-08 12:00,20.3,0.1,86,1020.0,20.9,91,17.9,22.3,10.0,29.3,NE,Patchy rain possible,2.400000000000002
2025-04-07 06:00,22.4,0.0,84,1015.0,4.7,90,20.6,24.7,10.0,7.9,SSE,Overcast,1.7999999999999972
2024-12-08 19:00,22.5,0.8,89,1017.0,9.8,94,20.6,24.8,10.0,17.2,NE,Moderate rain at times,1.8999999999999986
2024-09-02 21:00,26.3,1.2,83,1010.0,7.6,55,23.6,29.6,10.0,18.5,SSE,Heavy rain at times,2.6999999999999993
2024-10-25 18:00,23.8,0.0,79,1007.0,13.3,10,19.9,25.7,10.0,24.7,NW,Clear,3.900000000000002
2024-11-17 14:00,27.1,0.0,72,1010.0,10.1,2,21.6,29.5,10.0,18.3,ENE,Sunny,5.5
2025-04-06 03:00,21.8,0.0,95,1012.0,5.8,57,21.0,23.8,2.0,9.3,S,Partly cloudy,0.8000000000000007
2024-12-29 09:00,21.3,0.0,83,1022.0,10.8,92,18.4,23.3,10.0,14.4,NNE,Overcast,2.900000000000002
2024-08-02 12:00,33.5,0.0,61,1006.0,14.0,10,23.8,39.9,10.0,16.2,NE,Sunny,9.7
2024-09-08 12:00,36.2,0.0,49,1005.0,9.7,29,22.3,42.1,10.0,26.9,W,Partly cloudy,13.900000000000002
2025-04-24 08:00,29.7,0.0,66,1008.0,6.7,29,23.2,33.6,10.0,14.4,S,Partly cloudy,6.5
2025-03-07 12:00,21.2,0.3,88,1016.0,18.0,100,18.3,23.2,10.0,23.4,WNW,Patchy rain possible,2.8999999999999986
2024-08-02 00:00,25.8,0.0,89,1008.0,6.1,13,23.9,29.1,10.0,12.0,SW,Clear,1.9000000000000021
2025-03-08 23:00,20.3,0.0,91,1017.0,8.6,100,18.8,22.3,10.0,12.4,NW,Overcast,1.5
2025-02-26 18:00,21.8,0.0,88,1018.0,4.7,75,19.8,23.8,10.0,6.7,NE,Cloudy,2.0
2025-02-17 16:00,23.4,0.0,83,1015.0,12.6,18,20.3,25.4,10.0,20.2,E,Sunny,3.099999999999998
2024-08-20 03:00,26.0,0.0,85,1005.0,6.7,45,23.3,29.0,10.0,14.9,WSW,Partly cloudy,2.6999999999999993
2024-10-04 23:00,24.3,0.0,85,1013.0,8.6,86,21.7,26.5,10.0,13.4,W,Overcast,2.6000000000000014
2024-08-30 07:00,27.7,0.0,75,1006.0,6.5,18,23.0,31.1,10.0,9.0,W,Sunny,4.699999999999999
2024-11-18 15:00,25.6,0.1,84,1011.0,15.1,66,22.7,28.3,10.0,25.1,NE,Patchy rain possible,2.900000000000002
2024-07-15 13:00,27.8,1.75,94,1001.0,15.8,63,24.8,32.6,7.0,32.3,WSW,Moderate or heavy rain shower,3.0
2025-05-20 08:00,29.4,0.0,72,1008.0,8.3,21,23.1,34.1,10.0,10.0,S,Sunny,6.299999999999997
2025-03-25 09:00,24.0,0.0,68,1010.0,9.7,0,17.7,25.6,10.0,16.7,SSE,Sunny,6.300000000000001
2024-08-14 04:00,25.6,0.0,86,1006.0,5.4,25,23.1,28.4,10.0,11.2,SW,Partly cloudy,2.5
2024-11-02 18:00,24.0,0.0,81,1013.0,12.9,57,20.5,26.0,10.0,22.1,NNW,Partly cloudy,3.5
2025-02-04 15:00,20.0,0.4,90,1016.0,8.3,100,18.3,22.0,10.0,15.9,NNE,Patchy rain possible,1.6999999999999993
2025-01-27 09:00,17.0,0.6,89,1021.0,8.3,100,15.2,19.0,2.0,14.3,NW,Moderate rain at times,1.8000000000000007
2025-03-12 02:00,21.8,0.0,96,1011.0,8.6,72,21.1,23.8,2.0,13.8,SSW,Cloudy,0.6999999999999993
2024-07-28 07:00,27.6,0.0,75,1003.0,8.3,25,22.7,30.8,10.0,17.4,SW,Sunny,4.900000000000002
2025-05-11 02:00,25.7,0.0,91,1006.0,4.0,16,24.2,29.1,10.0,6.6,W,Clear,1.5
2025-04-30 05:00,21.7,0.0,90,1010.0,7.6,11,20.1,23.7,10.0,14.9,SSW,Clear,1.5999999999999979
2024-08-21 02:00,26.0,0.0,84,1007.0,9.7,33,23.1,29.0,10.0,13.2,SW,Partly cloudy,2.8999999999999986
2024-08-30 20:00,27.2,0.0,83,1006.0,10.4,60,24.0,31.1,10.0,19.5,S,Cloudy,3.1999999999999993
2024-06-05 05:00,26.1,0.0,79,1006.0,9.4,15,22.3,28.7,10.0,13.8,SW,Clear,3.8000000000000007
2025-02-12 07:00,20.9,0.0,89,1014.0,3.6,96,19.1,22.9,10.0,5.6,WNW,Overcast,1.7999999999999972
2025-05-02 07:00,25.3,0.3,81,1012.0,3.2,88,21.9,27.6,10.0,4.1,W,Patchy rain possible,3.400000000000002
2024-09-29 15:00,29.4,0.2,77,1006.0,9.4,73,25.1,35.2,10.0,16.8,E,Patchy rain possible,4.299999999999997
2024-12-27 01:00,21.2,1.1,96,1017.0,13.3,100,20.5,23.2,9.0,19.0,NNW,Heavy rain at times,0.6999999999999993
2025-05-18 04:00,25.1,0.0,94,1008.0,8.3,28,24.1,28.3,2.0,9.2,SSW,Partly cloudy,1.0
2024-12-20 04:00,19.8,0.5,85,1016.0,7.9,100,17.3,21.8,10.0,11.7,NE,Moderate rain at times,2.5
2024-11-07 04:00,23.8,1.2,86,1015.0,11.7,81,21.4,25.9,10.0,24.4,NE,Heavy rain at times,2.400000000000002
2024-06-25 03:00,25.4,0.0,82,1004.0,9.0,81,22.1,27.8,10.0,11.3,SW,Cloudy,3.299999999999997
2024-09-25 20:00,25.4,0.1,86,1012.0,2.2,66,23.0,28.2,10.0,3.5,N,Patchy rain possible,2.3999999999999986
2024-08-02 07:00,27.4,0.0,78,1008.0,8.3,13,23.2,30.8,10.0,12.5,W,Sunny,4.199999999999999
2024-10-11 03:00,24.3,0.7,87,1011.0,9.0,98,22.0,26.6,10.0,13.8,NW,Moderate rain at times,2.3000000000000007
2024-05-24 12:00,30.2,0.1,77,1008.0,5.0,81,24.9,36.3,10.0,15.2,ESE,Patchy rain possible,5.300000000000001
2024-11-28 13:00,23.8,0.0,80,1018.0,22.3,91,18.0,25.5,2.0,34.8,NNE,Overcast,5.800000000000001
2024-06-30 01:00,27.2,0.0,76,1007.0,6.7,11,22.7,30.2,10.0,14.0,WSW,Clear,4.5
2025-01-16 09:00,20.5,0.2,86,1023.0,18.4,100,18.1,22.5,2.0,28.0,NE,Patchy rain possible,2.3999999999999986
2024-12-29 15:00,21.8,0.3,86,1016.0,13.0,79,19.4,23.8,10.0,21.5,NE,Patchy rain possible,2.400000000000002
2024-11-04 12:00,26.0,2.4,86,1013.0,12.6,87,23.6,29.2,9.0,20.6,N,Moderate or heavy rain shower,2.3999999999999986
2025-01-01 18:00,20.8,0.0,82,1015.0,9.0,77,17.7,22.8,10.0,12.9,N,Cloudy,3.1000000000000014
2025-02-16 15:00,25.0,0.0,80,1012.0,14.4,81,21.3,27.1,10.0,22.9,E,Cloudy,3.6999999999999993
2024-11-11 05:00,21.6,0.0,83,1012.0,11.2,85,18.6,23.6,10.0,14.0,WNW,Overcast,3.0
2024-07-02 14:00,33.4,0.4,60,1003.0,16.1,83,23.6,39.6,10.0,27.4,E,Patchy rain possible,9.799999999999997
2024-07-02 23:00,26.3,0.0,90,1008.0,7.8,7,24.9,30.4,10.0,14.1,SSW,Clear,1.4000000000000021
2025-04-03 13:00,22.8,0.1,87,1016.0,5.8,100,20.6,25.0,10.0,12.9,ENE,Patchy rain possible,2.1999999999999993
2024-07-21 02:00,25.1,0.0,87,1004.0,9.4,86,22.8,27.7,10.0,13.0,W,Overcast,2.3000000000000007
2024-07-27 00:00,27.2,0.0,71,1001.0,10.0,18,21.4,29.6,10.0,19.7,SW,Clear,5.800000000000001
2024-11-11 07:00,22.6,0.0,84,1014.0,9.5,70,19.8,24.9,10.0,15.4,WNW,Cloudy,2.8000000000000007
2025-01-10 14:00,21.0,0.3,79,1021.0,18.7,59,17.2,23.0,10.0,29.1,NE,Patchy rain possible,3.8000000000000007
2025-03-27 04:00,22.0,0.0,84,1004.0,6.4,6,19.2,24.5,10.0,8.6,S,Clear,2.8000000000000007
2024-11-16 17:00,25.5,0.0,82,1009.0,6.5,4,22.3,28.0,10.0,9.7,E,Sunny,3.1999999999999993
2024-07-18 11:00,30.6,0.1,66,1004.0,2.5,56,23.4,35.3,10.0,12.6,NE,Patchy rain possible,7.200000000000003
2025-04-24 22:00,26.3,0.0,88,1009.0,5.2,20,23.7,30.0,10.0,7.5,SW,Clear,2.6000000000000014
2024-12-18 00:00,21.0,0.0,88,1018.0,8.3,100,19.0,23.0,10.0,12.1,N,Overcast,2.0
2025-05-12 23:00,24.4,0.0,86,1009.0,5.8,53,22.0,26.7,10.0,8.3,WSW,Partly cloudy,2.3999999999999986
2024-07-03 03:00,24.7,0.0,89,1005.0,7.6,13,22.7,27.2,10.0,13.7,SSW,Clear,2.0
2024-09-11 18:00,27.1,0.0,81,1006.0,9.7,75,23.6,30.6,10.0,15.7,SSE,Cloudy,3.5
2024-12-19 07:00,21.4,0.7,86,1018.0,14.0,100,19.0,23.4,10.0,21.3,NE,Moderate rain at times,2.3999999999999986
2024-07-30 08:00,27.1,0.0,76,1007.0,8.0,87,22.6,30.1,10.0,14.3,SW,Overcast,4.5
2024-07-15 18:00,26.6,0.2,86,1001.0,7.9,71,24.3,30.3,10.0,17.0,SSW,Patchy rain possible,2.3000000000000007
2024-10-23 09:00,26.9,1.43,81,1014.0,11.7,88,23.3,30.1,7.0,26.9,NE,Heavy rain at times,3.599999999999998
2024-07-19 12:00,29.7,0.4,75,1004.0,11.5,56,24.7,35.2,10.0,17.9,NE,Patchy rain possible,5.0
2024-08-11 13:00,35.8,0.0,56,1001.0,9.7,19,23.8,43.3,10.0,18.6,NE,Sunny,11.999999999999996
2024-12-03 19:00,23.1,0.2,89,1014.0,5.0,70,21.3,25.3,9.0,10.0,ENE,Patchy rain possible,1.8000000000000007
2025-04-13 01:00,24.0,3.6,95,1012.0,17.3,100,23.3,26.6,10.0,32.9,NW,Moderate or heavy rain shower,0.6999999999999993
2024-10-01 16:00,29.3,0.0,81,1006.0,13.0,83,25.7,35.6,9.0,17.3,NE,Cloudy,3.6000000000000014
2024-08-15 14:00,33.7,0.2,64,1003.0,11.2,89,24.5,41.2,9.0,25.5,NE,Patchy rain possible,9.200000000000003
2024-06-29 04:00,25.6,0.0,86,1005.0,7.8,10,23.2,28.4,10.0,14.0,SSW,Clear,2.400000000000002
2024-12-12 04:00,23.9,1.2,94,1010.0,17.2,100,22.9,26.4,10.0,26.4,ENE,Heavy rain at times,1.0
2024-11-08 13:00,24.9,0.0,76,1015.0,14.0,59,20.3,26.8,5.0,24.0,NE,Partly cloudy,4.599999999999998
2024-11-16 07:00,24.2,0.0,88,1012.0,6.5,14,22.1,26.5,10.0,9.0,S,Sunny,2.099999999999998
2024-05-23 02:00,25.2,0.0,91,1007.0,7.6,82,23.6,28.1,10.0,12.1,WSW,Cloudy,1.5999999999999979
2025-04-08 02:00,23.1,0.0,93,1015.0,5.8,55,21.9,25.4,10.0,9.2,SE,Partly cloudy,1.2000000000000028
2024-08-18 21:00,27.8,0.0,85,1007.0,8.3,19,25.0,32.6,10.0,14.2,S,Clear,2.8000000000000007
2024-06-27 09:00,29.2,0.0,74,1010.0,5.0,22,24.1,34.0,10.0,12.1,SSE,Sunny,5.099999999999998
2024-09-14 01:00,24.7,0.0,93,1003.0,8.6,89,23.5,27.5,10.0,10.0,WSW,Overcast,1.1999999999999993
2024-09-02 18:00,28.6,0.5,76,1007.0,11.2,77,24.0,33.0,10.0,16.0,E,Moderate rain at times,4.600000000000001
2024-08-10 18:00,32.4,0.0,79,1003.0,8.6,54,24.1,39.1,9.0,13.1,ESE,Partly cloudy,8.299999999999997
2024-07-28 12:00,31.9,0.0,59,1002.0,13.0,26,23.0,36.9,10.0,22.5,SW,Partly cloudy,8.899999999999999
2025-01-22 16:00,21.6,0.0,71,1012.0,9.4,0,16.0,23.6,10.0,16.4,E,Sunny,5.600000000000001
2024-08-10 17:00,33.4,0.0,74,1002.0,13.7,83,23.8,40.5,9.0,19.3,ESE,Cloudy,9.599999999999998
2024-12-23 03:00,18.8,0.0,87,1015.0,12.9,100,16.6,20.8,2.0,21.7,NNW,Overcast,2.1999999999999993
2025-05-11 17:00,26.6,0.4,95,1007.0,8.6,78,23.2,31.5,7.0,18.1,W,Patchy rain possible,3.400000000000002
2025-01-13 00:00,16.5,0.0,78,1022.0,4.0,56,12.7,18.5,10.0,10.4,NNE,Partly cloudy,3.8000000000000007
2024-09-14 00:00,24.8,0.0,93,1004.0,8.6,78,23.5,27.6,9.0,10.4,WSW,Cloudy,1.3000000000000007
2024-06-22 06:00,26.2,0.0,84,1003.0,7.6,27,23.4,29.3,10.0,8.4,SW,Partly cloudy,2.8000000000000007
2024-05-25 05:00,24.7,0.0,91,1008.0,8.3,20,23.2,27.4,10.0,10.0,SSW,Clear,1.5
2024-08-05 20:00,28.2,0.0,84,1007.0,5.4,72,23.9,32.4,10.0,10.0,SSW,Cloudy,4.300000000000001
2024-10-30 05:00,23.1,0.0,90,1007.0,7.2,80,21.4,25.4,10.0,11.6,W,Cloudy,1.7000000000000028
2025-01-28 07:00,17.0,0.2,90,1020.0,5.8,100,15.3,19.0,10.0,7.9,NNW,Patchy rain possible,1.6999999999999993
2025-04-13 19:00,21.4,0.0,79,1015.0,15.5,100,17.4,23.4,10.0,19.9,NW,Overcast,4.0
2024-09-06 09:00,30.3,0.0,64,1001.0,11.2,41,22.6,34.2,10.0,13.9,WSW,Partly cloudy,7.699999999999999
2024-09-16 16:00,29.2,0.0,77,1002.0,15.1,70,24.9,34.7,9.0,24.4,N,Cloudy,4.300000000000001
2024-07-01 00:00,27.7,0.0,75,1006.0,8.6,11,22.8,31.0,10.0,12.3,WSW,Clear,4.899999999999999
2025-04-06 14:00,26.4,0.0,76,1012.0,14.0,25,21.8,28.9,10.0,21.2,ENE,Sunny,4.599999999999998
2024-06-26 08:00,27.9,0.0,74,1008.0,4.3,36,22.9,31.2,10.0,9.5,SW,Partly cloudy,5.0
2024-11-19 01:00,23.9,2.0,88,1014.0,10.8,100,21.7,26.1,10.0,26.5,NE,Moderate or heavy rain shower,2.1999999999999993
2024-10-11 17:00,25.7,0.4,87,1010.0,2.5,67,23.3,28.6,10.0,12.6,NE,Patchy rain possible,2.3999999999999986
2024-07-19 21:00,25.7,0.0,89,1006.0,9.4,70,23.9,28.9,10.0,10.9,S,Cloudy,1.8000000000000007
2024-10-18 12:00,28.2,0.2,78,1010.0,10.4,84,24.0,32.5,9.0,17.7,ENE,Patchy rain possible,4.199999999999999
2024-06-28 20:00,27.3,0.0,85,1007.0,8.1,55,24.7,31.7,10.0,13.3,SE,Partly cloudy,2.6000000000000014
2025-01-04 05:00,20.3,0.3,83,1016.0,9.8,100,17.3,22.3,10.0,19.9,NE,Patchy rain possible,3.0
2025-01-15 15:00,20.7,3.3,96,1017.0,19.5,100,20.1,22.7,7.0,31.5,NNE,Moderate or heavy rain shower,0.5999999999999979
2025-01-15 02:00,19.6,0.0,90,1017.0,7.4,100,18.0,21.6,10.0,12.6,WNW,Overcast,1.6000000000000014
2024-12-11 19:00,22.8,2.16,95,1013.0,14.7,100,22.0,25.2,7.0,24.7,NE,Moderate or heavy rain shower,0.8000000000000007
2025-02-26 11:00,22.0,0.5,87,1021.0,4.3,93,19.8,24.5,2.0,17.8,ESE,Moderate rain at times,2.1999999999999993
2025-02-12 09:00,22.7,0.1,86,1016.0,5.4,88,20.3,24.9,10.0,6.8,NNW,Patchy rain possible,2.3999999999999986
2024-08-08 20:00,28.9,0.0,85,1007.0,7.2,87,23.9,33.6,10.0,13.5,S,Overcast,5.0
2024-12-24 21:00,19.3,0.1,89,1018.0,9.0,100,17.5,21.3,10.0,13.5,WNW,Patchy rain possible,1.8000000000000007
2024-05-23 10:00,28.9,0.0,79,1009.0,3.2,51,24.3,33.7,10.0,12.1,SE,Partly cloudy,4.599999999999998
2024-10-12 07:00,24.8,0.0,88,1014.0,5.4,87,22.7,27.4,10.0,7.7,WSW,Overcast,2.1000000000000014
2025-01-03 21:00,20.2,0.0,87,1018.0,5.4,75,17.9,22.2,10.0,8.1,WNW,Cloudy,2.3000000000000007
2024-07-22 23:00,25.6,0.0,88,1005.0,6.7,76,23.5,28.6,9.0,14.5,SSW,Cloudy,2.1000000000000014
2024-06-25 14:00,31.5,0.1,73,1004.0,13.4,73,23.9,37.4,9.0,22.4,NE,Patchy rain possible,7.600000000000001
2025-04-03 04:00,21.0,0.0,85,1016.0,0.7,98,18.4,23.0,10.0,1.0,SW,Overcast,2.6000000000000014
2025-03-22 20:00,21.6,0.0,87,1019.0,5.0,28,18.9,23.6,10.0,8.4,ESE,Partly cloudy,2.700000000000003
2024-11-08 12:00,26.1,0.0,76,1016.0,15.1,70,20.1,27.9,10.0,26.2,NE,Cloudy,6.0
2024-08-18 20:00,29.0,0.0,85,1006.0,8.3,23,25.6,35.0,10.0,14.1,SSE,Clear,3.3999999999999986
2025-04-14 01:00,20.7,0.0,73,1014.0,4.6,100,15.6,22.7,10.0,11.1,NW,Overcast,5.1
2024-08-16 01:00,26.1,0.0,88,1005.0,6.7,22,24.0,29.5,10.0,12.6,SW,Clear,2.1000000000000014
2024-08-24 02:00,24.4,0.0,88,1010.0,6.5,88,22.3,26.8,10.0,13.2,SW,Overcast,2.099999999999998
2024-07-02 03:00,25.9,0.0,76,1004.0,9.4,19,21.3,28.1,10.0,12.7,SW,Clear,4.599999999999998
2025-03-22 01:00,17.6,0.0,85,1020.0,7.6,38,15.0,19.6,10.0,13.3,WSW,Partly cloudy,2.6000000000000014
2024-11-26 06:00,23.3,1.6,88,1015.0,5.8,94,21.3,25.5,10.0,9.5,NNE,Moderate or heavy rain shower,2.0
2024-09-09 16:00,30.6,10.0,72,1003.0,11.1,88,24.9,36.7,9.0,19.3,ENE,Moderate or heavy rain shower,5.700000000000003
2025-01-31 22:00,18.7,0.0,88,1013.0,5.4,2,16.6,20.7,10.0,10.3,SW,Clear,2.099999999999998
2025-03-14 12:00,29.2,0.0,73,1010.0,15.1,14,23.7,33.8,10.0,20.8,ESE,Sunny,5.5
2024-06-21 08:00,31.1,0.0,69,1004.0,9.0,46,23.3,36.1,10.0,11.5,SW,Partly cloudy,7.800000000000001
2024-06-09 23:00,25.4,0.0,89,1007.0,8.0,29,23.5,28.4,10.0,15.6,SW,Partly cloudy,1.8999999999999986
2024-11-21 20:00,24.1,1.0,89,1015.0,15.0,100,22.2,26.5,10.0,25.7,NE,Heavy rain at times,1.9000000000000021
2025-01-31 05:00,16.5,0.0,90,1013.0,9.7,2,14.8,18.5,10.0,13.8,SW,Clear,1.6999999999999993
2024-05-29 01:00,27.2,0.0,80,1003.0,8.6,46,23.5,30.7,10.0,11.4,SW,Partly cloudy,3.6999999999999993
2025-02-16 11:00,24.7,0.4,79,1015.0,8.6,89,20.8,26.6,10.0,17.3,ESE,Patchy rain possible,3.8999999999999986
2024-08-15 17:00,30.2,0.0,76,1003.0,10.1,76,25.5,36.9,9.0,18.6,E,Cloudy,4.699999999999999
2025-04-12 07:00,26.5,0.0,75,1008.0,9.0,9,21.8,28.9,10.0,16.3,S,Sunny,4.699999999999999
2024-07-10 13:00,34.0,0.0,62,1005.0,18.4,76,22.4,39.5,10.0,27.2,NNE,Cloudy,11.600000000000001
2024-10-15 20:00,25.8,0.5,88,1012.0,0.7,81,23.6,28.9,9.0,7.6,ENE,Moderate rain at times,2.1999999999999993
2024-08-16 10:00,34.4,0.0,56,1005.0,1.4,19,22.8,40.2,10.0,9.5,WSW,Sunny,11.599999999999998
2024-10-26 16:00,22.3,5.8,89,999.0,25.7,59,19.4,24.7,5.0,46.3,WSW,Moderate or heavy rain shower,2.900000000000002
2024-09-09 08:00,31.6,0.0,64,1007.0,6.1,30,22.5,36.1,10.0,7.3,WNW,Partly cloudy,9.100000000000001
2024-11-25 20:00,23.9,0.0,90,1015.0,2.2,73,22.1,26.2,10.0,8.1,NNE,Cloudy,1.7999999999999972
2024-11-23 19:00,23.8,0.5,90,1015.0,19.4,96,22.2,26.2,10.0,31.4,ENE,Moderate rain at times,1.6000000000000014
2025-03-26 23:00,22.5,0.0,80,1005.0,4.2,20,18.9,24.8,10.0,5.4,S,Clear,3.6000000000000014
2025-04-27 10:00,29.9,0.1,73,1012.0,11.9,79,23.6,35.4,10.0,18.1,SE,Patchy rain possible,6.299999999999997
2025-03-13 13:00,28.4,0.0,78,1010.0,13.7,25,22.8,32.8,10.0,17.9,ESE,Sunny,5.599999999999998
2024-11-20 17:00,24.0,0.0,89,1012.0,12.8,71,22.0,26.3,10.0,23.3,NNW,Cloudy,2.0
2024-09-01 00:00,26.2,0.0,87,1007.0,7.9,14,23.8,29.5,10.0,9.1,SSW,Clear,2.3999999999999986
2024-07-14 14:00,25.2,2.2,94,1002.0,13.7,100,24.2,28.4,7.0,17.7,NW,Moderate or heavy rain shower,1.0
2024-08-04 19:00,28.2,0.0,87,1008.0,9.0,73,24.6,32.9,9.0,17.4,SSE,Cloudy,3.599999999999998
2024-10-16 07:00,25.2,0.0,85,1013.0,4.3,27,22.5,27.7,10.0,6.2,WNW,Partly cloudy,2.6999999999999993
2024-06-03 07:00,29.2,0.0,69,1007.0,6.1,48,23.0,33.1,10.0,8.5,WSW,Partly cloudy,6.199999999999999
2024-12-08 16:00,22.7,0.1,87,1015.0,15.0,100,20.4,25.0,10.0,26.3,NE,Patchy rain possible,2.3000000000000007
2024-12-10 19:00,23.4,0.5,92,1012.0,6.1,82,21.9,25.6,10.0,11.8,E,Moderate rain at times,1.5
2024-06-02 04:00,25.3,0.0,90,1008.0,6.3,52,23.6,28.3,10.0,11.4,WSW,Partly cloudy,1.6999999999999993
2025-05-17 02:00,24.8,0.0,92,1008.0,5.2,17,23.3,27.5,10.0,5.8,SSW,Clear,1.5
2024-11-29 12:00,23.0,0.0,69,1018.0,18.0,60,17.0,25.0,10.0,27.4,NE,Partly cloudy,6.0
2024-08-15 16:00,31.4,1.8,68,1003.0,13.0,81,24.8,37.9,10.0,16.6,E,Moderate or heavy rain shower,6.599999999999998
2024-12-19 13:00,21.1,1.9,86,1017.0,19.8,100,18.7,23.1,10.0,26.7,NNE,Moderate or heavy rain shower,2.400000000000002
2025-05-03 06:00,23.8,0.0,90,1009.0,7.2,15,22.1,26.1,10.0,11.2,SSW,Sunny,1.6999999999999993
2024-06-25 21:00,26.8,1.2,91,1007.0,8.7,100,25.3,31.5,10.0,14.4,SW,Heavy rain at times,1.5
2025-01-28 10:00,18.5,0.0,83,1022.0,5.4,100,15.6,20.5,10.0,7.0,N,Overcast,2.9000000000000004
2024-10-28 18:00,22.6,0.0,90,1005.0,6.8,100,21.0,24.9,9.0,10.2,WNW,Overcast,1.6000000000000014
2025-01-16 15:00,20.5,0.0,85,1019.0,18.7,100,17.8,22.5,2.0,25.8,NE,Overcast,2.6999999999999993
2025-05-21 11:00,33.1,0.0,61,1007.0,11.6,15,23.7,39.2,10.0,19.5,E,Sunny,9.400000000000002
2025-04-01 23:00,19.6,0.0,85,1017.0,7.6,100,17.4,21.6,10.0,10.7,WNW,Overcast,2.200000000000003
2024-08-06 04:00,24.7,0.0,83,1006.0,9.0,11,21.6,26.8,10.0,11.1,SW,Clear,3.099999999999998
2025-04-16 03:00,20.8,0.0,77,1010.0,9.0,15,16.7,22.8,10.0,10.4,SW,Clear,4.100000000000001
2024-11-20 02:00,22.5,0.1,91,1013.0,9.4,89,20.9,24.9,10.0,15.4,W,Patchy rain possible,1.6000000000000014
2024-09-02 13:00,32.8,0.2,60,1006.0,18.7,74,23.6,38.6,10.0,26.4,ENE,Patchy rain possible,9.199999999999996
2024-06-14 17:00,31.6,0.0,79,1001.0,3.6,75,25.7,39.5,10.0,13.4,W,Cloudy,5.900000000000002
2024-10-05 01:00,23.6,0.0,88,1012.0,8.6,82,21.4,25.8,10.0,13.6,WNW,Cloudy,2.200000000000003
2024-06-22 18:00,28.6,0.6,78,1002.0,5.4,63,24.4,33.3,10.0,15.4,ESE,Moderate rain at times,4.200000000000003
2024-06-04 22:00,26.4,0.0,87,1009.0,4.3,81,24.0,29.9,9.0,9.0,SW,Cloudy,2.3999999999999986
2024-10-16 17:00,26.5,0.9,85,1010.0,9.4,71,23.8,30.0,9.0,14.3,N,Moderate rain at times,2.6999999999999993
2025-03-12 05:00,21.5,0.0,96,1011.0,6.1,63,20.8,23.5,2.0,10.1,SSW,Cloudy,0.6999999999999993
2024-07-09 03:00,25.1,0.0,88,1005.0,7.2,70,23.1,27.9,10.0,15.2,SW,Cloudy,2.0
2025-01-09 01:00,19.8,0.6,90,1017.0,0.4,74,18.0,21.8,10.0,0.6,WNW,Moderate rain at times,1.8000000000000007
2024-06-12 12:00,33.9,0.0,55,1007.0,14.8,23,23.5,40.1,10.0,23.3,NNE,Sunny,10.399999999999999
2024-11-10 07:00,21.4,0.0,79,1015.0,7.9,40,17.5,23.4,10.0,11.7,W,Partly cloudy,3.8999999999999986
2024-09-15 09:00,28.8,0.2,72,1004.0,6.1,77,23.3,32.7,10.0,13.9,W,Patchy rain possible,5.5
2024-06-30 08:00,31.9,0.0,58,1007.0,8.1,10,22.7,36.6,10.0,13.9,WSW,Sunny,9.2
2025-05-15 11:00,30.5,0.3,67,1010.0,6.9,73,23.7,35.5,10.0,13.7,ESE,Patchy rain possible,6.800000000000001
2025-04-11 20:00,26.2,0.0,91,1008.0,8.1,28,23.7,30.1,10.0,10.4,SSW,Partly cloudy,2.5
2024-10-19 11:00,28.6,0.1,72,1012.0,6.5,73,23.1,32.4,10.0,14.0,E,Patchy rain possible,5.5
2025-02-23 16:00,21.7,0.1,96,1018.0,15.1,100,21.0,23.7,10.0,21.2,NE,Patchy rain possible,0.6999999999999993
2024-11-03 23:00,22.8,0.0,90,1014.0,2.9,86,21.0,25.1,10.0,4.8,SW,Overcast,1.8000000000000007
2024-05-24 14:00,29.2,0.1,74,1006.0,11.5,82,24.2,34.1,10.0,13.2,E,Patchy rain possible,5.0
2024-11-24 19:00,23.8,0.7,92,1014.0,10.5,80,22.5,26.2,10.0,22.9,ENE,Moderate rain at times,1.3000000000000007
2025-03-15 22:00,23.9,0.0,92,1012.0,6.8,18,22.4,26.2,10.0,7.7,SSE,Clear,1.5
2024-11-17 06:00,22.1,0.0,87,1012.0,5.0,12,19.8,24.6,10.0,9.3,WSW,Sunny,2.3000000000000007
2025-03-16 01:00,23.4,0.0,92,1011.0,6.8,35,22.1,25.7,10.0,12.4,S,Partly cloudy,1.2999999999999972
2024-09-24 07:00,24.8,0.2,89,1011.0,5.0,56,22.9,27.4,10.0,7.1,W,Patchy rain possible,1.9000000000000021
2024-12-29 10:00,21.4,0.0,84,1021.0,11.2,84,18.5,23.4,10.0,20.2,NE,Cloudy,2.8999999999999986
2025-03-08 12:00,22.8,0.0,79,1016.0,6.8,100,19.0,24.9,10.0,21.1,N,Overcast,3.8000000000000007
2024-05-28 10:00,33.8,0.0,55,1004.0,5.0,20,23.6,40.1,10.0,14.9,WSW,Sunny,10.199999999999996
2024-12-26 09:00,21.4,0.1,93,1019.0,9.4,100,20.2,23.4,2.0,12.9,NNW,Patchy rain possible,1.1999999999999993
2025-05-20 01:00,24.5,0.0,88,1007.0,6.0,83,22.4,26.9,10.0,7.6,SSW,Cloudy,2.1000000000000014
2024-09-11 03:00,25.5,0.0,90,1006.0,6.8,71,23.8,28.6,9.0,11.1,SW,Cloudy,1.6999999999999993
2025-03-16 10:00,24.4,9.2,85,1016.0,12.3,100,21.7,26.6,10.0,18.7,NW,Moderate or heavy rain shower,2.6999999999999993
2024-10-04 07:00,23.6,0.0,84,1014.0,5.0,100,20.9,25.7,2.0,7.3,WNW,Overcast,2.700000000000003
2024-07-11 06:00,25.5,0.0,79,1006.0,10.8,24,21.6,27.7,10.0,15.9,WSW,Sunny,3.8999999999999986
2025-01-02 16:00,20.8,0.0,91,1014.0,9.4,100,19.3,22.8,2.0,12.8,NW,Overcast,1.5
2024-06-17 14:00,34.4,0.1,61,1003.0,17.3,86,23.7,41.1,10.0,26.7,ENE,Patchy rain possible,10.7
2025-05-19 08:00,28.4,0.0,70,1009.0,8.3,23,22.4,31.7,10.0,15.1,S,Sunny,6.0
2024-07-23 02:00,25.3,0.0,87,1002.0,9.6,41,23.0,28.0,10.0,20.0,SW,Partly cloudy,2.3000000000000007
2024-11-26 09:00,25.2,1.9,84,1016.0,11.9,90,22.3,27.6,10.0,15.6,ENE,Moderate or heavy rain shower,2.8999999999999986
2024-09-26 18:00,26.5,0.0,86,1010.0,8.6,70,23.9,30.0,10.0,13.6,SE,Cloudy,2.6000000000000014
2024-06-30 22:00,27.6,0.0,82,1007.0,5.8,79,24.4,31.9,10.0,10.6,WSW,Cloudy,3.200000000000003
2024-08-31 19:00,27.9,0.0,79,1006.0,7.2,14,23.9,31.9,10.0,11.8,SE,Clear,4.0
2024-12-20 21:00,20.4,0.0,82,1017.0,10.1,100,17.2,22.4,10.0,14.7,ESE,Overcast,3.1999999999999993
2024-10-07 06:00,24.2,0.1,85,1013.0,7.9,90,21.6,26.3,10.0,9.4,WNW,Patchy rain possible,2.599999999999998
2025-02-27 17:00,22.6,0.0,85,1014.0,11.2,71,20.0,24.9,10.0,14.3,E,Cloudy,2.6000000000000014
2025-04-01 11:00,22.3,0.0,82,1017.0,10.4,100,19.1,24.7,10.0,28.4,NW,Overcast,3.1999999999999993
2024-12-09 22:00,22.7,1.2,90,1015.0,6.9,100,20.9,25.0,10.0,11.4,E,Heavy rain at times,1.8000000000000007
2024-06-26 10:00,30.7,0.1,62,1008.0,4.7,85,22.6,34.9,10.0,13.9,ENE,Patchy rain possible,8.099999999999998
2024-07-25 09:00,31.0,0.0,60,999.0,12.3,40,22.4,35.1,10.0,22.1,WSW,Partly cloudy,8.600000000000001
2025-03-03 15:00,28.3,0.0,81,1005.0,11.4,4,23.7,33.0,10.0,22.2,ESE,Sunny,4.600000000000001
2024-09-22 02:00,25.0,0.0,94,1003.0,5.6,62,24.0,28.1,10.0,10.1,SSW,Cloudy,1.0
2024-11-15 08:00,25.2,0.0,86,1012.0,7.2,23,22.7,27.8,10.0,8.6,S,Sunny,2.5
2024-06-18 04:00,25.9,0.0,80,1004.0,10.4,24,22.2,28.4,10.0,14.9,SW,Clear,3.6999999999999993
2024-11-23 14:00,23.9,0.2,90,1013.0,19.1,100,22.2,26.2,10.0,30.9,NE,Patchy rain possible,1.6999999999999993
2024-10-30 13:00,27.0,1.37,82,1007.0,9.7,70,23.7,30.5,10.0,15.0,NNW,Light rain shower,3.3000000000000007
2024-06-08 06:00,25.5,0.0,86,1005.0,6.4,29,23.0,28.2,10.0,13.0,SW,Partly cloudy,2.5
2024-11-20 01:00,22.7,0.4,91,1014.0,9.0,70,21.1,25.0,10.0,14.5,W,Patchy rain possible,1.5999999999999979
2025-05-17 16:00,30.0,0.1,82,1007.0,13.3,76,25.2,37.8,10.0,23.8,E,Patchy rain possible,4.800000000000001
2025-03-15 20:00,24.2,0.0,92,1011.0,5.7,10,22.7,26.7,10.0,10.3,SSE,Clear,1.5
2025-01-24 09:00,21.2,0.0,78,1014.0,7.9,0,17.2,23.2,10.0,9.2,S,Sunny,4.0
2024-11-05 06:00,24.2,6.0,92,1014.0,12.2,100,22.7,26.6,7.0,30.7,NE,Moderate or heavy rain shower,1.5
2024-06-08 16:00,30.6,1.9,71,1003.0,10.8,81,24.8,36.6,9.0,14.0,E,Moderate or heavy rain shower,5.800000000000001
2024-12-09 06:00,22.3,1.5,88,1015.0,10.0,77,20.1,24.7,10.0,17.4,NE,Moderate or heavy rain shower,2.1999999999999993
2024-12-22 23:00,19.0,0.9,81,1017.0,10.4,100,15.6,21.0,10.0,16.6,NW,Moderate rain at times,3.4000000000000004
2025-03-31 10:00,22.0,0.01,85,1017.0,8.6,100,19.3,24.0,10.0,11.2,W,Patchy rain possible,2.6999999999999993
2024-10-09 23:00,23.9,0.0,88,1012.0,6.5,100,21.9,26.1,10.0,11.0,W,Overcast,2.0
2024-05-24 22:00,25.5,0.1,96,1010.0,7.9,83,24.8,29.2,10.0,9.9,SSW,Patchy rain possible,0.6999999999999993
2025-01-13 17:00,19.0,0.0,84,1018.0,8.6,100,16.3,21.0,10.0,11.7,NNE,Overcast,2.6999999999999993
2024-06-12 08:00,31.3,0.0,60,1008.0,7.6,22,22.6,35.7,10.0,8.9,WSW,Sunny,8.7
2024-11-05 09:00,24.5,7.6,91,1016.0,22.0,100,22.8,27.0,10.0,42.2,NE,Moderate or heavy rain shower,1.6999999999999993
2024-10-21 18:00,24.8,0.6,91,1011.0,9.0,89,23.2,27.5,10.0,15.2,NNE,Moderate rain at times,1.6000000000000014
2024-10-25 06:00,20.7,0.0,85,1009.0,8.3,0,18.5,22.7,10.0,16.0,WNW,Sunny,2.1999999999999993
2025-05-06 06:00,25.8,0.0,81,1007.0,6.0,33,22.3,28.3,10.0,11.5,SSW,Partly cloudy,3.5
2024-12-26 00:00,20.6,0.4,89,1017.0,10.4,100,18.8,22.6,10.0,12.5,WNW,Patchy rain possible,1.8000000000000007
2025-02-22 09:00,21.6,0.2,94,1020.0,12.6,100,20.7,23.6,10.0,17.3,ENE,Patchy rain possible,0.9000000000000021
2024-12-30 15:00,22.5,1.2,84,1015.0,7.6,65,19.7,24.8,10.0,15.8,NE,Heavy rain at times,2.8000000000000007
2024-06-21 13:00,33.7,0.0,61,1002.0,13.8,82,23.4,40.0,10.0,21.5,E,Cloudy,10.300000000000004
2025-03-15 15:00,28.8,0.0,78,1007.0,11.4,9,24.3,33.6,10.0,25.3,ESE,Sunny,4.5
2024-08-31 21:00,27.3,0.0,81,1008.0,7.2,15,23.8,31.0,10.0,12.1,S,Clear,3.5
2025-01-11 12:00,20.0,0.1,81,1025.0,25.6,89,16.6,22.0,10.0,39.9,NE,Patchy rain possible,3.3999999999999986
2024-08-03 22:00,25.8,0.0,86,1010.0,8.0,10,24.0,29.1,10.0,16.1,WSW,Clear,1.8000000000000007
2025-05-21 01:00,25.2,0.1,90,1007.0,7.0,84,24.1,28.4,10.0,14.6,SSW,Patchy rain possible,1.0999999999999979
2025-04-04 12:00,25.3,0.2,76,1013.0,16.6,78,20.8,27.3,10.0,19.0,ESE,Patchy rain possible,4.5
2024-11-08 06:00,23.2,0.3,85,1016.0,8.8,59,20.5,25.3,10.0,14.2,NE,Patchy rain possible,2.6999999999999993
2025-05-12 13:00,29.6,0.0,78,1008.0,18.0,98,22.0,35.6,10.0,33.5,NNW,Overcast,7.600000000000001
2024-06-06 02:00,26.0,0.0,86,1007.0,10.4,17,23.5,29.2,10.0,13.8,SW,Clear,2.5
2024-05-31 23:00,25.3,0.0,88,1007.0,9.0,31,23.1,28.0,10.0,15.8,SW,Partly cloudy,2.1999999999999993
2024-10-22 15:00,26.8,0.1,84,1010.0,14.0,85,23.9,30.4,10.0,25.8,NE,Patchy rain possible,2.900000000000002
2024-07-17 21:00,25.6,0.2,89,1005.0,8.6,58,23.7,28.8,10.0,10.9,SSW,Patchy rain possible,1.9000000000000021
2025-05-05 23:00,26.3,0.0,88,1008.0,6.6,19,23.8,30.0,10.0,8.3,SSW,Clear,2.5
2025-01-12 00:00,18.1,0.0,77,1026.0,12.8,78,14.1,20.1,10.0,21.6,NE,Cloudy,4.000000000000002
2024-11-01 06:00,20.9,0.0,85,1010.0,9.0,4,18.9,22.9,10.0,11.6,WNW,Sunny,2.0
2024-10-21 16:00,26.2,1.0,89,1010.0,10.1,76,24.2,29.8,10.0,14.5,NNE,Heavy rain at times,2.0
2024-06-05 17:00,30.6,1.0,73,1006.0,9.4,76,25.3,37.3,10.0,16.2,NE,Heavy rain at times,5.300000000000001
2025-03-23 00:00,19.8,0.1,89,1018.0,5.4,76,18.0,21.8,10.0,8.7,SSW,Patchy rain possible,1.8000000000000007
2024-09-25 04:00,24.0,0.0,89,1010.0,5.4,22,22.0,26.3,10.0,8.8,W,Clear,2.0
2025-03-09 00:00,20.2,0.0,90,1017.0,6.1,98,18.5,22.2,10.0,8.9,NW,Overcast,1.6999999999999993
2024-11-09 10:00,25.1,0.0,68,1016.0,9.0,25,18.8,26.6,10.0,15.6,NW,Sunny,6.300000000000001
2024-09-29 19:00,26.9,0.0,90,1008.0,5.7,71,25.2,31.5,10.0,11.2,SE,Cloudy,1.6999999999999993
2025-05-16 11:00,31.0,0.1,63,1010.0,10.1,78,23.1,35.8,10.0,17.1,ESE,Patchy rain possible,7.899999999999999
2024-08-27 18:00,28.1,0.2,79,1006.0,7.2,82,24.1,32.4,9.0,12.2,SE,Patchy rain possible,4.0
2025-02-24 19:00,20.7,2.1,93,1022.0,16.1,100,19.6,22.7,9.0,27.6,NE,Moderate or heavy rain shower,1.0999999999999979
2025-03-11 01:00,22.0,1.0,95,1016.0,1.4,100,21.1,24.0,2.0,2.1,NW,Heavy rain at times,0.8999999999999986
2024-11-13 21:00,24.3,0.0,90,1012.0,2.2,51,22.6,26.7,10.0,3.4,SE,Partly cloudy,1.6999999999999993
2024-10-17 21:00,25.5,0.0,88,1012.0,5.0,46,23.3,28.3,10.0,8.1,W,Partly cloudy,2.1999999999999993
2024-07-22 18:00,28.0,0.1,84,1002.0,5.0,88,24.9,32.8,10.0,9.5,NE,Patchy rain possible,3.1000000000000014
2024-05-30 03:00,28.5,0.0,73,1001.0,9.3,89,23.2,32.2,10.0,18.5,SW,Overcast,5.300000000000001
2024-11-14 03:00,23.6,0.0,92,1010.0,5.0,64,22.2,26.0,10.0,8.0,SW,Cloudy,1.4000000000000021
2025-04-11 17:00,27.6,0.1,97,1006.0,8.3,57,24.4,34.4,6.0,18.4,WSW,Patchy rain possible,3.200000000000003
2024-10-18 17:00,26.9,0.4,85,1009.0,7.2,85,24.2,30.7,10.0,13.9,E,Patchy rain possible,2.6999999999999993
2024-11-15 02:00,23.1,0.0,92,1010.0,5.0,30,21.9,25.5,10.0,8.4,SW,Partly cloudy,1.2000000000000028
2024-12-23 22:00,19.5,0.3,90,1017.0,11.5,100,17.8,21.5,10.0,12.2,N,Patchy rain possible,1.6999999999999993
2025-04-03 07:00,21.6,0.0,85,1017.0,1.8,99,19.0,23.6,10.0,2.4,WSW,Overcast,2.6000000000000014
2025-02-04 17:00,19.7,0.4,91,1016.0,8.3,100,18.2,21.7,10.0,11.6,N,Patchy rain possible,1.5
2025-04-06 08:00,23.8,0.0,86,1015.0,3.2,48,21.4,26.0,10.0,4.2,SSW,Partly cloudy,2.400000000000002
2024-07-01 02:00,27.4,0.0,74,1004.0,10.4,10,22.4,30.3,10.0,14.1,WSW,Clear,5.0
2024-05-25 12:00,31.9,0.0,73,1007.0,13.7,85,25.7,39.7,10.0,21.0,E,Overcast,6.199999999999999
2024-07-13 16:00,30.1,0.2,72,1000.0,8.1,89,24.5,35.7,10.0,16.3,E,Patchy rain possible,5.600000000000001
2025-01-18 00:00,19.2,0.0,79,1018.0,4.3,61,15.6,21.2,10.0,6.4,E,Cloudy,3.5999999999999996
2024-12-23 00:00,18.5,2.0,83,1016.0,10.1,100,15.6,20.5,9.0,15.3,NW,Moderate or heavy rain shower,2.9000000000000004
2025-04-10 22:00,24.1,0.0,88,1008.0,6.9,46,22.3,26.3,10.0,8.7,SW,Partly cloudy,1.8000000000000007
2025-03-04 16:00,27.3,0.3,88,1006.0,7.9,73,24.4,31.9,9.0,13.2,SSE,Patchy rain possible,2.900000000000002
2024-08-19 08:00,30.7,0.0,62,1007.0,5.4,5,22.7,35.0,10.0,10.1,WSW,Sunny,8.0
2024-07-25 12:00,31.9,0.0,63,999.0,17.3,41,23.1,37.0,10.0,23.7,SW,Partly cloudy,8.799999999999997
2024-05-29 09:00,29.0,0.5,73,1005.0,6.1,89,23.7,33.4,10.0,9.4,SW,Moderate rain at times,5.300000000000001
2025-02-11 08:00,19.9,0.0,87,1017.0,6.8,100,17.7,21.9,10.0,9.9,NW,Overcast,2.1999999999999993
2024-06-12 01:00,26.6,0.0,83,1007.0,9.4,15,23.5,29.9,10.0,11.9,WSW,Clear,3.1000000000000014
2025-02-02 02:00,18.3,0.0,88,1010.0,6.1,0,16.3,20.3,10.0,12.1,SSW,Clear,2.0
2024-11-24 20:00,23.8,0.6,92,1014.0,9.9,74,22.5,26.3,10.0,19.4,ENE,Moderate rain at times,1.3000000000000007
2025-03-14 21:00,23.0,0.0,95,1012.0,4.7,35,22.1,25.4,2.0,8.1,E,Partly cloudy,0.8999999999999986
2024-11-02 08:00,24.6,0.0,73,1014.0,12.2,6,19.4,26.3,10.0,15.5,WNW,Sunny,5.200000000000003
2024-08-04 10:00,32.0,0.0,64,1009.0,4.0,8,23.3,37.4,10.0,11.1,E,Sunny,8.7
2024-06-23 06:00,25.6,0.0,89,1003.0,7.6,76,23.6,28.6,10.0,12.4,WSW,Cloudy,2.0
2024-08-05 09:00,31.7,0.0,59,1008.0,2.2,9,22.0,35.7,10.0,9.5,S,Sunny,9.7
2025-04-09 09:00,25.5,0.1,77,1014.0,6.1,85,21.2,27.6,10.0,11.6,SE,Patchy rain possible,4.300000000000001
2025-02-05 20:00,20.9,0.0,84,1015.0,5.7,83,18.1,22.9,10.0,9.0,ESE,Cloudy,2.799999999999997
2024-11-26 13:00,25.2,1.1,87,1013.0,14.0,81,22.8,27.8,10.0,31.7,ENE,Heavy rain at times,2.3999999999999986
2024-12-11 05:00,23.3,1.7,95,1010.0,10.3,100,22.4,25.7,10.0,15.2,NE,Moderate or heavy rain shower,0.9000000000000021
2024-09-12 23:00,25.9,0.0,88,1007.0,5.0,37,23.8,29.2,10.0,8.5,W,Partly cloudy,2.099999999999998
2025-02-28 22:00,21.9,0.0,94,1016.0,9.4,100,20.9,23.9,10.0,13.8,SSE,Overcast,1.0
2025-03-31 12:00,22.1,0.07,84,1015.0,10.4,100,19.3,24.6,10.0,13.3,WNW,Patchy rain possible,2.8000000000000007
2024-11-13 17:00,25.0,0.0,90,1010.0,7.0,64,23.3,27.7,10.0,17.3,E,Cloudy,1.6999999999999993
2024-07-17 13:00,28.1,0.1,82,1003.0,10.4,59,24.8,32.9,10.0,15.5,N,Patchy rain possible,3.3000000000000007
2024-07-14 02:00,25.4,0.1,84,1002.0,6.5,75,22.5,27.9,10.0,11.8,SW,Patchy rain possible,2.8999999999999986
2025-03-05 23:00,23.1,0.0,97,1011.0,5.8,78,22.5,25.6,2.0,9.2,SE,Cloudy,0.6000000000000014
2024-09-18 22:00,24.6,1.9,86,1002.0,7.7,82,22.2,26.9,10.0,17.2,WNW,Moderate or heavy rain shower,2.400000000000002
2024-05-30 18:00,29.5,0.0,85,1002.0,2.9,85,26.0,36.2,10.0,10.8,SSW,Overcast,3.5
2024-07-09 08:00,29.2,0.0,68,1007.0,6.2,47,22.6,32.8,10.0,12.2,SSW,Partly cloudy,6.599999999999998
2025-04-30 07:00,24.0,0.0,82,1012.0,7.2,12,20.8,26.0,10.0,9.9,SSW,Sunny,3.1999999999999993
2024-08-16 18:00,28.8,1.93,88,1006.0,11.2,65,24.6,33.9,7.0,20.5,SW,Moderate or heavy rain shower,4.199999999999999
2025-05-15 13:00,29.8,0.2,72,1008.0,8.6,77,24.2,35.0,9.0,18.3,E,Patchy rain possible,5.600000000000001
2025-04-11 19:00,24.8,0.0,90,1007.0,6.8,82,23.3,27.5,10.0,13.5,WSW,Cloudy,1.5
2024-05-29 04:00,27.5,0.0,72,1002.0,6.1,45,22.1,30.3,10.0,12.6,SSW,Partly cloudy,5.399999999999999
2024-11-10 20:00,22.6,0.0,86,1014.0,12.6,42,20.2,24.9,10.0,15.5,NW,Partly cloudy,2.400000000000002
2024-12-12 17:00,23.3,1.44,93,1012.0,19.4,100,22.1,25.6,9.0,26.2,NE,Heavy rain at times,1.1999999999999993
2025-04-01 03:00,20.4,0.0,85,1014.0,9.0,100,17.8,22.4,10.0,12.3,WNW,Overcast,2.599999999999998
2024-10-10 03:00,22.9,0.0,85,1011.0,8.3,22,20.4,25.1,10.0,10.6,W,Clear,2.5
2024-12-08 12:00,24.5,0.5,85,1017.0,20.5,100,20.3,26.4,10.0,33.5,NE,Moderate rain at times,4.199999999999999
2024-09-19 10:00,25.3,3.68,94,997.0,14.8,96,23.9,28.5,7.0,23.7,SSW,Moderate or heavy rain shower,1.4000000000000021
2024-10-27 08:00,21.5,11.0,82,991.0,23.2,93,18.2,23.5,10.0,47.9,SW,Moderate or heavy rain shower,3.3000000000000007
2024-07-19 18:00,27.6,0.5,87,1004.0,9.4,52,24.7,32.2,10.0,13.3,SE,Moderate rain at times,2.900000000000002
2025-01-25 13:00,24.0,0.0,79,1011.0,13.0,45,20.2,25.9,10.0,22.1,ESE,Partly cloudy,3.8000000000000007
2024-09-27 19:00,26.6,0.0,88,1010.0,9.4,41,24.5,30.5,10.0,14.8,SE,Partly cloudy,2.1000000000000014
2025-04-07 15:00,26.9,0.0,71,1013.0,14.4,7,21.1,29.2,10.0,23.1,E,Sunny,5.799999999999997
2025-01-15 07:00,20.3,1.0,91,1019.0,9.4,100,18.8,22.3,2.0,14.3,NW,Heavy rain at times,1.5
2024-10-21 05:00,23.9,3.19,96,1012.0,7.9,100,23.2,26.5,7.0,15.1,NNE,Moderate or heavy rain shower,0.6999999999999993
2025-05-02 14:00,31.7,0.0,71,1010.0,15.8,70,21.2,39.5,10.0,24.0,NE,Cloudy,10.5
2024-12-08 21:00,22.8,0.2,87,1017.0,11.9,89,20.6,25.0,10.0,18.8,NE,Patchy rain possible,2.1999999999999993
2024-09-26 04:00,24.5,0.0,90,1011.0,5.4,77,22.8,27.0,10.0,9.1,W,Cloudy,1.6999999999999993
2024-09-23 17:00,25.9,0.7,94,1007.0,6.8,100,24.4,29.5,9.0,14.1,NW,Moderate rain at times,1.5
2025-04-23 18:00,29.3,0.0,81,1007.0,9.7,88,23.2,35.6,10.0,18.0,SSW,Overcast,6.100000000000001
2024-08-02 04:00,25.2,0.0,87,1007.0,9.4,15,22.8,27.8,10.0,12.8,WSW,Clear,2.3999999999999986
2024-09-23 01:00,24.4,0.3,93,1005.0,7.2,100,23.1,27.0,10.0,11.2,SW,Patchy rain possible,1.2999999999999972
2024-06-10 22:00,25.7,0.0,89,1008.0,8.9,45,23.8,28.8,10.0,15.8,SW,Partly cloudy,1.8999999999999986
2025-03-09 04:00,20.2,0.0,90,1016.0,5.8,100,18.5,22.2,10.0,8.5,NNW,Overcast,1.6999999999999993
2025-02-02 16:00,23.6,0.0,84,1008.0,14.4,8,20.7,25.6,10.0,17.6,ESE,Sunny,2.900000000000002
2025-04-11 02:00,23.3,0.0,92,1006.0,6.8,77,22.0,25.6,10.0,8.0,S,Cloudy,1.3000000000000007
2025-02-14 03:00,20.9,1.4,95,1014.0,7.2,100,20.1,22.9,2.0,10.7,NNW,Heavy rain at times,0.7999999999999972
2024-06-17 09:00,33.0,0.0,57,1006.0,3.2,22,22.7,38.2,10.0,11.6,S,Sunny,10.3
2024-11-16 15:00,27.2,0.0,74,1008.0,10.1,76,22.2,29.9,10.0,16.4,E,Cloudy,5.0
2024-12-10 02:00,22.8,0.2,90,1013.0,7.9,100,21.1,25.0,10.0,11.4,ENE,Patchy rain possible,1.6999999999999993
2025-04-15 11:00,25.8,0.0,69,1014.0,10.1,10,18.4,27.6,10.0,17.3,NE,Sunny,7.400000000000002
2024-08-17 10:00,34.1,0.0,54,1007.0,2.5,15,22.6,39.6,10.0,13.0,NNW,Sunny,11.5
2024-11-07 20:00,24.0,0.0,84,1017.0,12.5,94,21.1,26.0,10.0,20.2,ENE,Overcast,2.8999999999999986
2025-04-02 08:00,21.4,0.0,83,1018.0,4.0,100,18.4,23.4,10.0,5.1,NNW,Overcast,3.0
2024-07-29 14:00,31.1,0.0,62,1003.0,8.7,73,23.0,35.7,10.0,16.7,SW,Cloudy,8.100000000000001
2024-12-04 03:00,22.1,0.0,88,1012.0,6.1,53,20.1,24.6,10.0,10.9,NE,Partly cloudy,2.0
2025-01-07 01:00,19.0,0.0,83,1016.0,8.6,98,17.0,21.0,10.0,13.0,E,Overcast,2.0
2025-03-16 13:00,23.1,19.7,82,1015.0,22.2,61,19.8,25.2,10.0,37.5,NW,Moderate or heavy rain shower,3.3000000000000007
2025-03-24 00:00,19.7,0.0,93,1015.0,8.3,24,18.5,21.7,10.0,13.7,SW,Clear,1.1999999999999993
2025-01-19 12:00,22.3,0.0,72,1015.0,9.0,78,17.0,24.7,10.0,10.7,NE,Cloudy,5.300000000000001
2025-03-18 08:00,21.2,0.0,93,1020.0,12.4,100,20.1,23.2,9.0,22.7,NNE,Overcast,1.0999999999999979
2025-04-26 12:00,31.1,0.0,69,1010.0,12.1,4,23.5,37.3,10.0,22.1,ESE,Sunny,7.600000000000001
2025-03-13 21:00,23.5,0.0,95,1012.0,1.8,94,22.7,26.0,2.0,2.8,SW,Overcast,0.8000000000000007
2024-05-24 16:00,28.3,0.2,81,1006.0,10.8,59,24.7,33.2,5.0,13.0,E,Patchy rain possible,3.6000000000000014
2025-01-06 03:00,17.7,0.0,87,1016.0,5.8,100,15.7,19.7,10.0,9.0,NW,Overcast,2.0
2024-08-18 01:00,26.8,0.0,89,1007.0,6.2,14,24.5,30.8,10.0,12.4,SSW,Clear,2.3000000000000007
2024-11-02 12:00,27.5,0.1,60,1013.0,15.5,79,19.1,29.1,10.0,23.0,NNW,Patchy rain possible,8.399999999999999
2024-08-21 15:00,34.2,0.1,60,1006.0,11.5,77,22.7,40.0,10.0,22.8,NE,Patchy rain possible,11.500000000000004
2025-03-23 17:00,23.1,0.0,79,1014.0,12.2,14,19.3,25.1,10.0,15.4,E,Sunny,3.8000000000000007
2025-05-19 18:00,27.4,0.0,87,1007.0,11.2,88,25.1,32.1,7.0,20.2,S,Overcast,2.299999999999997
2024-05-26 02:00,25.6,0.0,89,1008.0,6.5,69,23.7,28.7,10.0,10.8,SSW,Cloudy,1.9000000000000021
2025-03-28 06:00,23.0,0.0,84,1006.0,8.3,23,20.1,25.1,10.0,10.1,SSE,Sunny,2.8999999999999986
2024-10-28 06:00,21.1,0.4,82,1005.0,5.8,71,18.0,23.1,10.0,9.3,SW,Patchy rain possible,3.1000000000000014
2024-09-10 17:00,27.3,0.1,85,1004.0,5.0,76,24.5,31.5,10.0,7.6,ENE,Patchy rain possible,2.8000000000000007
2024-10-02 12:00,28.2,0.1,81,1011.0,14.8,72,24.6,32.9,9.0,30.1,NNW,Patchy rain possible,3.599999999999998
2024-08-17 12:00,34.8,0.0,59,1006.0,10.0,29,23.3,41.3,10.0,22.4,NNE,Partly cloudy,11.499999999999996
2024-06-10 09:00,30.4,0.0,66,1006.0,5.4,26,23.3,35.0,10.0,11.9,SSW,Partly cloudy,7.099999999999998
2025-04-19 16:00,30.7,0.0,80,1006.0,11.2,72,24.6,39.3,10.0,14.9,ESE,Cloudy,6.099999999999998
2024-08-16 11:00,35.2,0.0,56,1005.0,7.2,19,22.8,41.5,10.0,12.6,NNE,Sunny,12.400000000000002
2024-09-05 21:00,28.0,0.0,84,1003.0,11.2,20,23.8,32.1,10.0,16.9,W,Clear,4.199999999999999
2024-07-16 05:00,24.2,0.0,89,1003.0,7.9,31,22.2,26.5,10.0,9.8,WSW,Partly cloudy,2.0
2025-01-22 21:00,17.7,0.0,84,1015.0,5.4,0,15.1,19.7,10.0,10.2,WSW,Clear,2.5999999999999996
2025-03-26 00:00,19.4,0.0,85,1008.0,7.9,9,16.8,21.4,10.0,10.7,S,Clear,2.599999999999998
2024-10-12 22:00,24.8,0.1,89,1013.0,2.9,59,22.8,27.4,10.0,4.8,WNW,Patchy rain possible,2.0
2024-07-16 08:00,26.8,0.0,79,1004.0,6.5,28,22.8,29.8,10.0,8.2,WSW,Partly cloudy,4.0
2024-06-01 20:00,26.7,3.6,86,1009.0,3.6,76,24.2,30.5,10.0,13.6,S,Moderate or heavy rain shower,2.5
2025-04-10 04:00,22.4,0.0,93,1007.0,7.2,62,21.3,24.8,10.0,9.0,SSW,Cloudy,1.0999999999999979
2024-09-08 07:00,28.6,0.0,69,1006.0,11.9,52,22.4,31.9,10.0,20.1,SW,Partly cloudy,6.200000000000003
2024-12-01 08:00,22.4,0.0,82,1014.0,4.0,55,19.3,24.7,10.0,9.3,WSW,Partly cloudy,3.099999999999998
2024-09-07 05:00,28.4,0.0,75,999.0,15.1,31,21.7,31.3,10.0,23.2,WSW,Partly cloudy,6.699999999999999
2024-10-06 16:00,27.4,0.1,80,1010.0,15.5,84,23.7,31.1,9.0,28.2,NNW,Patchy rain possible,3.6999999999999993
2024-10-02 18:00,25.6,0.2,88,1011.0,17.3,63,23.4,28.5,10.0,34.5,NNW,Patchy rain possible,2.200000000000003
2024-11-03 17:00,23.1,0.9,92,1012.0,7.9,100,21.8,25.4,2.0,16.5,S,Moderate rain at times,1.3000000000000007
2024-09-15 08:00,26.9,0.0,83,1004.0,6.5,59,23.8,30.5,10.0,13.6,WSW,Partly cloudy,3.099999999999998
2024-12-10 07:00,23.0,0.7,91,1013.0,9.7,100,21.5,25.3,10.0,11.1,NE,Moderate rain at times,1.5
2024-11-14 23:00,23.5,0.0,92,1012.0,5.8,22,22.1,25.8,10.0,9.5,SW,Clear,1.3999999999999986
2024-08-18 18:00,30.2,0.0,79,1006.0,8.3,76,24.8,36.1,10.0,17.6,ESE,Cloudy,5.399999999999999
2024-09-11 15:00,29.0,0.0,73,1005.0,10.4,45,23.7,33.3,10.0,19.4,S,Partly cloudy,5.300000000000001
2025-03-24 05:00,18.9,0.0,92,1014.0,5.4,22,17.5,20.9,10.0,9.3,SSW,Clear,1.3999999999999986
2024-09-15 01:00,25.4,0.0,88,1003.0,9.0,89,23.3,28.3,10.0,11.0,WSW,Overcast,2.099999999999998
2024-12-04 08:00,23.9,1.0,86,1015.0,9.9,86,21.4,26.1,9.0,19.0,ENE,Heavy rain at times,2.5
2025-01-02 23:00,20.6,0.0,92,1016.0,8.3,100,19.2,22.6,10.0,12.1,NW,Overcast,1.4000000000000021
2024-07-19 19:00,26.4,0.3,87,1005.0,8.3,86,24.1,30.0,9.0,15.7,SSE,Patchy rain possible,2.299999999999997
2024-09-20 21:00,26.2,0.3,85,1005.0,6.1,78,23.6,29.4,10.0,10.6,WNW,Patchy rain possible,2.599999999999998
2024-10-19 01:00,24.7,0.1,91,1011.0,4.3,76,23.1,27.3,10.0,7.1,SSW,Patchy rain possible,1.5999999999999979
2025-04-07 09:00,26.0,0.0,72,1017.0,6.1,66,20.6,27.9,10.0,7.8,ESE,Cloudy,5.399999999999999
2025-04-20 07:00,25.8,0.0,86,1009.0,7.9,18,23.2,28.7,10.0,11.8,SSE,Sunny,2.6000000000000014
2025-03-14 03:00,22.4,0.1,97,1010.0,8.3,67,21.8,24.9,2.0,13.9,S,Patchy rain possible,0.5999999999999979
2025-05-16 01:00,24.7,0.0,90,1009.0,5.4,13,23.0,27.3,10.0,10.5,SW,Clear,1.6999999999999993
2025-03-27 01:00,21.7,0.0,82,1004.0,5.9,10,18.5,23.7,10.0,8.2,SSW,Clear,3.1999999999999993
2024-12-17 08:00,20.4,0.0,86,1019.0,5.0,100,18.0,22.4,10.0,6.7,NW,Overcast,2.3999999999999986
2025-01-21 21:00,18.3,0.0,79,1015.0,3.6,8,14.5,20.3,10.0,6.2,SSW,Clear,3.8000000000000007
2024-07-15 07:00,24.2,5.29,97,1002.0,8.6,100,23.7,27.0,3.0,18.0,WSW,Moderate or heavy rain shower,0.5
2025-05-01 08:00,27.3,0.1,73,1013.0,6.5,74,22.0,29.9,10.0,7.5,S,Patchy rain possible,5.300000000000001
2024-06-25 12:00,33.1,0.0,59,1005.0,13.3,67,23.3,38.8,10.0,15.3,NE,Cloudy,9.8
2025-02-13 20:00,21.7,0.0,97,1016.0,9.0,100,21.2,23.7,2.0,12.6,N,Overcast,0.5
2024-07-26 19:00,28.5,0.0,73,1000.0,9.2,19,23.9,32.7,10.0,17.0,SW,Clear,4.600000000000001
2025-05-03 19:00,27.4,0.0,92,1008.0,10.4,77,24.5,33.1,10.0,15.8,SE,Cloudy,2.8999999999999986
2024-10-02 22:00,24.5,0.5,90,1014.0,9.9,98,22.8,27.0,10.0,17.2,NW,Moderate rain at times,1.6999999999999993
2024-11-29 06:00,20.8,0.0,78,1019.0,10.6,69,16.8,22.8,10.0,17.4,NE,Cloudy,4.0
2024-12-09 02:00,22.4,0.3,87,1015.0,9.5,88,20.1,24.7,10.0,14.9,NE,Patchy rain possible,2.299999999999997
2025-05-10 16:00,29.5,0.0,76,1005.0,8.5,88,24.9,35.2,10.0,15.7,ENE,Overcast,4.600000000000001
2025-03-17 14:00,22.0,0.0,81,1015.0,11.2,100,18.7,24.5,10.0,19.6,NW,Overcast,3.3000000000000007
2024-12-10 17:00,23.5,0.6,90,1010.0,9.2,62,21.9,25.8,10.0,19.0,E,Moderate rain at times,1.6000000000000014
2024-10-19 18:00,25.8,0.8,87,1011.0,4.0,87,23.5,28.9,9.0,6.4,NE,Moderate rain at times,2.3000000000000007
2025-01-29 11:00,21.4,0.2,80,1021.0,11.2,76,16.7,23.4,10.0,19.8,NE,Patchy rain possible,4.699999999999999
2025-03-04 12:00,30.0,0.0,72,1007.0,8.9,9,24.6,35.3,10.0,20.8,SE,Sunny,5.399999999999999
2025-03-08 22:00,20.3,0.0,91,1017.0,8.6,100,18.8,22.3,10.0,12.3,NW,Overcast,1.5
2024-08-11 00:00,27.9,0.0,83,1004.0,6.0,12,25.1,33.0,10.0,13.6,WSW,Clear,2.799999999999997
2024-06-13 09:00,32.6,0.0,57,1007.0,10.1,19,22.9,37.8,10.0,12.1,WSW,Sunny,9.700000000000003
2024-11-13 01:00,23.9,0.2,91,1010.0,6.8,100,22.4,26.3,10.0,10.1,NNE,Patchy rain possible,1.5
2025-03-04 03:00,22.4,0.0,94,1006.0,4.3,72,21.3,24.8,10.0,8.6,S,Cloudy,1.0999999999999979
2024-07-16 12:00,29.6,0.2,69,1003.0,14.4,71,23.5,34.1,10.0,20.7,NNE,Patchy rain possible,6.100000000000001
2025-01-14 03:00,18.0,0.2,85,1017.0,9.0,100,15.4,20.0,10.0,10.8,NW,Patchy rain possible,2.5999999999999996
2024-06-30 02:00,27.0,0.0,75,1006.0,8.6,13,22.3,29.8,10.0,12.2,WSW,Clear,4.699999999999999
2024-10-13 20:00,25.2,1.13,89,1012.0,6.5,74,23.3,28.1,9.0,10.8,N,Heavy rain at times,1.8999999999999986
2024-10-23 23:00,23.5,0.4,88,1013.0,5.8,93,21.4,25.6,10.0,9.5,WNW,Patchy rain possible,2.1000000000000014
2024-11-15 18:00,24.8,0.0,89,1010.0,6.5,6,22.7,27.3,10.0,10.0,ESE,Clear,2.1000000000000014
2024-10-01 12:00,31.5,0.0,72,1007.0,10.4,82,25.2,38.5,9.0,18.6,ENE,Cloudy,6.300000000000001
2024-08-22 14:00,33.9,0.0,61,1006.0,19.1,25,23.6,40.4,9.0,26.5,E,Partly cloudy,10.299999999999997
2024-06-24 06:00,25.6,0.0,84,1004.0,8.3,56,22.8,28.3,10.0,8.6,WSW,Partly cloudy,2.8000000000000007
2024-11-23 09:00,24.1,1.6,89,1017.0,17.2,100,22.2,26.5,10.0,29.8,NE,Moderate or heavy rain shower,1.9000000000000021
2025-02-03 06:00,19.3,0.0,92,1014.0,6.1,77,18.1,21.3,10.0,11.1,W,Cloudy,1.1999999999999993
2025-02-01 01:00,18.0,0.0,88,1011.0,5.0,3,16.1,20.0,10.0,10.6,SSW,Clear,1.8999999999999986
2024-07-01 07:00,29.3,0.0,69,1006.0,11.2,20,23.0,33.3,10.0,17.6,WSW,Sunny,6.300000000000001
2024-06-26 06:00,24.9,0.0,88,1007.0,7.2,22,22.7,27.5,10.0,12.3,SW,Sunny,2.1999999999999993
2025-03-05 14:00,28.3,0.0,84,1007.0,12.6,81,24.6,33.7,10.0,22.5,ESE,Cloudy,3.6999999999999993
2024-12-17 13:00,22.1,0.0,88,1015.0,7.2,100,18.6,24.6,10.0,19.6,NNW,Overcast,3.5
2025-02-22 12:00,23.0,1.5,94,1019.0,11.5,100,20.9,25.4,10.0,22.2,ENE,Moderate or heavy rain shower,2.1000000000000014
2024-11-17 05:00,22.1,0.0,87,1011.0,5.4,15,19.9,24.6,10.0,9.9,WSW,Clear,2.200000000000003
2024-05-29 20:00,29.9,0.0,82,1004.0,4.7,72,25.8,36.7,10.0,7.9,S,Cloudy,4.099999999999998
2025-01-12 03:00,17.7,0.3,76,1024.0,12.0,76,13.5,19.7,10.0,20.8,NE,Patchy rain possible,4.199999999999999
2024-11-28 11:00,23.9,0.0,80,1020.0,23.4,100,18.1,25.6,2.0,34.8,NE,Overcast,5.799999999999997
2024-11-04 23:00,23.5,11.0,89,1014.0,7.9,100,21.6,25.8,10.0,13.2,NNW,Moderate or heavy rain shower,1.8999999999999986
2024-09-05 18:00,30.5,0.0,77,1000.0,10.8,89,24.3,36.1,10.0,22.8,NNW,Overcast,6.199999999999999
2025-03-08 21:00,20.2,0.0,92,1017.0,8.6,100,18.9,22.2,10.0,12.2,NW,Overcast,1.3000000000000007
2024-10-02 23:00,24.4,0.3,90,1013.0,9.5,100,22.7,26.9,10.0,14.7,NW,Patchy rain possible,1.6999999999999993
2024-07-16 15:00,29.0,0.0,78,1001.0,13.7,88,24.8,34.4,9.0,16.4,N,Overcast,4.199999999999999
2025-04-27 01:00,24.3,0.1,96,1011.0,6.1,77,23.8,27.1,2.0,10.6,S,Patchy rain possible,0.5
2024-12-25 23:00,20.5,0.3,88,1017.0,10.8,100,18.4,22.5,10.0,12.0,WNW,Patchy rain possible,2.1000000000000014
2025-05-04 21:00,27.6,0.0,87,1007.0,9.6,12,23.4,32.5,10.0,15.2,SW,Clear,4.200000000000003
2025-01-02 07:00,20.2,0.0,85,1016.0,6.8,100,17.6,22.2,10.0,10.5,WNW,Overcast,2.599999999999998
2025-05-21 16:00,30.9,0.0,75,1004.0,13.7,84,24.2,36.8,10.0,26.9,E,Cloudy,6.699999999999999
2024-10-23 03:00,24.2,0.8,86,1012.0,8.3,71,21.8,26.4,9.0,18.5,ENE,Moderate rain at times,2.3999999999999986
2025-03-19 18:00,19.4,0.0,89,1021.0,13.0,100,17.6,21.4,10.0,17.8,NNW,Overcast,1.7999999999999972
2025-02-27 02:00,20.7,0.0,92,1018.0,3.6,100,19.3,22.7,10.0,5.6,WSW,Overcast,1.3999999999999986
2024-10-07 12:00,27.7,0.1,82,1013.0,16.2,65,24.4,32.0,10.0,25.8,N,Patchy rain possible,3.3000000000000007
2024-10-07 22:00,24.6,0.3,89,1015.0,6.4,70,22.6,27.1,10.0,16.1,NNW,Patchy rain possible,2.0
2025-03-06 16:00,25.3,0.3,87,1011.0,12.6,68,22.9,28.0,10.0,18.5,NE,Patchy rain possible,2.400000000000002
2025-03-19 21:00,19.0,0.0,91,1023.0,12.2,100,17.4,21.0,2.0,17.0,NW,Overcast,1.6000000000000014
2024-06-05 15:00,31.7,0.0,66,1006.0,13.0,88,24.5,38.1,10.0,20.6,ENE,Overcast,7.199999999999999
2025-01-23 06:00,16.4,0.0,82,1014.0,5.4,0,13.3,18.4,10.0,10.5,WSW,Clear,3.099999999999998
2024-09-03 18:00,27.6,2.5,82,1005.0,13.7,71,24.2,31.7,9.0,23.9,NNE,Moderate or heavy rain shower,3.400000000000002
2025-05-11 11:00,28.9,0.1,75,1008.0,16.2,68,24.1,33.6,10.0,25.3,NNW,Patchy rain possible,4.799999999999997
2025-02-01 07:00,18.2,0.0,90,1012.0,7.9,7,16.6,20.2,10.0,13.5,SW,Sunny,1.5999999999999979
2025-01-26 02:00,19.6,0.0,90,1014.0,3.6,70,18.4,21.6,10.0,5.7,ESE,Cloudy,1.2000000000000028
2025-05-10 08:00,28.5,0.1,64,1008.0,3.6,80,21.1,31.1,10.0,10.9,S,Patchy rain possible,7.399999999999999
2024-11-22 16:00,24.3,0.3,87,1013.0,15.4,96,22.0,26.6,10.0,31.1,NE,Patchy rain possible,2.3000000000000007
2024-06-26 16:00,29.4,0.1,76,1005.0,14.4,89,24.8,34.9,9.0,19.0,ESE,Patchy rain possible,4.599999999999998
2024-09-28 07:00,26.3,0.0,85,1010.0,6.1,9,23.6,29.5,10.0,8.2,SSW,Sunny,2.6999999999999993
2024-10-14 06:00,24.0,7.1,89,1012.0,6.8,63,22.1,26.3,10.0,17.7,WNW,Moderate or heavy rain shower,1.8999999999999986
2024-12-29 17:00,21.3,0.2,88,1017.0,9.0,95,19.1,23.3,10.0,13.4,NE,Patchy rain possible,2.1999999999999993
2025-04-26 13:00,30.2,0.1,71,1009.0,13.7,72,23.5,35.5,10.0,22.4,ESE,Patchy rain possible,6.699999999999999
2024-05-25 06:00,25.2,0.0,91,1008.0,7.6,22,23.6,28.2,10.0,11.6,SSW,Sunny,1.5999999999999979
2025-02-06 14:00,22.7,0.0,73,1012.0,10.8,81,17.6,24.9,10.0,23.7,E,Cloudy,5.099999999999998
2024-11-08 08:00,23.8,0.6,82,1017.0,9.6,72,20.6,25.8,9.0,18.1,ENE,Moderate rain at times,3.1999999999999993
2024-10-13 19:00,25.4,0.0,89,1011.0,7.2,85,23.5,28.4,9.0,11.7,NNE,Overcast,1.8999999999999986
2025-02-09 17:00,19.9,0.1,82,1017.0,11.4,99,16.8,21.9,10.0,23.3,NE,Patchy rain possible,3.099999999999998
2024-08-10 05:00,27.0,0.0,76,1005.0,8.3,13,22.3,29.8,10.0,12.4,WSW,Clear,4.699999999999999
2024-07-23 17:00,30.6,0.0,75,1000.0,4.3,79,24.4,36.4,10.0,13.0,ESE,Cloudy,6.200000000000003
2024-12-12 01:00,23.9,2.5,93,1011.0,14.4,100,22.8,26.4,10.0,26.7,ENE,Moderate or heavy rain shower,1.0999999999999979
2024-12-12 23:00,23.7,0.1,93,1013.0,15.5,100,22.4,26.1,9.0,23.5,ENE,Patchy rain possible,1.3000000000000007
2024-11-11 22:00,23.4,0.3,91,1012.0,12.6,100,21.8,25.7,10.0,21.7,WNW,Patchy rain possible,1.5999999999999979
2025-03-13 12:00,28.5,0.0,76,1011.0,12.2,30,22.5,32.8,10.0,20.0,ESE,Partly cloudy,6.0
2024-10-08 23:00,24.4,0.2,86,1014.0,6.8,79,21.9,26.6,10.0,11.3,NW,Patchy rain possible,2.5
2025-01-28 16:00,19.0,0.0,86,1019.0,12.6,64,16.6,21.0,10.0,16.3,N,Cloudy,2.3999999999999986
2024-12-14 06:00,22.4,3.54,93,1017.0,22.4,100,21.1,24.8,7.0,37.4,NE,Moderate or heavy rain shower,1.2999999999999972
2024-07-01 10:00,33.1,0.0,55,1006.0,10.4,13,22.7,38.3,10.0,19.7,SW,Sunny,10.400000000000002
2025-01-19 13:00,23.3,0.0,73,1014.0,10.1,84,15.9,25.1,10.0,11.9,NE,Cloudy,7.4
2024-10-07 05:00,24.0,0.1,85,1013.0,7.6,96,21.4,26.1,10.0,8.2,WNW,Patchy rain possible,2.6000000000000014
2024-08-21 01:00,26.1,0.0,85,1007.0,10.8,34,23.4,29.2,10.0,13.9,SW,Partly cloudy,2.700000000000003
2025-05-16 18:00,27.5,0.0,87,1008.0,10.4,82,25.2,32.3,9.0,16.1,ESE,Cloudy,2.3000000000000007
2024-12-20 19:00,20.5,0.0,81,1016.0,10.1,100,17.2,22.5,10.0,14.5,ENE,Overcast,3.3000000000000007
2025-02-23 21:00,21.6,1.6,95,1021.0,14.4,100,20.8,23.6,7.0,25.6,NE,Moderate or heavy rain shower,0.8000000000000007
2025-04-15 02:00,20.3,0.0,84,1012.0,5.4,28,17.5,22.3,10.0,8.5,NW,Partly cloudy,2.8000000000000007
2024-09-27 09:00,28.1,0.0,78,1012.0,7.6,6,23.9,32.3,10.0,8.7,SSE,Sunny,4.200000000000003
2025-03-24 22:00,19.3,0.0,89,1013.0,6.5,6,17.5,21.3,10.0,11.7,SSW,Clear,1.8000000000000007
2025-01-06 18:00,20.7,0.0,81,1016.0,5.5,99,17.3,22.7,10.0,10.4,ENE,Overcast,3.3999999999999986
2025-02-27 13:00,22.9,0.2,83,1016.0,10.8,54,20.0,25.0,10.0,12.9,NE,Patchy rain possible,2.8999999999999986
2024-06-24 00:00,26.3,0.3,80,1003.0,7.0,86,22.5,29.1,10.0,12.5,SW,Patchy rain possible,3.8000000000000007
2024-08-17 01:00,26.2,0.0,87,1006.0,9.0,85,23.8,29.5,9.0,11.1,WSW,Overcast,2.3999999999999986
2025-05-04 08:00,28.8,0.0,65,1008.0,9.4,12,21.5,31.6,10.0,10.8,SSE,Sunny,7.300000000000001
2024-10-15 15:00,27.8,0.6,82,1008.0,11.9,70,24.4,32.1,9.0,21.7,NNE,Moderate rain at times,3.400000000000002
2025-03-23 15:00,24.2,0.0,72,1014.0,13.0,0,18.9,25.9,10.0,20.2,E,Sunny,5.300000000000001
2024-06-03 21:00,27.4,0.0,85,1007.0,6.8,22,24.7,31.9,10.0,12.9,SSW,Clear,2.6999999999999993
2024-07-24 12:00,32.3,0.0,62,1000.0,13.0,27,23.3,37.8,10.0,24.7,SW,Partly cloudy,8.999999999999996
2024-11-27 12:00,25.7,1.0,86,1015.0,24.5,58,21.3,27.9,10.0,43.3,NE,Heavy rain at times,4.399999999999999
2025-04-30 21:00,24.4,0.03,93,1013.0,5.4,65,23.1,27.0,10.0,9.3,SW,Patchy rain possible,1.2999999999999972
2024-08-28 04:00,24.5,0.0,85,1006.0,7.4,18,21.8,26.7,10.0,15.4,WSW,Clear,2.6999999999999993
2024-09-13 05:00,24.7,0.0,94,1005.0,4.5,88,23.6,27.5,10.0,9.1,WSW,Overcast,1.0999999999999979
2024-08-17 15:00,32.5,0.0,72,1005.0,10.2,77,24.6,39.5,10.0,22.5,NNE,Cloudy,7.899999999999999
2024-10-11 05:00,24.3,0.3,87,1011.0,8.6,100,22.0,26.6,10.0,13.2,NW,Patchy rain possible,2.3000000000000007
2024-06-22 02:00,26.1,0.0,86,1002.0,8.3,24,23.5,29.2,10.0,10.0,SW,Clear,2.6000000000000014
2024-07-01 15:00,33.3,0.0,73,1003.0,13.7,83,23.5,39.8,9.0,23.6,NE,Cloudy,9.799999999999997
2025-04-24 14:00,32.4,0.0,73,1006.0,10.0,71,23.3,42.1,9.0,18.2,E,Cloudy,9.099999999999998
2024-08-25 06:00,24.6,0.0,87,1008.0,7.6,14,22.3,27.0,10.0,8.4,SW,Sunny,2.3000000000000007
2024-07-03 05:00,24.6,0.0,88,1006.0,8.6,7,22.4,27.0,10.0,11.7,S,Clear,2.200000000000003
2024-10-03 20:00,24.6,0.0,79,1014.0,11.1,93,20.8,26.6,10.0,22.2,NW,Overcast,3.8000000000000007
2024-08-04 07:00,26.6,0.0,83,1009.0,5.8,7,23.5,29.8,10.0,8.6,WSW,Sunny,3.1000000000000014
2025-04-05 05:00,20.4,0.0,94,1011.0,7.9,45,19.3,22.4,10.0,8.3,SSE,Partly cloudy,1.0999999999999979
2024-11-23 06:00,23.7,3.4,90,1015.0,14.0,100,21.9,26.0,10.0,28.8,NE,Moderate or heavy rain shower,1.8000000000000007
2025-02-26 08:00,21.2,0.1,89,1022.0,4.0,100,19.4,23.2,10.0,8.9,N,Patchy rain possible,1.8000000000000007
2025-01-06 07:00,19.0,0.1,88,1018.0,6.5,100,16.9,21.0,10.0,9.6,NW,Patchy rain possible,2.1000000000000014
2024-08-02 20:00,26.6,0.0,91,1009.0,11.8,72,24.3,30.5,9.0,20.7,WSW,Cloudy,2.3000000000000007
2024-12-24 22:00,19.3,0.0,89,1018.0,9.0,100,17.4,21.3,10.0,13.6,WNW,Overcast,1.9000000000000021
2025-05-01 17:00,27.6,0.0,81,1010.0,11.2,86,24.0,31.5,9.0,20.6,ENE,Overcast,3.6000000000000014
2024-06-06 05:00,25.9,0.0,84,1008.0,7.0,15,23.0,28.7,10.0,15.0,SW,Clear,2.8999999999999986
2024-10-24 05:00,23.2,0.0,88,1011.0,12.2,55,21.2,25.4,10.0,14.9,WNW,Partly cloudy,2.0
2024-11-15 19:00,24.5,0.0,89,1010.0,4.0,6,22.5,26.9,10.0,6.2,SSE,Clear,2.0
2024-06-20 16:00,33.4,0.0,64,1001.0,11.2,32,23.6,39.6,10.0,20.5,ESE,Partly cloudy,9.799999999999997
2024-10-13 00:00,25.2,0.2,84,1013.0,1.8,77,22.4,27.7,10.0,2.9,NW,Patchy rain possible,2.8000000000000007
2024-12-25 19:00,20.2,0.6,88,1016.0,9.3,100,18.3,22.2,10.0,14.4,WNW,Moderate rain at times,1.8999999999999986
2024-12-15 00:00,20.8,2.0,93,1020.0,19.9,100,19.7,22.8,7.0,32.8,NNE,Moderate or heavy rain shower,1.1000000000000014
2024-07-02 06:00,26.2,0.0,73,1005.0,9.4,12,21.1,28.3,10.0,12.5,SW,Sunny,5.099999999999998
2024-09-30 00:00,25.8,0.0,94,1008.0,6.8,33,24.7,29.6,10.0,11.2,SSW,Partly cloudy,1.1000000000000014
2025-05-03 17:00,29.1,0.0,83,1007.0,12.2,18,24.0,35.5,10.0,22.5,ESE,Sunny,5.100000000000001
2024-08-22 19:00,28.1,0.0,87,1010.0,13.7,87,24.4,32.6,9.0,26.1,W,Overcast,3.700000000000003
2024-09-13 01:00,26.0,0.0,90,1006.0,5.8,64,24.2,29.5,5.0,9.3,WSW,Cloudy,1.8000000000000007
2024-12-07 05:00,23.3,0.1,88,1013.0,9.3,100,21.3,25.5,10.0,14.9,NE,Patchy rain possible,2.0
2024-12-21 10:00,21.1,0.1,80,1018.0,10.8,100,17.6,23.1,10.0,19.4,NE,Patchy rain possible,3.5
2025-04-28 10:00,30.3,0.0,65,1012.0,11.9,3,22.6,34.4,10.0,19.4,ESE,Sunny,7.699999999999999
2025-05-13 06:00,24.2,0.2,87,1009.0,5.4,78,22.0,26.4,10.0,8.2,W,Patchy rain possible,2.1999999999999993
2025-04-28 14:00,30.6,0.0,68,1008.0,18.0,4,22.6,34.8,10.0,27.5,E,Sunny,8.0
2024-12-29 00:00,20.4,0.0,83,1021.0,9.5,100,17.5,22.4,10.0,15.8,NE,Overcast,2.8999999999999986
2025-01-26 23:00,19.1,1.1,94,1019.0,20.2,100,18.1,21.1,10.0,34.1,NNW,Heavy rain at times,1.0
2024-10-18 20:00,25.4,0.0,89,1012.0,4.0,75,23.4,28.3,9.0,6.8,SE,Cloudy,2.0
2024-12-09 05:00,22.3,1.4,87,1015.0,10.1,80,20.1,24.7,10.0,15.9,NE,Heavy rain at times,2.1999999999999993
2024-12-29 19:00,20.9,0.0,88,1018.0,7.9,100,18.9,22.9,10.0,8.1,ENE,Overcast,2.0
2024-08-13 22:00,26.8,0.0,86,1007.0,8.3,75,24.3,30.6,10.0,10.1,SSW,Cloudy,2.5
2024-11-10 16:00,25.6,0.0,79,1012.0,18.0,87,21.6,27.8,10.0,23.8,NNW,Overcast,4.0
2024-12-07 07:00,23.5,0.1,87,1015.0,9.4,78,21.3,25.7,10.0,14.0,NE,Patchy rain possible,2.1999999999999993
2025-04-04 22:00,21.2,0.0,92,1013.0,6.1,20,19.8,23.2,10.0,10.3,S,Clear,1.3999999999999986
2024-12-29 18:00,20.9,0.0,88,1018.0,8.3,96,18.8,22.9,10.0,13.0,ENE,Overcast,2.099999999999998
2025-04-25 16:00,29.4,0.7,79,1008.0,6.6,82,24.0,35.4,9.0,19.4,E,Moderate rain at times,5.399999999999999
2024-12-16 03:00,19.4,0.1,92,1019.0,13.0,100,18.0,21.4,2.0,17.6,NNW,Patchy rain possible,1.3999999999999986
2024-07-01 18:00,31.1,0.0,75,1004.0,6.8,26,23.8,36.6,10.0,15.0,ESE,Partly cloudy,7.300000000000001
2024-12-18 18:00,21.5,0.0,84,1017.0,13.6,100,18.7,23.5,10.0,23.2,NE,Overcast,2.8000000000000007
2025-03-01 15:00,25.0,0.0,81,1009.0,14.4,6,21.6,27.2,10.0,29.2,ESE,Sunny,3.3999999999999986
2024-10-20 00:00,24.8,0.6,88,1013.0,2.9,70,22.7,27.4,10.0,8.5,W,Moderate rain at times,2.1000000000000014
2025-02-17 10:00,23.7,0.1,82,1018.0,10.8,76,20.4,25.7,10.0,18.3,ESE,Patchy rain possible,3.3000000000000007
2025-05-05 18:00,29.4,0.0,83,1007.0,11.2,70,23.9,36.2,10.0,17.8,SSW,Cloudy,5.5
2024-06-11 18:00,28.9,0.0,82,1006.0,7.2,78,25.4,34.7,9.0,15.1,E,Cloudy,3.5
2025-04-06 11:00,26.5,0.0,74,1014.0,10.1,45,21.6,28.9,10.0,17.2,E,Partly cloudy,4.899999999999999
2024-06-08 01:00,25.5,0.0,87,1005.0,6.1,48,23.1,28.3,10.0,12.5,SW,Partly cloudy,2.3999999999999986
2025-04-25 04:00,24.0,0.0,82,1007.0,9.4,10,20.8,26.0,10.0,12.3,SSW,Clear,3.1999999999999993
2024-07-29 17:00,29.8,0.0,69,1003.0,8.3,84,23.5,34.3,10.0,12.4,WSW,Cloudy,6.300000000000001
2024-06-14 08:00,31.6,0.0,60,1004.0,9.7,10,22.9,36.4,10.0,12.6,SW,Sunny,8.700000000000003
2025-02-13 03:00,21.7,0.6,97,1013.0,6.5,100,21.2,23.7,0.0,9.9,N,Moderate rain at times,0.5
2025-05-09 13:00,34.2,0.0,63,1004.0,14.1,15,24.6,43.8,10.0,23.8,ENE,Sunny,9.600000000000001
2024-12-18 16:00,21.6,0.0,85,1015.0,17.3,100,19.0,23.6,10.0,30.0,NE,Overcast,2.6000000000000014
2024-11-14 12:00,28.4,0.3,76,1010.0,8.3,88,23.3,32.3,10.0,16.0,ESE,Patchy rain possible,5.099999999999998
2025-02-16 00:00,21.2,0.2,94,1013.0,4.3,75,20.2,23.2,10.0,7.5,SSW,Patchy rain possible,1.0
2024-10-16 03:00,24.1,0.0,89,1010.0,7.2,23,22.1,26.3,10.0,8.8,W,Clear,2.0
2024-05-31 09:00,31.6,0.0,63,1005.0,16.6,48,23.6,37.0,10.0,20.2,WSW,Partly cloudy,8.0
2025-03-23 08:00,21.6,0.0,80,1018.0,6.5,25,17.9,23.6,10.0,7.9,SSE,Sunny,3.700000000000003
2024-07-17 12:00,28.5,0.1,85,1004.0,7.9,87,25.2,34.0,10.0,16.7,NNE,Patchy rain possible,3.3000000000000007
2025-03-15 08:00,25.3,0.0,84,1012.0,9.4,7,22.4,27.8,10.0,12.3,S,Sunny,2.900000000000002
2024-10-15 22:00,25.4,0.0,88,1012.0,3.2,80,23.3,28.3,10.0,5.4,W,Cloudy,2.099999999999998
2024-09-12 20:00,26.4,2.3,88,1007.0,6.5,73,24.2,30.0,10.0,10.4,S,Moderate or heavy rain shower,2.1999999999999993
2025-01-29 06:00,17.3,0.3,87,1021.0,6.5,98,15.2,19.3,10.0,10.3,NNW,Patchy rain possible,2.1000000000000014
2024-12-18 15:00,22.7,0.0,87,1015.0,21.6,100,18.3,24.9,10.0,32.8,NE,Overcast,4.399999999999999
2025-02-18 10:00,23.6,0.5,74,1019.0,3.6,82,18.7,25.4,10.0,16.2,E,Moderate rain at times,4.900000000000002
2024-12-03 06:00,23.1,0.0,87,1013.0,3.2,65,20.8,25.3,10.0,5.0,ENE,Cloudy,2.3000000000000007
2024-11-06 13:00,25.5,0.0,82,1015.0,20.2,80,22.2,27.9,10.0,36.2,NE,Cloudy,3.3000000000000007
2024-08-08 06:00,25.1,0.0,85,1007.0,6.8,10,22.4,27.6,10.0,9.1,SW,Sunny,2.700000000000003
2025-05-01 16:00,29.3,0.0,77,1010.0,13.3,78,23.3,34.7,10.0,27.6,ENE,Cloudy,6.0
2024-09-19 16:00,26.8,2.0,88,995.0,15.5,100,24.4,30.7,10.0,26.4,SSE,Moderate or heavy rain shower,2.400000000000002
2024-09-26 06:00,24.6,0.0,90,1012.0,5.0,15,22.8,27.1,10.0,8.2,WSW,Sunny,1.8000000000000007
2024-07-12 05:00,24.9,0.0,87,1003.0,8.6,47,22.6,27.4,10.0,11.6,SW,Partly cloudy,2.299999999999997
2025-02-20 11:00,23.7,0.1,76,1019.0,6.8,73,19.2,25.6,10.0,21.7,E,Patchy rain possible,4.5
2024-07-30 13:00,29.0,0.0,73,1005.0,9.0,60,23.5,33.2,10.0,16.9,W,Cloudy,5.5
2024-10-12 09:00,26.9,0.1,80,1014.0,1.8,76,23.1,30.1,10.0,9.3,SSW,Patchy rain possible,3.799999999999997
2024-10-14 20:00,25.0,3.1,90,1012.0,10.1,68,23.3,27.7,10.0,16.8,NNW,Moderate or heavy rain shower,1.6999999999999993
2025-04-13 02:00,23.6,0.3,90,1012.0,11.3,100,22.4,25.9,10.0,27.5,NW,Patchy rain possible,1.2000000000000028
2024-09-19 05:00,22.8,19.83,98,996.0,11.1,100,22.6,25.4,5.0,20.4,W,Moderate or heavy rain shower,0.1999999999999993
2024-08-05 16:00,31.7,0.0,66,1004.0,9.7,77,23.4,37.0,10.0,19.6,ENE,Cloudy,8.3
2025-01-08 06:00,18.5,0.0,86,1015.0,8.3,82,16.1,20.5,10.0,15.2,WSW,Cloudy,2.3999999999999986
2025-03-07 10:00,21.2,0.0,89,1018.0,18.0,100,18.1,23.2,2.0,24.0,WNW,Overcast,3.099999999999998
2024-10-28 05:00,21.0,0.3,83,1004.0,5.4,54,18.0,23.0,10.0,8.6,SW,Patchy rain possible,3.0
2024-10-10 08:00,25.8,0.0,74,1013.0,4.3,46,20.8,27.8,10.0,5.1,W,Partly cloudy,5.0
2024-10-10 07:00,24.4,0.0,80,1013.0,5.4,50,20.7,26.3,10.0,7.7,W,Partly cloudy,3.6999999999999993
2024-10-17 05:00,24.1,0.0,87,1011.0,6.5,38,21.8,26.3,10.0,7.4,W,Partly cloudy,2.3000000000000007
2025-03-18 20:00,19.8,0.0,92,1021.0,16.6,100,18.6,21.8,9.0,22.6,N,Overcast,1.1999999999999993
2025-04-26 21:00,24.3,0.3,96,1011.0,4.3,59,23.6,27.1,2.0,6.9,ESE,Patchy rain possible,0.6999999999999993
2024-12-21 21:00,20.4,0.0,78,1018.0,13.0,84,16.5,22.4,10.0,15.9,NE,Cloudy,3.8999999999999986
2025-01-29 00:00,17.4,0.6,86,1022.0,6.1,100,15.0,19.4,10.0,8.7,NNW,Moderate rain at times,2.3999999999999986
2024-10-13 17:00,26.6,0.0,87,1010.0,11.2,75,24.2,30.3,10.0,19.6,NE,Cloudy,2.400000000000002
2024-06-17 03:00,25.8,0.0,82,1004.0,6.6,27,22.6,28.4,10.0,14.0,SW,Partly cloudy,3.1999999999999993
2024-09-27 08:00,27.0,0.0,82,1012.0,7.9,9,23.7,30.6,10.0,9.2,S,Sunny,3.3000000000000007
2025-04-24 02:00,25.0,0.0,80,1006.0,5.9,23,21.4,27.1,10.0,11.8,S,Clear,3.6000000000000014
2024-05-28 06:00,28.0,0.0,73,1003.0,10.8,45,22.8,31.4,10.0,15.9,WSW,Partly cloudy,5.199999999999999
2025-01-26 07:00,20.1,0.0,89,1016.0,9.4,82,18.9,22.1,10.0,13.2,NE,Cloudy,1.2000000000000028
2024-10-31 12:00,26.2,0.99,84,1009.0,7.6,68,23.4,29.3,10.0,13.2,NNE,Light rain shower,2.8000000000000007
2024-09-22 07:00,24.9,0.0,94,1004.0,5.8,66,23.8,27.9,10.0,10.4,SW,Cloudy,1.0999999999999979
2025-03-23 04:00,19.1,0.0,89,1016.0,6.1,86,17.3,21.1,10.0,10.2,SW,Overcast,1.8000000000000007
2025-01-04 19:00,19.9,0.0,79,1017.0,6.1,57,16.2,21.9,10.0,10.1,NE,Partly cloudy,3.6999999999999993
2025-03-16 23:00,19.6,0.0,88,1017.0,10.6,100,17.5,21.6,10.0,17.6,NW,Overcast,2.1000000000000014
2024-11-24 11:00,24.7,0.6,89,1015.0,19.4,94,22.9,27.3,10.0,36.0,ENE,Moderate rain at times,1.8000000000000007
2025-03-16 19:00,20.1,0.3,86,1016.0,17.5,100,17.6,22.1,10.0,28.3,NW,Patchy rain possible,2.5
2024-10-17 03:00,24.1,0.0,87,1010.0,6.1,27,21.8,26.3,10.0,10.8,W,Partly cloudy,2.3000000000000007
2024-09-13 18:00,26.7,1.44,83,1003.0,7.9,75,23.6,30.1,10.0,13.7,NNE,Heavy rain at times,3.099999999999998
2024-06-26 11:00,30.6,0.2,64,1007.0,10.4,71,23.0,35.0,10.0,17.4,NE,Patchy rain possible,7.600000000000001
2024-07-30 07:00,26.9,0.0,76,1006.0,7.6,68,22.2,29.7,10.0,14.2,WSW,Cloudy,4.699999999999999
2025-03-16 08:00,23.6,8.5,92,1015.0,12.2,100,22.2,25.9,10.0,21.8,NW,Moderate or heavy rain shower,1.4000000000000021
2024-07-03 00:00,26.1,0.0,90,1007.0,7.8,9,24.7,29.9,10.0,14.0,SW,Clear,1.4000000000000021
2024-10-06 17:00,26.6,0.0,84,1011.0,15.1,81,23.6,29.9,9.0,27.1,NNW,Cloudy,3.0
2025-05-21 19:00,28.0,0.0,91,1007.0,10.8,71,25.2,33.2,9.0,18.6,SE,Cloudy,2.8000000000000007
2024-08-22 04:00,25.7,0.0,81,1007.0,8.3,24,22.3,28.2,10.0,10.1,SW,Clear,3.3999999999999986
2024-08-25 09:00,31.1,0.0,59,1009.0,2.9,13,22.1,34.9,10.0,9.9,WSW,Sunny,9.0
2024-09-01 19:00,27.7,0.3,82,1007.0,9.0,88,24.4,32.1,9.0,14.1,ESE,Patchy rain possible,3.3000000000000007
2024-06-07 02:00,26.4,0.0,83,1006.0,6.3,14,23.3,29.6,10.0,11.7,SW,Clear,3.099999999999998
2024-08-28 21:00,27.1,0.0,84,1007.0,9.0,27,24.2,31.0,10.0,15.8,SSW,Partly cloudy,2.900000000000002
2024-06-06 09:00,32.5,0.0,59,1009.0,2.2,24,23.4,38.0,10.0,7.9,SSW,Sunny,9.100000000000001
2024-06-25 22:00,25.5,1.22,93,1007.0,9.2,100,24.2,28.8,10.0,14.9,WSW,Heavy rain at times,1.3000000000000007
2025-02-03 22:00,20.7,0.2,91,1018.0,9.4,73,19.1,22.7,10.0,17.4,NNW,Patchy rain possible,1.5999999999999979
2024-12-09 07:00,22.6,1.4,87,1016.0,10.0,83,20.3,24.9,10.0,16.8,NE,Heavy rain at times,2.3000000000000007
2024-10-03 13:00,26.6,0.0,75,1012.0,17.3,62,21.8,29.1,10.0,30.4,NW,Cloudy,4.800000000000001
2025-04-09 02:00,21.6,0.0,95,1012.0,6.8,46,20.7,23.6,2.0,11.4,S,Partly cloudy,0.9000000000000021
2024-09-21 15:00,29.2,0.2,82,1001.0,8.2,86,25.8,35.5,10.0,16.9,N,Patchy rain possible,3.3999999999999986
2025-01-26 09:00,21.8,0.1,87,1018.0,7.0,80,19.6,23.8,10.0,17.5,NE,Patchy rain possible,2.1999999999999993
2024-10-08 13:00,28.0,0.1,75,1012.0,14.8,87,23.1,31.5,9.0,26.7,NNE,Patchy rain possible,4.899999999999999
2024-11-10 02:00,20.6,0.0,80,1013.0,9.0,16,17.1,22.6,10.0,15.4,WNW,Clear,3.5
2025-01-18 19:00,20.0,0.0,78,1016.0,5.0,57,16.0,22.0,10.0,7.7,ENE,Partly cloudy,4.0
2024-08-19 04:00,26.1,0.0,83,1005.0,9.0,5,23.0,29.0,10.0,11.5,SW,Clear,3.1000000000000014
2025-03-29 10:00,27.6,0.1,81,1012.0,13.7,89,23.1,31.0,10.0,23.4,ESE,Patchy rain possible,4.5
2024-08-07 10:00,33.4,0.0,58,1008.0,6.1,8,22.1,38.3,10.0,13.2,ESE,Sunny,11.299999999999997
2024-06-25 01:00,25.4,0.0,83,1005.0,8.6,62,22.3,27.8,10.0,11.2,WSW,Cloudy,3.099999999999998
2025-03-29 19:00,23.5,0.4,94,1012.0,2.5,81,22.5,25.9,2.0,4.2,ESE,Patchy rain possible,1.0
2024-08-12 11:00,34.2,0.0,57,1003.0,5.4,21,23.5,40.6,10.0,16.2,NW,Sunny,10.700000000000003
2025-03-06 10:00,25.1,0.6,87,1014.0,4.3,58,22.8,27.7,10.0,11.9,ESE,Moderate rain at times,2.3000000000000007
2024-09-11 10:00,28.0,0.0,94,1009.0,5.8,81,24.5,32.8,2.0,13.2,SW,Cloudy,3.5
2024-05-26 22:00,26.2,0.0,87,1008.0,9.4,86,23.9,29.5,9.0,11.1,SW,Overcast,2.3000000000000007
2025-04-08 21:00,22.4,0.0,93,1016.0,6.5,38,21.3,24.8,10.0,10.9,SSE,Partly cloudy,1.0999999999999979
2024-11-15 01:00,23.3,0.0,93,1011.0,5.0,33,22.1,25.7,10.0,8.3,SW,Partly cloudy,1.1999999999999993
2024-10-26 12:00,22.5,2.0,89,1003.0,15.5,61,19.7,24.8,9.0,26.5,WSW,Moderate or heavy rain shower,2.8000000000000007
2024-09-20 11:00,31.3,0.1,66,1003.0,7.1,89,24.1,37.0,10.0,16.0,NNE,Patchy rain possible,7.199999999999999
2024-08-29 19:00,28.6,0.0,82,1005.0,8.3,80,24.2,33.2,9.0,15.8,SSE,Cloudy,4.400000000000002
2025-04-20 23:00,24.2,0.0,89,1009.0,5.4,22,22.2,26.5,10.0,6.3,S,Clear,2.0
2025-05-12 04:00,24.0,0.0,91,1008.0,7.3,100,22.3,26.3,10.0,12.3,WNW,Overcast,1.6999999999999993
2025-03-28 12:00,31.0,0.0,71,1006.0,12.0,14,24.9,37.6,10.0,25.4,ESE,Sunny,6.100000000000001
2025-04-30 06:00,22.0,0.0,90,1011.0,7.9,13,20.2,24.5,10.0,14.3,SSW,Sunny,1.8000000000000007
2024-10-04 12:00,26.2,0.1,88,1014.0,9.0,100,22.3,28.8,10.0,16.2,NNW,Patchy rain possible,3.8999999999999986
2025-02-03 14:00,24.5,0.1,84,1014.0,11.9,69,19.9,26.6,10.0,19.8,NNE,Patchy rain possible,4.600000000000001
2025-03-14 11:00,29.1,0.0,74,1011.0,13.7,17,23.5,33.7,10.0,17.7,SE,Sunny,5.600000000000001
2025-02-11 23:00,20.7,0.0,90,1015.0,3.2,100,19.1,22.7,10.0,4.9,WSW,Overcast,1.5999999999999979
2025-01-27 20:00,17.9,0.0,90,1019.0,5.8,100,16.3,19.9,10.0,8.1,N,Overcast,1.5999999999999979
2025-05-20 06:00,25.0,0.0,87,1007.0,5.5,18,22.7,27.5,10.0,10.7,SSW,Sunny,2.3000000000000007
2025-05-01 02:00,23.6,0.0,92,1011.0,7.2,22,22.2,25.9,10.0,8.4,SW,Clear,1.4000000000000021
2025-03-24 06:00,18.8,0.0,92,1014.0,5.8,26,17.5,20.8,10.0,9.9,SSW,Partly cloudy,1.3000000000000007
2025-01-29 04:00,17.7,0.4,85,1020.0,6.8,97,15.2,19.7,10.0,10.3,NNW,Patchy rain possible,2.5
2024-09-18 21:00,24.6,1.2,87,1002.0,10.8,83,22.2,26.9,10.0,19.9,W,Heavy rain at times,2.400000000000002
2025-05-07 22:00,26.7,0.0,88,1006.0,8.1,17,24.4,30.7,10.0,11.6,SW,Clear,2.3000000000000007
2024-09-21 08:00,27.4,0.0,81,1005.0,4.3,31,23.8,31.2,10.0,5.5,WSW,Partly cloudy,3.599999999999998
2024-08-08 17:00,31.8,0.0,76,1005.0,6.8,40,24.3,38.3,9.0,14.1,ESE,Partly cloudy,7.5
2025-01-17 18:00,19.5,0.0,82,1017.0,10.4,100,16.4,21.5,10.0,15.2,ENE,Overcast,3.1000000000000014
2024-12-01 04:00,21.0,0.0,86,1012.0,4.3,50,18.6,23.0,10.0,6.8,WSW,Partly cloudy,2.3999999999999986
2025-04-08 09:00,25.7,0.1,79,1016.0,9.0,78,21.7,28.0,10.0,16.5,SE,Patchy rain possible,4.0
2024-08-08 09:00,32.4,0.0,62,1008.0,4.3,7,22.7,37.4,10.0,9.7,SSW,Sunny,9.7
2024-09-10 05:00,25.3,0.0,88,1005.0,6.5,69,23.1,28.1,10.0,11.4,WSW,Cloudy,2.1999999999999993
2024-08-24 11:00,34.1,0.0,53,1009.0,10.1,6,21.6,38.7,10.0,15.5,ESE,Sunny,12.5
2025-01-01 21:00,20.3,0.0,84,1016.0,5.8,74,17.4,22.3,10.0,8.7,NNW,Cloudy,2.900000000000002
2024-08-28 08:00,30.5,0.0,60,1007.0,7.2,12,22.1,34.2,10.0,8.3,SW,Sunny,8.399999999999999
2024-07-01 14:00,34.8,0.3,62,1003.0,17.6,85,23.2,41.6,9.0,29.4,ENE,Patchy rain possible,11.599999999999998
2025-04-03 18:00,22.2,0.0,90,1014.0,4.7,74,20.5,24.6,10.0,11.4,ENE,Cloudy,1.6999999999999993
2025-04-27 09:00,28.5,0.1,77,1012.0,11.2,80,23.7,32.8,10.0,13.2,SE,Patchy rain possible,4.800000000000001
2024-09-27 20:00,26.5,0.0,89,1010.0,8.3,42,24.4,30.3,10.0,13.2,SSE,Partly cloudy,2.1000000000000014
2024-07-08 16:00,30.6,1.28,76,1003.0,11.5,83,24.4,36.5,9.0,14.3,ENE,Heavy rain at times,6.200000000000003
2025-04-05 00:00,20.7,0.0,94,1012.0,7.9,39,19.7,22.7,10.0,9.7,S,Partly cloudy,1.0
2024-09-08 05:00,27.8,0.0,70,1005.0,7.8,53,21.7,30.5,10.0,15.6,SW,Partly cloudy,6.100000000000001
2024-08-22 20:00,26.7,0.0,87,1010.0,11.1,89,23.7,30.2,10.0,21.4,WSW,Overcast,3.0
2024-06-09 11:00,33.2,0.0,56,1004.0,6.1,17,23.3,39.0,10.0,16.3,SE,Sunny,9.900000000000002
2024-06-30 10:00,34.4,0.0,50,1007.0,15.1,9,22.4,39.8,10.0,22.4,SW,Sunny,12.0
2024-07-14 06:00,26.0,0.2,80,1003.0,3.2,80,22.2,28.5,9.0,5.3,NNW,Patchy rain possible,3.8000000000000007
2024-06-11 21:00,26.9,0.0,87,1008.0,9.4,79,24.5,30.9,10.0,12.4,S,Cloudy,2.3999999999999986
2024-08-15 19:00,29.3,0.0,83,1005.0,5.8,74,25.0,35.0,10.0,10.7,SE,Cloudy,4.300000000000001
2025-01-03 08:00,20.8,1.0,92,1018.0,13.3,100,19.4,22.8,2.0,15.0,N,Heavy rain at times,1.4000000000000021
2025-01-19 04:00,18.5,0.0,83,1014.0,4.7,80,15.6,20.5,10.0,7.5,WNW,Cloudy,2.9000000000000004
2025-01-17 06:00,19.7,0.1,86,1020.0,9.6,100,17.3,21.7,10.0,15.0,NE,Patchy rain possible,2.3999999999999986
2025-03-18 06:00,20.7,0.0,93,1018.0,12.2,100,19.6,22.7,10.0,16.9,N,Overcast,1.0999999999999979
2025-04-07 11:00,26.9,0.1,69,1016.0,8.6,53,20.6,28.9,10.0,16.3,ESE,Patchy rain possible,6.299999999999997
2025-01-09 23:00,20.9,0.4,88,1020.0,13.3,95,18.8,22.9,10.0,16.5,ENE,Patchy rain possible,2.099999999999998
2025-02-26 01:00,20.1,0.1,90,1021.0,8.6,100,18.4,22.1,10.0,13.1,WNW,Patchy rain possible,1.7000000000000028
2024-07-12 02:00,24.8,0.0,89,1003.0,7.1,89,22.9,27.4,10.0,14.1,SW,Overcast,1.9000000000000021
2025-02-19 06:00,21.3,0.0,91,1017.0,5.3,100,19.8,23.3,10.0,8.6,E,Overcast,1.5
2024-09-09 10:00,34.2,0.0,59,1006.0,7.9,18,22.2,39.4,10.0,14.1,NNE,Sunny,12.000000000000004
2025-01-18 05:00,19.0,0.0,81,1016.0,5.8,74,15.7,21.0,10.0,8.6,E,Cloudy,3.3000000000000007
2025-05-15 12:00,30.7,0.3,67,1009.0,7.2,76,23.9,36.0,10.0,14.5,E,Patchy rain possible,6.800000000000001
2024-08-13 02:00,25.8,0.0,88,1004.0,10.1,31,23.7,29.0,10.0,14.0,SW,Partly cloudy,2.1000000000000014
2024-09-29 14:00,29.5,0.1,77,1006.0,11.9,77,25.1,35.4,10.0,18.7,E,Patchy rain possible,4.399999999999999
2024-11-06 10:00,24.9,0.8,85,1018.0,19.8,54,22.2,27.2,10.0,33.6,NE,Moderate rain at times,2.6999999999999993
2024-08-20 15:00,32.2,0.2,76,1004.0,8.1,74,24.4,39.0,9.0,19.5,ENE,Patchy rain possible,7.800000000000004
2024-10-23 15:00,27.2,0.0,77,1010.0,14.5,83,22.8,30.3,9.0,25.8,NNE,Cloudy,4.399999999999999
2024-12-13 20:00,23.2,5.6,93,1015.0,18.7,100,21.9,25.5,10.0,27.3,NE,Moderate or heavy rain shower,1.3000000000000007
2024-08-14 05:00,25.7,0.0,85,1006.0,6.4,23,23.1,28.6,10.0,12.0,WSW,Clear,2.599999999999998
2024-11-07 01:00,23.9,0.6,87,1016.0,15.4,69,21.5,26.0,10.0,27.0,NE,Moderate rain at times,2.3999999999999986
2024-11-30 14:00,22.4,0.17,81,1013.0,13.0,94,18.9,24.7,10.0,16.6,NE,Light rain shower,3.5
2024-09-27 06:00,24.2,0.0,90,1011.0,7.2,14,22.5,26.6,10.0,12.1,SW,Sunny,1.6999999999999993
2024-07-14 00:00,25.7,0.0,84,1003.0,5.0,25,22.8,28.4,10.0,9.3,SW,Clear,2.8999999999999986
2024-08-22 08:00,30.3,0.0,62,1009.0,9.4,32,22.2,34.0,10.0,10.8,SSW,Partly cloudy,8.100000000000001
2024-09-13 00:00,25.8,0.0,90,1007.0,5.4,73,24.0,29.1,10.0,9.3,WSW,Cloudy,1.8000000000000007
2024-07-03 08:00,28.9,0.0,74,1008.0,5.4,7,23.7,33.2,10.0,6.6,S,Sunny,5.199999999999999
2024-08-22 06:00,25.9,0.0,80,1008.0,6.1,22,22.3,28.4,10.0,10.9,SSW,Sunny,3.599999999999998
2024-12-03 14:00,26.5,0.0,79,1011.0,12.6,84,20.9,28.6,10.0,21.9,NE,Cloudy,5.600000000000001
2024-12-23 06:00,18.3,0.0,88,1016.0,8.4,100,16.4,20.3,10.0,13.6,NW,Overcast,1.9000000000000021
2025-01-27 08:00,16.8,0.4,90,1020.0,9.7,100,15.2,18.8,2.0,12.8,NW,Patchy rain possible,1.6000000000000014
2025-02-20 13:00,24.0,0.2,75,1017.0,7.9,75,19.3,25.8,10.0,24.8,NE,Patchy rain possible,4.699999999999999
2024-10-26 18:00,21.7,1.6,85,1000.0,23.9,61,19.0,23.7,5.0,44.1,SW,Moderate or heavy rain shower,2.6999999999999993
2025-03-08 07:00,19.6,0.0,85,1016.0,6.8,100,17.0,21.6,10.0,9.8,WNW,Overcast,2.6000000000000014
2024-10-19 21:00,25.1,0.5,88,1014.0,1.1,86,23.0,27.8,10.0,6.3,ENE,Moderate rain at times,2.1000000000000014
2024-12-05 07:00,22.7,0.2,85,1014.0,5.0,70,20.1,25.0,10.0,7.9,WNW,Patchy rain possible,2.599999999999998
2024-07-16 22:00,25.5,1.1,90,1005.0,8.3,75,23.7,28.6,10.0,14.0,SW,Heavy rain at times,1.8000000000000007
2024-08-08 15:00,33.1,0.1,67,1004.0,8.8,77,23.9,39.7,10.0,18.5,ENE,Patchy rain possible,9.200000000000003
2024-08-28 15:00,32.5,0.1,61,1002.0,14.3,70,24.1,38.7,10.0,22.0,NE,Patchy rain possible,8.399999999999999
2024-09-02 01:00,25.9,0.0,88,1007.0,5.8,17,23.9,29.2,10.0,9.5,SW,Clear,2.0
2024-08-20 00:00,26.4,0.0,88,1006.0,6.7,46,24.2,30.0,10.0,13.4,SW,Partly cloudy,2.1999999999999993
2024-07-06 09:00,31.1,0.0,61,1007.0,5.8,11,22.7,35.5,10.0,12.3,SSE,Sunny,8.400000000000002
2025-01-22 12:00,22.1,0.0,68,1015.0,5.4,0,15.9,24.6,10.0,12.8,E,Sunny,6.200000000000001
2024-06-17 00:00,27.1,0.0,85,1005.0,5.8,13,24.4,31.1,10.0,12.4,SW,Clear,2.700000000000003
2024-11-15 03:00,23.0,0.0,92,1010.0,4.7,27,21.7,25.3,10.0,7.9,SW,Partly cloudy,1.3000000000000007
2024-09-09 05:00,26.5,0.0,77,1005.0,7.9,25,22.1,29.1,10.0,14.5,W,Partly cloudy,4.399999999999999
2025-04-03 17:00,23.0,0.0,86,1014.0,7.2,70,20.5,25.2,10.0,14.5,ENE,Cloudy,2.5
2024-05-26 05:00,25.3,0.0,90,1008.0,8.3,55,23.6,28.3,10.0,10.0,SW,Partly cloudy,1.6999999999999993
2025-04-02 10:00,21.9,0.0,83,1018.0,6.8,100,18.9,23.9,10.0,8.5,NNW,Overcast,3.0
2024-09-20 18:00,27.0,0.3,83,1003.0,6.8,52,24.0,30.7,10.0,12.0,N,Patchy rain possible,3.0
2025-02-03 04:00,19.0,0.0,93,1012.0,4.7,33,17.8,21.0,10.0,8.6,W,Partly cloudy,1.1999999999999993
2025-03-24 12:00,25.8,0.0,72,1014.0,11.9,2,18.9,27.6,10.0,13.7,E,Sunny,6.900000000000002
2024-12-09 20:00,22.8,0.1,89,1015.0,7.2,100,20.9,25.1,10.0,12.1,E,Patchy rain possible,1.9000000000000021
2024-07-16 18:00,27.6,0.4,86,1002.0,4.3,53,24.4,31.9,10.0,13.0,NNW,Patchy rain possible,3.200000000000003
2025-04-24 17:00,30.2,0.0,87,1006.0,9.7,18,23.3,40.0,10.0,16.2,SE,Sunny,6.899999999999999
2025-01-25 19:00,22.0,0.0,89,1013.0,8.3,76,20.2,24.0,10.0,13.6,ESE,Cloudy,1.8000000000000007
2025-02-14 05:00,20.9,0.1,95,1014.0,7.9,100,20.0,22.9,2.0,12.0,NW,Patchy rain possible,0.8999999999999986
2025-05-10 14:00,32.2,0.0,69,1005.0,11.8,82,23.7,40.2,10.0,19.0,ENE,Cloudy,8.500000000000004
2024-06-28 08:00,28.0,0.0,80,1009.0,8.3,26,24.2,32.4,10.0,9.5,S,Partly cloudy,3.8000000000000007
2024-10-30 10:00,26.0,0.25,83,1009.0,6.8,77,22.8,28.7,10.0,8.3,WNW,Light rain shower,3.1999999999999993
2025-01-05 20:00,19.8,0.0,84,1018.0,5.0,48,17.0,21.8,10.0,8.1,NNW,Partly cloudy,2.8000000000000007
2025-01-25 23:00,20.4,0.0,92,1013.0,7.9,76,19.2,22.4,10.0,12.6,SE,Cloudy,1.1999999999999993
2024-10-21 19:00,24.7,0.7,91,1012.0,8.3,89,23.2,27.4,9.0,9.8,NNE,Moderate rain at times,1.5
2024-09-23 13:00,26.4,0.4,92,1007.0,7.2,69,24.5,30.2,9.0,14.8,SW,Patchy rain possible,1.8999999999999986
2024-10-11 07:00,24.9,0.7,87,1012.0,9.0,100,22.6,27.4,10.0,16.3,NW,Moderate rain at times,2.299999999999997
2025-01-03 15:00,22.0,0.0,87,1015.0,11.5,100,16.7,24.0,2.0,22.4,N,Overcast,5.300000000000001
2024-09-06 16:00,33.2,0.0,59,998.0,12.2,22,24.0,39.7,10.0,22.3,NNW,Sunny,9.200000000000003
2024-07-27 10:00,32.4,0.0,63,1003.0,12.0,39,23.6,38.1,10.0,22.3,SW,Partly cloudy,8.799999999999997
2024-09-09 19:00,27.6,0.3,83,1005.0,4.7,71,24.4,31.9,10.0,8.2,SSE,Patchy rain possible,3.200000000000003
2024-12-28 00:00,21.2,2.3,96,1020.0,15.1,100,20.5,23.2,7.0,21.1,N,Moderate or heavy rain shower,0.6999999999999993
2024-10-17 02:00,24.1,0.0,87,1011.0,6.5,37,21.9,26.4,10.0,11.5,W,Partly cloudy,2.200000000000003
2024-06-07 15:00,30.0,4.2,66,1003.0,8.6,78,24.8,36.0,10.0,17.9,ENE,Moderate or heavy rain shower,5.199999999999999
2024-08-10 12:00,36.9,0.0,49,1003.0,12.2,18,22.9,43.6,10.0,22.7,NNE,Sunny,14.0
2024-11-23 13:00,24.0,0.4,90,1014.0,19.8,100,22.2,26.3,10.0,37.4,NE,Patchy rain possible,1.8000000000000007
2025-04-22 03:00,23.8,0.0,85,1009.0,5.4,16,21.2,25.9,10.0,8.3,S,Clear,2.6000000000000014
2025-04-25 20:00,26.0,0.0,93,1011.0,4.3,18,23.8,29.9,10.0,7.7,SW,Clear,2.1999999999999993
2024-11-06 19:00,23.9,0.0,88,1016.0,15.0,58,21.7,26.1,10.0,28.0,NE,Partly cloudy,2.1999999999999993
2025-02-16 05:00,20.4,0.2,93,1012.0,5.8,88,19.2,22.4,10.0,10.5,SW,Patchy rain possible,1.1999999999999993
2024-07-28 20:00,28.6,0.0,72,1003.0,5.4,32,23.1,32.3,10.0,9.8,S,Partly cloudy,5.5
2024-07-08 14:00,31.6,0.1,69,1004.0,9.0,86,23.9,37.4,9.0,16.2,ENE,Patchy rain possible,7.700000000000003
2024-10-23 05:00,23.9,0.6,87,1012.0,7.6,73,21.6,26.1,9.0,12.9,ENE,Moderate rain at times,2.299999999999997
2024-10-15 10:00,28.2,0.1,77,1012.0,2.2,88,23.8,32.3,9.0,10.8,NNE,Patchy rain possible,4.399999999999999
2024-08-15 22:00,27.6,0.0,84,1006.0,7.9,34,24.8,32.2,10.0,14.3,SSW,Partly cloudy,2.8000000000000007
2025-04-09 13:00,28.3,0.0,73,1010.0,15.8,22,22.7,31.8,10.0,22.1,ESE,Sunny,5.600000000000001
2025-01-29 15:00,20.8,0.1,80,1017.0,15.5,55,17.1,22.8,10.0,23.5,NNE,Patchy rain possible,3.6999999999999993
2024-09-23 06:00,24.0,1.3,95,1006.0,6.1,85,23.2,26.6,9.0,9.3,SW,Heavy rain at times,0.8000000000000007
2024-08-14 02:00,25.7,0.0,86,1006.0,5.2,16,23.1,28.5,10.0,11.3,WSW,Clear,2.599999999999998
2024-09-17 16:00,29.2,0.0,75,1002.0,19.4,60,24.3,34.2,10.0,29.3,NNE,Cloudy,4.899999999999999
2025-04-23 16:00,31.6,0.0,75,1005.0,4.3,86,23.2,40.3,9.0,17.4,SE,Overcast,8.400000000000002
2024-08-30 00:00,25.5,0.0,85,1006.0,9.4,22,22.9,28.2,10.0,13.6,SW,Clear,2.6000000000000014
2025-05-06 07:00,27.8,0.0,72,1008.0,9.0,47,22.4,30.8,10.0,12.0,SSW,Partly cloudy,5.400000000000002
2024-07-17 22:00,25.5,0.5,90,1005.0,9.4,54,23.7,28.6,10.0,13.0,SSW,Moderate rain at times,1.8000000000000007
2024-06-05 08:00,31.0,0.0,59,1008.0,1.8,13,22.0,34.8,10.0,7.5,W,Sunny,9.0
2024-07-29 11:00,31.1,0.3,61,1004.0,10.7,100,22.8,35.6,10.0,19.2,WSW,Patchy rain possible,8.3
2024-10-24 17:00,24.9,0.0,78,1008.0,14.5,87,20.9,26.9,10.0,27.3,NW,Overcast,4.0
2024-12-29 07:00,20.6,0.1,83,1021.0,11.5,91,17.6,22.6,10.0,12.3,NNE,Patchy rain possible,3.0
2024-08-16 20:00,25.5,0.0,89,1007.0,8.6,73,23.5,28.5,10.0,22.5,W,Cloudy,2.0
2025-05-21 07:00,26.6,0.0,80,1008.0,9.0,16,22.9,29.6,10.0,12.5,SSW,Sunny,3.700000000000003
2024-08-23 11:00,34.0,0.0,58,1010.0,10.3,18,22.3,39.2,10.0,17.0,ENE,Sunny,11.7
2024-07-31 17:00,28.4,0.39,83,1006.0,7.9,84,25.3,33.8,9.0,11.5,NE,Patchy rain possible,3.099999999999998
2025-01-29 14:00,22.0,0.1,79,1018.0,14.8,60,16.4,24.6,10.0,22.9,NNE,Patchy rain possible,5.600000000000001
2024-06-02 20:00,27.3,0.0,88,1009.0,10.4,56,25.1,32.0,10.0,11.3,S,Partly cloudy,2.1999999999999993
2025-04-29 05:00,22.3,0.0,93,1011.0,6.8,21,21.2,24.7,10.0,12.6,SW,Clear,1.1000000000000014
2024-08-15 23:00,27.3,0.0,85,1005.0,9.0,32,24.6,31.6,10.0,11.9,SW,Partly cloudy,2.6999999999999993
2024-12-08 09:00,23.3,0.7,86,1019.0,16.7,97,20.9,25.4,10.0,26.4,NE,Moderate rain at times,2.400000000000002
2024-06-29 13:00,34.6,0.0,58,1004.0,15.4,19,24.5,42.5,10.0,22.8,E,Sunny,10.100000000000001
2024-10-26 00:00,22.4,0.0,81,1007.0,9.5,89,19.0,24.7,5.0,16.9,WNW,Overcast,3.3999999999999986
2025-02-13 18:00,21.7,0.0,97,1014.0,11.2,100,21.2,23.7,2.0,15.7,NNE,Overcast,0.5
2024-08-15 10:00,34.1,0.0,57,1006.0,7.6,17,23.2,40.2,10.0,13.4,NE,Sunny,10.900000000000002
2025-03-10 04:00,21.8,0.4,94,1017.0,6.1,100,20.8,23.8,10.0,8.7,N,Patchy rain possible,1.0
2025-04-07 22:00,23.4,0.1,91,1017.0,2.9,88,22.1,25.7,10.0,5.5,SSW,Patchy rain possible,1.2999999999999972
2024-11-15 10:00,27.1,0.0,79,1012.0,8.3,83,23.1,30.4,10.0,14.3,SE,Cloudy,4.0
2024-08-10 21:00,29.3,0.3,82,1004.0,6.8,87,25.0,35.0,10.0,13.1,SSW,Patchy rain possible,4.300000000000001
2024-08-07 04:00,24.4,0.0,84,1006.0,6.2,10,21.5,26.5,10.0,12.5,WSW,Clear,2.8999999999999986
2024-07-27 13:00,34.3,0.0,59,1001.0,14.7,64,23.5,40.9,10.0,25.2,WSW,Cloudy,10.799999999999997
2024-11-22 23:00,24.0,1.3,88,1015.0,16.9,100,21.9,26.2,10.0,31.2,NE,Heavy rain at times,2.1000000000000014
2024-12-06 21:00,22.7,0.2,91,1014.0,6.8,100,21.1,25.0,2.0,9.8,ENE,Patchy rain possible,1.5999999999999979
2025-02-06 17:00,21.8,0.0,80,1012.0,9.4,3,18.3,23.8,10.0,17.6,E,Sunny,3.5
2025-04-26 22:00,24.4,0.2,95,1012.0,4.7,63,23.6,27.2,2.0,7.3,ESE,Patchy rain possible,0.7999999999999972
2024-12-02 22:00,23.2,0.2,88,1014.0,6.0,89,21.2,25.4,10.0,9.5,E,Patchy rain possible,2.0
2025-02-08 19:00,20.0,0.6,87,1019.0,16.2,100,17.8,22.0,10.0,23.2,NE,Moderate rain at times,2.1999999999999993
2024-11-14 08:00,25.1,0.0,86,1012.0,5.8,22,22.7,27.7,10.0,7.2,S,Sunny,2.400000000000002
2024-12-01 19:00,23.1,0.0,88,1012.0,8.3,87,21.0,25.3,10.0,10.1,E,Overcast,2.1000000000000014
2024-06-01 08:00,28.1,0.0,86,1009.0,5.8,67,25.3,33.3,10.0,8.1,SW,Cloudy,2.8000000000000007
2024-06-22 03:00,26.0,0.0,86,1002.0,5.0,26,23.4,29.0,10.0,10.3,SW,Partly cloudy,2.6000000000000014
2025-05-02 03:00,23.5,0.0,90,1011.0,6.1,17,21.9,25.8,10.0,10.6,W,Clear,1.6000000000000014
2025-03-09 19:00,21.6,0.9,91,1017.0,3.2,58,20.0,23.6,10.0,5.3,NNW,Moderate rain at times,1.6000000000000014
2024-07-09 13:00,32.8,0.0,60,1005.0,10.8,44,22.8,37.9,10.0,19.2,E,Partly cloudy,9.999999999999996
2025-01-08 09:00,22.2,0.1,74,1017.0,3.6,86,17.5,24.6,10.0,9.3,WNW,Patchy rain possible,4.699999999999999
2025-02-16 13:00,25.1,0.1,79,1013.0,10.8,75,21.2,27.2,10.0,20.3,ESE,Patchy rain possible,3.900000000000002
2025-01-18 04:00,19.0,0.0,81,1016.0,5.4,70,15.7,21.0,10.0,8.1,E,Cloudy,3.3000000000000007
2025-03-30 03:00,22.5,0.2,95,1013.0,3.2,80,21.7,25.0,10.0,6.0,NE,Light rain shower,0.8000000000000007
2025-05-01 04:00,23.1,0.0,92,1011.0,6.8,24,21.8,25.5,10.0,7.9,SW,Clear,1.3000000000000007
2025-01-09 10:00,22.6,0.2,84,1019.0,8.6,87,19.8,24.9,10.0,11.5,NE,Patchy rain possible,2.8000000000000007
2025-03-18 17:00,20.8,0.3,91,1018.0,20.5,100,19.2,22.8,10.0,27.3,NNE,Patchy rain possible,1.6000000000000014
2025-01-07 15:00,22.5,0.0,68,1013.0,10.1,84,16.5,24.8,10.0,18.3,ENE,Cloudy,6.0
2024-09-15 02:00,25.3,0.0,88,1002.0,9.7,78,23.2,28.1,10.0,11.7,WSW,Cloudy,2.1000000000000014
2024-06-27 06:00,25.3,0.0,92,1009.0,7.2,32,23.9,28.4,10.0,10.7,SSW,Partly cloudy,1.4000000000000021
2024-11-17 17:00,25.2,0.0,83,1011.0,9.0,87,22.2,27.6,10.0,13.4,NE,Overcast,3.0
2025-01-09 16:00,21.8,0.3,89,1017.0,13.9,100,19.8,23.8,10.0,24.1,ENE,Patchy rain possible,2.0
2025-02-26 21:00,21.6,0.1,91,1020.0,4.7,100,20.0,23.6,10.0,6.9,E,Patchy rain possible,1.6000000000000014
2024-12-19 02:00,21.2,0.6,87,1016.0,11.2,100,18.9,23.2,10.0,16.0,NE,Moderate rain at times,2.3000000000000007
2025-02-01 21:00,19.4,0.0,92,1011.0,6.1,9,18.1,21.4,10.0,11.3,SSW,Clear,1.2999999999999972
2024-09-06 07:00,27.5,0.0,74,1000.0,11.2,78,22.4,30.4,10.0,18.6,WSW,Cloudy,5.100000000000001
2025-01-16 13:00,20.6,0.1,84,1020.0,18.0,100,17.8,22.6,2.0,29.6,NE,Patchy rain possible,2.8000000000000007
2024-09-22 00:00,25.1,0.0,95,1005.0,9.7,70,24.2,28.3,10.0,10.3,SSW,Cloudy,0.9000000000000021
2024-05-27 21:00,27.7,0.0,83,1004.0,7.6,15,24.6,32.1,10.0,14.6,SSW,Clear,3.099999999999998
2024-06-18 21:00,29.3,0.0,83,1005.0,2.2,71,24.8,34.8,10.0,4.1,SSE,Cloudy,4.5
2025-01-26 14:00,23.7,0.1,81,1015.0,9.7,86,18.8,25.6,10.0,20.6,N,Patchy rain possible,4.899999999999999
2024-05-23 03:00,25.0,0.0,91,1007.0,6.1,82,23.5,27.9,10.0,9.8,WSW,Cloudy,1.5
2024-11-12 18:00,24.2,8.3,89,1011.0,5.3,100,22.3,26.5,10.0,17.2,N,Moderate or heavy rain shower,1.8999999999999986
2025-01-21 19:00,18.8,0.0,76,1014.0,4.3,0,14.6,20.8,10.0,7.3,E,Clear,4.200000000000001
2024-06-11 11:00,32.6,0.0,57,1007.0,8.1,37,23.0,37.9,10.0,15.6,E,Partly cloudy,9.600000000000001
2025-03-31 01:00,20.6,0.06,83,1015.0,13.3,100,17.8,22.6,10.0,19.4,WNW,Patchy rain possible,2.8000000000000007
2024-05-23 05:00,24.9,0.0,90,1007.0,4.3,76,23.2,27.6,10.0,7.0,WSW,Cloudy,1.6999999999999993
2024-12-31 14:00,20.7,0.53,90,1016.0,13.3,100,19.1,22.7,10.0,17.5,NE,Light rain shower,1.5999999999999979
2024-06-30 07:00,29.6,0.0,67,1007.0,8.5,12,22.8,33.5,10.0,14.3,WSW,Sunny,6.800000000000001
2024-09-08 03:00,27.7,0.0,70,1003.0,8.9,59,21.7,30.4,10.0,16.7,SW,Partly cloudy,6.0
2024-11-19 04:00,23.5,1.7,88,1013.0,11.7,100,21.4,25.7,10.0,24.3,NE,Moderate or heavy rain shower,2.1000000000000014
2024-07-06 07:00,27.1,0.0,80,1006.0,8.3,12,23.3,30.4,10.0,11.1,SW,Sunny,3.8000000000000007
2024-09-07 22:00,28.1,0.0,71,1005.0,9.0,20,22.4,31.3,10.0,21.3,SW,Clear,5.700000000000003
2024-06-02 02:00,25.2,0.0,92,1008.0,9.7,85,23.7,28.2,10.0,11.1,WSW,Cloudy,1.5
2025-03-12 10:00,26.4,0.0,82,1013.0,7.9,24,22.5,29.5,10.0,15.2,SE,Sunny,3.8999999999999986
2025-04-24 03:00,24.8,0.0,80,1006.0,5.5,25,21.1,26.9,10.0,11.7,S,Clear,3.6999999999999993
2024-07-10 08:00,30.6,0.0,67,1007.0,9.0,26,22.4,34.6,10.0,11.7,SW,Partly cloudy,8.200000000000003
2024-09-19 14:00,26.9,1.0,90,994.0,14.4,59,24.2,30.8,5.0,30.4,S,Heavy rain at times,2.6999999999999993
2024-10-25 15:00,27.5,0.0,63,1006.0,19.1,1,19.9,29.3,10.0,24.5,NNW,Sunny,7.600000000000001
2025-05-05 22:00,26.7,0.0,87,1009.0,6.2,78,24.0,30.5,10.0,8.1,SSW,Cloudy,2.6999999999999993
2024-08-30 21:00,26.9,0.0,84,1007.0,9.7,47,24.0,30.6,10.0,18.0,S,Partly cloudy,2.8999999999999986
2024-10-16 13:00,27.8,0.0,80,1010.0,9.7,87,24.1,31.9,9.0,18.4,NNE,Overcast,3.6999999999999993
2025-03-10 02:00,21.7,0.5,93,1017.0,5.4,100,20.6,23.7,2.0,7.7,NNW,Moderate rain at times,1.0999999999999979
2024-10-12 13:00,27.9,0.0,77,1012.0,10.1,71,23.6,31.7,9.0,18.7,ENE,Cloudy,4.299999999999997
2024-09-06 19:00,29.5,0.0,72,1000.0,8.6,20,23.9,34.3,10.0,11.5,WNW,Clear,5.600000000000001
2025-02-28 23:00,21.8,0.0,94,1015.0,8.6,100,20.8,23.9,10.0,12.7,SSE,Overcast,1.0
2025-01-12 06:00,17.7,0.0,72,1024.0,17.6,89,12.7,19.7,10.0,25.7,NE,Overcast,5.0
2024-07-28 21:00,28.4,1.2,72,1003.0,7.6,78,22.9,32.0,10.0,13.9,SSW,Heavy rain at times,5.5
2024-08-03 05:00,25.0,0.0,87,1007.0,6.8,16,22.8,27.5,10.0,8.5,SW,Clear,2.1999999999999993
2024-08-27 20:00,26.8,4.7,83,1007.0,7.2,79,23.8,30.4,10.0,13.1,SSW,Moderate or heavy rain shower,3.0
2024-09-12 21:00,26.0,0.1,89,1007.0,5.4,100,24.0,29.4,10.0,9.0,SW,Patchy rain possible,2.0
2025-04-27 11:00,30.6,0.1,71,1011.0,14.8,71,23.6,36.7,10.0,18.3,ESE,Patchy rain possible,7.0
2024-07-16 16:00,28.6,0.2,80,1001.0,10.8,70,24.8,33.7,9.0,14.6,N,Patchy rain possible,3.8000000000000007
2024-10-13 16:00,27.2,0.0,84,1010.0,12.6,77,24.3,31.3,10.0,22.1,NE,Cloudy,2.8999999999999986
2024-10-28 20:00,22.1,0.3,93,1007.0,6.8,100,21.0,24.6,9.0,10.1,W,Patchy rain possible,1.1000000000000014
2025-01-31 13:00,24.1,0.0,67,1012.0,10.1,0,17.5,25.7,10.0,11.6,ESE,Sunny,6.600000000000001
2025-05-08 22:00,26.2,0.0,82,1007.0,10.4,44,22.9,29.1,10.0,17.0,SSW,Partly cloudy,3.3000000000000007
2024-08-29 10:00,34.1,0.0,53,1006.0,5.4,11,21.7,38.7,10.0,12.3,ENE,Sunny,12.400000000000002
2024-08-13 07:00,27.2,0.0,79,1005.0,8.6,23,23.2,30.4,10.0,13.6,WSW,Sunny,4.0
2024-10-16 10:00,28.2,0.1,73,1013.0,3.6,77,22.9,31.6,10.0,12.0,NE,Patchy rain possible,5.300000000000001
2024-08-04 09:00,29.9,0.0,67,1009.0,2.5,8,23.1,34.2,10.0,8.5,S,Sunny,6.799999999999997
2025-03-30 23:00,21.0,0.27,87,1016.0,12.6,100,18.8,23.0,2.0,18.2,WNW,Light drizzle,2.1999999999999993
2025-01-03 01:00,20.4,0.0,88,1015.0,9.7,100,18.4,22.4,10.0,11.5,NW,Overcast,2.0
2024-09-14 03:00,25.0,0.0,90,1002.0,5.3,79,23.2,27.7,10.0,10.3,WSW,Cloudy,1.8000000000000007
2025-01-12 21:00,17.4,0.0,75,1023.0,8.6,79,13.0,19.4,10.0,9.6,NE,Cloudy,4.399999999999999
2024-09-10 20:00,26.9,0.0,90,1007.0,4.7,67,24.9,31.3,10.0,7.7,NE,Cloudy,2.0
2024-09-03 00:00,25.8,0.1,89,1008.0,6.5,89,23.9,29.1,10.0,12.2,WSW,Patchy rain possible,1.9000000000000021
2025-05-18 10:00,31.3,0.0,64,1009.0,12.6,10,23.6,36.6,10.0,18.4,ESE,Sunny,7.699999999999999
2025-02-27 18:00,22.0,0.0,88,1015.0,5.9,68,19.9,24.5,10.0,13.6,E,Cloudy,2.1000000000000014
2025-03-06 03:00,23.5,0.1,97,1010.0,6.5,62,23.1,26.1,2.0,11.2,SE,Patchy rain possible,0.3999999999999986
2025-04-02 00:00,19.4,0.0,85,1016.0,10.1,100,17.1,21.4,10.0,13.9,NW,Overcast,2.299999999999997
2024-11-05 23:00,24.2,1.91,90,1016.0,14.7,97,22.4,26.5,7.0,32.3,NE,Moderate or heavy rain shower,1.8000000000000007
2024-12-05 14:00,24.4,0.3,86,1011.0,14.4,73,21.9,26.7,10.0,22.8,ENE,Patchy rain possible,2.5
2025-02-04 09:00,20.5,1.9,90,1020.0,15.5,100,18.8,22.5,10.0,22.0,ENE,Moderate or heavy rain shower,1.6999999999999993
2024-07-24 05:00,25.3,0.0,86,1000.0,8.8,77,22.8,27.9,10.0,17.6,WSW,Cloudy,2.5
2024-11-14 06:00,23.1,0.0,91,1011.0,6.5,19,21.6,25.4,10.0,11.1,SSW,Sunny,1.5
2025-02-12 11:00,23.5,0.8,87,1015.0,8.3,86,21.3,25.6,10.0,16.3,NE,Moderate rain at times,2.1999999999999993
2024-08-20 22:00,26.9,0.0,91,1009.0,8.2,57,24.5,31.0,10.0,14.7,SSW,Partly cloudy,2.3999999999999986
2024-07-10 17:00,30.8,0.0,77,1005.0,13.3,75,23.6,36.0,9.0,20.2,E,Cloudy,7.199999999999999
2025-05-03 12:00,31.8,0.1,67,1008.0,14.4,84,23.0,38.7,10.0,21.1,ESE,Patchy rain possible,8.8
2024-06-01 16:00,28.2,0.8,80,1007.0,7.2,71,24.4,32.8,10.0,13.5,NNE,Moderate rain at times,3.8000000000000007
2024-05-25 18:00,28.9,0.0,86,1007.0,7.8,83,25.6,34.9,10.0,17.6,SE,Cloudy,3.299999999999997
2025-04-03 01:00,21.0,0.0,84,1017.0,1.8,100,18.2,23.0,10.0,2.5,W,Overcast,2.8000000000000007
2024-07-28 19:00,28.7,0.0,73,1002.0,6.6,30,23.3,32.7,10.0,12.0,S,Partly cloudy,5.399999999999999
2025-02-04 00:00,20.2,1.5,90,1018.0,11.5,100,18.6,22.2,10.0,17.0,N,Moderate or heavy rain shower,1.5999999999999979
2024-10-06 19:00,25.0,0.0,87,1013.0,9.6,65,22.7,27.6,10.0,22.4,NW,Cloudy,2.3000000000000007
2024-10-19 20:00,25.2,0.0,88,1013.0,3.6,75,23.1,27.9,9.0,10.9,ENE,Cloudy,2.099999999999998
2025-02-09 00:00,19.3,0.4,87,1020.0,16.7,100,17.1,21.3,10.0,28.7,NE,Patchy rain possible,2.1999999999999993
2024-12-02 00:00,21.2,0.0,91,1012.0,5.0,83,20.0,23.2,10.0,7.6,SW,Cloudy,1.1999999999999993
2025-03-08 19:00,20.3,0.1,92,1015.0,7.2,100,19.0,22.3,2.0,13.6,NW,Patchy rain possible,1.3000000000000007
2024-05-28 05:00,27.5,0.0,74,1003.0,11.2,46,22.5,30.5,10.0,15.8,WSW,Partly cloudy,5.0
2025-04-06 09:00,25.2,0.0,80,1015.0,4.3,67,21.4,27.4,10.0,5.1,SE,Cloudy,3.8000000000000007
2025-02-06 13:00,23.9,0.0,73,1013.0,11.5,84,17.6,25.7,10.0,18.5,ESE,Cloudy,6.299999999999997
2024-12-31 22:00,20.0,0.02,88,1017.0,10.1,100,18.1,22.0,10.0,14.3,NW,Patchy rain possible,1.8999999999999986
2024-07-16 00:00,25.9,0.0,90,1004.0,6.8,24,23.7,29.1,10.0,11.6,SSW,Clear,2.1999999999999993
2024-08-13 08:00,30.6,0.0,67,1006.0,8.6,24,23.0,35.0,10.0,10.2,WSW,Sunny,7.600000000000001
2025-05-03 13:00,31.5,0.0,69,1007.0,15.0,13,23.3,38.6,10.0,22.4,ESE,Sunny,8.2
2024-06-21 17:00,30.7,0.0,72,1001.0,14.4,88,25.1,37.1,10.0,22.4,ESE,Overcast,5.599999999999998
2024-08-17 11:00,34.5,0.0,55,1007.0,5.8,24,22.8,40.3,10.0,18.1,NNE,Sunny,11.7
2024-11-29 20:00,20.9,0.0,77,1019.0,9.0,100,16.7,22.9,10.0,14.2,NE,Overcast,4.199999999999999
2025-01-17 14:00,21.3,0.0,82,1017.0,13.7,100,16.1,23.3,10.0,24.3,NE,Overcast,5.199999999999999
2025-05-22 09:00,30.2,0.0,63,1007.0,10.8,7,22.5,34.2,10.0,17.6,SE,Sunny,7.699999999999999
2024-09-28 14:00,30.0,0.0,75,1007.0,13.0,7,25.0,36.0,10.0,15.1,E,Sunny,5.0
2025-04-23 01:00,26.0,0.0,78,1007.0,5.5,40,21.9,28.4,10.0,7.9,SSE,Partly cloudy,4.100000000000001
2025-03-05 18:00,24.9,0.0,94,1008.0,10.1,43,23.6,28.0,2.0,15.6,ESE,Partly cloudy,1.2999999999999972
2025-04-24 21:00,26.8,0.0,89,1008.0,5.1,73,23.7,31.0,10.0,7.0,SW,Cloudy,3.1000000000000014
2025-04-07 17:00,25.5,0.0,79,1013.0,11.5,4,21.6,27.7,10.0,20.2,E,Sunny,3.8999999999999986
2024-10-09 09:00,26.3,0.2,83,1014.0,6.8,76,23.1,29.3,10.0,17.0,N,Patchy rain possible,3.1999999999999993
2025-05-01 12:00,31.2,0.0,64,1011.0,15.5,17,22.1,36.4,10.0,24.4,E,Sunny,9.099999999999998
2025-01-22 14:00,23.6,0.0,67,1013.0,7.9,0,16.0,25.3,10.0,15.5,ENE,Sunny,7.600000000000001
2025-02-18 02:00,20.7,0.1,87,1016.0,1.4,56,18.5,22.7,10.0,6.3,SSE,Patchy rain possible,2.1999999999999993
2024-09-16 13:00,30.1,1.2,72,1003.0,15.5,75,24.4,35.5,9.0,26.6,N,Heavy rain at times,5.700000000000003
2024-06-30 06:00,27.2,0.0,73,1006.0,10.1,13,22.0,29.8,10.0,13.8,SW,Sunny,5.199999999999999
2024-07-30 14:00,30.9,0.0,63,1005.0,7.9,44,23.1,35.6,10.0,16.1,WNW,Partly cloudy,7.799999999999997
2024-12-22 10:00,21.5,0.1,73,1019.0,16.2,60,16.5,23.5,10.0,24.7,NNE,Patchy rain possible,5.0
2024-12-22 14:00,21.6,0.0,68,1015.0,15.5,87,15.6,23.6,10.0,24.6,NNE,Overcast,6.000000000000002
2024-12-16 10:00,19.7,0.1,91,1022.0,11.5,100,18.2,21.7,2.0,14.7,NNW,Patchy rain possible,1.5
2025-01-04 07:00,20.4,0.3,81,1017.0,10.4,100,17.0,22.4,10.0,16.3,ENE,Patchy rain possible,3.3999999999999986
2025-03-04 02:00,22.4,0.0,94,1007.0,4.4,48,21.4,24.9,10.0,10.0,SSE,Partly cloudy,1.0
2024-12-01 13:00,24.2,0.0,80,1011.0,9.4,80,20.6,26.1,10.0,15.4,ENE,Cloudy,3.599999999999998
2025-03-02 17:00,25.1,0.0,85,1007.0,10.4,81,22.5,27.6,10.0,14.9,SE,Cloudy,2.6000000000000014
2024-06-07 04:00,25.9,0.0,85,1006.0,9.7,8,23.1,28.8,10.0,11.9,SW,Clear,2.799999999999997
2025-04-02 17:00,21.5,0.0,88,1015.0,8.3,100,19.4,23.5,10.0,18.3,WNW,Overcast,2.1000000000000014
2024-10-06 23:00,24.5,0.0,88,1014.0,9.4,100,22.3,26.8,10.0,11.4,WNW,Overcast,2.1999999999999993
2024-08-19 13:00,35.5,0.0,59,1004.0,14.5,15,23.5,42.5,10.0,25.2,NE,Sunny,12.0
2024-11-10 19:00,23.0,0.0,86,1014.0,13.3,48,20.5,25.2,10.0,21.3,NW,Partly cloudy,2.5
2024-11-29 09:00,22.3,0.0,74,1021.0,16.9,51,17.4,24.7,10.0,25.9,NE,Partly cloudy,4.900000000000002
2024-06-13 21:00,28.8,0.0,80,1005.0,5.8,6,25.6,34.9,10.0,12.1,SW,Clear,3.1999999999999993
2024-12-09 21:00,22.8,0.3,89,1015.0,7.3,100,20.9,25.1,10.0,11.7,E,Patchy rain possible,1.9000000000000021
2024-05-25 07:00,26.2,0.0,88,1009.0,7.6,23,24.0,29.6,10.0,10.1,SSW,Sunny,2.1999999999999993
2024-06-18 14:00,32.2,0.1,65,1002.0,11.0,70,24.7,39.1,9.0,25.9,ENE,Patchy rain possible,7.5000000000000036
2024-06-04 14:00,34.1,0.0,67,1004.0,12.6,17,24.7,42.0,10.0,21.0,NE,Sunny,9.400000000000002
2024-09-15 06:00,25.1,0.0,87,1003.0,7.9,70,22.8,27.7,10.0,14.4,WSW,Cloudy,2.3000000000000007
2025-01-20 03:00,17.5,0.0,85,1013.0,4.7,80,15.0,19.5,10.0,7.7,WSW,Cloudy,2.5
2024-07-15 04:00,23.8,5.53,96,1002.0,4.7,100,23.2,26.4,5.0,12.9,NW,Moderate or heavy rain shower,0.6000000000000014
2025-05-10 06:00,25.9,0.0,81,1007.0,8.3,19,23.3,28.5,10.0,10.5,SSW,Sunny,2.599999999999998
2024-12-05 16:00,23.9,0.0,88,1011.0,12.6,53,21.9,26.2,10.0,18.5,ENE,Partly cloudy,2.0
2024-08-16 15:00,32.2,0.0,72,1002.0,13.4,76,24.8,39.3,9.0,24.3,NNE,Cloudy,7.400000000000002
2025-01-02 00:00,19.9,0.0,87,1016.0,6.1,100,17.6,21.9,10.0,9.3,WNW,Overcast,2.299999999999997
2025-03-08 11:00,22.4,0.0,78,1017.0,5.0,100,18.5,24.7,10.0,18.7,NW,Overcast,3.8999999999999986
2024-12-23 09:00,19.6,0.3,85,1018.0,10.8,100,17.1,21.6,10.0,14.3,NW,Patchy rain possible,2.5
2024-11-23 16:00,23.9,0.6,90,1013.0,19.1,100,22.2,26.2,10.0,30.7,NE,Moderate rain at times,1.6999999999999993
2024-10-21 20:00,24.6,0.1,91,1013.0,6.8,78,23.1,27.3,10.0,11.1,NNE,Patchy rain possible,1.5
2024-11-11 15:00,26.0,0.0,79,1010.0,19.8,75,22.2,28.6,10.0,31.5,NW,Cloudy,3.8000000000000007
2024-09-19 22:00,24.6,0.0,88,999.0,10.1,68,22.4,27.0,10.0,13.3,WSW,Cloudy,2.200000000000003
2024-11-14 02:00,23.7,0.0,93,1011.0,5.4,85,22.4,26.0,10.0,8.4,SW,Cloudy,1.3000000000000007
2025-02-17 13:00,24.5,0.0,79,1016.0,13.7,79,20.6,26.4,10.0,21.9,E,Cloudy,3.8999999999999986
2024-12-24 15:00,19.8,0.2,90,1015.0,13.3,100,18.2,21.8,10.0,22.1,NNW,Patchy rain possible,1.6000000000000014
2024-08-26 06:00,24.7,0.0,87,1006.0,8.6,13,22.3,27.1,10.0,9.8,SW,Sunny,2.3999999999999986
2024-08-25 05:00,24.5,0.0,86,1008.0,6.5,77,22.1,26.7,9.0,8.9,WSW,Cloudy,2.3999999999999986
2024-12-27 08:00,21.3,0.7,94,1019.0,9.4,100,20.3,23.3,2.0,13.1,NNW,Moderate rain at times,1.0
2025-04-30 23:00,24.1,0.0,93,1013.0,5.8,32,22.8,26.6,10.0,10.1,SSW,Partly cloudy,1.3000000000000007
2024-08-26 16:00,31.8,0.0,65,1004.0,15.8,76,23.2,37.0,10.0,26.0,E,Cloudy,8.600000000000001
2025-03-08 01:00,19.2,0.0,85,1017.0,11.9,100,16.5,21.2,10.0,16.7,WNW,Overcast,2.6999999999999993
2025-03-20 16:00,21.5,0.0,74,1020.0,13.3,83,16.7,23.5,10.0,24.3,NNE,Cloudy,4.800000000000001
2025-01-25 04:00,18.3,0.0,94,1010.0,7.2,32,17.3,20.3,10.0,8.5,SSW,Partly cloudy,1.0
2024-08-04 01:00,25.2,0.0,87,1008.0,8.3,13,23.0,27.9,10.0,10.6,WSW,Clear,2.1999999999999993
2024-12-25 13:00,21.2,0.1,88,1015.0,13.3,100,19.1,23.2,10.0,23.3,NW,Patchy rain possible,2.099999999999998
2024-08-13 00:00,26.3,0.0,88,1005.0,9.7,76,24.1,29.8,10.0,14.3,SW,Cloudy,2.1999999999999993
2025-04-23 11:00,33.3,0.0,59,1008.0,13.3,15,23.1,40.1,10.0,19.6,ESE,Sunny,10.199999999999996
2024-09-29 21:00,26.4,0.0,92,1010.0,9.7,44,25.0,30.5,10.0,10.5,SSE,Partly cloudy,1.3999999999999986
2024-08-30 17:00,30.0,0.1,74,1004.0,9.0,73,24.9,35.9,10.0,19.0,ESE,Patchy rain possible,5.100000000000001
2024-06-13 19:00,29.6,0.0,81,1004.0,5.8,12,25.9,36.4,10.0,11.1,SE,Clear,3.700000000000003
2025-02-12 16:00,22.7,0.1,94,1012.0,12.2,89,21.7,25.1,2.0,21.5,NNE,Patchy rain possible,1.0
2025-03-01 20:00,22.1,0.0,92,1012.0,8.6,86,20.7,24.6,10.0,10.3,SSE,Overcast,1.4000000000000021
2025-04-08 00:00,23.2,0.0,94,1016.0,7.9,75,22.1,25.5,10.0,8.4,SE,Cloudy,1.0999999999999979
2025-03-09 21:00,21.4,0.3,91,1019.0,3.2,100,19.9,23.4,2.0,5.4,WNW,Patchy rain possible,1.5
2025-01-08 04:00,19.0,0.0,85,1014.0,7.6,64,16.5,21.0,10.0,13.1,WSW,Cloudy,2.5
2025-02-25 05:00,21.2,2.7,92,1020.0,10.4,100,19.8,23.2,9.0,11.6,NE,Moderate or heavy rain shower,1.3999999999999986
2024-11-01 12:00,29.0,0.0,57,1009.0,13.0,4,19.7,30.9,10.0,26.1,NNW,Sunny,9.3
2025-05-09 08:00,31.4,0.0,61,1006.0,8.3,16,23.0,36.1,10.0,10.4,SSE,Sunny,8.399999999999999
2024-12-04 19:00,22.7,0.0,87,1014.0,6.8,55,20.5,25.0,10.0,11.0,NE,Partly cloudy,2.1999999999999993
2025-01-10 17:00,20.0,0.3,82,1021.0,14.6,63,16.9,22.0,10.0,28.9,NE,Patchy rain possible,3.1000000000000014
2025-04-28 23:00,24.0,0.1,93,1012.0,5.4,76,22.8,26.5,10.0,9.4,S,Patchy rain possible,1.1999999999999993
2025-04-19 12:00,32.2,0.0,71,1008.0,9.7,14,25.4,40.8,10.0,18.8,ENE,Sunny,6.800000000000004
2025-04-03 10:00,23.0,1.1,84,1018.0,5.0,97,20.0,25.1,10.0,10.1,NE,Heavy rain at times,3.0
2024-09-30 02:00,25.5,0.0,92,1007.0,6.8,19,24.1,28.8,10.0,11.8,SW,Clear,1.3999999999999986
2025-03-01 09:00,24.1,0.0,84,1015.0,6.8,20,21.3,26.2,10.0,8.1,SSE,Sunny,2.8000000000000007
2024-11-12 04:00,23.1,0.9,94,1010.0,11.9,100,22.1,25.5,10.0,25.5,NNW,Moderate rain at times,1.0
2024-08-13 01:00,25.9,0.0,89,1004.0,6.0,29,23.9,29.2,10.0,12.7,SW,Partly cloudy,2.0
2024-06-19 23:00,26.4,1.7,85,1005.0,10.8,86,23.6,29.6,10.0,17.1,SW,Moderate or heavy rain shower,2.799999999999997
2024-11-13 12:00,26.6,0.1,81,1011.0,10.1,61,23.1,29.7,10.0,17.1,ENE,Patchy rain possible,3.5
2024-06-19 18:00,30.9,0.0,75,1003.0,14.0,88,24.3,36.7,9.0,24.1,SSE,Overcast,6.599999999999998
2025-04-22 09:00,29.9,0.0,65,1010.0,12.2,11,22.5,33.7,10.0,15.9,SE,Sunny,7.399999999999999
2024-08-09 15:00,33.1,0.2,71,1003.0,14.8,76,24.3,40.0,9.0,26.2,NE,Patchy rain possible,8.8
2024-10-06 02:00,24.3,0.0,89,1012.0,7.2,74,22.3,26.7,10.0,11.1,WNW,Cloudy,2.0
2024-06-03 16:00,29.5,0.8,78,1004.0,7.9,82,25.4,35.7,9.0,20.4,ENE,Moderate rain at times,4.100000000000001
2024-08-02 15:00,32.7,0.0,67,1004.0,13.4,10,24.1,39.3,10.0,22.8,NE,Sunny,8.600000000000001
2024-09-22 19:00,24.0,1.6,96,1005.0,9.4,90,23.3,26.6,9.0,13.4,SSW,Moderate or heavy rain shower,0.6999999999999993
2024-11-24 15:00,24.7,2.7,90,1012.0,14.3,86,22.9,27.3,10.0,28.4,ENE,Moderate or heavy rain shower,1.8000000000000007
2024-06-29 11:00,33.7,0.0,54,1006.0,6.8,18,23.1,39.5,10.0,19.2,SE,Sunny,10.600000000000001
2025-04-08 07:00,23.7,0.0,90,1017.0,6.8,71,21.9,26.0,10.0,9.6,ESE,Cloudy,1.8000000000000007
2025-01-29 07:00,18.0,0.8,86,1021.0,6.8,100,15.6,20.0,10.0,9.9,NNW,Moderate rain at times,2.4000000000000004
2024-10-13 13:00,28.5,0.2,74,1011.0,12.6,87,23.4,32.4,10.0,22.2,NE,Patchy rain possible,5.100000000000001
2025-01-31 18:00,20.3,0.0,85,1010.0,7.6,0,17.8,22.3,10.0,13.4,ESE,Clear,2.5
2025-04-26 10:00,30.6,0.0,63,1011.0,11.2,4,22.5,34.8,10.0,17.6,ESE,Sunny,8.100000000000001
2025-03-10 07:00,22.0,0.1,95,1018.0,8.6,100,21.1,24.6,2.0,12.4,NNE,Patchy rain possible,0.8999999999999986
2025-03-25 06:00,18.2,0.0,89,1010.0,6.0,3,16.4,20.2,10.0,7.4,S,Sunny,1.8000000000000007
2025-04-14 06:00,20.6,0.0,78,1014.0,7.2,93,16.6,22.6,10.0,9.9,NW,Overcast,4.0
2024-06-23 16:00,28.1,0.3,84,1001.0,8.6,100,25.1,33.3,10.0,14.9,SSW,Patchy rain possible,3.0
2025-02-07 14:00,23.4,0.3,77,1015.0,11.5,55,19.0,25.3,10.0,27.4,NE,Patchy rain possible,4.399999999999999
2024-08-10 10:00,34.8,0.0,49,1005.0,11.9,14,22.5,40.3,10.0,20.3,WSW,Sunny,12.299999999999997
2024-11-07 10:00,25.9,0.2,85,1017.0,22.7,100,21.7,28.2,10.0,37.3,ENE,Patchy rain possible,4.199999999999999
2024-10-29 07:00,22.3,0.1,86,1007.0,6.1,50,19.9,24.7,10.0,8.7,SSW,Patchy rain possible,2.400000000000002
2024-11-11 10:00,26.9,0.0,73,1013.0,16.9,85,21.7,29.4,10.0,27.8,NW,Cloudy,5.199999999999999
2024-10-29 02:00,21.5,0.0,86,1005.0,5.4,73,19.1,23.5,10.0,8.9,WSW,Cloudy,2.3999999999999986
2025-02-08 05:00,20.1,0.4,89,1017.0,19.2,100,18.2,22.1,10.0,27.0,NE,Patchy rain possible,1.9000000000000021
2024-11-18 04:00,22.2,1.0,87,1012.0,5.8,74,20.0,24.6,10.0,10.3,WNW,Heavy rain at times,2.1999999999999993
2025-01-10 01:00,20.8,0.3,85,1021.0,8.6,77,18.2,22.8,9.0,14.4,ENE,Patchy rain possible,2.6000000000000014
2025-02-05 04:00,17.8,0.1,89,1015.0,4.0,91,16.0,19.8,10.0,6.3,W,Patchy rain possible,1.8000000000000007
2025-04-18 21:00,26.7,0.0,91,1008.0,7.1,12,24.6,31.2,10.0,8.7,S,Clear,2.099999999999998
2024-09-08 01:00,27.8,0.0,70,1004.0,10.2,71,21.9,30.6,10.0,19.2,WSW,Cloudy,5.900000000000002
2024-11-12 12:00,25.1,6.4,88,1011.0,10.1,100,23.0,27.8,10.0,24.9,NW,Moderate or heavy rain shower,2.1000000000000014
2024-09-26 07:00,25.7,0.0,88,1012.0,4.3,16,23.6,28.7,10.0,5.9,SW,Sunny,2.099999999999998
2025-01-26 19:00,20.6,0.3,86,1018.0,12.2,57,18.1,22.6,10.0,20.7,N,Patchy rain possible,2.5
2024-10-19 03:00,24.3,0.0,91,1011.0,4.3,29,22.8,26.8,10.0,7.1,SW,Partly cloudy,1.5
2024-09-18 00:00,24.9,0.4,89,1003.0,7.6,100,22.9,27.6,10.0,11.4,WNW,Patchy rain possible,2.0
2025-01-05 01:00,17.6,0.0,86,1018.0,10.4,5,15.4,19.6,10.0,19.5,WNW,Clear,2.200000000000001
2024-10-14 16:00,27.0,0.0,86,1009.0,15.1,76,24.5,31.0,9.0,21.7,NNE,Cloudy,2.5
2025-02-10 15:00,21.2,0.0,78,1015.0,10.8,67,17.3,23.2,10.0,12.9,NE,Cloudy,3.8999999999999986
2024-05-28 17:00,32.2,0.0,73,1002.0,12.2,72,25.0,39.5,9.0,18.2,ESE,Cloudy,7.200000000000003
2025-03-12 11:00,27.1,0.0,80,1012.0,10.1,44,22.5,30.6,10.0,18.1,ESE,Partly cloudy,4.600000000000001
2024-12-12 20:00,23.4,0.8,93,1014.0,16.5,100,22.3,25.8,9.0,27.8,NE,Moderate rain at times,1.0999999999999979
2024-08-21 20:00,28.0,0.0,84,1008.0,6.8,46,25.0,33.0,9.0,11.2,SSE,Partly cloudy,3.0
2024-08-19 16:00,31.7,1.0,69,1003.0,11.8,70,25.4,39.0,10.0,18.9,ENE,Heavy rain at times,6.300000000000001
2025-04-10 02:00,22.8,0.0,94,1007.0,6.4,21,21.7,25.1,10.0,11.2,S,Clear,1.1000000000000014
2024-10-02 09:00,28.2,0.1,77,1012.0,7.2,76,23.7,32.2,10.0,13.8,WNW,Patchy rain possible,4.5
2024-12-11 06:00,23.4,0.8,95,1011.0,11.7,100,22.6,25.9,10.0,19.3,NE,Moderate rain at times,0.7999999999999972
2024-12-02 05:00,21.5,0.0,90,1012.0,5.4,95,19.9,23.5,10.0,9.0,WSW,Overcast,1.6000000000000014
2024-12-22 03:00,19.7,0.0,77,1016.0,10.8,73,15.5,21.7,10.0,12.9,NNE,Cloudy,4.199999999999999
2025-04-24 16:00,31.3,0.0,84,1006.0,2.5,81,23.0,42.3,9.0,14.7,WSW,Cloudy,8.3
2025-03-15 23:00,23.8,0.0,91,1011.0,7.2,26,22.3,26.1,10.0,8.0,SE,Partly cloudy,1.5
2025-04-06 16:00,25.5,0.0,81,1012.0,11.5,88,22.0,27.9,10.0,18.5,ENE,Overcast,3.5
2024-11-16 13:00,27.7,0.0,71,1009.0,10.8,6,22.1,30.6,10.0,18.0,ESE,Sunny,5.599999999999998
2024-11-20 00:00,23.1,0.7,89,1014.0,7.6,73,21.2,25.3,10.0,12.0,W,Moderate rain at times,1.9000000000000021
2024-07-17 11:00,27.8,0.1,82,1004.0,4.7,53,24.4,32.1,10.0,14.2,NNE,Patchy rain possible,3.400000000000002
2024-08-15 01:00,26.7,0.0,84,1005.0,5.6,77,23.8,30.3,10.0,11.1,SW,Cloudy,2.8999999999999986
2024-11-28 06:00,22.5,0.5,84,1018.0,18.7,100,19.7,24.8,10.0,31.1,NE,Moderate rain at times,2.8000000000000007
2024-09-03 10:00,31.2,0.0,62,1008.0,8.3,15,23.1,36.0,10.0,14.3,NNE,Sunny,8.099999999999998
2025-03-10 18:00,21.9,0.4,97,1017.0,3.2,100,21.4,23.9,10.0,4.5,NNE,Patchy rain possible,0.5
2024-07-18 14:00,28.8,0.2,82,1003.0,11.9,72,25.3,34.4,10.0,15.4,N,Patchy rain possible,3.5
2025-03-08 05:00,19.3,0.0,84,1016.0,8.3,100,16.6,21.3,10.0,11.9,W,Overcast,2.6999999999999993
2025-04-22 01:00,24.0,0.0,85,1009.0,5.0,11,21.4,26.1,10.0,6.4,SSW,Clear,2.6000000000000014
2025-02-07 01:00,18.3,0.0,89,1015.0,7.9,20,16.4,20.3,10.0,14.6,WSW,Clear,1.9000000000000021
2024-07-17 09:00,27.6,0.2,83,1005.0,5.4,74,24.4,31.9,10.0,7.0,SW,Patchy rain possible,3.200000000000003
2025-05-22 11:00,33.2,0.0,63,1006.0,13.1,8,23.3,39.1,10.0,24.3,ESE,Sunny,9.900000000000002
2025-03-05 17:00,26.2,0.0,91,1007.0,9.4,30,23.7,29.9,10.0,13.6,ESE,Partly cloudy,2.5
2025-05-20 02:00,24.4,0.0,88,1007.0,6.6,24,22.3,26.7,10.0,8.2,SSW,Clear,2.099999999999998
2025-04-15 23:00,21.4,0.0,87,1013.0,7.2,14,19.1,23.4,10.0,11.8,SSW,Clear,2.299999999999997
2025-04-04 05:00,19.4,0.0,93,1014.0,6.8,62,18.2,21.4,10.0,11.2,SSW,Cloudy,1.1999999999999993
2024-08-20 14:00,30.9,1.2,70,1005.0,11.9,89,24.9,37.2,10.0,26.8,NE,Heavy rain at times,6.0
2024-11-27 18:00,23.2,0.3,88,1015.0,19.7,77,21.2,25.4,10.0,37.8,NE,Patchy rain possible,2.0
2024-08-19 10:00,34.6,0.0,54,1006.0,4.7,5,22.4,40.1,10.0,14.2,NNW,Sunny,12.200000000000003
2024-12-03 17:00,24.0,0.0,87,1012.0,10.1,78,21.7,26.2,10.0,14.7,NE,Cloudy,2.3000000000000007
2024-11-04 21:00,23.9,0.5,89,1014.0,8.6,58,22.0,26.2,10.0,14.4,NNW,Moderate rain at times,1.8999999999999986
2025-03-10 12:00,23.4,0.8,95,1018.0,9.4,100,21.5,25.9,10.0,18.8,NNE,Moderate rain at times,1.8999999999999986
2024-07-14 04:00,25.4,0.0,82,1002.0,5.0,79,22.2,27.8,10.0,9.0,W,Cloudy,3.1999999999999993
2024-10-06 14:00,27.8,0.0,78,1011.0,15.5,73,23.5,31.5,9.0,29.6,NNW,Cloudy,4.300000000000001
2025-03-13 06:00,21.1,0.0,90,1010.0,9.4,18,19.4,23.1,10.0,13.7,SSW,Sunny,1.7000000000000028
2024-10-10 14:00,28.1,0.2,72,1010.0,11.5,87,22.6,31.3,10.0,23.8,NNE,Patchy rain possible,5.5
2024-09-17 06:00,24.7,0.0,86,1005.0,7.9,42,22.3,27.1,10.0,13.6,W,Partly cloudy,2.3999999999999986
2024-12-05 15:00,24.3,0.2,87,1011.0,14.8,68,21.9,26.5,10.0,23.0,ENE,Patchy rain possible,2.400000000000002
2025-02-19 16:00,21.7,1.7,92,1015.0,8.6,100,20.4,23.7,10.0,24.8,E,Moderate or heavy rain shower,1.3000000000000007
2024-08-08 00:00,27.2,0.0,89,1008.0,7.9,22,24.4,31.2,10.0,9.7,SSW,Clear,2.8000000000000007
2024-12-11 10:00,23.6,2.5,95,1013.0,18.4,100,22.8,26.1,7.0,24.9,NE,Moderate or heavy rain shower,0.8000000000000007
2025-04-17 05:00,23.1,0.0,94,1008.0,5.0,84,22.1,25.4,10.0,10.6,S,Cloudy,1.0
2024-09-26 13:00,29.3,0.1,73,1010.0,11.9,72,24.0,34.0,10.0,18.5,E,Patchy rain possible,5.300000000000001
2024-06-08 04:00,25.4,0.0,88,1004.0,9.4,44,23.2,28.2,10.0,11.5,SSW,Partly cloudy,2.1999999999999993
2024-06-01 19:00,26.8,0.0,86,1008.0,2.9,90,24.2,30.6,10.0,4.4,NE,Overcast,2.6000000000000014
2024-07-06 21:00,26.7,0.0,89,1007.0,8.6,32,24.8,30.9,10.0,14.2,SSE,Partly cloudy,1.8999999999999986
2024-08-13 16:00,31.5,1.8,68,1003.0,15.5,84,24.7,37.9,10.0,22.4,NE,Moderate or heavy rain shower,6.800000000000001
2024-11-20 19:00,23.4,0.3,90,1013.0,9.5,59,21.6,25.6,10.0,18.4,NW,Patchy rain possible,1.7999999999999972
2025-03-30 09:00,24.2,0.32,91,1016.0,6.8,100,22.6,26.7,10.0,10.4,NNE,Light rain shower,1.5999999999999979
2024-11-04 02:00,23.4,4.0,90,1013.0,5.8,100,21.6,25.6,10.0,8.6,WNW,Moderate or heavy rain shower,1.7999999999999972
2024-06-24 02:00,26.0,0.0,80,1003.0,9.7,40,22.3,28.6,10.0,13.0,WSW,Partly cloudy,3.6999999999999993
2024-08-21 05:00,25.7,0.0,80,1007.0,7.9,26,22.0,28.1,10.0,11.8,SW,Partly cloudy,3.6999999999999993
2024-11-27 21:00,23.1,0.5,88,1017.0,19.5,100,21.1,25.3,10.0,34.6,NE,Moderate rain at times,2.0
2024-06-20 01:00,27.1,0.0,78,1003.0,6.8,76,22.9,30.2,10.0,13.1,SW,Cloudy,4.200000000000003
2024-06-02 09:00,29.7,0.0,80,1010.0,6.1,27,24.4,35.0,10.0,8.0,WSW,Partly cloudy,5.300000000000001
2025-02-09 09:00,19.6,0.1,85,1021.0,15.8,100,17.0,21.6,10.0,26.1,NE,Patchy rain possible,2.6000000000000014
2024-07-27 14:00,33.7,0.0,62,1001.0,12.5,37,23.9,40.4,9.0,22.2,WSW,Partly cloudy,9.800000000000004
2025-03-20 15:00,22.7,0.0,74,1020.0,14.0,80,16.2,24.9,10.0,30.3,NNE,Cloudy,6.5
2025-02-06 22:00,19.6,0.0,89,1016.0,4.3,78,17.8,21.6,10.0,7.4,S,Cloudy,1.8000000000000007
2024-10-12 11:00,28.3,0.0,73,1013.0,6.5,88,22.9,31.7,10.0,16.3,ENE,Overcast,5.400000000000002
2024-08-17 17:00,29.8,4.75,91,1006.0,6.5,52,24.6,35.5,6.0,14.7,E,Moderate or heavy rain shower,5.199999999999999
2024-08-06 23:00,26.3,0.0,86,1008.0,5.8,14,23.6,29.6,10.0,11.9,SW,Clear,2.6999999999999993
2024-11-29 23:00,21.2,0.1,78,1018.0,14.0,66,17.2,23.2,10.0,21.2,NE,Patchy rain possible,4.0
2024-12-16 08:00,19.5,0.1,90,1021.0,9.4,100,17.8,21.5,10.0,12.7,NW,Patchy rain possible,1.6999999999999993
2024-11-28 08:00,22.3,0.2,82,1020.0,21.6,100,19.0,24.6,10.0,36.3,NE,Patchy rain possible,3.3000000000000007
2025-01-09 21:00,20.9,0.0,89,1020.0,7.8,100,19.1,22.9,10.0,14.0,ENE,Overcast,1.7999999999999972
2025-04-18 19:00,28.1,0.0,89,1006.0,5.3,87,25.5,34.2,10.0,14.0,WSW,Overcast,2.6000000000000014
2024-06-21 20:00,27.9,0.6,87,1004.0,7.8,70,25.5,33.3,10.0,18.4,SE,Moderate rain at times,2.3999999999999986
2025-05-10 00:00,25.4,0.0,90,1008.0,7.8,50,23.8,28.4,10.0,11.8,WSW,Partly cloudy,1.5999999999999979
2025-05-09 15:00,31.5,6.2,69,1004.0,17.3,71,25.1,38.4,10.0,25.2,E,Moderate or heavy rain shower,6.399999999999999
2024-08-16 08:00,30.7,0.0,72,1006.0,5.8,24,23.7,35.9,10.0,7.2,SW,Sunny,7.0
2025-01-27 21:00,17.8,0.0,91,1019.0,6.1,100,16.2,19.8,10.0,8.6,NNW,Overcast,1.6000000000000014
2025-02-22 00:00,21.4,0.6,94,1019.0,8.3,100,20.3,23.4,10.0,12.0,E,Moderate rain at times,1.0999999999999979
2025-03-20 21:00,19.7,0.0,79,1023.0,8.3,36,16.0,21.7,10.0,9.4,NNW,Partly cloudy,3.6999999999999993
2025-03-21 04:00,19.0,0.0,79,1021.0,6.1,100,15.3,21.0,10.0,9.6,NW,Overcast,3.6999999999999993
2024-12-28 08:00,21.5,3.3,94,1022.0,21.5,100,20.5,23.5,7.0,34.4,NNE,Moderate or heavy rain shower,1.0
2024-11-13 02:00,23.9,0.7,91,1010.0,5.8,100,22.3,26.3,10.0,8.5,NNE,Moderate rain at times,1.5999999999999979
2025-04-05 17:00,24.9,0.0,89,1011.0,8.3,74,22.0,27.6,9.0,15.6,ESE,Cloudy,2.8999999999999986
2024-12-09 09:00,23.2,0.9,85,1017.0,13.3,87,20.5,25.3,10.0,18.5,NE,Moderate rain at times,2.6999999999999993
2024-09-13 12:00,30.0,0.5,71,1004.0,8.3,75,24.2,35.2,9.0,18.5,NE,Moderate rain at times,5.800000000000001
2025-05-03 15:00,30.8,0.0,74,1006.0,16.9,81,23.6,38.0,10.0,24.9,E,Cloudy,7.199999999999999
2025-03-16 12:00,23.9,12.6,82,1015.0,18.3,75,20.6,25.9,10.0,26.3,NNW,Moderate or heavy rain shower,3.299999999999997
2025-03-18 14:00,21.1,0.6,91,1018.0,19.8,100,19.6,23.1,2.0,26.1,NNE,Moderate rain at times,1.5
2024-07-22 20:00,26.4,0.0,88,1004.0,7.6,70,24.2,30.1,10.0,14.7,S,Cloudy,2.1999999999999993
2025-03-07 02:00,20.0,0.2,86,1015.0,8.0,100,17.4,22.0,10.0,20.4,NW,Patchy rain possible,2.6000000000000014
2025-01-27 13:00,18.5,0.1,83,1018.0,7.9,100,15.6,20.5,2.0,18.7,NNW,Patchy rain possible,2.9000000000000004
2024-07-31 12:00,32.1,0.0,59,1007.0,4.7,36,23.2,37.3,10.0,6.0,N,Partly cloudy,8.900000000000002
2025-04-22 14:00,33.8,0.0,68,1006.0,15.6,12,24.0,44.8,10.0,30.7,ESE,Sunny,9.799999999999997
2024-09-14 20:00,26.5,6.2,84,1004.0,5.0,91,23.5,29.7,10.0,8.5,SW,Moderate or heavy rain shower,3.0
2024-08-14 08:00,30.0,0.0,66,1007.0,5.8,18,23.0,34.2,10.0,10.8,W,Sunny,7.0
2024-11-29 11:00,23.0,0.0,69,1019.0,17.6,69,17.0,25.0,10.0,26.6,NE,Cloudy,6.0
2024-12-01 05:00,20.7,0.0,87,1013.0,5.4,28,18.4,22.7,10.0,8.9,SW,Partly cloudy,2.3000000000000007
2025-05-08 19:00,27.6,0.0,82,1005.0,11.9,43,24.3,31.8,10.0,15.6,SSE,Partly cloudy,3.3000000000000007
2024-06-08 20:00,27.1,0.0,88,1005.0,9.4,25,24.9,31.5,10.0,12.7,WSW,Partly cloudy,2.200000000000003
2024-06-08 00:00,25.5,0.0,87,1006.0,5.8,56,23.1,28.3,10.0,12.1,WSW,Partly cloudy,2.3999999999999986
2024-06-13 06:00,27.2,0.0,73,1006.0,10.1,21,22.1,30.0,10.0,14.0,W,Sunny,5.099999999999998
2025-05-03 20:00,27.3,0.0,93,1008.0,7.2,31,24.9,32.8,10.0,11.1,SSE,Partly cloudy,2.400000000000002
2024-08-20 16:00,31.5,1.68,82,1005.0,10.7,72,24.2,37.9,8.0,24.3,SE,Moderate or heavy rain shower,7.300000000000001
2024-07-30 01:00,25.6,0.0,80,1005.0,6.9,51,21.9,27.9,10.0,14.1,SW,Partly cloudy,3.700000000000003
2025-05-06 10:00,33.6,0.0,59,1008.0,11.9,47,22.5,40.6,10.0,15.0,ESE,Partly cloudy,11.100000000000001
2025-01-10 12:00,21.1,0.0,78,1022.0,20.2,99,17.1,23.1,10.0,30.6,NE,Overcast,4.0
2024-12-08 08:00,23.2,0.7,86,1018.0,15.1,79,20.8,25.4,10.0,23.7,NE,Moderate rain at times,2.3999999999999986
2025-05-02 15:00,29.9,0.0,71,1009.0,14.4,83,22.1,35.1,10.0,27.9,NE,Cloudy,7.799999999999997
2025-03-09 10:00,23.2,0.1,80,1019.0,5.8,80,19.5,25.2,10.0,11.3,NE,Patchy rain possible,3.6999999999999993
2024-11-02 13:00,27.5,0.1,63,1012.0,18.4,85,19.9,29.3,10.0,21.5,NNW,Patchy rain possible,7.600000000000001
2024-12-31 08:00,20.7,0.69,94,1019.0,12.2,100,19.6,22.7,2.0,16.7,NNW,Light drizzle,1.0999999999999979
2024-11-12 06:00,23.4,1.4,93,1011.0,11.9,100,22.1,25.7,10.0,24.5,NW,Heavy rain at times,1.2999999999999972
2025-03-29 09:00,25.7,0.1,83,1012.0,11.2,85,22.7,28.4,10.0,19.8,SE,Patchy rain possible,3.0
2024-12-15 04:00,20.2,1.1,93,1019.0,22.4,100,19.1,22.2,10.0,36.2,N,Heavy rain at times,1.0999999999999979
2025-01-23 18:00,19.7,0.0,82,1012.0,4.0,1,16.6,21.7,10.0,6.5,ESE,Clear,3.099999999999998
2025-02-10 08:00,19.6,0.1,85,1019.0,13.0,100,17.0,21.6,10.0,18.2,NE,Patchy rain possible,2.6000000000000014
2025-01-01 06:00,19.7,0.0,89,1016.0,7.2,100,17.8,21.7,10.0,10.3,NW,Overcast,1.8999999999999986
2024-06-01 07:00,26.0,0.0,88,1008.0,5.4,67,23.9,29.4,10.0,8.3,SW,Cloudy,2.1000000000000014
2024-08-22 09:00,32.4,0.0,55,1009.0,6.8,30,22.2,36.8,10.0,14.0,SSE,Partly cloudy,10.2
2024-09-30 16:00,29.4,0.38,80,1005.0,10.8,82,25.5,35.6,10.0,13.4,ESE,Patchy light rain with thunder,3.8999999999999986
2024-11-25 05:00,23.7,0.6,89,1013.0,3.6,100,21.7,25.9,10.0,6.0,NNE,Moderate rain at times,2.0
2024-08-07 00:00,26.0,0.0,88,1007.0,6.0,10,23.6,29.1,10.0,12.4,SW,Clear,2.3999999999999986
2024-07-04 07:00,26.1,0.0,88,1010.0,7.6,83,24.0,29.5,10.0,10.1,SSW,Cloudy,2.1000000000000014
2025-03-22 14:00,24.4,0.1,74,1017.0,10.1,76,18.4,26.1,10.0,18.7,ENE,Patchy rain possible,6.0
2024-12-22 12:00,22.0,0.0,68,1017.0,17.3,79,15.8,24.0,10.0,25.9,NNE,Cloudy,6.199999999999999
2024-12-16 04:00,19.3,0.1,91,1019.0,9.1,100,17.8,21.3,10.0,14.2,NNW,Patchy rain possible,1.5
2025-03-28 02:00,23.2,0.0,81,1004.0,4.6,21,19.8,25.2,10.0,6.2,S,Clear,3.3999999999999986
2025-03-27 17:00,27.8,0.0,78,1003.0,5.8,14,22.8,31.5,10.0,8.5,SE,Sunny,5.0
2024-06-25 05:00,25.4,0.0,81,1004.0,9.7,49,21.9,27.7,10.0,12.0,SW,Partly cloudy,3.5
2024-09-19 15:00,26.9,1.3,88,994.0,13.0,100,24.6,30.9,2.0,26.7,SSE,Heavy rain at times,2.299999999999997
2024-05-23 09:00,28.6,0.1,79,1009.0,3.2,100,24.3,33.3,10.0,11.5,SSE,Patchy rain possible,4.300000000000001
2025-02-21 17:00,22.0,0.3,93,1016.0,13.0,86,20.8,24.6,10.0,17.5,ENE,Patchy rain possible,1.1999999999999993
2024-08-12 00:00,26.1,0.0,87,1003.0,6.5,20,23.7,29.4,10.0,13.4,SW,Clear,2.400000000000002
2024-08-07 14:00,32.9,0.8,63,1005.0,10.5,72,23.1,38.3,10.0,25.6,ENE,Moderate rain at times,9.799999999999997
2024-12-09 04:00,22.4,1.2,87,1015.0,9.8,88,20.1,24.7,10.0,16.3,NE,Heavy rain at times,2.299999999999997
2024-06-02 15:00,31.0,0.0,70,1007.0,7.2,47,24.4,37.0,10.0,15.9,NE,Partly cloudy,6.600000000000001
2025-03-11 18:00,22.9,0.2,95,1013.0,7.9,56,22.1,25.4,2.0,11.7,E,Patchy rain possible,0.7999999999999972
2025-01-16 01:00,20.2,0.9,93,1021.0,14.7,100,19.0,22.2,9.0,26.1,NE,Moderate rain at times,1.1999999999999993
2024-10-08 12:00,28.0,1.2,75,1013.0,13.7,70,23.2,31.5,9.0,28.1,NNE,Heavy rain at times,4.800000000000001
2025-04-09 10:00,26.4,0.0,74,1013.0,10.1,12,21.4,28.7,10.0,11.6,ESE,Sunny,5.0
2024-07-27 21:00,27.8,0.0,76,1004.0,9.0,27,23.7,31.7,10.0,17.5,SW,Partly cloudy,4.100000000000001
2024-06-30 12:00,35.9,0.0,47,1005.0,10.5,19,22.8,42.1,10.0,22.1,SSW,Sunny,13.099999999999998
2024-09-15 19:00,26.6,0.0,84,1002.0,8.6,92,23.8,30.1,10.0,16.4,NNW,Overcast,2.8000000000000007
2025-04-16 19:00,23.7,0.0,93,1009.0,8.6,32,22.5,26.1,10.0,14.2,SSE,Partly cloudy,1.1999999999999993
2025-02-02 12:00,25.3,0.0,71,1010.0,11.9,0,19.6,27.0,10.0,14.1,ESE,Sunny,5.699999999999999
2024-12-30 16:00,22.4,0.9,85,1015.0,7.6,64,19.8,24.7,10.0,9.9,ENE,Moderate rain at times,2.599999999999998
2025-03-23 16:00,23.8,0.0,75,1014.0,13.3,3,19.1,25.6,10.0,19.7,E,Sunny,4.699999999999999
2025-03-14 22:00,22.8,0.0,95,1011.0,2.9,44,22.0,25.2,2.0,5.0,SE,Partly cloudy,0.8000000000000007
2025-01-29 18:00,19.1,0.0,84,1018.0,7.2,67,16.4,21.1,10.0,17.5,NNE,Cloudy,2.700000000000003
2024-10-27 07:00,21.3,21.4,81,991.0,30.4,91,18.0,23.3,10.0,58.6,SSW,Moderate or heavy rain shower,3.3000000000000007
2024-12-10 11:00,23.8,0.5,89,1013.0,13.3,100,21.9,26.0,10.0,21.2,ENE,Moderate rain at times,1.9000000000000021
2024-12-15 20:00,19.4,0.2,88,1022.0,13.6,100,17.5,21.4,10.0,20.7,NNE,Patchy rain possible,1.8999999999999986
2024-06-14 11:00,35.7,0.0,48,1003.0,6.1,8,23.1,42.3,10.0,14.2,SW,Sunny,12.600000000000001
2025-03-30 19:00,21.5,0.01,86,1014.0,13.3,100,19.1,23.5,10.0,19.2,WNW,Patchy rain possible,2.3999999999999986
2024-09-14 09:00,28.5,0.1,85,1004.0,6.1,99,24.7,33.4,10.0,15.2,W,Patchy rain possible,3.8000000000000007
2024-10-24 23:00,23.0,0.0,80,1010.0,9.4,2,19.3,25.1,10.0,15.7,WNW,Clear,3.6999999999999993
2025-03-03 03:00,22.0,0.0,94,1007.0,6.1,21,20.9,24.0,10.0,7.2,SSE,Clear,1.1000000000000014
2024-11-25 04:00,23.8,0.5,89,1013.0,3.6,100,21.8,26.0,10.0,6.1,NE,Moderate rain at times,2.0
2024-06-19 19:00,29.8,0.0,80,1003.0,8.3,74,24.5,35.3,10.0,14.8,SSE,Cloudy,5.300000000000001
2025-04-03 15:00,24.1,0.0,86,1015.0,7.6,81,19.8,26.2,10.0,14.1,NE,Cloudy,4.300000000000001
2024-12-19 23:00,20.6,0.3,84,1018.0,7.5,97,17.7,22.6,10.0,12.5,NE,Patchy rain possible,2.900000000000002
2024-07-18 09:00,28.7,0.0,72,1005.0,5.4,47,23.1,32.5,10.0,6.3,WSW,Partly cloudy,5.599999999999998
2025-03-15 10:00,28.3,0.0,73,1011.0,11.5,5,23.0,31.8,10.0,14.8,SE,Sunny,5.300000000000001
2025-05-14 13:00,29.0,0.1,84,1010.0,4.7,54,24.8,35.5,10.0,19.2,N,Patchy rain possible,4.199999999999999
2024-09-12 15:00,29.7,0.8,75,1005.0,12.2,72,24.8,35.4,5.0,22.5,NNE,Moderate rain at times,4.899999999999999
2024-10-08 18:00,25.6,2.4,84,1012.0,12.6,75,22.6,28.2,9.0,20.8,N,Moderate or heavy rain shower,3.0
2025-04-23 13:00,33.7,0.0,66,1006.0,6.1,18,23.5,43.6,10.0,26.0,E,Sunny,10.200000000000003
2024-10-19 08:00,26.3,0.0,84,1013.0,4.3,12,23.4,29.4,10.0,5.3,SSW,Sunny,2.900000000000002
2025-05-02 04:00,23.4,0.0,90,1011.0,6.5,16,21.7,25.6,10.0,11.3,W,Clear,1.6999999999999993
2025-01-13 05:00,16.0,0.0,82,1021.0,5.8,73,12.9,18.0,10.0,9.2,WNW,Cloudy,3.0999999999999996
2024-10-10 16:00,27.5,0.1,80,1010.0,11.9,79,23.7,31.2,9.0,22.7,NNE,Patchy rain possible,3.8000000000000007
2024-07-14 08:00,26.3,2.3,88,1004.0,10.8,55,24.1,29.8,10.0,14.3,NNE,Moderate or heavy rain shower,2.1999999999999993
2025-02-04 22:00,18.6,0.1,91,1018.0,7.2,100,17.2,20.6,10.0,10.3,NW,Patchy rain possible,1.4000000000000021
2024-12-31 20:00,20.3,0.18,87,1018.0,9.4,100,18.1,22.3,10.0,13.2,N,Light rain shower,2.1999999999999993
2024-11-12 23:00,24.2,0.6,88,1011.0,6.8,100,22.1,26.5,10.0,11.1,NW,Moderate rain at times,2.099999999999998
2024-12-13 14:00,23.4,2.3,94,1012.0,16.9,100,22.3,25.8,9.0,30.5,ENE,Moderate or heavy rain shower,1.0999999999999979
2024-08-08 04:00,25.1,0.0,87,1006.0,7.6,12,22.8,27.7,10.0,9.3,SW,Clear,2.3000000000000007
2025-02-10 04:00,18.9,0.1,86,1017.0,9.7,100,16.6,20.9,10.0,14.7,NNE,Patchy rain possible,2.299999999999997
2025-05-17 13:00,31.3,0.0,72,1008.0,17.3,88,24.8,38.7,9.0,33.2,E,Overcast,6.5
2024-08-18 17:00,31.4,0.0,72,1005.0,10.4,87,24.8,38.0,10.0,19.1,E,Overcast,6.599999999999998
2024-05-28 13:00,33.9,0.0,58,1001.0,11.6,20,24.6,41.4,10.0,21.8,NE,Sunny,9.299999999999997
2024-12-18 13:00,21.7,1.0,89,1016.0,18.4,100,19.8,23.7,10.0,28.9,NNE,Heavy rain at times,1.8999999999999986
2024-06-30 16:00,32.4,0.0,63,1003.0,15.1,17,24.5,39.0,10.0,18.4,ESE,Sunny,7.899999999999999
2024-06-26 07:00,26.2,0.0,84,1007.0,5.8,24,23.2,29.2,10.0,8.1,SW,Sunny,3.0
2025-04-03 16:00,23.2,0.0,85,1014.0,7.9,72,20.5,25.3,10.0,14.8,NE,Cloudy,2.6999999999999993
2024-07-25 19:00,29.9,0.0,66,998.0,8.2,100,23.7,34.6,10.0,14.3,SW,Overcast,6.199999999999999
2024-07-12 14:00,32.7,0.1,67,1000.0,11.7,82,24.2,39.2,10.0,27.8,NNE,Patchy rain possible,8.500000000000004
2024-06-13 00:00,26.9,0.0,79,1006.0,8.3,12,23.0,30.0,10.0,10.3,SW,Clear,3.8999999999999986
2025-02-19 02:00,21.1,0.4,89,1017.0,1.4,85,19.2,23.1,10.0,2.2,E,Patchy rain possible,1.9000000000000021
2024-09-28 00:00,25.2,0.0,91,1010.0,5.8,22,23.6,28.1,10.0,9.5,SSW,Clear,1.5999999999999979
2025-02-22 19:00,21.6,0.8,95,1018.0,12.2,100,20.8,23.6,2.0,17.5,ENE,Moderate rain at times,0.8000000000000007
2024-10-24 13:00,27.1,0.0,72,1009.0,19.8,77,21.6,29.5,10.0,33.7,NNW,Cloudy,5.5
2024-12-11 01:00,23.4,0.1,91,1011.0,9.7,100,21.9,25.7,10.0,14.9,ENE,Patchy rain possible,1.5
2024-12-06 20:00,22.8,0.2,90,1014.0,5.0,100,21.1,25.0,2.0,8.3,ENE,Patchy rain possible,1.6999999999999993
2024-11-16 20:00,24.2,0.0,86,1011.0,2.5,4,21.7,26.3,10.0,4.2,S,Clear,2.5
2025-05-18 11:00,32.3,0.0,65,1009.0,12.5,13,24.3,39.3,10.0,20.3,ESE,Sunny,7.9999999999999964
2024-11-13 10:00,26.2,0.2,82,1012.0,2.2,65,22.8,29.0,10.0,10.5,ENE,Patchy rain possible,3.3999999999999986
2024-12-29 21:00,21.2,0.2,87,1019.0,7.9,100,19.0,23.2,10.0,11.5,ENE,Patchy rain possible,2.1999999999999993
2024-09-21 19:00,26.9,2.2,88,1003.0,11.5,91,24.6,31.0,10.0,18.1,WNW,Moderate or heavy rain shower,2.299999999999997
2025-02-21 12:00,23.8,0.7,89,1018.0,11.9,94,20.7,26.1,10.0,23.3,ENE,Moderate rain at times,3.1000000000000014
2024-08-06 10:00,33.0,0.0,58,1007.0,8.6,14,22.4,37.9,10.0,9.9,NE,Sunny,10.600000000000001
2024-10-15 06:00,24.1,0.0,90,1011.0,7.2,79,22.5,26.5,10.0,11.4,W,Cloudy,1.6000000000000014
2025-03-28 03:00,23.1,0.0,81,1004.0,4.4,20,19.7,25.2,10.0,6.0,S,Clear,3.400000000000002
2024-09-30 21:00,26.5,0.09,91,1008.0,7.9,77,24.9,30.7,10.0,14.0,SE,Patchy rain possible,1.6000000000000014
2024-07-17 04:00,25.2,0.0,88,1003.0,6.1,41,23.0,27.9,10.0,10.7,W,Partly cloudy,2.1999999999999993
2024-11-18 16:00,25.2,0.2,86,1011.0,15.1,75,22.6,27.8,10.0,24.0,NE,Patchy rain possible,2.599999999999998
2025-03-31 06:00,20.7,0.01,87,1015.0,10.1,100,18.5,22.7,10.0,14.9,WNW,Patchy rain possible,2.1999999999999993
2025-05-04 11:00,33.0,0.0,63,1007.0,12.6,12,23.1,40.5,10.0,20.3,E,Sunny,9.899999999999999
2025-01-08 21:00,20.6,0.2,90,1016.0,5.0,63,18.8,22.6,10.0,8.3,S,Patchy rain possible,1.8000000000000007
2025-02-04 04:00,20.0,3.3,93,1017.0,12.7,100,18.8,22.0,10.0,19.7,NE,Moderate or heavy rain shower,1.1999999999999993
2024-07-26 04:00,28.5,0.0,67,998.0,8.3,87,21.6,31.3,10.0,14.6,SW,Overcast,6.899999999999999
2024-09-11 17:00,28.4,0.0,77,1006.0,9.7,31,24.1,32.8,10.0,20.8,SSE,Partly cloudy,4.299999999999997
2025-05-18 15:00,30.5,0.0,73,1006.0,17.3,70,25.2,36.9,10.0,24.4,E,Cloudy,5.300000000000001
2025-02-10 01:00,18.2,0.0,84,1018.0,9.7,79,16.4,20.2,10.0,15.0,NNE,Cloudy,1.8000000000000007
2024-07-11 15:00,30.4,7.4,69,1003.0,10.0,71,24.1,35.8,10.0,18.5,NE,Moderate or heavy rain shower,6.299999999999997
2024-12-29 13:00,22.0,0.3,84,1018.0,15.1,90,19.1,24.0,10.0,22.5,NE,Patchy rain possible,2.8999999999999986
2024-07-26 06:00,28.0,0.0,68,999.0,9.6,36,21.7,30.8,10.0,17.1,SW,Partly cloudy,6.300000000000001
2025-03-13 00:00,22.7,0.1,96,1010.0,7.0,88,22.0,25.1,2.0,12.9,S,Patchy rain possible,0.6999999999999993
2024-09-05 19:00,29.6,0.0,83,1001.0,10.8,83,24.2,34.8,10.0,20.8,NW,Cloudy,5.400000000000002
2024-07-01 17:00,32.9,0.0,70,1003.0,10.1,44,23.3,38.9,9.0,12.9,ESE,Partly cloudy,9.599999999999998
2025-03-20 17:00,21.2,0.0,76,1020.0,13.0,75,16.8,23.2,10.0,22.7,NNE,Cloudy,4.399999999999999
2025-02-27 11:00,23.0,0.2,84,1018.0,8.6,68,20.2,25.1,10.0,10.3,NE,Patchy rain possible,2.8000000000000007
2024-12-10 22:00,23.2,0.6,91,1013.0,10.1,100,21.7,25.5,10.0,11.9,E,Moderate rain at times,1.5
2025-03-02 09:00,24.9,0.0,81,1012.0,10.4,15,21.5,27.0,10.0,12.8,SSE,Sunny,3.3999999999999986
2025-04-21 18:00,27.3,0.0,86,1009.0,4.0,85,23.3,31.7,9.0,11.6,SE,Overcast,4.0
2024-11-19 10:00,25.2,3.2,85,1015.0,14.1,99,22.4,27.6,10.0,30.2,ENE,Moderate or heavy rain shower,2.8000000000000007
2024-12-31 06:00,20.6,0.4,94,1017.0,8.9,100,19.6,22.6,10.0,14.0,N,Patchy rain possible,1.0
2025-03-24 10:00,23.5,0.0,74,1016.0,7.6,2,18.7,25.4,10.0,12.5,ESE,Sunny,4.800000000000001
2024-12-06 01:00,22.4,0.2,88,1013.0,2.2,100,20.4,24.8,10.0,3.5,NW,Patchy rain possible,2.0
2025-02-19 13:00,23.2,0.8,91,1016.0,11.2,100,20.0,25.4,10.0,26.9,ESE,Moderate rain at times,3.1999999999999993
2024-12-30 01:00,20.2,0.2,89,1018.0,2.5,100,18.3,22.2,10.0,3.8,ESE,Patchy rain possible,1.8999999999999986
2024-12-24 01:00,19.7,0.2,90,1016.0,9.6,100,18.1,21.7,10.0,14.5,N,Patchy rain possible,1.5999999999999979
2025-04-15 12:00,26.0,0.0,69,1013.0,11.9,10,18.0,27.8,10.0,19.8,NE,Sunny,8.0
2024-08-20 20:00,27.3,0.0,91,1008.0,10.1,81,24.1,31.2,10.0,16.1,S,Cloudy,3.1999999999999993
2024-07-06 06:00,25.0,0.0,87,1006.0,8.3,14,22.7,27.6,10.0,10.8,SW,Sunny,2.3000000000000007
2024-07-10 15:00,32.3,0.0,71,1004.0,13.0,47,22.9,37.7,10.0,25.3,NE,Partly cloudy,9.399999999999999
2024-10-21 12:00,25.9,0.5,90,1013.0,6.8,94,24.1,29.3,10.0,13.5,NNE,Moderate rain at times,1.7999999999999972
2025-04-06 19:00,23.6,0.0,88,1014.0,5.4,82,21.6,25.8,10.0,9.0,E,Cloudy,2.0
2025-01-10 20:00,19.6,0.1,87,1023.0,10.6,52,17.3,21.6,10.0,20.7,NE,Patchy rain possible,2.3000000000000007
2025-03-18 16:00,20.9,0.4,91,1018.0,19.4,100,19.5,22.9,10.0,25.7,NNE,Patchy rain possible,1.3999999999999986
2024-11-26 03:00,23.1,0.4,89,1013.0,5.0,88,21.1,25.3,10.0,8.5,NW,Patchy rain possible,2.0
2025-03-21 18:00,20.7,0.0,75,1020.0,7.1,29,16.2,22.7,10.0,17.2,ENE,Partly cloudy,4.5
2024-12-16 12:00,19.9,0.0,90,1020.0,15.5,100,18.3,21.9,10.0,24.0,N,Overcast,1.5999999999999979
2025-05-21 05:00,24.2,0.0,87,1006.0,5.3,16,22.0,26.5,10.0,13.3,SSW,Clear,2.1999999999999993
2024-12-15 02:00,20.6,1.5,94,1019.0,20.4,100,19.6,22.6,7.0,34.1,NNE,Moderate or heavy rain shower,1.0
2024-09-15 22:00,25.4,0.0,86,1004.0,7.6,85,23.0,28.1,10.0,14.4,W,Cloudy,2.3999999999999986
2024-06-21 21:00,27.6,0.4,87,1005.0,9.7,71,25.3,32.6,10.0,15.8,SSE,Patchy rain possible,2.3000000000000007
2024-09-04 06:00,24.8,0.0,88,1005.0,5.2,22,22.7,27.3,10.0,10.8,WSW,Sunny,2.1000000000000014
2024-11-20 16:00,24.4,0.0,87,1011.0,17.3,50,22.1,26.7,10.0,27.3,NNW,Partly cloudy,2.299999999999997
2024-11-12 19:00,24.2,7.6,89,1011.0,7.6,100,22.3,26.6,10.0,12.7,N,Moderate or heavy rain shower,1.8999999999999986
2025-04-24 18:00,29.3,0.0,89,1007.0,10.7,71,23.3,37.5,10.0,22.9,SSE,Cloudy,6.0
2025-05-14 02:00,24.8,0.0,89,1008.0,5.8,43,22.9,27.4,10.0,9.3,SW,Partly cloudy,1.9000000000000021
2024-06-08 11:00,33.1,0.0,56,1005.0,8.6,26,23.0,38.5,10.0,16.3,NE,Partly cloudy,10.100000000000001
2025-03-18 10:00,21.3,0.2,93,1020.0,16.9,100,20.2,23.3,10.0,22.6,NNE,Patchy rain possible,1.1000000000000014
2025-05-16 09:00,28.5,0.0,72,1011.0,7.9,14,22.9,32.0,10.0,9.5,S,Sunny,5.600000000000001
2024-11-26 04:00,23.2,0.3,88,1013.0,5.0,86,21.1,25.4,10.0,8.4,NNW,Patchy rain possible,2.099999999999998
2024-07-18 21:00,26.1,1.0,86,1006.0,4.0,67,23.6,29.3,10.0,7.1,SSW,Heavy rain at times,2.5
2025-05-05 08:00,29.1,0.0,67,1008.0,7.9,41,22.4,32.6,10.0,14.1,S,Partly cloudy,6.700000000000003
2025-01-24 13:00,24.3,0.0,70,1010.0,13.7,0,18.6,26.0,10.0,20.5,ESE,Sunny,5.699999999999999
2024-12-16 00:00,19.8,0.0,90,1020.0,10.1,100,18.2,21.8,10.0,14.4,N,Overcast,1.6000000000000014
2024-09-21 10:00,29.1,0.0,73,1005.0,2.2,28,23.7,33.5,10.0,11.2,SW,Partly cloudy,5.400000000000002
2025-01-13 04:00,15.9,0.0,81,1020.0,6.1,76,12.7,17.9,10.0,9.9,WNW,Cloudy,3.200000000000001
2024-10-26 22:00,20.7,7.0,84,1001.0,24.8,56,17.7,22.7,5.0,43.5,SW,Moderate or heavy rain shower,3.0
2024-10-13 08:00,26.6,0.2,77,1014.0,4.3,83,22.4,29.3,10.0,5.3,W,Patchy rain possible,4.200000000000003
2025-03-25 13:00,26.1,0.0,63,1008.0,15.8,3,18.6,27.5,10.0,22.6,ESE,Sunny,7.5
2025-03-02 14:00,26.9,0.0,77,1007.0,15.8,9,22.4,29.7,10.0,25.5,ESE,Sunny,4.5
2024-08-20 07:00,27.9,0.0,76,1006.0,8.6,48,23.2,31.5,10.0,13.2,WSW,Partly cloudy,4.699999999999999
2024-12-21 16:00,20.9,0.1,80,1015.0,14.8,96,17.3,22.9,10.0,21.2,NE,Patchy rain possible,3.599999999999998
2024-12-20 09:00,20.7,0.2,82,1019.0,9.9,100,17.5,22.7,10.0,19.1,ENE,Patchy rain possible,3.1999999999999993
2024-07-27 11:00,33.4,0.0,61,1002.0,15.0,29,23.5,39.5,10.0,24.3,SW,Partly cloudy,9.899999999999999
2024-11-08 23:00,23.2,0.0,82,1017.0,9.7,53,19.9,25.3,10.0,15.6,NNE,Partly cloudy,3.3000000000000007
2024-07-08 18:00,26.7,3.12,88,1006.0,13.7,67,24.6,30.7,7.0,34.0,SSW,Moderate or heavy rain shower,2.099999999999998
2024-09-16 02:00,25.3,0.0,87,1003.0,7.2,82,23.0,28.0,10.0,12.9,W,Cloudy,2.3000000000000007
2024-09-23 15:00,26.4,0.8,94,1006.0,7.9,78,24.6,30.4,9.0,10.5,WNW,Moderate rain at times,1.7999999999999972
2024-09-04 08:00,29.6,0.0,73,1006.0,6.5,16,23.0,33.7,10.0,7.9,WSW,Sunny,6.600000000000001
2025-01-27 12:00,18.2,0.5,83,1019.0,6.8,100,15.3,20.2,10.0,17.6,NW,Moderate rain at times,2.8999999999999986
2025-03-17 12:00,22.8,0.1,82,1017.0,9.7,100,18.4,24.9,10.0,16.9,NW,Patchy rain possible,4.400000000000002
2024-06-22 08:00,29.4,0.0,72,1004.0,5.8,74,23.8,34.0,9.0,11.0,SSE,Cloudy,5.599999999999998
2025-04-04 03:00,19.5,0.0,92,1013.0,7.2,48,18.3,21.5,10.0,11.8,SW,Partly cloudy,1.1999999999999993
2025-04-02 07:00,21.0,0.0,85,1017.0,4.7,100,18.3,23.0,10.0,6.4,NW,Overcast,2.6999999999999993
2024-06-09 04:00,25.6,0.0,88,1003.0,6.4,22,23.4,28.5,10.0,12.2,SW,Clear,2.200000000000003
2025-01-17 09:00,20.3,0.1,84,1021.0,15.5,100,17.6,22.3,10.0,20.7,ENE,Patchy rain possible,2.6999999999999993
2025-04-07 12:00,27.6,0.1,66,1015.0,10.8,72,20.6,29.7,10.0,17.7,E,Patchy rain possible,7.0
2024-06-26 09:00,29.5,0.0,67,1008.0,2.9,70,22.7,33.3,10.0,9.8,SW,Cloudy,6.800000000000001
2024-10-06 03:00,24.1,0.0,89,1011.0,7.9,69,22.2,26.4,10.0,12.4,WNW,Cloudy,1.9000000000000021
2024-11-04 14:00,26.1,0.1,86,1011.0,14.4,78,23.6,29.2,9.0,22.1,N,Patchy rain possible,2.5
2025-05-04 02:00,24.4,0.0,91,1006.0,5.1,19,22.7,26.9,10.0,6.5,SSW,Clear,1.6999999999999993
2024-06-09 09:00,31.6,0.0,62,1005.0,7.6,15,23.3,36.6,10.0,14.5,SSW,Sunny,8.3
2025-02-28 04:00,19.7,0.0,94,1013.0,6.1,59,18.8,21.7,2.0,9.9,S,Partly cloudy,0.8999999999999986
2024-08-17 18:00,28.7,5.6,94,1007.0,7.2,58,24.4,33.9,6.0,13.5,WSW,Moderate or heavy rain shower,4.300000000000001
2024-10-10 13:00,28.4,0.1,69,1011.0,10.1,71,22.1,31.4,10.0,21.1,NE,Patchy rain possible,6.299999999999997
2025-01-16 14:00,20.6,0.0,84,1019.0,18.4,98,17.8,22.6,10.0,30.1,NE,Overcast,2.8000000000000007
2024-11-10 03:00,20.6,0.0,80,1013.0,9.0,20,17.0,22.6,10.0,15.3,WNW,Clear,3.6000000000000014
2024-11-21 12:00,24.4,1.27,90,1014.0,16.2,100,22.7,26.9,10.0,34.9,ENE,Heavy rain at times,1.6999999999999993
2025-04-09 19:00,23.5,0.0,92,1010.0,6.1,79,22.1,25.8,2.0,9.9,SE,Cloudy,1.3999999999999986
2024-07-06 10:00,32.2,0.1,57,1006.0,8.3,77,22.7,37.1,10.0,13.8,ESE,Patchy rain possible,9.500000000000004
2024-11-02 01:00,21.7,0.0,86,1011.0,8.7,8,19.9,23.7,10.0,15.7,WNW,Clear,1.8000000000000007
2025-01-08 16:00,22.9,0.2,80,1013.0,12.2,74,19.3,25.0,10.0,15.1,ENE,Patchy rain possible,3.599999999999998
2025-04-21 10:00,30.7,0.0,68,1010.0,14.0,23,24.2,36.2,10.0,17.6,ESE,Sunny,6.5
2025-01-02 11:00,21.3,0.0,87,1016.0,10.1,100,19.0,23.3,10.0,12.9,NNW,Overcast,2.3000000000000007
2025-01-16 20:00,20.4,0.3,84,1021.0,11.9,100,17.6,22.4,10.0,19.0,NE,Patchy rain possible,2.799999999999997
2024-09-14 02:00,24.9,0.0,91,1003.0,8.3,78,23.3,27.7,10.0,9.8,WSW,Cloudy,1.5999999999999979
2024-12-19 12:00,21.2,0.9,86,1018.0,19.4,100,18.8,23.2,10.0,28.9,NE,Moderate rain at times,2.3999999999999986
2024-11-05 16:00,24.3,3.63,90,1013.0,15.4,100,22.6,26.8,7.0,33.6,NE,Moderate or heavy rain shower,1.6999999999999993
2024-09-01 03:00,25.4,0.0,87,1006.0,7.6,13,23.1,28.2,10.0,8.7,SW,Clear,2.299999999999997
2025-03-03 17:00,26.7,0.0,89,1005.0,10.4,32,23.7,30.8,10.0,18.4,SE,Partly cloudy,3.0
2024-08-01 07:00,27.0,0.0,76,1009.0,5.8,29,22.3,29.8,10.0,9.1,WSW,Partly cloudy,4.699999999999999
2024-06-27 11:00,30.0,0.0,72,1009.0,13.3,89,24.4,35.4,5.0,19.9,E,Overcast,5.600000000000001
2025-02-09 15:00,19.8,0.2,84,1017.0,17.3,97,17.0,21.8,10.0,23.1,NE,Patchy rain possible,2.8000000000000007
2025-01-22 22:00,17.4,0.0,85,1015.0,6.5,0,14.9,19.4,10.0,12.3,WSW,Clear,2.4999999999999982
2024-09-18 07:00,24.1,9.7,92,1002.0,10.4,59,22.8,26.6,10.0,23.1,WSW,Moderate or heavy rain shower,1.3000000000000007
2024-12-01 03:00,21.1,0.0,86,1012.0,5.0,56,18.7,23.1,10.0,7.8,WSW,Partly cloudy,2.400000000000002
2024-09-03 17:00,29.2,1.1,76,1004.0,10.0,76,24.6,34.5,5.0,23.9,NNE,Heavy rain at times,4.599999999999998
2025-03-06 17:00,24.8,2.1,88,1011.0,12.6,71,22.7,27.3,10.0,20.2,NE,Moderate or heavy rain shower,2.1000000000000014
2025-03-26 22:00,22.2,0.0,83,1006.0,5.8,23,19.2,24.6,10.0,6.8,S,Clear,3.0
2024-09-18 17:00,27.1,1.2,82,1000.0,8.6,59,23.9,30.8,10.0,13.6,NW,Heavy rain at times,3.200000000000003
2025-02-24 17:00,20.7,2.1,93,1021.0,20.2,100,19.5,22.7,9.0,27.0,NE,Moderate or heavy rain shower,1.1999999999999993
2025-01-23 01:00,17.3,0.0,84,1014.0,7.2,0,14.6,19.3,10.0,13.1,WSW,Clear,2.700000000000001
2024-11-24 12:00,24.9,1.43,89,1014.0,14.8,90,23.0,27.5,7.0,35.0,ENE,Heavy rain at times,1.8999999999999986
2025-03-28 05:00,22.9,0.0,82,1005.0,7.9,23,19.8,25.1,10.0,9.9,S,Clear,3.099999999999998
2025-02-17 04:00,21.3,0.3,92,1015.0,5.4,68,19.9,23.3,10.0,10.2,ESE,Patchy rain possible,1.4000000000000021
2024-09-03 07:00,26.4,0.0,85,1008.0,6.1,20,23.7,29.7,10.0,9.0,WSW,Sunny,2.6999999999999993
2025-02-22 17:00,21.9,0.8,94,1017.0,11.9,100,20.9,23.9,2.0,16.2,ENE,Moderate rain at times,1.0
2024-08-20 05:00,26.0,0.0,82,1005.0,9.0,46,22.7,28.7,10.0,12.8,WSW,Partly cloudy,3.3000000000000007
2024-12-25 04:00,19.7,0.1,89,1015.0,9.7,100,17.8,21.7,10.0,16.7,NW,Patchy rain possible,1.8999999999999986
2024-09-14 08:00,27.5,0.0,87,1004.0,7.2,100,24.5,31.8,10.0,11.3,W,Overcast,3.0
2025-03-21 05:00,19.4,0.0,79,1021.0,7.2,100,15.6,21.4,10.0,11.0,NNW,Overcast,3.799999999999999
2024-10-16 02:00,24.2,0.3,89,1011.0,7.2,86,22.2,26.6,10.0,12.4,W,Patchy rain possible,2.0
2024-07-31 23:00,25.7,0.0,88,1008.0,9.0,21,23.5,28.7,10.0,17.7,SW,Clear,2.1999999999999993
2024-11-16 01:00,23.0,0.0,87,1010.0,6.8,10,20.8,25.2,10.0,7.9,SSW,Clear,2.1999999999999993
2024-10-01 03:00,25.3,0.0,90,1005.0,7.2,89,23.5,28.2,10.0,8.8,SW,Overcast,1.8000000000000007
2025-04-26 18:00,26.6,0.0,89,1010.0,7.9,15,23.9,30.5,10.0,16.7,SE,Sunny,2.700000000000003
2025-03-10 20:00,21.9,2.3,97,1018.0,4.3,100,21.5,23.9,2.0,6.2,NNW,Moderate or heavy rain shower,0.3999999999999986
2024-06-16 04:00,25.6,0.0,78,1003.0,6.8,6,21.5,27.8,10.0,14.2,SW,Clear,4.100000000000001
2024-11-08 14:00,24.9,0.0,75,1014.0,14.8,68,20.3,26.8,10.0,22.8,NE,Cloudy,4.599999999999998
2024-10-09 07:00,24.6,0.2,87,1013.0,6.8,91,22.4,27.0,10.0,12.0,NW,Patchy rain possible,2.200000000000003
2025-03-27 12:00,33.3,0.0,55,1003.0,9.4,5,22.8,38.8,10.0,16.4,ESE,Sunny,10.499999999999996
2024-10-23 00:00,24.5,0.3,87,1013.0,6.5,72,22.2,26.8,9.0,12.5,ENE,Patchy rain possible,2.3000000000000007
2024-06-15 07:00,29.6,0.0,68,1004.0,8.6,11,23.1,33.8,10.0,12.8,SW,Sunny,6.5
2024-12-27 05:00,21.5,0.8,97,1017.0,11.9,100,20.9,23.5,9.0,21.9,NNW,Moderate rain at times,0.6000000000000014
2025-04-13 05:00,22.9,2.6,90,1014.0,10.1,52,22.1,25.2,10.0,16.8,NW,Moderate or heavy rain shower,0.7999999999999972
2024-06-13 08:00,31.1,0.0,62,1007.0,8.6,20,23.1,35.8,10.0,10.7,WSW,Sunny,8.0
2024-07-07 01:00,25.2,0.0,91,1006.0,6.8,22,23.6,28.1,10.0,11.4,S,Clear,1.5999999999999979
2024-07-31 08:00,28.3,0.0,73,1007.0,7.2,21,23.0,31.9,10.0,9.9,WSW,Sunny,5.300000000000001
2024-08-11 11:00,36.1,0.0,52,1003.0,5.8,16,23.1,42.9,10.0,14.7,WNW,Sunny,13.0
2025-05-10 13:00,32.5,0.0,66,1006.0,12.4,9,23.4,40.0,10.0,22.3,ENE,Sunny,9.100000000000001
2024-07-09 22:00,26.0,0.0,83,1008.0,10.1,46,22.8,28.8,10.0,14.0,SW,Partly cloudy,3.1999999999999993
2024-09-18 06:00,24.1,6.6,93,1001.0,11.5,66,22.9,26.6,10.0,18.1,WSW,Moderate or heavy rain shower,1.2000000000000028
2025-01-25 21:00,21.7,0.0,91,1014.0,8.3,60,20.1,23.7,10.0,13.5,ESE,Cloudy,1.5999999999999979
2025-05-04 04:00,24.2,0.0,86,1006.0,5.4,18,21.7,26.4,10.0,10.7,SSW,Clear,2.5
2024-12-24 17:00,19.4,0.1,91,1016.0,12.6,100,17.9,21.4,10.0,18.0,NNW,Patchy rain possible,1.5
2024-06-26 14:00,30.1,0.2,71,1006.0,15.5,82,24.3,35.5,9.0,21.8,ENE,Patchy rain possible,5.800000000000001
2025-05-04 07:00,26.7,0.0,72,1008.0,8.3,14,21.1,28.9,10.0,11.3,SSW,Sunny,5.599999999999998
2024-12-07 00:00,23.1,0.0,89,1014.0,5.1,100,21.1,25.3,10.0,8.3,ENE,Overcast,2.0
2025-05-12 15:00,28.0,0.0,75,1007.0,17.3,69,22.1,31.6,10.0,38.2,N,Cloudy,5.899999999999999
2024-06-18 11:00,35.7,0.2,52,1004.0,3.6,74,22.6,41.8,10.0,12.9,NNW,Patchy rain possible,13.100000000000001
2024-11-25 01:00,23.9,0.4,88,1013.0,2.5,100,21.8,26.1,10.0,9.1,N,Patchy rain possible,2.099999999999998
2025-03-02 07:00,21.4,0.0,92,1011.0,9.0,19,20.1,23.4,10.0,15.0,S,Sunny,1.2999999999999972
2025-04-20 19:00,26.2,0.0,86,1009.0,6.8,14,23.3,29.5,10.0,12.5,SE,Clear,2.8999999999999986
2025-03-13 23:00,23.5,0.1,96,1012.0,4.0,96,22.9,26.0,2.0,6.2,SE,Patchy rain possible,0.6000000000000014
2025-03-09 06:00,20.1,0.0,91,1017.0,5.4,100,18.5,22.1,10.0,8.1,NW,Overcast,1.6000000000000014
2024-11-11 14:00,26.4,0.0,77,1010.0,19.8,30,22.1,29.0,10.0,32.2,NW,Partly cloudy,4.299999999999997
2025-03-11 19:00,22.6,0.1,96,1014.0,6.5,65,21.9,25.1,2.0,9.9,ESE,Patchy rain possible,0.7000000000000028
2024-06-28 12:00,31.5,0.0,64,1007.0,12.3,74,24.0,37.3,10.0,20.5,E,Cloudy,7.5
2024-12-11 21:00,22.9,1.3,94,1013.0,11.4,100,21.9,25.3,9.0,17.8,NNE,Heavy rain at times,1.0
2024-12-30 11:00,22.6,0.2,82,1018.0,6.8,77,19.4,24.8,10.0,12.5,NE,Patchy rain possible,3.200000000000003
2024-12-26 14:00,21.7,0.2,93,1016.0,9.7,100,20.5,23.7,2.0,13.0,NW,Patchy rain possible,1.1999999999999993
2024-05-23 04:00,25.0,0.0,91,1007.0,4.7,80,23.3,27.8,10.0,7.5,WSW,Cloudy,1.6999999999999993
2024-09-27 03:00,24.2,0.0,90,1010.0,5.4,16,22.6,26.7,10.0,9.1,SW,Clear,1.5999999999999979
2025-01-15 03:00,19.9,0.1,90,1017.0,11.2,100,18.2,21.9,10.0,12.8,WNW,Patchy rain possible,1.6999999999999993
2024-09-30 04:00,25.2,0.0,91,1007.0,7.9,39,23.6,28.2,10.0,10.1,SSW,Partly cloudy,1.5999999999999979
2024-09-03 19:00,26.8,1.51,85,1006.0,8.6,78,24.1,30.6,7.0,20.8,NNE,Moderate or heavy rain shower,2.6999999999999993
2024-10-30 14:00,27.1,1.32,82,1006.0,11.2,73,23.8,30.7,10.0,15.1,NNW,Light rain shower,3.3000000000000007
2024-12-08 01:00,22.8,0.2,87,1015.0,10.5,59,20.5,25.0,10.0,17.6,NE,Patchy rain possible,2.3000000000000007
2025-03-31 21:00,20.6,0.03,84,1016.0,14.0,100,17.7,22.6,10.0,20.2,WNW,Patchy rain possible,2.900000000000002
2025-02-16 01:00,21.0,0.2,94,1012.0,4.3,87,20.0,23.0,10.0,7.6,SSW,Patchy rain possible,1.0
2025-02-09 05:00,19.4,0.0,85,1018.0,16.8,100,16.8,21.4,10.0,28.5,NE,Overcast,2.599999999999998
2024-07-09 20:00,26.9,0.0,82,1007.0,8.3,44,23.5,30.3,10.0,15.5,SSW,Partly cloudy,3.3999999999999986
2024-06-15 22:00,26.6,0.0,90,1007.0,10.1,81,23.9,30.2,9.0,12.3,W,Cloudy,2.700000000000003
2024-10-27 01:00,21.2,7.0,83,999.0,20.5,74,18.2,23.2,10.0,40.4,SSW,Moderate or heavy rain shower,3.0
2024-11-11 18:00,24.2,0.0,85,1011.0,17.3,74,21.6,26.4,10.0,25.0,NW,Cloudy,2.599999999999998
2024-06-27 13:00,30.7,0.0,77,1007.0,14.0,53,24.7,36.9,10.0,21.1,ESE,Partly cloudy,6.0
2025-01-24 15:00,23.7,0.0,74,1008.0,15.5,0,18.8,25.6,10.0,22.6,ESE,Sunny,4.899999999999999
2025-02-22 14:00,22.0,1.0,93,1017.0,10.1,100,20.8,24.0,10.0,25.7,ENE,Heavy rain at times,1.1999999999999993
2025-01-28 02:00,16.6,0.0,89,1019.0,7.9,100,14.8,18.6,2.0,11.1,NW,Overcast,1.8000000000000007
2024-11-26 07:00,24.1,1.0,88,1015.0,6.1,100,22.0,26.3,10.0,8.9,NE,Heavy rain at times,2.1000000000000014
2025-04-28 13:00,31.1,0.0,66,1009.0,18.4,4,22.8,35.8,10.0,27.5,E,Sunny,8.3
2025-02-24 07:00,21.0,0.4,94,1022.0,23.8,100,20.0,23.0,9.0,32.0,NE,Patchy rain possible,1.0
2024-08-29 16:00,32.0,0.0,66,1003.0,8.7,74,23.0,37.3,10.0,20.9,ENE,Cloudy,9.0
2024-12-08 04:00,22.9,0.1,86,1015.0,9.9,71,20.5,25.1,9.0,15.6,NNE,Patchy rain possible,2.3999999999999986
2025-04-21 00:00,23.8,0.0,87,1009.0,4.7,20,21.5,25.9,10.0,5.9,SSW,Clear,2.3000000000000007
2024-09-22 22:00,24.1,2.8,94,1006.0,9.0,75,23.0,26.6,10.0,13.9,SSW,Moderate or heavy rain shower,1.1000000000000014
2025-01-12 09:00,18.1,0.0,76,1026.0,11.9,76,13.8,20.1,10.0,21.8,NNE,Cloudy,4.300000000000001
2025-03-09 11:00,23.3,0.5,81,1018.0,7.6,72,19.8,25.3,10.0,14.7,NE,Moderate rain at times,3.5
2024-08-07 17:00,31.5,0.0,71,1005.0,10.8,21,24.1,37.4,10.0,19.6,ESE,Sunny,7.399999999999999
2025-01-27 10:00,17.3,0.8,87,1021.0,7.2,100,15.2,19.3,10.0,13.2,NW,Moderate rain at times,2.1000000000000014
2024-06-14 09:00,33.3,0.0,54,1004.0,10.4,9,22.8,38.7,10.0,13.0,SW,Sunny,10.499999999999996
2024-09-16 22:00,25.8,0.5,87,1006.0,7.6,82,23.5,28.8,9.0,12.9,WNW,Moderate rain at times,2.3000000000000007
2025-01-19 17:00,21.1,0.0,80,1013.0,10.8,71,17.6,23.1,10.0,14.8,NE,Cloudy,3.5
2025-01-11 04:00,18.9,0.1,83,1023.0,13.1,81,16.0,20.9,10.0,22.3,NNE,Patchy rain possible,2.8999999999999986
2025-03-19 06:00,19.2,0.3,91,1022.0,10.8,100,17.7,21.2,10.0,14.7,N,Patchy rain possible,1.5
2025-03-24 23:00,18.9,0.0,89,1013.0,7.9,3,17.1,20.9,10.0,14.5,SW,Clear,1.7999999999999972
2025-04-03 00:00,20.9,0.0,84,1017.0,2.2,100,18.1,22.9,10.0,3.1,W,Overcast,2.799999999999997
2025-04-25 08:00,29.8,0.0,67,1009.0,9.0,19,22.3,34.0,10.0,11.8,SSE,Sunny,7.5
2024-06-24 16:00,28.7,0.1,76,1003.0,5.4,79,24.0,33.1,9.0,11.1,NE,Patchy rain possible,4.699999999999999
2024-07-20 17:00,28.8,2.7,81,1004.0,8.6,80,25.2,34.3,9.0,11.2,E,Moderate or heavy rain shower,3.6000000000000014
2024-05-29 10:00,32.1,0.0,62,1004.0,5.8,47,23.9,38.0,10.0,6.6,SW,Partly cloudy,8.200000000000003
2025-04-13 06:00,22.9,0.5,89,1015.0,22.7,65,21.1,25.1,10.0,32.6,NW,Moderate rain at times,1.7999999999999972
2024-09-25 09:00,27.4,0.0,75,1013.0,2.9,36,22.7,30.5,10.0,9.4,SW,Partly cloudy,4.699999999999999
2024-08-01 06:00,26.3,0.0,77,1008.0,6.8,27,21.9,28.8,10.0,12.1,WSW,Partly cloudy,4.400000000000002
2024-11-06 06:00,23.9,1.7,88,1016.0,15.0,100,21.8,26.1,10.0,33.8,NE,Moderate or heavy rain shower,2.099999999999998
2025-03-29 15:00,27.1,0.0,86,1009.0,14.0,88,23.6,30.6,10.0,26.2,E,Overcast,3.5
2024-10-30 23:00,24.3,5.96,91,1009.0,7.2,100,22.8,26.9,7.0,12.0,NE,Moderate or heavy rain shower,1.5
2024-09-13 21:00,26.5,0.0,83,1006.0,1.4,83,23.4,29.7,10.0,2.4,NW,Cloudy,3.1000000000000014
2024-08-09 23:00,28.5,0.0,83,1006.0,7.6,8,24.3,33.1,10.0,14.6,WSW,Clear,4.199999999999999
2025-01-04 18:00,20.3,0.0,79,1016.0,5.6,65,16.5,22.3,10.0,14.7,ENE,Cloudy,3.8000000000000007
2024-06-15 17:00,31.8,1.99,79,1003.0,4.7,75,25.1,39.0,7.0,16.6,SSW,Moderate or heavy rain shower,6.699999999999999
2025-02-26 13:00,23.8,0.3,86,1019.0,6.1,76,20.1,25.9,10.0,19.4,ESE,Patchy rain possible,3.6999999999999993
2025-01-21 22:00,17.7,0.0,82,1015.0,6.5,13,14.6,19.7,10.0,11.3,SW,Clear,3.0999999999999996
2024-08-06 16:00,32.3,0.0,67,1004.0,11.9,70,23.5,38.0,10.0,24.4,ENE,Cloudy,8.799999999999997
2025-05-04 15:00,31.8,0.0,69,1004.0,13.5,12,23.2,39.3,10.0,22.0,E,Sunny,8.600000000000001
2024-10-11 10:00,25.3,0.4,88,1014.0,8.3,100,23.1,28.1,10.0,15.8,NNW,Patchy rain possible,2.1999999999999993
2024-10-08 15:00,27.6,5.1,78,1011.0,16.6,79,23.4,31.2,9.0,27.8,NNE,Moderate or heavy rain shower,4.200000000000003
2025-05-22 06:00,24.7,0.0,85,1006.0,9.4,7,22.1,27.0,10.0,12.0,SSW,Sunny,2.599999999999998
2025-02-01 06:00,16.2,0.0,91,1012.0,7.6,7,15.1,18.2,10.0,10.7,SSW,Clear,1.0999999999999996
2024-09-23 23:00,24.7,0.2,91,1010.0,10.1,62,23.4,27.4,10.0,11.2,WNW,Patchy rain possible,1.3000000000000007
2024-07-02 20:00,28.2,0.0,89,1007.0,5.8,17,24.9,33.2,10.0,10.7,SSW,Clear,3.3000000000000007
2024-05-30 22:00,27.6,0.0,88,1004.0,8.2,83,25.2,32.6,9.0,17.0,SW,Cloudy,2.400000000000002
2024-12-21 00:00,19.9,0.0,83,1016.0,2.9,100,16.9,21.9,10.0,8.1,ESE,Overcast,3.0
2024-06-21 03:00,26.8,0.0,85,1002.0,9.0,25,24.1,30.6,10.0,11.5,SSW,Clear,2.6999999999999993
2025-05-14 01:00,24.9,0.0,89,1009.0,5.8,39,23.1,27.6,10.0,9.3,SW,Partly cloudy,1.7999999999999972
2024-06-17 06:00,26.4,0.0,78,1005.0,10.8,18,22.4,29.1,10.0,14.7,SW,Sunny,4.0
2024-06-04 13:00,35.0,0.0,63,1005.0,14.0,23,24.4,43.0,10.0,23.7,NE,Sunny,10.600000000000001
2024-10-12 12:00,28.1,0.0,75,1012.0,9.0,76,23.2,31.8,9.0,18.0,ENE,Cloudy,4.900000000000002
2025-05-15 16:00,28.8,0.0,81,1008.0,10.1,78,25.1,34.2,9.0,18.1,E,Cloudy,3.6999999999999993
2024-07-06 04:00,24.8,0.0,90,1005.0,8.6,32,23.0,27.4,10.0,10.5,SW,Partly cloudy,1.8000000000000007
2024-10-13 12:00,28.5,0.2,73,1012.0,11.2,73,23.2,32.3,10.0,20.3,NE,Patchy rain possible,5.300000000000001
2024-07-06 13:00,32.3,0.0,65,1004.0,18.4,77,23.6,38.0,10.0,25.9,ENE,Cloudy,8.699999999999996
2024-08-22 21:00,26.6,0.0,87,1011.0,7.2,89,23.7,30.0,9.0,14.5,WSW,Overcast,2.900000000000002
2025-03-24 19:00,20.5,0.0,88,1013.0,2.9,6,18.3,22.5,10.0,4.9,SE,Clear,2.1999999999999993
2025-04-30 00:00,22.9,0.0,92,1011.0,5.4,15,21.5,25.2,10.0,9.7,SSW,Clear,1.3999999999999986
2025-04-07 23:00,22.4,0.0,90,1017.0,4.0,57,20.7,24.8,10.0,7.6,SSW,Partly cloudy,1.6999999999999993
2024-12-02 10:00,24.6,0.1,90,1014.0,4.7,100,21.1,26.7,10.0,11.7,ENE,Patchy rain possible,3.5
2025-04-08 03:00,22.8,0.0,93,1014.0,5.0,85,21.7,25.2,10.0,8.3,ESE,Overcast,1.1000000000000014
2025-04-21 04:00,23.4,0.0,90,1008.0,5.7,30,21.6,25.7,10.0,8.8,S,Partly cloudy,1.7999999999999972
2025-01-11 08:00,19.7,0.1,82,1025.0,17.5,100,16.5,21.7,10.0,27.4,NE,Patchy rain possible,3.1999999999999993
2025-03-11 14:00,26.5,0.1,82,1012.0,12.2,71,22.5,29.7,10.0,20.1,E,Patchy rain possible,4.0
2024-12-12 21:00,23.7,0.4,92,1014.0,14.6,100,22.3,26.0,9.0,27.5,NE,Patchy rain possible,1.3999999999999986
2024-06-01 09:00,29.2,0.2,85,1009.0,6.1,59,25.0,34.8,10.0,14.6,SW,Patchy rain possible,4.199999999999999
2024-10-09 18:00,25.8,0.0,82,1011.0,9.4,77,22.5,28.4,10.0,15.4,NNE,Cloudy,3.3000000000000007
2025-01-23 15:00,23.9,0.0,70,1011.0,9.4,0,17.0,25.5,10.0,15.5,ENE,Sunny,6.899999999999999
2024-10-13 04:00,23.8,0.3,87,1012.0,5.4,78,21.5,26.0,10.0,9.7,W,Patchy rain possible,2.3000000000000007
2024-08-01 13:00,33.5,0.0,58,1007.0,4.0,9,23.3,39.6,10.0,15.8,NNE,Sunny,10.2
2025-03-06 05:00,23.5,0.2,96,1010.0,2.9,60,23.0,26.1,2.0,9.1,SSE,Patchy rain possible,0.5
2024-07-05 13:00,31.1,0.2,60,1005.0,18.0,83,22.4,35.3,10.0,26.4,ENE,Patchy rain possible,8.700000000000003
2024-10-13 14:00,28.1,0.2,77,1010.0,13.0,89,23.7,32.2,10.0,23.1,NE,Patchy rain possible,4.400000000000002
2025-04-23 10:00,32.5,0.0,59,1009.0,10.1,12,23.4,38.1,10.0,14.9,SE,Sunny,9.100000000000001
2025-05-22 05:00,24.1,0.0,87,1006.0,9.0,7,21.8,26.3,10.0,12.3,SSW,Clear,2.3000000000000007
2024-12-06 07:00,23.2,1.2,90,1014.0,8.2,100,21.5,25.4,10.0,13.9,ENE,Heavy rain at times,1.6999999999999993
2024-11-26 08:00,24.7,1.6,86,1016.0,9.4,98,22.3,27.1,10.0,12.9,ENE,Moderate or heavy rain shower,2.3999999999999986
2024-07-12 18:00,29.5,0.0,81,1001.0,7.9,76,24.6,34.9,10.0,17.2,SE,Cloudy,4.899999999999999
2025-01-28 15:00,19.2,0.0,85,1018.0,12.6,67,16.5,21.2,10.0,15.6,N,Cloudy,2.6999999999999993
2024-11-05 03:00,24.2,6.1,91,1013.0,11.4,100,22.7,26.7,7.0,23.3,NE,Moderate or heavy rain shower,1.5
2024-12-13 15:00,23.2,2.3,94,1012.0,17.6,100,22.2,25.6,9.0,30.2,ENE,Moderate or heavy rain shower,1.0
2024-11-26 05:00,23.2,1.2,89,1014.0,5.8,85,21.2,25.4,10.0,9.6,N,Heavy rain at times,2.0
2025-03-08 08:00,19.9,0.0,85,1017.0,5.8,100,17.3,21.9,10.0,8.0,WNW,Overcast,2.599999999999998
2025-01-15 11:00,20.5,2.1,96,1020.0,13.7,100,19.9,22.5,9.0,18.9,N,Moderate or heavy rain shower,0.6000000000000014
2025-05-06 00:00,25.3,0.0,89,1007.0,4.3,34,23.4,28.2,10.0,7.9,SW,Partly cloudy,1.9000000000000021
2024-07-01 20:00,29.0,0.0,78,1005.0,7.6,87,24.7,34.2,10.0,8.7,SSE,Overcast,4.300000000000001
2024-09-19 13:00,27.2,0.1,90,995.0,21.6,100,24.0,31.1,10.0,35.9,SSE,Patchy rain possible,3.1999999999999993
2024-11-23 17:00,23.9,1.6,90,1014.0,15.8,100,22.2,26.2,10.0,31.0,NE,Moderate or heavy rain shower,1.6999999999999993
2024-12-16 05:00,19.4,0.3,90,1019.0,8.7,100,17.8,21.4,10.0,13.3,NNW,Patchy rain possible,1.5999999999999979
2024-09-23 09:00,25.8,0.0,92,1008.0,8.5,54,24.2,29.2,5.0,15.2,SW,Partly cloudy,1.6000000000000014
2024-08-22 16:00,32.7,0.0,67,1006.0,15.8,72,24.0,39.2,10.0,23.5,E,Cloudy,8.700000000000003
2024-05-27 02:00,25.7,0.0,88,1005.0,9.4,17,23.5,28.7,10.0,11.7,WSW,Clear,2.1999999999999993
2025-05-17 10:00,30.6,0.0,65,1010.0,9.4,21,23.2,35.3,10.0,17.1,ESE,Sunny,7.400000000000002
2024-09-06 13:00,34.4,0.0,56,999.0,11.5,80,22.7,40.0,10.0,27.4,N,Cloudy,11.7
2025-05-09 21:00,26.8,0.0,91,1006.0,7.1,79,24.6,31.2,10.0,13.0,SW,Cloudy,2.1999999999999993
2024-11-13 23:00,23.9,0.0,91,1012.0,2.9,55,22.3,26.3,10.0,4.6,SW,Partly cloudy,1.5999999999999979
2025-01-08 19:00,21.1,0.2,88,1015.0,7.6,75,19.0,23.1,10.0,8.1,ESE,Patchy rain possible,2.1000000000000014
2024-07-30 16:00,29.4,0.0,72,1004.0,9.4,61,24.0,34.2,10.0,17.9,NE,Cloudy,5.399999999999999
2025-02-05 05:00,17.7,0.1,89,1015.0,4.3,93,16.0,19.7,10.0,6.9,WSW,Patchy rain possible,1.6999999999999993
2025-02-09 07:00,19.4,0.2,85,1020.0,17.4,100,16.9,21.4,10.0,28.3,NE,Patchy rain possible,2.5
2024-11-26 11:00,25.4,1.0,84,1015.0,15.5,93,22.5,27.9,10.0,24.2,ENE,Heavy rain at times,2.8999999999999986
2024-07-10 02:00,24.8,0.0,87,1006.0,6.8,24,22.5,27.3,10.0,14.5,SW,Clear,2.3000000000000007
2024-08-24 23:00,25.6,0.0,91,1010.0,8.6,71,24.0,28.8,10.0,11.7,SSW,Cloudy,1.6000000000000014
2024-10-02 02:00,25.4,0.0,88,1009.0,10.4,86,23.2,28.2,9.0,18.5,WNW,Overcast,2.1999999999999993
2025-03-27 08:00,26.7,0.0,69,1006.0,8.6,4,20.6,28.7,10.0,17.4,S,Sunny,6.099999999999998
2025-03-17 06:00,20.3,0.1,86,1016.0,5.5,100,17.9,22.3,10.0,8.2,NW,Patchy rain possible,2.400000000000002
2024-09-29 12:00,30.4,0.0,71,1008.0,11.5,72,24.5,36.1,10.0,13.2,E,Cloudy,5.899999999999999
2024-11-28 12:00,23.8,0.0,80,1019.0,23.0,94,18.0,25.5,10.0,36.5,NNE,Overcast,5.800000000000001
2025-01-03 23:00,20.4,0.0,85,1017.0,5.8,86,17.8,22.4,10.0,8.9,NNE,Overcast,2.599999999999998
2024-08-16 09:00,32.8,0.0,63,1006.0,5.4,18,23.1,38.4,10.0,11.2,SW,Sunny,9.699999999999996
2025-05-15 09:00,28.7,0.0,73,1011.0,6.8,45,23.4,32.8,10.0,7.9,SSE,Partly cloudy,5.300000000000001
2024-06-02 22:00,26.8,0.0,88,1009.0,9.7,39,24.7,30.9,10.0,11.5,SW,Partly cloudy,2.1000000000000014
2024-11-08 05:00,23.1,0.4,85,1015.0,9.1,71,20.4,25.2,5.0,14.1,NE,Patchy rain possible,2.700000000000003
2025-01-08 14:00,23.2,0.1,77,1014.0,11.5,78,19.0,25.2,10.0,18.0,NE,Patchy rain possible,4.199999999999999
2025-02-22 16:00,22.2,0.5,93,1016.0,12.2,100,21.0,24.6,10.0,16.6,ENE,Moderate rain at times,1.1999999999999993
2025-04-26 08:00,27.2,0.0,68,1012.0,8.6,5,20.8,29.3,10.0,10.6,S,Sunny,6.399999999999999
2025-04-27 19:00,26.0,0.0,91,1010.0,5.4,9,22.9,29.6,10.0,9.3,ESE,Clear,3.1000000000000014
2024-08-06 02:00,24.7,0.0,84,1006.0,5.2,13,21.7,26.9,10.0,10.7,SW,Clear,3.0
2024-12-06 08:00,23.4,0.1,90,1015.0,6.7,100,21.6,25.6,10.0,14.1,ENE,Patchy rain possible,1.7999999999999972
2024-08-30 09:00,31.5,0.0,59,1007.0,1.8,17,22.4,35.8,10.0,8.2,WSW,Sunny,9.100000000000001
2025-02-25 22:00,19.9,0.2,93,1023.0,11.2,100,18.8,21.9,2.0,11.8,NNW,Patchy rain possible,1.0999999999999979
2025-01-17 23:00,19.3,0.1,83,1018.0,6.8,100,16.5,21.3,10.0,10.1,ESE,Patchy rain possible,2.8000000000000007
2024-08-12 15:00,32.6,0.3,71,1000.0,15.1,85,25.0,40.1,10.0,24.0,NE,Patchy rain possible,7.600000000000001
2024-09-24 00:00,25.0,0.1,89,1010.0,9.7,57,23.0,27.6,10.0,11.2,NW,Patchy rain possible,2.0
2024-08-07 19:00,29.7,0.0,80,1006.0,10.4,85,24.4,35.0,10.0,16.7,SSE,Overcast,5.300000000000001
2024-08-03 06:00,25.2,0.0,87,1008.0,6.8,15,22.8,27.8,10.0,12.1,SW,Sunny,2.3999999999999986
2024-09-21 07:00,26.4,0.0,85,1004.0,4.3,31,23.8,29.9,10.0,6.4,W,Partly cloudy,2.599999999999998
2025-05-05 10:00,33.1,0.0,60,1008.0,10.4,29,22.5,40.0,10.0,17.7,ESE,Partly cloudy,10.600000000000001
2024-08-13 18:00,29.7,0.0,80,1005.0,5.8,74,24.7,35.3,10.0,14.0,E,Cloudy,5.0
2025-02-19 18:00,21.6,0.9,93,1015.0,10.8,100,20.4,23.6,10.0,15.6,E,Moderate rain at times,1.2000000000000028
2025-03-14 18:00,24.1,0.0,91,1010.0,6.8,82,22.5,26.5,10.0,11.7,ESE,Cloudy,1.6000000000000014
2024-09-17 03:00,24.8,0.3,86,1004.0,6.8,78,22.3,27.2,10.0,12.2,WNW,Patchy rain possible,2.5
2024-06-19 11:00,35.2,0.0,53,1004.0,10.8,30,22.6,41.2,10.0,12.4,NNE,Partly cloudy,12.600000000000001
2024-09-04 15:00,31.2,0.2,75,1001.0,6.8,71,24.1,37.1,5.0,13.4,NE,Patchy rain possible,7.099999999999998
2024-11-17 10:00,26.8,0.1,72,1013.0,4.3,83,21.3,29.1,10.0,9.7,SE,Patchy rain possible,5.5
2025-02-08 23:00,19.8,0.6,87,1020.0,15.4,100,17.5,21.8,10.0,26.9,NE,Moderate rain at times,2.3000000000000007
2024-08-11 10:00,35.3,0.0,54,1003.0,9.7,14,23.0,41.6,10.0,16.9,W,Sunny,12.299999999999997
2025-03-15 21:00,23.9,0.0,92,1012.0,5.8,74,22.5,26.3,10.0,11.9,SSE,Cloudy,1.3999999999999986
2024-05-31 05:00,25.9,0.0,88,1002.0,8.4,85,23.7,29.0,10.0,16.8,WSW,Overcast,2.1999999999999993
2025-04-12 01:00,24.4,0.0,87,1006.0,4.9,10,22.1,26.7,10.0,6.8,SSW,Clear,2.299999999999997
2024-09-22 03:00,25.0,0.0,94,1003.0,4.9,100,24.0,28.1,10.0,8.7,SW,Overcast,1.0
2025-04-21 12:00,31.7,0.0,69,1009.0,15.1,21,24.2,39.0,10.0,25.7,ESE,Sunny,7.5
2024-08-27 23:00,25.4,0.1,85,1008.0,10.1,76,22.8,28.1,10.0,19.9,SW,Patchy rain possible,2.599999999999998
2024-11-21 21:00,24.1,1.8,89,1015.0,15.4,98,22.2,26.4,10.0,28.3,NE,Moderate or heavy rain shower,1.9000000000000021
2024-11-14 18:00,25.0,0.0,88,1010.0,4.7,9,22.9,27.6,10.0,7.1,E,Clear,2.1000000000000014
2024-05-31 10:00,32.1,0.0,60,1004.0,13.0,45,23.3,37.4,10.0,16.3,WSW,Partly cloudy,8.8
2024-10-16 06:00,24.0,0.0,87,1012.0,5.8,27,21.7,26.2,10.0,9.9,WNW,Partly cloudy,2.3000000000000007
2024-12-14 11:00,22.1,2.24,91,1019.0,27.4,100,20.6,24.6,7.0,36.0,NNE,Moderate or heavy rain shower,1.5
2025-01-08 15:00,23.0,0.3,79,1014.0,11.9,76,19.2,25.1,10.0,14.4,ENE,Patchy rain possible,3.8000000000000007
2025-01-19 07:00,19.4,0.0,83,1016.0,3.2,61,16.3,21.4,10.0,8.7,WNW,Cloudy,3.099999999999998
2024-08-02 03:00,25.3,0.0,87,1007.0,7.6,16,23.1,28.0,10.0,10.2,WSW,Clear,2.1999999999999993
2024-12-24 12:00,20.4,0.3,88,1017.0,10.4,100,18.4,22.4,10.0,18.5,NW,Patchy rain possible,2.0
2024-12-27 17:00,21.2,3.9,94,1017.0,11.5,100,20.3,23.2,9.0,16.1,NNW,Moderate or heavy rain shower,0.8999999999999986
2025-02-19 00:00,21.3,0.1,89,1018.0,0.7,86,19.4,23.3,10.0,1.1,S,Patchy rain possible,1.9000000000000021
2025-05-17 09:00,29.6,0.0,68,1010.0,7.2,19,23.0,33.8,10.0,13.3,SSE,Sunny,6.600000000000001
2025-01-21 23:00,17.1,0.0,85,1015.0,8.3,13,14.5,19.1,10.0,14.6,SW,Clear,2.6000000000000014
2025-04-28 04:00,22.6,0.0,89,1010.0,7.2,7,20.7,24.9,10.0,9.2,SSW,Clear,1.9000000000000021
2024-06-27 14:00,30.7,0.1,75,1007.0,13.7,87,24.5,36.7,10.0,20.8,ESE,Patchy rain possible,6.199999999999999
2024-12-06 09:00,23.5,0.1,90,1015.0,7.3,100,21.7,25.7,10.0,15.4,ENE,Patchy rain possible,1.8000000000000007
2024-06-21 02:00,26.9,0.0,85,1002.0,8.3,22,24.2,30.8,10.0,10.8,SW,Clear,2.6999999999999993
2024-10-24 00:00,23.3,1.6,89,1012.0,6.8,81,21.4,25.5,10.0,11.2,WNW,Moderate or heavy rain shower,1.9000000000000021
2024-07-30 04:00,25.5,0.0,77,1005.0,6.2,36,21.2,27.6,10.0,13.0,WSW,Partly cloudy,4.300000000000001
2025-03-22 08:00,20.5,0.0,76,1021.0,5.0,66,16.1,22.5,10.0,6.4,WSW,Cloudy,4.399999999999999
2025-04-02 18:00,21.3,0.0,87,1015.0,6.5,100,19.1,23.3,10.0,20.4,WNW,Overcast,2.1999999999999993
2024-10-19 05:00,24.1,0.0,91,1011.0,5.0,22,22.6,26.6,10.0,8.5,SW,Clear,1.5
2024-07-15 19:00,25.1,0.1,88,1001.0,10.8,57,23.0,27.8,10.0,17.7,SSW,Patchy rain possible,2.1000000000000014
2025-02-21 09:00,22.2,0.1,91,1019.0,10.4,100,20.6,24.6,10.0,14.2,NE,Patchy rain possible,1.5999999999999979
2024-08-08 05:00,25.0,0.0,86,1007.0,6.8,11,22.5,27.4,10.0,8.9,SW,Clear,2.5
2024-12-27 00:00,21.2,1.6,95,1018.0,12.2,100,20.3,23.2,9.0,17.4,NNW,Moderate or heavy rain shower,0.8999999999999986
2024-10-26 19:00,21.5,4.2,85,1001.0,23.2,78,18.9,23.5,2.0,41.6,SW,Moderate or heavy rain shower,2.6000000000000014
2024-10-07 16:00,26.5,1.4,86,1012.0,15.5,66,24.1,30.2,10.0,29.0,N,Heavy rain at times,2.3999999999999986
2024-07-24 07:00,27.9,0.0,84,1001.0,11.9,73,24.5,32.3,10.0,18.1,SW,Cloudy,3.3999999999999986
2025-04-21 02:00,23.6,0.0,88,1008.0,5.8,25,21.5,25.8,10.0,7.8,S,Partly cloudy,2.1000000000000014
2024-08-14 06:00,26.1,0.0,84,1006.0,4.9,20,23.1,29.0,10.0,10.1,WSW,Sunny,3.0
2024-06-19 15:00,32.8,0.1,66,1002.0,10.8,74,23.9,39.1,10.0,20.1,E,Patchy rain possible,8.899999999999999
2024-10-26 04:00,20.5,1.06,92,1004.0,11.7,100,19.1,22.5,9.0,18.5,WNW,Heavy rain at times,1.3999999999999986
2024-11-22 21:00,24.2,0.9,88,1015.0,15.3,100,22.1,26.4,10.0,27.0,NE,Moderate rain at times,2.099999999999998
2025-01-08 10:00,23.2,0.3,72,1017.0,3.6,76,17.9,25.1,10.0,11.3,N,Patchy rain possible,5.300000000000001
2025-01-10 07:00,20.4,0.5,84,1022.0,15.5,98,17.6,22.4,10.0,32.2,NE,Moderate rain at times,2.799999999999997
2025-04-01 14:00,22.3,0.0,84,1014.0,10.8,100,19.4,24.7,10.0,30.0,NW,Overcast,2.900000000000002
2025-01-22 08:00,18.5,0.0,79,1017.0,5.4,19,14.9,20.5,10.0,7.1,SW,Sunny,3.5999999999999996
2025-03-01 08:00,22.6,0.0,90,1014.0,7.9,45,21.0,24.9,10.0,10.1,S,Partly cloudy,1.6000000000000014
2024-07-16 10:00,29.9,0.0,64,1004.0,3.6,30,22.4,33.7,10.0,10.0,NNW,Partly cloudy,7.5
2025-03-27 00:00,21.8,0.0,82,1005.0,5.3,9,18.6,23.8,10.0,7.0,S,Clear,3.1999999999999993
2025-01-11 00:00,19.7,0.0,82,1024.0,14.7,77,16.6,21.7,10.0,24.7,ENE,Cloudy,3.099999999999998
2024-07-31 07:00,26.7,0.0,78,1007.0,7.2,29,22.6,29.5,10.0,12.2,W,Partly cloudy,4.099999999999998
2025-01-05 02:00,17.5,0.0,86,1017.0,10.8,2,15.2,19.5,10.0,20.4,WNW,Clear,2.3000000000000007
2024-10-21 03:00,24.2,1.3,92,1011.0,7.9,100,22.8,26.7,10.0,12.4,N,Heavy rain at times,1.3999999999999986
2024-09-12 05:00,24.9,0.0,88,1007.0,7.9,34,22.8,27.5,10.0,13.7,WSW,Partly cloudy,2.099999999999998
2025-01-24 11:00,23.4,0.0,71,1013.0,11.5,0,17.8,25.2,10.0,17.8,SE,Sunny,5.599999999999998
2024-10-01 13:00,29.6,1.1,78,1006.0,10.4,75,25.3,35.7,9.0,22.1,NE,Heavy rain at times,4.300000000000001
2025-02-24 20:00,20.9,3.7,92,1023.0,15.3,100,19.6,22.9,9.0,23.3,NE,Moderate or heavy rain shower,1.2999999999999972
2024-07-06 03:00,25.0,0.0,90,1005.0,7.9,49,23.2,27.8,10.0,9.5,SW,Partly cloudy,1.8000000000000007
2024-12-02 04:00,21.5,0.0,91,1011.0,6.1,97,19.9,23.5,10.0,10.2,WSW,Overcast,1.6000000000000014
2024-10-05 02:00,23.4,0.0,87,1012.0,8.6,72,21.2,25.6,10.0,13.8,WNW,Cloudy,2.1999999999999993
2024-07-31 22:00,25.8,0.0,88,1009.0,9.4,23,23.7,29.0,10.0,18.1,WSW,Clear,2.1000000000000014
2025-03-06 04:00,23.6,0.1,97,1010.0,5.0,64,23.1,26.1,2.0,8.5,SSE,Patchy rain possible,0.5
2025-02-12 14:00,23.0,0.0,93,1012.0,13.0,80,21.9,25.4,10.0,21.5,NE,Cloudy,1.1000000000000014
2025-04-03 14:00,24.1,0.0,87,1015.0,6.8,100,19.9,26.3,10.0,12.6,NE,Overcast,4.200000000000003
2024-08-04 05:00,24.7,0.0,87,1008.0,7.9,10,22.4,27.1,10.0,9.8,WSW,Clear,2.3000000000000007
2025-01-28 19:00,18.4,0.0,88,1021.0,11.2,64,16.3,20.4,10.0,16.4,N,Cloudy,2.099999999999998
2024-12-22 04:00,19.7,0.0,76,1016.0,9.7,52,15.4,21.7,10.0,16.0,NNE,Partly cloudy,4.299999999999999
2025-03-27 16:00,28.7,0.0,74,1002.0,10.8,9,22.9,32.9,10.0,14.8,ESE,Sunny,5.800000000000001
2024-09-16 06:00,25.4,0.0,86,1004.0,6.1,87,22.8,28.0,10.0,10.7,WNW,Overcast,2.599999999999998
2024-06-27 23:00,26.6,0.0,89,1010.0,7.9,65,24.7,30.7,10.0,13.0,SSE,Cloudy,1.9000000000000021
2025-04-15 10:00,24.8,0.0,68,1015.0,7.6,10,18.6,26.3,10.0,13.2,ENE,Sunny,6.199999999999999
2024-07-23 20:00,28.3,0.0,67,1002.0,8.5,44,21.7,31.1,10.0,19.8,SW,Partly cloudy,6.600000000000001
2025-03-12 03:00,21.7,0.1,96,1011.0,9.0,70,21.0,23.7,2.0,14.5,SSW,Patchy rain possible,0.6999999999999993
2025-04-09 17:00,25.0,0.0,84,1008.0,10.1,78,22.2,27.3,10.0,18.2,ESE,Cloudy,2.8000000000000007
2025-01-27 01:00,17.0,0.2,90,1019.0,19.4,81,15.4,19.0,10.0,28.3,NW,Patchy rain possible,1.5999999999999996
2024-12-22 22:00,19.2,0.4,79,1017.0,8.6,100,15.5,21.2,10.0,13.6,NW,Patchy rain possible,3.6999999999999993
2024-05-31 14:00,29.0,1.78,76,1003.0,16.6,96,24.3,33.7,10.0,24.8,N,Light rain shower,4.699999999999999
2024-11-26 00:00,23.3,0.6,89,1014.0,4.7,81,21.4,25.5,10.0,7.8,NW,Moderate rain at times,1.9000000000000021
2025-03-08 02:00,19.2,0.0,85,1016.0,10.8,100,16.5,21.2,10.0,15.2,WNW,Overcast,2.6999999999999993
2025-03-06 22:00,21.8,0.3,92,1015.0,16.2,100,20.5,23.8,10.0,26.2,NW,Patchy rain possible,1.3000000000000007
2024-06-12 22:00,27.3,0.0,85,1008.0,8.3,15,24.6,31.5,10.0,11.1,SSW,Clear,2.6999999999999993
2025-03-26 17:00,25.6,0.0,81,1004.0,8.9,11,21.6,28.0,10.0,16.8,SE,Sunny,4.0
2024-07-04 20:00,25.4,1.73,89,1009.0,7.9,81,23.5,28.4,8.0,13.4,SW,Moderate or heavy rain shower,1.8999999999999986
2024-10-30 00:00,23.3,0.1,90,1007.0,11.2,80,21.6,25.6,10.0,14.4,W,Patchy rain possible,1.6999999999999993
2025-04-25 22:00,24.7,0.0,91,1011.0,6.8,34,23.1,27.4,10.0,12.3,SW,Partly cloudy,1.5999999999999979
2024-12-19 16:00,20.9,0.5,85,1017.0,18.4,100,18.3,22.9,10.0,26.7,NNE,Moderate rain at times,2.599999999999998
2025-04-27 18:00,26.8,0.0,86,1010.0,7.6,85,22.8,30.6,10.0,15.9,ESE,Overcast,4.0
2024-09-13 19:00,26.4,0.0,84,1004.0,6.5,70,23.5,29.6,10.0,12.1,NNE,Cloudy,2.8999999999999986
2024-09-02 06:00,25.4,0.0,89,1008.0,6.1,27,23.4,28.4,10.0,10.1,SW,Partly cloudy,2.0
2025-03-19 15:00,20.1,0.0,86,1020.0,13.0,100,17.8,22.1,10.0,21.9,N,Overcast,2.3000000000000007
2024-09-29 08:00,27.8,0.0,76,1010.0,6.5,11,23.2,31.4,10.0,8.0,SSW,Sunny,4.600000000000001
2025-05-07 16:00,31.9,0.0,78,1004.0,7.9,87,24.1,42.5,9.0,11.4,SW,Overcast,7.799999999999997
2025-02-08 14:00,20.4,0.9,87,1018.0,18.4,100,18.1,22.4,10.0,29.2,NE,Moderate rain at times,2.299999999999997
2024-09-29 03:00,24.8,0.0,89,1007.0,7.9,20,22.9,27.4,10.0,10.0,SW,Clear,1.9000000000000021
2025-02-04 16:00,19.8,0.5,91,1016.0,7.6,100,18.2,21.8,10.0,15.4,NNE,Moderate rain at times,1.6000000000000014
2024-10-18 09:00,27.6,0.1,76,1012.0,4.7,76,23.1,31.0,10.0,9.9,SSW,Patchy rain possible,4.5
2025-01-23 12:00,23.9,0.0,67,1014.0,6.5,0,16.5,25.5,10.0,12.0,E,Sunny,7.399999999999999
2024-06-08 07:00,27.5,0.0,79,1005.0,5.9,21,23.6,31.1,10.0,11.2,SW,Sunny,3.8999999999999986
2025-02-27 16:00,23.0,0.0,82,1014.0,10.4,65,19.9,25.1,10.0,12.8,E,Cloudy,3.1000000000000014
2025-01-12 02:00,17.8,0.4,77,1024.0,13.1,85,13.7,19.8,10.0,21.4,NE,Patchy rain possible,4.100000000000001
2024-12-28 02:00,21.5,3.12,95,1019.0,18.0,100,20.7,23.5,7.0,24.4,NNE,Moderate or heavy rain shower,0.8000000000000007
2024-09-12 07:00,26.7,0.0,82,1008.0,5.4,34,23.4,30.0,10.0,7.2,SW,Partly cloudy,3.3000000000000007
2024-08-15 11:00,34.7,0.0,58,1005.0,9.6,25,23.3,41.2,10.0,19.0,NE,Partly cloudy,11.400000000000002
2025-01-05 15:00,21.5,0.0,81,1016.0,13.8,52,18.0,23.5,10.0,25.1,N,Partly cloudy,3.5
2024-09-07 00:00,27.4,0.0,75,1000.0,12.2,47,22.5,30.4,10.0,20.4,WNW,Partly cloudy,4.899999999999999
2025-04-21 14:00,32.4,0.0,72,1008.0,14.8,7,23.7,41.9,10.0,25.3,ESE,Sunny,8.7
2024-05-25 16:00,30.4,0.2,82,1006.0,14.8,72,25.9,37.6,9.0,19.2,ESE,Patchy rain possible,4.5
2024-08-16 22:00,26.2,0.0,88,1009.0,10.4,88,24.0,29.6,10.0,13.2,W,Overcast,2.1999999999999993
2024-12-28 20:00,20.4,0.0,88,1021.0,14.2,100,18.4,22.4,2.0,20.9,NNE,Overcast,2.0
2025-03-19 08:00,19.4,0.4,91,1023.0,9.7,100,18.0,21.4,2.0,12.9,N,Patchy rain possible,1.3999999999999986
2025-05-19 20:00,26.0,0.0,87,1008.0,8.6,12,24.0,29.3,10.0,12.9,SW,Clear,2.0
2025-05-15 03:00,25.1,0.0,90,1008.0,8.6,62,23.3,27.9,10.0,9.3,SSW,Cloudy,1.8000000000000007
2025-02-10 19:00,19.4,0.0,91,1017.0,5.6,100,17.9,21.4,10.0,9.7,NNE,Overcast,1.5
2024-12-11 11:00,23.5,3.3,95,1012.0,19.1,100,22.7,26.0,7.0,25.8,NE,Moderate or heavy rain shower,0.8000000000000007
2024-12-12 15:00,23.1,3.19,94,1011.0,19.1,100,22.1,25.5,7.0,30.2,NE,Moderate or heavy rain shower,1.0
2024-06-28 14:00,31.3,0.0,66,1005.0,18.7,77,24.3,37.4,9.0,21.5,E,Cloudy,7.0
2025-05-13 09:00,26.1,0.0,80,1011.0,1.8,59,22.4,28.7,10.0,8.3,SE,Partly cloudy,3.700000000000003
2025-04-17 20:00,25.9,0.0,92,1008.0,5.1,10,23.7,29.5,10.0,6.9,SW,Clear,2.1999999999999993
2025-03-04 23:00,22.9,0.0,94,1008.0,4.2,45,21.9,25.2,10.0,8.9,SSE,Partly cloudy,1.0
2025-04-16 20:00,23.4,0.0,93,1010.0,10.8,36,22.3,25.8,10.0,17.0,SSE,Partly cloudy,1.0999999999999979
2025-02-15 07:00,21.2,0.0,93,1013.0,8.3,23,20.1,23.2,10.0,13.5,SSW,Sunny,1.0999999999999979
2025-04-15 21:00,21.8,0.0,85,1014.0,5.8,25,19.2,23.8,10.0,9.1,SW,Clear,2.6000000000000014
2024-07-04 08:00,27.8,0.0,84,1010.0,7.6,53,24.0,31.9,10.0,9.4,SSW,Partly cloudy,3.8000000000000007
2025-04-05 21:00,22.1,0.0,95,1013.0,5.0,43,21.2,24.6,2.0,8.2,SSW,Partly cloudy,0.9000000000000021
2024-07-03 11:00,32.6,0.0,62,1008.0,15.1,10,23.8,38.6,10.0,22.2,E,Sunny,8.8
2024-11-18 01:00,22.5,0.1,89,1013.0,6.8,67,20.6,24.9,10.0,12.0,WSW,Patchy rain possible,1.8999999999999986
2024-05-29 17:00,32.0,0.0,77,1002.0,4.3,71,24.9,39.2,9.0,11.1,NE,Cloudy,7.100000000000001
2025-01-14 11:00,21.4,0.0,83,1019.0,9.7,100,17.0,23.4,10.0,17.8,NW,Overcast,4.399999999999999
2025-03-05 09:00,26.4,0.0,82,1009.0,12.2,22,23.1,29.4,10.0,15.5,SE,Sunny,3.299999999999997
2025-04-20 21:00,24.3,0.0,90,1010.0,4.5,21,22.7,26.8,10.0,9.7,SSE,Clear,1.6000000000000014
2024-10-30 03:00,23.1,0.0,90,1006.0,7.2,56,21.3,25.3,10.0,11.8,WNW,Partly cloudy,1.8000000000000007
2024-07-04 13:00,30.1,4.6,71,1007.0,12.3,75,24.2,35.3,9.0,22.1,E,Moderate or heavy rain shower,5.900000000000002
2024-09-28 01:00,25.0,0.0,91,1009.0,5.8,20,23.4,27.8,10.0,9.5,SW,Clear,1.6000000000000014
2025-04-02 19:00,21.4,0.0,86,1016.0,4.7,100,19.0,23.4,10.0,12.1,WNW,Overcast,2.3999999999999986
2024-11-03 07:00,22.9,2.26,96,1013.0,12.6,100,22.2,25.4,7.0,20.3,WNW,Moderate or heavy rain shower,0.6999999999999993
2024-07-28 01:00,27.1,0.0,74,1003.0,9.1,27,22.0,29.8,10.0,17.5,WSW,Partly cloudy,5.100000000000001
2024-10-01 08:00,27.8,0.0,81,1008.0,5.0,15,24.2,32.1,10.0,6.3,SW,Sunny,3.6000000000000014
2025-04-30 18:00,25.7,0.0,86,1010.0,7.9,6,23.2,28.6,10.0,12.0,ESE,Sunny,2.5
2024-06-24 07:00,25.5,0.0,88,1005.0,8.3,66,23.4,28.4,10.0,13.4,WSW,Cloudy,2.1000000000000014
2025-03-14 19:00,23.5,0.0,93,1011.0,5.4,72,22.3,25.9,10.0,9.4,ESE,Cloudy,1.1999999999999993
2025-01-06 14:00,22.3,0.0,84,1015.0,9.4,90,17.5,24.6,10.0,16.8,NNE,Overcast,4.800000000000001
2025-02-06 19:00,20.3,0.0,87,1014.0,5.8,29,18.1,22.3,10.0,9.4,E,Partly cloudy,2.1999999999999993
2025-03-12 09:00,24.0,0.0,89,1013.0,5.4,37,22.0,26.2,10.0,11.9,SSE,Partly cloudy,2.0
2024-09-08 20:00,29.7,0.0,81,1006.0,2.2,30,24.2,34.9,10.0,3.9,SSE,Partly cloudy,5.5
2025-04-01 01:00,20.5,0.0,85,1015.0,11.2,100,17.9,22.5,10.0,15.1,NW,Overcast,2.6000000000000014
2025-05-09 09:00,33.2,0.0,54,1006.0,7.2,16,22.7,38.4,10.0,13.6,SE,Sunny,10.500000000000004
2025-01-02 17:00,20.6,0.0,91,1014.0,9.0,100,19.2,22.6,2.0,12.6,NW,Overcast,1.4000000000000021
2024-11-01 02:00,21.4,0.0,88,1008.0,7.9,7,19.9,23.4,10.0,13.7,WNW,Clear,1.5
2024-10-18 04:00,24.0,0.1,88,1009.0,5.0,73,22.0,26.3,10.0,8.6,WSW,Patchy rain possible,2.0
2024-07-25 16:00,32.3,0.0,64,997.0,6.5,74,22.8,37.4,10.0,17.5,WSW,Cloudy,9.499999999999996
2024-07-14 19:00,24.2,4.83,96,1002.0,2.9,100,23.5,26.9,5.0,11.5,WNW,Moderate or heavy rain shower,0.6999999999999993
2025-04-10 06:00,22.9,0.0,91,1008.0,5.0,71,21.3,25.2,10.0,8.6,S,Cloudy,1.5999999999999979
2024-08-10 03:00,27.2,0.0,75,1004.0,7.6,13,22.5,30.1,10.0,10.8,W,Clear,4.699999999999999
2024-12-03 02:00,23.0,0.7,88,1012.0,0.7,97,21.0,25.2,10.0,6.5,NE,Moderate rain at times,2.0
2024-09-25 05:00,23.9,0.0,89,1011.0,4.3,47,21.9,26.1,10.0,7.1,WSW,Partly cloudy,2.0
2024-09-13 22:00,26.3,0.0,84,1005.0,2.5,93,23.4,29.4,10.0,4.2,WSW,Overcast,2.900000000000002
2024-05-30 21:00,27.5,0.0,85,1003.0,10.1,87,24.7,32.0,5.0,13.8,SW,Overcast,2.8000000000000007
2024-09-14 11:00,28.5,6.3,78,1004.0,2.2,76,24.2,33.1,10.0,13.1,WSW,Moderate or heavy rain shower,4.300000000000001
2024-08-16 07:00,28.6,0.0,79,1005.0,6.8,25,24.0,33.0,10.0,10.2,SW,Partly cloudy,4.600000000000001
2025-04-15 01:00,20.3,0.0,84,1013.0,4.7,22,17.6,22.3,10.0,7.5,W,Clear,2.6999999999999993
2024-09-06 14:00,33.2,0.0,58,998.0,14.0,45,23.9,39.6,10.0,28.8,N,Partly cloudy,9.300000000000004
2025-05-19 02:00,25.6,0.0,89,1007.0,5.7,79,24.1,28.6,10.0,10.9,SW,Cloudy,1.5
2025-02-13 12:00,22.3,0.1,97,1015.0,9.7,100,21.8,24.8,2.0,12.8,N,Patchy rain possible,0.5
2024-10-11 01:00,24.4,0.2,87,1012.0,10.4,100,22.2,26.7,10.0,16.1,NW,Patchy rain possible,2.1999999999999993
2024-11-28 19:00,21.5,0.0,81,1020.0,16.5,72,18.0,23.5,5.0,27.8,NNE,Cloudy,3.5
2024-07-11 08:00,30.2,0.0,61,1007.0,6.8,24,22.0,33.8,10.0,8.5,W,Sunny,8.2
2025-02-14 12:00,22.5,0.0,94,1014.0,5.8,99,21.5,24.9,10.0,13.6,N,Overcast,1.0
2024-12-19 11:00,21.4,0.9,86,1019.0,19.1,100,18.9,23.4,9.0,25.8,NE,Moderate rain at times,2.5
2024-12-30 07:00,20.6,0.0,86,1018.0,2.5,70,18.1,22.6,10.0,7.9,NW,Cloudy,2.5
2024-09-01 09:00,30.7,0.0,61,1008.0,5.8,12,22.2,34.5,10.0,11.6,SE,Sunny,8.5
2025-03-08 13:00,22.9,0.2,85,1015.0,8.6,100,18.9,25.1,10.0,22.4,N,Patchy rain possible,4.0
2024-06-24 01:00,26.1,0.1,80,1003.0,7.2,84,22.5,28.8,10.0,13.4,WSW,Patchy rain possible,3.6000000000000014
2024-08-01 05:00,26.2,0.0,77,1008.0,6.5,26,21.8,28.6,10.0,11.5,W,Partly cloudy,4.399999999999999
2025-05-04 18:00,28.6,0.0,84,1007.0,10.4,89,23.4,34.4,9.0,15.6,SSW,Overcast,5.200000000000003
2025-01-10 10:00,20.8,1.1,81,1024.0,16.1,98,17.4,22.8,10.0,30.5,NE,Heavy rain at times,3.400000000000002
2024-11-23 10:00,24.1,0.9,89,1017.0,16.7,100,22.2,26.4,10.0,36.9,NE,Moderate rain at times,1.9000000000000021
2024-06-11 10:00,32.3,0.0,57,1007.0,6.1,26,22.7,37.2,10.0,12.7,S,Partly cloudy,9.599999999999998
2025-02-08 01:00,20.2,0.7,91,1017.0,13.7,100,18.8,22.2,10.0,22.3,NE,Moderate rain at times,1.3999999999999986
2025-01-16 22:00,20.3,0.3,83,1021.0,12.4,100,17.4,22.3,10.0,19.3,ENE,Patchy rain possible,2.900000000000002
2024-12-25 07:00,19.6,0.3,89,1016.0,9.1,100,17.7,21.6,10.0,14.8,NW,Patchy rain possible,1.9000000000000021
2025-01-02 14:00,21.1,0.2,90,1013.0,10.1,100,19.4,23.1,2.0,13.1,NW,Patchy rain possible,1.7000000000000028
2024-06-27 20:00,27.5,0.0,85,1009.0,9.2,62,24.7,31.9,10.0,14.2,SE,Cloudy,2.8000000000000007
2025-03-21 22:00,19.6,0.0,77,1021.0,1.8,14,15.6,21.6,10.0,7.5,NNW,Clear,4.000000000000002
