temp_c,precip_mm,humidity,pressure_mb,wind_kph,cloud,dewpoint_c,feelslike_c,vis_km,gust_kph,condition,dewpoint_depression,hour,condition_encoded
24.5,0.1,83,999.0,10.8,86,21.5,26.6,10.0,14.1,Patchy rain possible,3.0,1,0
26.6,0.2,77,1014.0,4.3,83,22.4,29.3,10.0,5.3,Patchy rain possible,4.200000000000003,8,0
17.2,0.0,92,1013.0,9.4,15,15.9,19.2,10.0,12.7,Clear,1.299999999999999,1,3
20.9,0.0,72,1017.0,3.2,20,15.7,22.9,10.0,8.9,Sunny,5.199999999999999,10,8
26.1,0.0,86,1006.0,9.0,12,23.6,29.3,10.0,11.2,Clear,2.5,1,3
23.8,0.5,87,1013.0,2.5,100,21.6,26.0,10.0,4.3,Moderate rain at times,2.1999999999999997,2,6
23.6,0.0,84,1008.0,14.4,8,20.7,25.6,10.0,17.6,Sunny,2.900000000000002,16,8
28.8,1.93,88,1006.0,11.2,65,24.6,33.9,7.0,20.5,Moderate or heavy rain shower,4.199999999999999,18,4
22.9,0.0,82,1005.0,7.9,23,19.8,25.1,10.0,9.9,Clear,3.099999999999998,5,3
25.2,0.0,90,1011.0,5.8,34,23.5,28.1,10.0,10.9,Partly cloudy,1.6999999999999993,23,2
25.6,0.2,92,1008.0,7.6,100,24.4,29.1,10.0,11.5,Patchy rain possible,1.2000000000000028,18,0
23.4,0.1,91,1017.0,2.9,88,22.1,25.7,10.0,5.5,Patchy rain possible,1.2999999999999972,22,0
19.2,0.0,87,1014.0,4.6,5,17.1,21.2,10.0,8.2,Clear,2.099999999999998,19,3
30.1,0.0,68,1010.0,7.2,9,22.5,34.6,10.0,14.4,Sunny,7.600000000000001,9,8
19.2,0.0,84,1023.0,9.7,100,16.5,21.2,10.0,13.5,Overcast,2.6999999999999997,0,7
20.6,0.0,80,1017.0,9.3,97,16.9,22.6,10.0,14.8,Overcast,3.700000000000003,19,7
20.8,0.0,78,1019.0,10.6,69,16.8,22.8,10.0,17.4,Cloudy,4.0,6,1
19.9,0.0,86,1012.0,10.1,9,18.4,21.9,10.0,13.4,Sunny,1.5,8,8
26.4,0.0,76,1012.0,14.0,25,21.8,28.9,10.0,21.2,Sunny,4.599999999999998,14,8
25.0,0.3,89,1012.0,6.5,71,23.1,27.7,10.0,9.5,Patchy rain possible,1.8999999999999984,7,0
24.2,0.0,72,1009.0,15.1,0,18.8,25.9,10.0,22.2,Sunny,5.399999999999999,14,8
24.4,0.0,83,1009.0,14.4,9,21.4,26.5,10.0,23.5,Sunny,3.0,16,8
26.6,0.0,83,1009.0,5.8,7,23.5,29.8,10.0,8.6,Sunny,3.1000000000000014,7,8
26.0,2.4,86,1013.0,12.6,87,23.6,29.2,9.0,20.6,Moderate or heavy rain shower,2.3999999999999986,12,4
23.5,0.1,74,1015.0,10.1,82,18.6,25.4,10.0,17.0,Patchy rain possible,4.899999999999999,12,0
29.2,0.1,73,1012.0,9.4,84,23.9,33.8,10.0,15.6,Patchy rain possible,5.300000000000001,11,0
25.0,0.0,88,1009.0,8.3,23,23.0,27.7,10.0,14.5,Clear,2.0,4,3
30.3,0.0,77,1007.0,11.8,75,24.8,36.1,9.0,23.3,Cloudy,5.5,18,1
25.6,0.0,70,1011.0,9.0,8,19.7,27.3,10.0,10.4,Sunny,5.900000000000002,9,8
22.7,0.0,88,1008.0,5.7,32,20.7,25.0,10.0,7.5,Partly cloudy,2.0,23,2
20.3,0.0,89,1016.0,9.4,100,18.4,22.3,10.0,9.6,Overcast,1.900000000000002,0,7
27.2,0.0,74,1005.0,6.0,6,22.1,29.9,10.0,12.8,Clear,5.099999999999998,23,3
26.3,2.3,88,1004.0,10.8,55,24.1,29.8,10.0,14.3,Moderate or heavy rain shower,2.1999999999999997,8,4
22.8,0.0,88,1016.0,9.7,54,20.6,25.0,10.0,15.6,Partly cloudy,2.1999999999999997,0,2
26.8,0.0,85,1008.0,9.0,18,24.1,30.6,10.0,12.2,Clear,2.6999999999999997,23,3
27.2,0.0,86,1006.0,8.4,48,24.4,31.3,10.0,18.6,Partly cloudy,2.8000000000000007,23,2
24.1,1.8,89,1015.0,15.4,98,22.2,26.4,10.0,28.3,Moderate or heavy rain shower,1.900000000000002,21,4
19.7,0.2,91,1015.0,10.1,100,18.2,21.7,2.0,15.0,Patchy rain possible,1.5,2,0
20.8,0.0,90,1018.0,7.9,100,19.1,22.8,10.0,11.3,Overcast,1.6999999999999993,22,7
22.2,0.0,95,1013.0,3.6,56,21.4,24.7,2.0,5.7,Partly cloudy,0.8000000000000007,0,2
20.8,0.3,85,1021.0,8.6,77,18.2,22.8,9.0,14.4,Patchy rain possible,2.6000000000000014,1,0
25.4,0.0,83,1005.0,8.6,62,22.3,27.8,10.0,11.2,Cloudy,3.099999999999998,1,1
29.1,0.0,80,1007.0,5.8,8,24.1,33.8,10.0,15.0,Sunny,5.0,18,8
25.1,0.0,89,1008.0,5.0,63,23.2,27.9,10.0,8.3,Cloudy,1.900000000000002,1,1
25.4,0.0,88,1007.0,8.3,13,23.3,28.2,10.0,10.7,Clear,2.099999999999998,2,3
25.1,0.1,88,1013.0,5.8,77,23.0,27.8,10.0,9.3,Patchy rain possible,2.1000000000000014,22,0
27.1,0.1,84,1014.0,11.5,81,24.2,31.0,10.0,19.7,Patchy rain possible,2.900000000000002,10,0
21.3,0.0,77,1018.0,5.7,84,17.2,23.3,10.0,13.5,Cloudy,4.100000000000001,9,1
30.6,1.28,76,1003.0,11.5,83,24.4,36.5,9.0,14.3,Heavy rain at times,6.200000000000003,16,5
26.4,0.0,82,1008.0,5.2,17,23.0,29.4,10.0,13.0,Sunny,3.3999999999999986,7,8
28.2,0.0,85,1008.0,7.2,84,23.9,32.5,9.0,13.4,Cloudy,4.300000000000001,22,1
24.3,0.4,88,1012.0,6.8,69,22.2,26.6,10.0,11.4,Patchy rain possible,2.1000000000000014,2,0
21.4,0.1,86,1018.0,4.3,88,18.9,23.4,10.0,6.4,Patchy rain possible,2.5,7,0
27.0,0.0,87,1007.0,9.5,46,24.4,31.0,10.0,22.9,Partly cloudy,2.6000000000000014,22,2
20.3,0.0,80,1016.0,6.1,54,16.7,22.3,10.0,10.3,Partly cloudy,3.6000000000000014,5,2
25.0,0.0,79,1012.0,6.1,4,21.2,27.1,10.0,8.1,Sunny,3.8000000000000007,7,8
24.9,0.0,86,1007.0,5.4,18,22.5,27.4,10.0,10.4,Sunny,2.3999999999999986,6,8
18.8,0.0,93,1012.0,9.4,22,17.6,20.8,10.0,10.9,Sunny,1.1999999999999993,7,8
29.2,0.0,77,1002.0,15.1,70,24.9,34.7,9.0,24.4,Cloudy,4.300000000000001,16,1
19.4,0.0,92,1011.0,6.1,9,18.1,21.4,10.0,11.3,Clear,1.2999999999999972,21,3
19.8,0.0,83,1016.0,2.5,100,16.8,21.8,10.0,7.9,Overcast,3.0,1,7
23.3,0.0,95,1010.0,7.9,22,22.4,25.7,2.0,8.4,Clear,0.9000000000000021,0,3
22.3,0.3,85,1019.0,3.2,83,19.6,24.7,10.0,8.3,Patchy rain possible,2.6999999999999997,9,0
23.9,0.0,88,1011.0,12.6,53,21.9,26.2,10.0,18.5,Partly cloudy,2.0,16,2
20.9,0.0,95,1012.0,8.3,51,20.1,22.9,2.0,13.5,Partly cloudy,0.7999999999999972,0,2
21.7,0.0,79,1013.0,8.3,0,18.0,23.7,10.0,9.7,Sunny,3.6999999999999993,9,8
20.4,0.0,85,1015.0,10.1,100,17.8,22.4,10.0,14.1,Overcast,2.599999999999998,5,7
21.0,0.6,93,1018.0,9.0,100,19.9,23.0,9.0,13.6,Moderate rain at times,1.1000000000000014,20,6
22.0,0.01,84,1014.0,11.9,100,19.2,24.5,10.0,15.4,Patchy rain possible,2.8000000000000007,13,0
31.7,0.0,66,1006.0,13.0,88,24.5,38.1,10.0,20.6,Overcast,7.199999999999999,15,7
23.5,0.0,90,1007.0,7.6,16,21.9,25.8,10.0,10.2,Clear,1.6000000000000014,4,3
22.5,0.1,70,1013.0,10.1,89,16.6,24.7,10.0,18.2,Patchy rain possible,5.899999999999999,16,0
28.5,0.0,73,1000.0,9.2,19,23.9,32.7,10.0,17.0,Clear,4.600000000000001,19,3
25.2,0.0,88,1003.0,6.1,41,23.0,27.9,10.0,10.7,Partly cloudy,2.1999999999999997,4,2
26.7,0.0,90,1009.0,8.4,47,24.7,30.8,10.0,15.3,Partly cloudy,2.0,23,2
29.2,0.0,81,1006.0,7.9,76,23.6,33.7,10.0,13.6,Cloudy,5.599999999999998,19,1
23.5,0.3,91,1012.0,9.7,100,21.9,25.7,10.0,15.2,Patchy rain possible,1.6000000000000014,0,0
19.3,0.0,86,1020.0,11.2,100,16.9,21.3,10.0,15.8,Overcast,2.400000000000002,8,7
30.4,0.0,71,1008.0,6.5,12,24.4,36.0,10.0,7.5,Sunny,6.0,10,8
24.3,0.3,96,1011.0,4.3,59,23.6,27.1,2.0,6.9,Patchy rain possible,0.6999999999999993,21,0
29.7,0.0,80,1004.0,5.8,36,24.6,35.2,10.0,10.1,Partly cloudy,5.099999999999998,20,2
23.6,1.6,92,1013.0,11.7,100,22.1,25.9,10.0,21.2,Moderate or heavy rain shower,1.5,3,4
25.9,0.0,94,1009.0,8.3,41,24.8,29.8,10.0,9.2,Partly cloudy,1.099999999999998,23,2
23.6,0.1,97,1010.0,5.0,64,23.1,26.1,2.0,8.5,Patchy rain possible,0.5,4,0
25.3,0.2,85,1015.0,6.1,70,22.6,27.9,10.0,11.2,Patchy rain possible,2.6999999999999997,7,0
27.9,0.1,77,1011.0,8.3,81,23.6,31.8,10.0,9.5,Patchy rain possible,4.299999999999997,11,0
28.7,0.4,77,1003.0,3.2,65,24.3,33.5,10.0,10.6,Patchy rain possible,4.399999999999999,12,0
27.1,0.0,78,1004.0,9.0,47,22.8,30.2,10.0,13.2,Partly cloudy,4.300000000000001,7,2
22.3,0.0,93,1011.0,6.8,21,21.2,24.7,10.0,12.6,Clear,1.1000000000000014,5,3
26.2,4.87,96,1003.0,9.6,65,24.2,29.8,3.0,21.2,Moderate or heavy rain shower,2.0,19,4
21.8,0.0,94,1015.0,4.0,100,20.8,23.8,2.0,5.5,Overcast,1.0,8,7
30.1,0.0,76,1006.0,11.9,77,24.1,36.5,10.0,15.3,Cloudy,6.0,15,1
24.9,0.0,87,1013.0,5.4,100,22.6,27.4,10.0,8.1,Overcast,2.299999999999997,20,7
26.2,0.0,88,1006.0,5.4,45,23.9,29.5,10.0,8.7,Partly cloudy,2.3000000000000007,19,2
31.0,0.0,65,1009.0,14.0,23,23.5,36.1,10.0,21.0,Sunny,7.5,11,8
20.2,0.0,85,1016.0,7.1,100,17.6,22.2,10.0,11.6,Overcast,2.599999999999998,1,7
26.9,0.0,84,1007.0,8.3,28,24.0,30.6,10.0,13.1,Partly cloudy,2.8999999999999986,23,2
25.4,0.0,89,1007.0,8.0,29,23.5,28.4,10.0,15.6,Partly cloudy,1.8999999999999984,23,2
28.2,0.0,78,1007.0,5.8,28,23.3,31.9,10.0,16.4,Partly cloudy,4.899999999999999,7,2
19.0,0.9,81,1017.0,10.4,100,15.6,21.0,10.0,16.6,Moderate rain at times,3.4000000000000004,23,6
26.0,0.0,76,1013.0,13.3,8,21.4,28.2,10.0,15.3,Sunny,4.600000000000001,11,8
20.0,0.3,75,1016.0,2.2,72,15.6,22.0,10.0,10.9,Patchy rain possible,4.4,10,0
23.2,0.1,88,1014.0,1.4,100,21.2,25.4,2.0,5.8,Patchy rain possible,2.0,9,0
25.4,1.0,84,1015.0,15.5,93,22.5,27.9,10.0,24.2,Heavy rain at times,2.8999999999999986,11,5
23.7,0.7,89,1014.0,3.6,100,21.7,25.9,10.0,6.0,Moderate rain at times,2.0,6,6
24.0,0.4,76,1015.0,6.8,57,19.4,25.8,10.0,23.7,Patchy rain possible,4.600000000000001,14,0
20.3,0.36,87,1016.0,11.5,100,18.2,22.4,10.0,15.8,Light rain shower,2.1000000000000014,18,9
23.8,0.0,91,1011.0,7.2,26,22.3,26.1,10.0,8.0,Partly cloudy,1.5,23,2
25.6,4.34,94,1000.0,12.1,100,24.3,29.0,7.0,19.2,Moderate or heavy rain shower,1.3000000000000007,17,4
18.6,0.0,88,1016.0,6.1,93,16.6,20.6,10.0,9.7,Overcast,2.0,5,7
25.4,0.0,89,1002.0,7.4,25,23.4,28.3,10.0,15.6,Clear,2.0,1,3
24.6,0.0,85,1009.0,6.1,70,21.9,26.9,10.0,9.0,Cloudy,2.700000000000003,21,1
24.6,0.0,68,1016.0,7.2,41,18.4,26.1,10.0,8.3,Partly cloudy,6.200000000000003,9,2
24.8,0.48,88,1015.0,10.4,89,22.8,27.4,10.0,14.7,Light rain shower,2.0,11,9
26.5,0.0,82,1005.0,6.1,22,23.1,29.6,10.0,9.3,Sunny,3.3999999999999986,7,8
27.1,0.0,76,1008.0,9.4,42,22.4,29.9,10.0,12.6,Partly cloudy,4.700000000000003,7,2
26.1,0.9,88,1003.0,10.8,56,24.0,29.5,10.0,17.7,Moderate rain at times,2.1000000000000014,20,6
22.7,0.0,83,1019.0,8.3,99,16.3,24.8,10.0,22.2,Overcast,6.399999999999999,12,7
23.0,1.5,94,1019.0,11.5,100,20.9,25.4,10.0,22.2,Moderate or heavy rain shower,2.1000000000000014,12,4
26.4,0.0,85,1008.0,6.1,20,23.7,29.7,10.0,9.0,Sunny,2.6999999999999997,7,8
19.8,0.1,81,1015.0,5.0,67,16.4,21.8,10.0,7.9,Patchy rain possible,3.400000000000002,22,0
30.4,0.4,69,1007.0,16.2,85,24.1,35.7,10.0,23.9,Patchy rain possible,6.299999999999997,14,0
26.8,0.0,86,1008.0,2.9,90,24.2,30.6,10.0,4.4,Overcast,2.6000000000000014,19,7
25.3,0.0,86,1005.0,6.8,14,22.3,27.9,10.0,8.7,Clear,3.0,19,3
23.3,14.51,98,997.0,11.0,100,23.0,25.9,5.0,19.5,Moderate or heavy rain shower,0.3000000000000007,1,4
27.4,0.0,79,1005.0,10.1,17,23.5,31.0,10.0,15.7,Sunny,3.899999999999999,7,8
24.7,0.0,91,1011.0,6.8,34,23.1,27.4,10.0,12.3,Partly cloudy,1.599999999999998,22,2
25.3,0.0,86,1010.0,6.9,15,22.8,27.9,10.0,12.8,Sunny,2.5,6,8
30.8,0.0,76,1004.0,10.8,78,25.3,37.5,9.0,17.4,Cloudy,5.5,14,1
20.2,1.5,90,1018.0,11.5,100,18.6,22.2,10.0,17.0,Moderate or heavy rain shower,1.599999999999998,0,4
25.8,0.0,86,1002.0,6.8,25,23.2,28.7,10.0,8.4,Clear,2.6000000000000014,4,3
24.1,0.1,91,1013.0,5.4,84,22.5,26.5,10.0,9.4,Patchy rain possible,1.6000000000000014,0,0
29.3,0.1,73,1010.0,11.9,72,24.0,34.0,10.0,18.5,Patchy rain possible,5.300000000000001,13,0
25.0,0.0,91,1009.0,5.8,20,23.4,27.8,10.0,9.5,Clear,1.6000000000000014,1,3
24.3,0.0,90,1010.0,4.5,21,22.7,26.8,10.0,9.7,Clear,1.6000000000000014,21,3
26.6,0.0,84,1002.0,8.6,92,23.8,30.1,10.0,16.4,Overcast,2.8000000000000007,19,7
26.1,0.0,89,1009.0,5.2,28,24.0,29.5,10.0,10.9,Partly cloudy,2.1000000000000014,1,2
24.2,0.0,75,1011.0,11.9,13,19.5,25.9,10.0,18.7,Sunny,4.699999999999999,16,8
26.8,0.1,84,1010.0,8.3,80,23.9,30.4,10.0,12.3,Patchy rain possible,2.900000000000002,17,0
25.2,0.0,88,1009.0,2.5,38,23.1,28.0,10.0,7.5,Partly cloudy,2.099999999999998,7,2
21.6,0.5,97,1014.0,7.2,100,21.2,23.6,0.0,11.0,Moderate rain at times,0.4000000000000021,6,6
21.0,0.0,88,1016.0,6.1,13,19.0,23.0,10.0,9.9,Clear,2.0,19,3
20.2,0.2,89,1018.0,2.5,100,18.3,22.2,10.0,3.8,Patchy rain possible,1.8999999999999984,1,0
26.4,0.0,83,1008.0,5.0,59,23.4,29.6,10.0,9.5,Partly cloudy,3.0,21,2
23.2,0.0,91,1013.0,5.4,20,21.7,25.5,10.0,9.9,Clear,1.5,23,3
22.0,0.3,95,1016.0,4.3,100,21.1,24.0,2.0,5.8,Patchy rain possible,0.8999999999999986,9,0
27.4,0.0,83,1005.0,9.7,85,24.2,31.4,9.0,15.6,Overcast,3.1999999999999997,19,7
26.2,0.0,86,1008.0,6.9,52,23.9,29.6,10.0,13.6,Partly cloudy,2.3000000000000007,23,2
25.8,0.0,85,1005.0,7.6,47,23.2,28.7,10.0,9.9,Partly cloudy,2.6000000000000014,2,2
22.8,0.4,91,1012.0,4.2,100,21.2,25.1,10.0,7.6,Patchy rain possible,1.6000000000000014,5,0
26.3,0.0,88,1009.0,5.2,20,23.7,30.0,10.0,7.5,Clear,2.6000000000000014,22,3
28.0,0.0,71,1000.0,8.7,28,22.3,31.0,10.0,16.6,Partly cloudy,5.699999999999999,23,2
24.3,0.0,85,1010.0,8.3,16,21.6,26.5,10.0,10.3,Sunny,2.6999999999999997,6,8
27.9,1.32,85,1009.0,10.8,77,24.1,32.2,7.0,16.7,Heavy rain at times,3.799999999999997,19,5
26.1,0.0,83,1005.0,9.0,5,23.0,29.0,10.0,11.5,Clear,3.1000000000000014,4,3
20.2,0.7,94,1021.0,11.5,100,19.2,22.2,10.0,16.1,Moderate rain at times,1.0,18,6
29.4,0.1,78,1009.0,10.4,71,23.3,35.1,5.0,16.1,Patchy rain possible,6.099999999999998,9,0
26.4,0.0,88,1004.0,7.6,70,24.2,30.1,10.0,14.7,Cloudy,2.1999999999999997,20,1
21.2,0.0,84,1015.0,12.2,100,18.5,23.2,10.0,21.6,Overcast,2.6999999999999997,18,7
20.2,0.0,84,1017.0,9.7,66,17.5,22.2,10.0,20.5,Cloudy,2.6999999999999997,18,1
26.0,0.0,84,1012.0,8.3,83,23.1,28.8,9.0,15.2,Cloudy,2.8999999999999986,16,1
19.1,0.0,80,1025.0,15.6,84,15.6,21.1,10.0,26.2,Cloudy,3.5000000000000018,20,1
21.9,0.4,97,1017.0,3.2,100,21.4,23.9,10.0,4.5,Patchy rain possible,0.5,18,0
19.2,0.6,85,1018.0,11.2,100,16.6,21.2,10.0,16.3,Moderate rain at times,2.599999999999998,6,6
20.2,0.7,92,1018.0,14.0,97,18.8,22.2,10.0,26.7,Moderate rain at times,1.3999999999999986,0,6
24.9,0.0,78,1012.0,14.4,66,20.7,26.8,10.0,27.7,Cloudy,4.199999999999999,17,1
24.5,0.0,85,1006.0,6.1,19,21.7,26.7,10.0,12.7,Clear,2.8000000000000007,3,3
29.4,0.0,74,1002.0,15.5,81,24.4,34.5,9.0,18.0,Cloudy,5.0,14,1
21.9,0.0,97,1013.0,5.4,94,21.3,23.9,2.0,8.4,Overcast,0.5999999999999979,23,7
26.1,0.0,87,1003.0,6.5,20,23.7,29.4,10.0,13.4,Clear,2.400000000000002,0,3
23.1,0.2,89,1011.0,9.4,61,21.3,25.3,10.0,15.3,Patchy rain possible,1.8000000000000007,3,0
23.7,0.1,89,1012.0,4.3,78,21.9,26.0,10.0,7.2,Patchy rain possible,1.8000000000000007,2,0
23.9,2.5,93,1011.0,14.4,100,22.8,26.4,10.0,26.7,Moderate or heavy rain shower,1.099999999999998,1,4
19.2,0.0,85,1017.0,11.9,100,16.5,21.2,10.0,16.7,Overcast,2.6999999999999997,1,7
25.2,0.0,89,1007.0,5.8,11,23.4,28.1,10.0,9.9,Clear,1.8000000000000007,5,3
18.9,0.0,91,1023.0,12.6,100,17.4,20.9,10.0,17.3,Overcast,1.5,22,7
26.5,0.0,88,1007.0,3.6,20,24.4,30.4,10.0,5.9,Clear,2.1000000000000014,23,3
21.6,0.1,92,1021.0,9.0,100,20.2,23.6,2.0,19.1,Patchy rain possible,1.400000000000002,13,0
24.7,0.1,91,1011.0,4.3,76,23.1,27.3,10.0,7.1,Patchy rain possible,1.599999999999998,1,0
23.0,0.0,86,1014.0,13.3,48,20.5,25.2,10.0,21.3,Partly cloudy,2.5,19,2
21.1,0.2,91,1017.0,5.8,100,19.6,23.1,10.0,9.3,Patchy rain possible,1.5,5,0
21.5,0.4,86,1016.0,11.3,100,19.0,23.5,10.0,17.5,Patchy rain possible,2.5,5,0
21.5,0.0,88,1008.0,7.6,13,20.1,23.5,10.0,12.9,Clear,1.3999999999999986,1,3
20.4,0.2,93,1012.0,5.8,88,19.2,22.4,10.0,10.5,Patchy rain possible,1.1999999999999993,5,0
27.7,0.0,70,1004.0,7.6,67,21.7,30.4,10.0,15.1,Cloudy,6.0,4,1
27.2,0.0,75,1002.0,11.2,48,22.5,30.2,10.0,15.6,Partly cloudy,4.699999999999999,4,2
24.1,0.0,91,1011.0,5.0,22,22.6,26.6,10.0,8.5,Clear,1.5,5,3
27.4,0.0,87,1003.0,8.2,30,24.9,32.0,10.0,16.8,Partly cloudy,2.5,23,2
20.6,0.0,90,1009.0,6.5,2,18.9,22.6,10.0,11.0,Clear,1.7000000000000028,18,3
22.4,0.9,85,1015.0,7.6,64,19.8,24.7,10.0,9.9,Moderate rain at times,2.599999999999998,16,6
22.3,0.0,92,1006.0,6.8,100,20.9,24.8,9.0,10.2,Overcast,1.400000000000002,19,7
21.9,0.0,94,1007.0,6.5,25,20.9,23.9,10.0,8.3,Clear,1.0,4,3
24.6,0.0,66,1016.0,11.2,10,17.9,26.1,10.0,17.2,Sunny,6.700000000000003,12,8
24.9,0.0,88,1007.0,7.9,34,22.8,27.5,10.0,13.7,Partly cloudy,2.099999999999998,5,2
27.5,0.0,87,1008.0,10.4,82,25.2,32.3,9.0,16.1,Cloudy,2.3000000000000007,18,1
27.2,0.0,77,1009.0,11.9,6,22.9,30.3,10.0,14.8,Sunny,4.300000000000001,17,8
27.6,0.0,76,1008.0,16.2,83,22.5,31.0,10.0,24.0,Cloudy,5.100000000000001,15,1
21.9,2.0,94,1020.0,17.0,100,20.9,23.9,7.0,26.2,Moderate or heavy rain shower,1.0,21,4
23.8,0.5,84,1017.0,13.2,76,20.9,25.8,2.0,22.0,Moderate rain at times,2.900000000000002,23,6
25.8,10.9,91,1012.0,9.4,94,24.3,29.3,10.0,17.5,Moderate or heavy rain shower,1.5,13,4
28.3,0.6,80,1003.0,9.7,80,24.6,33.1,10.0,13.9,Moderate rain at times,3.6999999999999993,17,6
18.2,0.5,83,1019.0,6.8,100,15.3,20.2,10.0,17.6,Moderate rain at times,2.8999999999999986,12,6
21.7,0.1,96,1011.0,9.0,70,21.0,23.7,2.0,14.5,Patchy rain possible,0.6999999999999993,3,0
26.8,0.0,79,1004.0,6.5,28,22.8,29.8,10.0,8.2,Partly cloudy,4.0,8,2
25.6,0.0,91,1010.0,8.6,71,24.0,28.8,10.0,11.7,Cloudy,1.6000000000000014,23,1
24.2,0.0,82,1010.0,11.7,9,20.9,26.2,10.0,20.5,Clear,3.3000000000000007,19,3
28.1,0.0,64,1005.0,14.4,13,20.6,30.3,10.0,18.4,Sunny,7.5,12,8
27.5,0.0,75,1005.0,6.8,30,22.8,30.6,10.0,8.9,Partly cloudy,4.699999999999999,8,2
19.6,0.3,91,1017.0,6.8,100,18.1,21.6,10.0,9.8,Patchy rain possible,1.5,7,0
25.9,0.0,85,1005.0,7.6,20,23.3,28.9,10.0,9.9,Clear,2.599999999999998,5,3
26.6,0.0,86,1003.0,7.6,47,24.0,30.1,10.0,10.9,Partly cloudy,2.6000000000000014,7,2
24.0,1.1,89,1013.0,12.0,66,22.1,26.3,10.0,30.7,Heavy rain at times,1.8999999999999984,17,5
23.7,0.0,81,1015.0,13.7,70,20.2,25.6,10.0,20.6,Cloudy,3.5,17,1
16.6,0.0,89,1012.0,8.6,2,14.9,18.6,10.0,12.7,Clear,1.700000000000001,4,3
19.6,0.0,85,1017.0,7.6,100,17.4,21.6,10.0,10.7,Overcast,2.200000000000003,23,7
29.6,0.0,78,1006.0,7.2,75,25.3,35.8,10.0,16.7,Cloudy,4.300000000000001,18,1
27.4,0.0,82,1005.0,6.0,22,24.2,31.5,10.0,12.2,Clear,3.1999999999999997,22,3
28.8,0.0,78,1005.0,6.1,84,24.6,33.9,10.0,14.5,Cloudy,4.199999999999999,10,1
24.5,0.0,88,1007.0,6.0,83,22.4,26.9,10.0,7.6,Cloudy,2.1000000000000014,1,1
20.4,0.2,81,1016.0,7.6,80,17.0,22.4,10.0,12.2,Patchy rain possible,3.3999999999999986,19,0
22.9,0.6,91,1012.0,5.0,58,21.4,25.2,10.0,8.3,Moderate rain at times,1.5,18,6
26.1,0.3,75,1015.0,12.6,73,21.3,28.2,10.0,21.6,Patchy rain possible,4.800000000000001,10,0
24.3,0.2,89,1013.0,10.4,71,22.4,26.6,10.0,16.9,Patchy rain possible,1.900000000000002,19,0
21.1,0.0,93,1019.0,8.6,100,19.9,23.1,2.0,12.3,Overcast,1.2000000000000028,8,7
27.5,0.6,84,1004.0,7.6,76,24.6,31.9,9.0,14.8,Moderate rain at times,2.8999999999999986,16,6
26.4,0.0,79,1009.0,10.8,14,22.5,29.1,10.0,14.3,Sunny,3.899999999999999,9,8
21.5,0.0,86,1005.0,5.4,73,19.1,23.5,10.0,8.9,Cloudy,2.3999999999999986,2,1
22.8,0.2,90,1011.0,9.4,92,21.1,25.1,10.0,11.4,Patchy rain possible,1.6999999999999993,2,0
24.9,0.0,71,1012.0,11.5,4,19.0,26.6,10.0,18.7,Sunny,5.899999999999999,15,8
25.5,0.0,79,1006.0,10.8,24,21.6,27.7,10.0,15.9,Sunny,3.899999999999999,6,8
23.2,0.0,94,1007.0,7.9,83,22.1,25.6,10.0,9.9,Cloudy,1.099999999999998,4,1
20.4,0.0,86,1015.0,5.0,61,18.0,22.4,10.0,7.8,Cloudy,2.3999999999999986,23,1
25.3,0.0,92,1006.0,4.3,82,24.0,28.5,10.0,6.7,Cloudy,1.3000000000000007,1,1
31.5,0.0,65,997.0,9.8,22,24.3,37.4,10.0,19.5,Sunny,7.199999999999999,17,8
22.2,0.5,92,1016.0,10.8,100,20.9,24.6,2.0,19.1,Moderate rain at times,1.3000000000000007,15,6
27.4,0.0,77,1013.0,10.8,78,23.1,30.7,9.0,28.2,Cloudy,4.299999999999997,11,1
27.2,0.0,80,1003.0,8.6,46,23.5,30.7,10.0,11.4,Partly cloudy,3.6999999999999993,1,2
22.2,0.0,87,1013.0,5.0,75,20.1,24.6,10.0,8.4,Cloudy,2.099999999999998,0,1
20.1,0.0,92,1020.0,18.0,100,18.7,22.1,10.0,24.2,Overcast,1.400000000000002,19,7
25.9,0.0,80,1004.0,10.4,24,22.2,28.4,10.0,14.9,Clear,3.6999999999999993,4,3
24.1,0.0,90,1010.0,7.6,83,22.3,26.4,10.0,12.5,Cloudy,1.8000000000000007,4,1
27.6,0.1,88,1004.0,10.4,86,24.9,32.2,10.0,19.7,Patchy rain possible,2.700000000000003,21,0
25.0,0.0,86,1007.0,6.8,11,22.5,27.4,10.0,8.9,Clear,2.5,5,3
21.6,0.0,77,1015.0,12.2,78,17.3,23.6,10.0,15.8,Cloudy,4.300000000000001,16,1
23.3,3.3,93,1011.0,11.9,100,22.2,25.6,10.0,17.9,Moderate or heavy rain shower,1.1000000000000014,1,4
26.1,0.0,78,999.0,12.2,35,22.0,28.6,10.0,18.9,Partly cloudy,4.100000000000001,4,2
26.1,0.0,83,1002.0,9.0,18,23.0,29.0,10.0,12.7,Sunny,3.1000000000000014,6,8
29.8,4.75,91,1006.0,6.5,52,24.6,35.5,6.0,14.7,Moderate or heavy rain shower,5.199999999999999,17,4
21.4,0.07,85,1016.0,14.8,100,18.8,23.4,10.0,21.4,Patchy rain possible,2.599999999999998,21,0
30.1,0.0,72,1008.0,14.8,2,23.3,35.6,10.0,23.4,Sunny,6.800000000000001,14,8
20.6,0.3,90,1016.0,6.5,100,18.9,22.6,2.0,9.9,Patchy rain possible,1.7000000000000028,2,0
23.5,0.5,96,1011.0,11.4,100,22.7,26.0,9.0,18.3,Moderate rain at times,0.8000000000000007,7,6
25.2,0.0,87,1002.0,7.2,74,22.9,27.9,10.0,12.8,Cloudy,2.3000000000000007,3,1
24.2,7.6,89,1011.0,7.6,100,22.3,26.6,10.0,12.7,Moderate or heavy rain shower,1.8999999999999984,19,4
25.9,0.0,87,1005.0,6.4,87,24.2,29.0,9.0,9.9,Overcast,1.6999999999999993,2,7
21.1,0.2,88,1015.0,7.6,75,19.0,23.1,10.0,8.1,Patchy rain possible,2.1000000000000014,19,0
26.2,0.0,91,1007.0,9.4,30,23.7,29.9,10.0,13.6,Partly cloudy,2.5,17,2
20.4,0.5,91,1017.0,10.1,100,18.9,22.4,2.0,13.7,Moderate rain at times,1.5,1,6
22.1,0.0,96,1014.0,4.0,100,21.4,24.6,2.0,6.1,Overcast,0.7000000000000028,21,7
20.0,0.5,85,1015.0,11.9,100,17.5,22.0,10.0,23.3,Moderate rain at times,2.5,13,6
30.2,7.2,71,1004.0,7.9,77,24.4,35.7,10.0,15.7,Moderate or heavy rain shower,5.800000000000001,12,4
23.9,0.0,82,1008.0,5.1,10,20.6,25.9,10.0,12.0,Clear,3.299999999999997,5,3
20.5,0.4,95,1021.0,13.0,100,19.7,22.5,9.0,18.3,Patchy rain possible,0.8000000000000007,10,0
20.6,0.03,83,1016.0,13.3,100,17.6,22.6,10.0,19.2,Patchy rain possible,3.0,0,0
25.1,0.0,91,1006.0,6.1,63,23.4,27.9,10.0,7.9,Cloudy,1.7000000000000028,5,1
26.1,0.0,84,1009.0,6.8,14,23.2,29.1,10.0,10.9,Sunny,2.900000000000002,7,8
29.8,0.0,70,1012.0,9.7,3,22.2,34.3,10.0,15.3,Sunny,7.600000000000001,10,8
25.3,0.0,89,1007.0,9.4,26,23.3,28.2,10.0,16.2,Partly cloudy,2.0,22,2
24.3,0.3,86,1015.0,11.9,85,21.7,26.5,10.0,15.0,Patchy rain possible,2.6000000000000014,8,0
23.0,0.0,93,1014.0,7.2,29,21.8,25.4,10.0,11.6,Partly cloudy,1.1999999999999993,19,2
23.3,0.0,88,1013.0,5.9,100,21.2,25.5,10.0,9.8,Overcast,2.1000000000000014,19,7
25.0,0.0,87,1006.0,6.8,13,22.6,27.5,10.0,8.1,Clear,2.3999999999999986,5,3
18.4,0.0,89,1010.0,5.8,0,16.5,20.4,10.0,11.2,Clear,1.8999999999999984,1,3
21.1,0.0,92,1012.0,5.8,22,19.7,23.1,10.0,9.7,Clear,1.400000000000002,23,3
20.9,0.0,84,1014.0,9.7,77,18.2,22.9,10.0,14.3,Cloudy,2.6999999999999997,19,1
26.5,0.09,91,1008.0,7.9,77,24.9,30.7,10.0,14.0,Patchy rain possible,1.6000000000000014,21,0
19.5,0.0,94,1015.0,6.5,60,18.5,21.5,2.0,6.7,Partly cloudy,1.0,6,2
21.4,0.4,87,1014.0,10.8,100,19.2,23.4,2.0,17.4,Patchy rain possible,2.1999999999999997,13,0
24.0,0.1,93,1011.0,4.7,88,22.8,26.5,10.0,13.2,Patchy rain possible,1.1999999999999993,18,0
19.8,0.7,93,1017.0,10.8,100,18.6,21.8,9.0,15.8,Moderate rain at times,1.1999999999999993,2,6
20.9,0.1,95,1014.0,7.9,100,20.0,22.9,2.0,12.0,Patchy rain possible,0.8999999999999986,5,0
27.2,0.0,86,1007.0,1.1,83,24.7,31.6,5.0,1.8,Cloudy,2.5,19,1
19.1,0.0,91,1022.0,8.8,100,17.6,21.1,10.0,18.4,Overcast,1.5,20,7
26.9,0.0,74,1007.0,5.4,31,21.8,29.4,10.0,7.6,Partly cloudy,5.099999999999998,7,2
26.1,0.2,87,1004.0,8.6,77,23.8,29.4,10.0,15.4,Patchy rain possible,2.3000000000000007,23,0
25.8,0.0,89,1008.0,6.1,36,23.8,29.0,10.0,10.3,Partly cloudy,2.0,1,2
27.6,0.0,88,1009.0,7.2,54,25.4,32.6,5.0,11.7,Partly cloudy,2.200000000000003,21,2
22.7,0.2,91,1012.0,7.9,100,21.2,25.0,10.0,11.3,Patchy rain possible,1.5,3,0
26.0,0.0,85,1005.0,10.1,13,23.3,28.9,10.0,14.9,Sunny,2.6999999999999997,6,8
20.6,0.0,84,1016.0,10.8,100,17.8,22.6,10.0,14.8,Overcast,2.8000000000000007,0,7
29.1,0.0,68,1007.0,6.8,13,22.5,32.7,10.0,7.9,Sunny,6.600000000000001,8,8
26.4,0.2,87,1011.0,8.6,85,24.0,29.9,5.0,12.0,Patchy rain possible,2.3999999999999986,17,0
26.1,0.0,79,1003.0,8.3,31,22.3,28.7,10.0,14.1,Partly cloudy,3.8000000000000007,3,2
31.2,0.0,69,1006.0,11.2,9,24.5,37.3,10.0,14.0,Sunny,6.699999999999999,8,8
26.8,0.0,90,1007.0,12.9,81,23.6,31.2,7.0,28.4,Cloudy,3.1999999999999997,14,1
21.9,0.1,95,1018.0,8.3,100,21.0,23.9,10.0,12.0,Patchy rain possible,0.8999999999999986,6,0
20.3,0.0,96,1013.0,5.5,75,19.7,22.3,2.0,9.8,Cloudy,0.6000000000000014,6,1
29.3,0.0,85,1007.0,9.0,78,24.4,34.5,10.0,15.9,Cloudy,4.900000000000002,13,1
25.4,0.2,88,1014.0,5.0,52,23.2,28.2,10.0,7.1,Patchy rain possible,2.1999999999999997,7,0
21.9,0.3,94,1013.0,5.0,79,21.0,23.9,2.0,8.3,Patchy rain possible,0.8999999999999986,20,0
22.9,0.0,94,1011.0,4.7,26,21.8,25.3,10.0,8.4,Partly cloudy,1.099999999999998,2,2
27.6,0.0,80,1011.0,5.8,12,23.8,31.5,10.0,6.8,Sunny,3.8000000000000007,8,8
22.8,0.0,91,1006.0,5.2,27,21.2,25.1,10.0,6.6,Partly cloudy,1.6000000000000014,2,2
29.1,0.1,80,1005.0,6.6,62,25.3,34.8,5.0,16.5,Patchy rain possible,3.8000000000000007,18,0
26.1,0.0,80,1012.0,14.4,82,22.3,28.6,10.0,22.8,Cloudy,3.8000000000000007,9,1
24.1,0.0,87,1005.0,10.5,77,21.7,26.2,10.0,18.1,Cloudy,2.400000000000002,16,1
24.3,0.1,90,1011.0,7.6,80,22.5,26.7,10.0,9.3,Patchy rain possible,1.8000000000000007,0,0
24.5,0.0,82,1012.0,13.7,87,21.2,26.6,10.0,22.4,Overcast,3.3000000000000007,16,7
23.2,0.0,82,1017.0,9.7,53,19.9,25.3,10.0,15.6,Partly cloudy,3.3000000000000007,23,2
29.1,0.0,83,1005.0,5.0,78,25.4,35.1,10.0,12.1,Cloudy,3.700000000000003,18,1
26.3,0.0,84,1013.0,4.3,12,23.4,29.4,10.0,5.3,Sunny,2.900000000000002,8,8
25.4,0.0,80,1013.0,7.9,61,21.7,27.6,10.0,9.6,Cloudy,3.6999999999999993,8,1
23.5,0.3,73,1016.0,7.6,78,18.3,25.3,10.0,13.5,Patchy rain possible,5.199999999999999,11,0
19.7,0.1,86,1019.0,9.1,100,17.2,21.7,10.0,14.7,Patchy rain possible,2.5,5,0
23.2,0.0,84,1014.0,11.2,47,20.3,25.3,10.0,20.1,Partly cloudy,2.8999999999999986,19,2
20.5,0.0,87,1019.0,4.3,100,18.3,22.5,2.0,5.5,Overcast,2.1999999999999997,9,7
26.4,0.0,76,1004.0,9.0,13,21.9,28.9,10.0,12.1,Clear,4.5,2,3
23.8,0.0,86,1009.0,9.0,19,21.3,25.9,10.0,11.5,Clear,2.5,5,3
24.4,0.1,90,1011.0,6.1,78,22.6,26.8,10.0,9.3,Patchy rain possible,1.7999999999999972,6,0
26.1,0.0,89,1010.0,4.3,72,24.1,29.5,5.0,8.1,Cloudy,2.0,20,1
25.6,2.3,83,1001.0,8.6,79,22.5,28.1,10.0,15.5,Moderate or heavy rain shower,3.1000000000000014,19,4
26.8,0.0,89,1007.0,6.2,14,24.5,30.8,10.0,12.4,Clear,2.3000000000000007,1,3
27.6,0.1,81,1012.0,13.7,89,23.1,31.0,10.0,23.4,Patchy rain possible,4.5,10,0
19.2,0.2,90,1018.0,10.1,100,17.5,21.2,10.0,13.5,Patchy rain possible,1.6999999999999993,17,0
21.2,0.0,76,1020.0,13.0,75,16.8,23.2,10.0,22.7,Cloudy,4.399999999999999,17,1
23.7,0.0,91,1007.0,5.4,22,22.1,26.0,10.0,7.5,Clear,1.599999999999998,5,3
26.2,0.1,91,1008.0,2.5,77,24.7,30.0,10.0,4.3,Patchy rain possible,1.5,23,0
19.4,0.1,90,1020.0,9.7,100,17.7,21.4,10.0,13.4,Patchy rain possible,1.6999999999999993,7,0
29.0,0.0,76,1008.0,14.8,3,22.5,32.7,10.0,24.6,Sunny,6.5,16,8
21.5,0.0,84,1017.0,13.6,100,18.7,23.5,10.0,23.2,Overcast,2.8000000000000007,18,7
26.9,0.1,80,1012.0,3.6,61,23.1,30.1,10.0,4.2,Patchy rain possible,3.799999999999997,9,0
24.3,1.6,94,1004.0,5.0,85,23.3,27.0,7.0,12.8,Moderate or heavy rain shower,1.0,17,4
27.7,0.0,80,1010.0,10.1,72,23.8,31.6,9.0,11.6,Cloudy,3.899999999999999,12,1
28.6,0.0,74,1003.0,5.4,49,23.9,33.0,10.0,6.6,Partly cloudy,4.700000000000003,8,2
19.0,0.1,79,1026.0,16.3,93,15.4,21.0,10.0,25.8,Patchy rain possible,3.6,21,0
21.6,0.0,84,1018.0,9.4,100,17.1,23.6,10.0,18.5,Overcast,4.5,12,7
20.3,0.0,84,1012.0,5.4,28,17.5,22.3,10.0,8.5,Partly cloudy,2.8000000000000007,2,2
19.6,0.0,89,1017.0,9.7,100,17.9,21.6,10.0,15.1,Overcast,1.7000000000000028,0,7
26.9,0.0,77,1008.0,15.5,10,22.4,29.7,10.0,25.7,Sunny,4.5,14,8
27.1,0.1,73,1015.0,13.0,71,21.7,29.6,10.0,19.9,Patchy rain possible,5.400000000000002,11,0
23.1,0.0,92,1011.0,6.8,24,21.8,25.5,10.0,7.9,Clear,1.3000000000000007,4,3
22.0,0.0,84,1013.0,1.4,23,19.1,24.0,10.0,2.2,Clear,2.8999999999999986,20,3
25.7,0.0,94,1009.0,8.6,71,24.6,29.3,10.0,12.5,Cloudy,1.099999999999998,7,1
25.7,0.0,75,1004.0,7.6,14,20.9,27.7,10.0,10.9,Clear,4.800000000000001,5,3
25.1,0.0,90,1008.0,5.7,39,22.9,28.0,10.0,8.6,Partly cloudy,2.200000000000003,21,2
24.6,0.7,79,1000.0,10.1,80,20.9,26.6,10.0,15.8,Moderate rain at times,3.700000000000003,16,6
25.6,0.0,89,1008.0,6.8,68,23.7,28.7,10.0,11.3,Cloudy,1.900000000000002,6,1
21.9,0.1,94,1017.0,6.8,100,20.9,23.9,2.0,9.7,Patchy rain possible,1.0,5,0
20.4,0.0,78,1018.0,13.3,57,16.5,22.4,10.0,18.3,Partly cloudy,3.899999999999999,8,2
22.6,0.0,67,1019.0,14.0,81,16.3,24.8,10.0,23.8,Cloudy,6.300000000000001,15,1
23.3,0.0,89,1011.0,5.0,6,21.5,25.5,10.0,8.6,Clear,1.8000000000000007,23,3
24.8,0.0,92,1008.0,5.2,17,23.3,27.5,10.0,5.8,Clear,1.5,2,3
20.1,2.2,93,1022.0,18.0,100,18.9,22.1,9.0,30.0,Moderate or heavy rain shower,1.2000000000000028,21,4
28.2,0.1,72,1004.0,8.6,87,22.6,31.5,10.0,16.1,Patchy rain possible,5.599999999999998,22,0
20.3,0.0,89,1014.0,4.7,88,18.5,22.3,10.0,7.6,Overcast,1.8000000000000007,1,7
30.4,7.4,69,1003.0,10.0,71,24.1,35.8,10.0,18.5,Moderate or heavy rain shower,6.299999999999997,15,4
23.9,0.0,92,1012.0,6.8,18,22.4,26.2,10.0,7.7,Clear,1.5,22,3
23.8,1.1,90,1007.0,5.0,75,22.0,26.1,5.0,6.9,Heavy rain at times,1.8000000000000007,11,5
19.1,0.0,91,1017.0,7.2,100,17.6,21.1,10.0,10.8,Overcast,1.5,21,7
22.8,0.4,69,1023.0,11.5,70,16.8,24.9,10.0,20.3,Patchy rain possible,6.0,10,0
23.7,0.8,93,1014.0,13.7,75,22.5,26.1,10.0,23.2,Moderate rain at times,1.1999999999999993,21,6
29.9,0.1,77,1001.0,6.5,74,24.7,35.6,9.0,15.6,Patchy rain possible,5.199999999999999,14,0
23.6,0.3,90,1012.0,11.3,100,22.4,25.9,10.0,27.5,Patchy rain possible,1.2000000000000028,2,0
22.4,0.0,89,1008.0,7.6,84,20.5,24.8,10.0,12.9,Cloudy,1.8999999999999984,23,1
27.4,0.1,82,1007.0,5.4,71,24.0,31.3,10.0,9.6,Patchy rain possible,3.3999999999999986,20,0
20.4,0.0,85,1015.0,10.1,100,17.8,22.4,10.0,13.8,Overcast,2.599999999999998,2,7
21.5,0.8,85,1020.0,14.1,100,18.9,23.5,10.0,24.9,Moderate rain at times,2.6000000000000014,10,6
28.8,0.0,71,1010.0,11.2,24,22.9,32.5,10.0,13.7,Sunny,5.900000000000002,9,8
21.4,0.0,82,1016.0,10.8,59,18.1,23.4,10.0,26.0,Partly cloudy,3.299999999999997,16,2
27.6,3.17,96,1002.0,13.3,95,24.9,32.3,7.0,26.7,Moderate or heavy rain shower,2.700000000000003,12,4
24.4,0.0,89,1008.0,5.5,19,22.4,26.8,10.0,7.2,Clear,2.0,0,3
25.5,0.0,92,1007.0,6.8,19,24.1,28.8,10.0,11.8,Clear,1.3999999999999986,2,3
20.9,0.0,88,1018.0,7.9,100,18.9,22.9,10.0,8.1,Overcast,2.0,19,7
18.7,0.0,86,1015.0,7.6,61,16.3,20.7,10.0,13.5,Cloudy,2.3999999999999986,5,1
27.8,0.1,75,1012.0,15.5,82,23.1,31.3,9.0,26.7,Patchy rain possible,4.699999999999999,14,0
20.6,0.2,93,1016.0,9.1,100,19.4,22.6,10.0,18.5,Patchy rain possible,1.2000000000000028,3,0
21.2,0.0,96,1013.0,10.4,71,20.5,23.2,2.0,15.7,Cloudy,0.6999999999999993,1,1
18.2,0.0,93,1011.0,8.3,27,17.1,20.2,10.0,10.4,Partly cloudy,1.099999999999998,5,2
24.7,0.0,91,1010.0,3.2,81,23.1,27.4,9.0,9.8,Cloudy,1.599999999999998,18,1
19.5,0.2,83,1019.0,8.4,94,16.5,21.5,10.0,13.7,Patchy rain possible,3.0,20,0
21.1,0.0,84,1020.0,10.1,100,16.8,23.1,10.0,17.7,Overcast,4.300000000000001,10,7
28.4,0.0,72,1005.0,7.2,18,22.8,31.9,10.0,10.9,Sunny,5.599999999999998,7,8
25.0,0.0,71,1011.0,10.8,0,19.4,26.6,10.0,16.5,Sunny,5.600000000000001,11,8
24.5,0.0,85,1004.0,7.6,32,21.9,26.8,10.0,10.1,Partly cloudy,2.6000000000000014,5,2
26.9,0.0,88,1009.0,9.7,55,24.8,31.3,10.0,10.2,Partly cloudy,2.099999999999998,20,2
19.2,0.0,84,1015.0,9.4,100,16.5,21.2,10.0,13.5,Overcast,2.6999999999999997,4,7
20.4,0.2,93,1017.0,11.5,100,19.3,22.4,2.0,15.7,Patchy rain possible,1.099999999999998,3,0
28.7,0.25,81,1006.0,10.1,71,25.1,34.1,9.0,14.4,Patchy rain possible,3.599999999999998,16,0
25.8,0.0,92,1008.0,6.8,10,23.6,29.3,10.0,7.8,Clear,2.1999999999999997,21,3
26.9,0.0,77,1003.0,5.8,71,22.6,29.7,9.0,8.5,Cloudy,4.299999999999997,7,1
19.1,0.0,76,1013.0,6.5,0,14.7,21.1,10.0,10.7,Clear,4.400000000000002,18,3
22.5,0.0,81,1018.0,4.0,70,19.0,24.8,10.0,5.1,Cloudy,3.5,8,1
29.4,0.0,70,1003.0,9.3,21,23.4,33.7,10.0,16.1,Sunny,6.0,8,8
29.6,0.0,77,1005.0,6.5,72,23.4,34.1,9.0,15.8,Cloudy,6.200000000000003,18,1
24.4,0.0,87,1011.0,17.3,50,22.1,26.7,10.0,27.3,Partly cloudy,2.299999999999997,16,2
27.8,0.2,73,1015.0,8.6,79,22.6,31.0,10.0,15.4,Patchy rain possible,5.199999999999999,9,0
24.1,2.4,95,1006.0,9.4,85,23.2,26.7,2.0,13.8,Moderate or heavy rain shower,0.9000000000000021,21,4
26.4,0.3,87,1005.0,8.3,86,24.1,30.0,9.0,15.7,Patchy rain possible,2.299999999999997,19,0
26.3,2.1,90,1003.0,14.8,88,24.6,30.2,10.0,23.5,Moderate or heavy rain shower,1.6999999999999993,12,4
24.3,1.7,89,1011.0,6.8,74,22.3,26.7,10.0,11.8,Moderate or heavy rain shower,2.0,1,4
20.1,1.0,84,1020.0,12.2,100,17.4,22.1,10.0,16.1,Heavy rain at times,2.700000000000003,10,5
24.3,0.0,88,1006.0,4.9,18,22.3,26.7,10.0,9.8,Clear,2.0,3,3
24.7,0.0,90,1009.0,8.3,65,22.9,27.3,10.0,12.7,Cloudy,1.8000000000000007,2,1
25.9,0.0,77,1007.0,7.6,38,21.7,28.2,10.0,9.6,Partly cloudy,4.199999999999999,4,2
21.5,0.02,87,1014.0,15.5,100,19.3,23.5,10.0,21.4,Patchy rain possible,2.1999999999999997,18,0
20.4,0.35,88,1015.0,14.0,100,18.5,22.4,10.0,18.8,Light rain shower,1.8999999999999984,16,9
16.2,0.0,91,1011.0,7.9,9,15.1,18.2,10.0,10.6,Clear,1.0999999999999996,5,3
25.2,0.1,90,1007.0,7.0,84,24.1,28.4,10.0,14.6,Patchy rain possible,1.099999999999998,1,0
30.7,0.3,67,1009.0,7.2,76,23.9,36.0,10.0,14.5,Patchy rain possible,6.800000000000001,12,0
21.7,0.0,83,1013.0,2.9,59,18.7,23.7,10.0,9.5,Partly cloudy,3.0,0,2
22.9,0.2,95,1013.0,7.9,56,22.1,25.4,2.0,11.7,Patchy rain possible,0.7999999999999972,18,0
24.2,3.99,91,1013.0,18.0,100,22.7,26.7,7.0,30.3,Moderate or heavy rain shower,1.5,14,4
24.0,0.0,90,1007.0,8.3,22,22.2,26.3,10.0,10.7,Sunny,1.8000000000000007,6,8
27.7,0.0,72,1004.0,10.3,26,22.3,30.7,10.0,19.9,Partly cloudy,5.399999999999999,23,2
18.8,0.0,92,1021.0,8.6,100,17.4,20.8,2.0,11.7,Overcast,1.400000000000002,3,7
23.1,0.0,82,1014.0,10.8,88,19.9,25.2,10.0,12.8,Overcast,3.200000000000003,23,7
24.9,0.0,89,1002.0,8.6,73,23.0,27.5,10.0,10.3,Cloudy,1.8999999999999984,4,1
23.4,4.0,90,1012.0,11.9,67,21.7,25.7,10.0,22.2,Moderate or heavy rain shower,1.6999999999999993,18,4
31.1,3.5,69,1003.0,18.4,75,24.8,37.4,10.0,29.3,Moderate or heavy rain shower,6.300000000000001,14,4
20.9,0.1,88,1017.0,7.6,100,19.0,22.9,10.0,11.1,Patchy rain possible,1.8999999999999984,1,0
25.4,0.3,88,1005.0,4.3,54,23.2,28.2,5.0,7.6,Patchy rain possible,2.1999999999999997,23,0
26.7,0.0,83,1002.0,6.4,80,23.6,30.1,9.0,12.6,Cloudy,3.099999999999998,5,1
24.2,0.0,82,1013.0,10.4,96,21.0,26.2,10.0,15.5,Overcast,3.1999999999999997,1,7
27.2,0.0,83,1008.0,5.8,47,24.1,31.1,10.0,10.1,Partly cloudy,3.099999999999998,22,2
24.7,0.0,84,1006.0,5.2,13,21.7,26.9,10.0,10.7,Clear,3.0,2,3
24.4,0.0,85,1006.0,6.2,10,21.7,26.6,10.0,12.3,Clear,2.6999999999999997,3,3
25.0,0.0,86,1001.0,8.3,30,22.6,27.6,10.0,11.3,Partly cloudy,2.3999999999999986,3,2
26.4,2.2,87,996.0,7.9,83,24.6,30.3,10.0,24.5,Moderate or heavy rain shower,1.7999999999999972,17,4
30.2,0.0,86,1004.0,6.8,78,24.0,39.2,8.0,16.3,Cloudy,6.199999999999999,15,1
25.0,0.7,85,1012.0,16.6,70,22.3,27.4,10.0,26.8,Moderate rain at times,2.6999999999999997,16,6
22.2,0.0,88,1011.0,5.4,18,20.0,24.6,10.0,9.8,Clear,2.1999999999999997,4,3
22.8,0.0,79,1016.0,6.8,100,19.0,24.9,10.0,21.1,Overcast,3.8000000000000007,12,7
19.4,0.1,92,1019.0,13.0,100,18.0,21.4,2.0,17.6,Patchy rain possible,1.3999999999999986,3,0
26.2,0.1,88,1014.0,9.0,100,22.3,28.8,10.0,16.2,Patchy rain possible,3.899999999999999,12,0
26.6,0.0,83,1003.0,7.1,77,23.4,29.8,10.0,14.1,Cloudy,3.200000000000003,6,1
27.9,0.0,79,1006.0,7.2,14,23.9,31.9,10.0,11.8,Clear,4.0,19,3
21.0,1.5,94,1014.0,6.8,100,20.0,23.0,2.0,10.1,Moderate or heavy rain shower,1.0,2,4
27.8,0.2,76,1010.0,12.6,82,23.1,31.3,9.0,24.4,Patchy rain possible,4.699999999999999,15,0
22.0,0.01,94,1015.0,9.0,81,20.9,24.0,10.0,13.4,Patchy rain possible,1.1000000000000014,19,0
30.8,0.1,81,1006.0,15.1,84,26.3,38.7,10.0,22.5,Patchy rain possible,4.5,15,0
29.0,0.0,80,1008.0,16.6,7,25.0,34.6,10.0,22.1,Sunny,4.0,12,8
27.6,0.0,84,1009.0,6.5,29,24.7,32.1,10.0,11.3,Partly cloudy,2.900000000000002,22,2
23.3,0.0,90,1014.0,5.8,89,21.5,25.5,10.0,9.6,Overcast,1.8000000000000007,2,7
21.5,0.7,94,1019.0,10.8,95,20.6,23.5,10.0,15.9,Moderate rain at times,0.8999999999999986,21,6
26.6,0.0,84,1006.0,9.7,88,23.7,30.0,10.0,12.7,Overcast,2.900000000000002,2,7
21.6,3.0,94,1018.0,17.4,100,20.6,23.6,7.0,29.5,Moderate or heavy rain shower,1.0,4,4
26.3,0.0,87,1006.0,5.8,29,24.0,29.8,10.0,10.3,Partly cloudy,2.3000000000000007,21,2
22.4,0.0,71,1021.0,2.5,73,16.9,24.7,10.0,9.6,Cloudy,5.5,10,1
26.4,0.0,86,1004.0,7.6,18,24.0,29.9,10.0,13.6,Clear,2.3999999999999986,0,3
24.9,0.0,87,1003.0,8.3,45,22.7,27.4,10.0,11.9,Partly cloudy,2.1999999999999997,4,2
25.6,0.0,91,1007.0,8.8,54,23.9,28.8,10.0,14.9,Partly cloudy,1.7000000000000028,23,2
24.6,0.0,88,1006.0,8.6,7,22.4,27.0,10.0,11.7,Clear,2.200000000000003,5,3
30.1,0.0,78,1006.0,14.4,87,23.9,37.1,10.0,23.7,Overcast,6.200000000000003,16,7
24.9,0.0,84,1002.0,8.3,27,22.0,27.2,10.0,10.7,Partly cloudy,2.8999999999999986,5,2
22.2,0.2,88,1015.0,7.2,95,20.2,24.6,10.0,15.2,Patchy rain possible,2.0,18,0
25.1,0.0,92,1008.0,5.8,73,23.7,28.1,9.0,9.1,Cloudy,1.400000000000002,4,1
19.0,0.0,91,1023.0,12.2,100,17.4,21.0,2.0,17.0,Overcast,1.6000000000000014,21,7
21.6,0.0,80,1019.0,13.4,100,18.0,23.6,10.0,23.4,Overcast,3.6000000000000014,23,7
20.4,0.0,82,1014.0,6.1,20,17.2,22.4,10.0,9.4,Sunny,3.1999999999999997,6,8
24.6,0.0,82,1001.0,7.6,28,21.4,26.7,10.0,10.1,Partly cloudy,3.200000000000003,6,2
21.4,0.0,80,1019.0,15.0,75,17.8,23.4,10.0,25.1,Cloudy,3.599999999999998,18,1
29.8,0.0,80,1003.0,8.3,74,24.5,35.3,10.0,14.8,Cloudy,5.300000000000001,19,1
23.6,8.5,92,1015.0,12.2,100,22.2,25.9,10.0,21.8,Moderate or heavy rain shower,1.400000000000002,8,4
24.0,0.0,95,1010.0,7.9,24,23.6,26.6,2.0,10.2,Clear,0.3999999999999986,4,3
26.6,0.1,84,1003.0,5.8,82,23.7,30.0,10.0,10.3,Patchy rain possible,2.900000000000002,19,0
24.8,0.0,90,1004.0,7.6,82,22.9,27.3,10.0,12.9,Cloudy,1.900000000000002,23,1
28.3,0.1,76,1012.0,7.6,84,23.1,32.0,10.0,15.0,Patchy rain possible,5.199999999999999,11,0
20.6,0.0,96,1012.0,6.6,81,19.9,22.6,10.0,11.0,Cloudy,0.7000000000000028,4,1
25.0,0.0,87,1007.0,6.8,16,22.8,27.5,10.0,8.5,Clear,2.1999999999999997,5,3
26.2,0.0,65,1010.0,11.9,0,19.1,27.7,10.0,24.5,Sunny,7.099999999999998,10,8
25.4,0.0,88,1012.0,3.2,80,23.3,28.3,10.0,5.4,Cloudy,2.099999999999998,22,1
21.5,0.6,95,1019.0,7.2,100,20.6,23.5,10.0,15.4,Moderate rain at times,0.8999999999999986,8,6
24.3,4.1,88,1012.0,5.0,100,22.3,26.6,10.0,8.2,Moderate or heavy rain shower,2.0,21,4
27.2,0.0,79,1007.0,10.1,10,23.4,30.7,10.0,13.5,Clear,3.8000000000000007,0,3
25.6,0.0,86,1006.0,5.4,25,23.1,28.4,10.0,11.2,Partly cloudy,2.5,4,2
23.2,0.3,72,1017.0,3.6,76,17.9,25.1,10.0,11.3,Patchy rain possible,5.300000000000001,10,0
20.5,0.0,81,1016.0,10.1,100,17.2,22.5,10.0,14.5,Overcast,3.3000000000000007,19,7
20.5,0.1,91,1015.0,12.6,100,19.0,22.5,2.0,13.8,Patchy rain possible,1.5,4,0
29.8,0.3,75,1003.0,7.5,75,24.8,35.4,9.0,13.8,Patchy rain possible,5.0,13,0
23.9,0.0,88,1009.0,5.5,31,21.9,26.2,10.0,9.9,Partly cloudy,2.0,6,2
28.3,0.1,73,1013.0,2.9,77,22.9,31.7,9.0,11.0,Patchy rain possible,5.400000000000002,10,0
26.7,0.0,86,1004.0,4.7,84,24.2,30.4,10.0,9.0,Cloudy,2.5,23,1
20.4,0.0,92,1013.0,7.9,76,19.2,22.4,10.0,12.6,Cloudy,1.1999999999999993,23,1
28.0,0.0,75,1007.0,11.7,7,23.1,31.6,10.0,23.5,Sunny,4.899999999999999,13,8
21.5,0.4,94,1018.0,5.8,100,20.5,23.5,10.0,9.7,Patchy rain possible,1.0,21,0
27.6,0.0,85,1006.0,10.4,82,23.7,32.2,9.0,15.9,Cloudy,3.900000000000002,16,1
29.7,0.0,83,1003.0,7.6,18,25.7,36.2,10.0,14.9,Clear,4.0,19,3
24.0,6.6,95,1011.0,6.4,100,23.2,26.7,7.0,16.2,Moderate or heavy rain shower,0.8000000000000007,4,4
19.3,0.0,78,1017.0,10.8,60,15.4,21.3,10.0,13.5,Cloudy,3.9,19,1
20.6,0.06,83,1015.0,13.3,100,17.8,22.6,10.0,19.4,Patchy rain possible,2.8000000000000007,1,0
17.6,0.5,86,1020.0,6.8,91,15.2,19.6,10.0,10.6,Moderate rain at times,2.400000000000002,5,6
23.8,1.76,91,1014.0,13.4,91,22.3,26.2,7.0,24.5,Moderate or heavy rain shower,1.5,3,4
20.9,0.0,89,1020.0,7.8,100,19.1,22.9,10.0,14.0,Overcast,1.7999999999999972,21,7
28.8,0.0,64,1009.0,16.2,2,21.3,31.5,10.0,18.6,Sunny,7.5,14,8
28.6,0.5,76,1007.0,11.2,77,24.0,33.0,10.0,16.0,Moderate rain at times,4.600000000000001,18,6
29.8,0.0,73,1002.0,18.0,73,24.5,35.3,9.0,22.0,Cloudy,5.300000000000001,14,1
25.4,0.0,89,1008.0,6.3,9,23.7,28.4,10.0,8.5,Clear,1.6999999999999993,23,3
24.2,1.4,90,1012.0,14.7,100,22.4,26.6,7.0,30.0,Heavy rain at times,1.8000000000000007,16,5
20.0,0.2,81,1015.0,7.2,58,16.7,22.0,10.0,11.2,Patchy rain possible,3.3000000000000007,20,0
21.0,0.0,88,1018.0,8.3,100,19.0,23.0,10.0,12.1,Overcast,2.0,0,7
17.6,0.0,90,1010.0,7.9,5,15.9,19.6,10.0,9.5,Clear,1.700000000000001,3,3
17.5,0.0,84,1015.0,6.5,0,14.8,19.5,10.0,11.6,Clear,2.6999999999999997,0,3
25.2,5.8,90,1012.0,9.4,83,23.6,28.2,10.0,13.1,Moderate or heavy rain shower,1.599999999999998,17,4
24.4,0.0,80,1014.0,10.4,44,20.7,26.4,10.0,16.5,Partly cloudy,3.6999999999999993,22,2
19.5,0.4,83,1024.0,16.4,95,16.6,21.5,10.0,24.9,Patchy rain possible,2.8999999999999986,7,0
27.2,0.0,76,1004.0,7.6,14,22.7,30.2,10.0,10.3,Clear,4.5,2,3
22.6,0.0,90,1005.0,6.8,100,21.0,24.9,9.0,10.2,Overcast,1.6000000000000014,18,7
21.1,0.1,80,1018.0,10.8,100,17.6,23.1,10.0,19.4,Patchy rain possible,3.5,10,0
24.0,0.0,89,1010.0,5.4,22,22.0,26.3,10.0,8.8,Clear,2.0,4,3
31.3,0.4,76,1005.0,13.0,79,25.4,38.5,9.0,23.9,Patchy rain possible,5.900000000000002,16,0
23.0,0.0,80,1010.0,9.4,2,19.3,25.1,10.0,15.7,Clear,3.6999999999999993,23,3
25.6,0.2,84,1014.0,13.0,100,22.6,28.1,10.0,15.8,Patchy rain possible,3.0,8,0
25.5,0.2,90,1004.0,8.6,60,23.8,28.6,10.0,15.0,Patchy rain possible,1.6999999999999993,21,0
21.5,0.5,96,1016.0,15.1,100,20.9,23.5,9.0,21.2,Moderate rain at times,0.6000000000000014,4,6
22.1,0.0,95,1012.0,4.0,54,21.3,24.7,2.0,6.3,Partly cloudy,0.8000000000000007,1,2
23.8,1.98,96,1002.0,7.9,100,23.2,26.5,7.0,15.8,Moderate or heavy rain shower,0.6000000000000014,6,4
27.0,0.0,69,1003.0,10.8,8,20.9,29.2,10.0,15.1,Clear,6.100000000000001,2,3
24.3,0.1,87,1012.0,11.2,76,21.9,26.6,10.0,16.4,Patchy rain possible,2.400000000000002,7,0
20.3,2.2,91,1019.0,17.3,100,18.8,22.3,10.0,29.7,Moderate or heavy rain shower,1.5,7,4
19.6,0.1,85,1021.0,15.8,100,17.0,21.6,10.0,26.1,Patchy rain possible,2.6000000000000014,9,0
22.8,0.1,88,1016.0,8.0,62,20.8,25.1,10.0,13.0,Patchy rain possible,2.0,23,0
20.6,0.0,92,1016.0,8.3,100,19.2,22.6,10.0,12.1,Overcast,1.400000000000002,23,7
30.6,0.3,71,1003.0,12.2,86,23.2,35.3,9.0,20.2,Patchy rain possible,7.400000000000002,17,0
26.0,0.0,81,1014.0,11.9,68,21.0,28.1,10.0,25.3,Cloudy,5.0,11,1
23.6,0.1,90,1013.0,12.6,73,21.8,25.8,10.0,19.2,Patchy rain possible,1.8000000000000007,13,0
19.4,0.3,86,1016.0,5.0,80,17.1,21.4,10.0,8.5,Patchy rain possible,2.299999999999997,23,0
22.4,0.0,82,1019.0,4.3,71,19.1,24.7,10.0,10.0,Cloudy,3.299999999999997,9,1
23.2,2.3,94,1013.0,12.9,100,22.1,25.6,9.0,23.0,Moderate or heavy rain shower,1.099999999999998,23,4
25.7,0.0,86,1003.0,7.6,23,23.1,28.6,10.0,9.5,Clear,2.599999999999998,5,3
29.1,0.0,89,1007.0,8.1,15,24.0,36.8,10.0,16.9,Clear,5.100000000000001,19,3
27.1,0.0,82,1007.0,7.2,20,23.8,30.8,10.0,12.6,Clear,3.3000000000000007,0,3
27.0,0.1,82,1015.0,7.6,56,23.7,30.5,10.0,16.2,Patchy rain possible,3.3000000000000007,9,0
27.4,0.2,87,1007.0,13.3,76,24.9,31.9,9.0,21.0,Patchy rain possible,2.5,18,0
21.5,0.0,78,1019.0,13.3,81,17.5,23.5,10.0,21.3,Cloudy,4.0,10,1
19.2,0.2,90,1019.0,9.0,100,17.5,21.2,10.0,12.3,Patchy rain possible,1.6999999999999993,19,0
20.3,0.0,84,1013.0,4.7,22,17.6,22.3,10.0,7.5,Clear,2.6999999999999997,1,3
26.1,0.0,83,1008.0,10.4,75,23.0,29.1,10.0,15.6,Cloudy,3.1000000000000014,21,1
23.3,0.0,89,1011.0,5.8,12,21.4,25.5,10.0,10.2,Clear,1.900000000000002,5,3
26.3,0.0,83,1012.0,5.0,37,23.1,29.3,10.0,6.1,Partly cloudy,3.1999999999999997,8,2
25.3,5.57,98,1003.0,4.7,100,24.4,28.6,5.0,6.7,Moderate or heavy rain shower,0.9000000000000021,20,4
24.6,0.0,90,1009.0,5.8,12,22.9,27.1,10.0,10.1,Clear,1.7000000000000028,4,3
26.2,0.0,81,1013.0,5.4,19,22.7,28.9,10.0,12.7,Sunny,3.5,9,8
23.3,1.1,90,1013.0,5.4,100,21.6,25.6,2.0,8.1,Heavy rain at times,1.6999999999999993,3,5
19.9,0.0,88,1009.0,6.1,9,17.9,21.9,10.0,11.9,Clear,2.0,23,3
24.5,0.0,89,1010.0,4.0,6,22.5,26.9,10.0,6.2,Clear,2.0,19,3
20.8,0.0,87,1017.0,1.8,88,18.5,22.8,10.0,3.0,Overcast,2.3000000000000007,1,7
26.2,0.0,83,1005.0,7.9,7,23.2,29.2,10.0,10.7,Clear,3.0,3,3
25.1,0.1,87,1011.0,1.8,51,22.9,27.8,10.0,2.9,Patchy rain possible,2.200000000000003,18,0
21.9,0.0,76,1012.0,10.1,71,17.4,23.9,10.0,19.0,Cloudy,4.5,15,1
26.4,0.0,88,1006.0,8.6,14,23.9,29.8,10.0,10.7,Clear,2.5,3,3
22.3,0.1,94,1015.0,5.0,100,21.3,24.8,10.0,11.4,Patchy rain possible,1.0,11,0
25.4,0.0,88,1006.0,6.1,88,23.3,28.2,10.0,10.4,Overcast,2.099999999999998,6,7
24.3,0.0,89,1012.0,7.2,74,22.3,26.7,10.0,11.1,Cloudy,2.0,2,1
19.6,0.0,90,1015.0,8.6,88,18.5,21.6,10.0,12.4,Overcast,1.1000000000000014,6,7
29.6,0.0,70,1003.0,5.8,76,23.5,34.0,10.0,12.0,Cloudy,6.100000000000001,9,1
27.1,1.4,85,1008.0,6.8,87,24.4,31.2,10.0,10.0,Heavy rain at times,2.700000000000003,18,5
24.9,0.0,89,1006.0,10.8,8,23.0,27.6,10.0,13.6,Clear,1.8999999999999984,1,3
31.5,0.0,75,1007.0,15.5,88,25.9,39.5,9.0,22.7,Overcast,5.600000000000001,13,7
22.8,0.1,93,1013.0,5.0,98,21.7,25.2,10.0,19.7,Patchy rain possible,1.1000000000000014,13,0
26.8,5.0,86,1006.0,2.9,76,24.2,30.7,10.0,9.4,Moderate or heavy rain shower,2.6000000000000014,18,4
30.9,0.0,75,1003.0,14.0,88,24.3,36.7,9.0,24.1,Overcast,6.599999999999998,18,7
19.0,0.0,85,1018.0,11.2,100,16.5,21.0,10.0,14.5,Overcast,2.5,16,7
23.2,0.4,89,1013.0,9.1,100,21.2,25.4,10.0,13.6,Patchy rain possible,2.0,3,0
25.9,0.0,86,1004.0,9.0,18,23.5,29.0,10.0,11.4,Clear,2.3999999999999986,4,3
19.1,0.0,84,1018.0,7.2,67,16.4,21.1,10.0,17.5,Cloudy,2.700000000000003,18,1
30.0,0.0,81,1006.0,3.6,26,24.7,35.8,10.0,12.6,Partly cloudy,5.300000000000001,19,2
25.4,0.0,89,1009.0,9.0,56,23.4,28.3,10.0,10.7,Partly cloudy,2.0,6,2
31.6,1.8,66,1004.0,14.1,75,24.4,37.9,10.0,25.1,Moderate or heavy rain shower,7.200000000000003,14,4
26.4,0.0,89,1010.0,4.3,82,24.4,30.2,9.0,7.9,Cloudy,2.0,19,1
21.9,1.3,95,1015.0,1.1,100,21.1,23.9,2.0,1.5,Heavy rain at times,0.7999999999999972,2,5
24.4,15.3,92,1002.0,9.7,80,23.0,26.9,10.0,13.5,Moderate or heavy rain shower,1.3999999999999986,8,4
20.4,1.3,85,1020.0,17.5,100,17.8,22.4,10.0,29.2,Heavy rain at times,2.599999999999998,11,5
23.4,0.0,83,1015.0,12.6,18,20.3,25.4,10.0,20.2,Sunny,3.099999999999998,16,8
26.6,0.0,77,1002.0,6.5,9,22.2,29.2,10.0,14.6,Clear,4.400000000000002,5,3
24.9,0.0,92,1008.0,6.1,20,23.8,27.8,10.0,8.0,Clear,1.099999999999998,0,3
22.9,1.4,91,1013.0,7.6,100,21.3,25.2,10.0,12.6,Heavy rain at times,1.599999999999998,6,5
20.4,0.0,78,1018.0,13.0,84,16.5,22.4,10.0,15.9,Cloudy,3.899999999999999,21,1
25.2,0.0,87,1008.0,6.8,15,22.8,27.8,10.0,12.1,Sunny,2.3999999999999986,6,8
27.2,0.0,74,1003.0,12.6,4,21.6,30.1,10.0,21.1,Sunny,5.599999999999998,15,8
22.9,0.1,97,1011.0,7.2,81,22.3,25.4,2.0,11.1,Patchy rain possible,0.5999999999999979,1,0
26.5,0.0,85,1005.0,9.0,76,23.6,29.8,9.0,11.6,Cloudy,2.8999999999999986,3,1
22.9,0.3,87,1017.0,11.2,67,20.5,25.1,10.0,18.1,Patchy rain possible,2.3999999999999986,6,0
23.6,0.01,93,1011.0,5.8,84,22.5,26.0,10.0,10.1,Patchy rain possible,1.1000000000000014,0,0
21.7,0.1,90,1015.0,5.6,69,20.0,23.7,10.0,9.1,Patchy rain possible,1.6999999999999993,1,0
27.4,0.0,86,1010.0,4.3,29,24.5,31.6,10.0,7.8,Partly cloudy,2.8999999999999986,22,2
22.1,0.0,96,1011.0,8.3,52,21.3,24.6,2.0,14.7,Partly cloudy,0.8000000000000007,6,2
20.7,0.0,89,1014.0,8.6,19,18.7,22.7,10.0,10.9,Clear,2.0,4,3
21.4,0.0,69,1019.0,2.2,48,15.5,23.4,10.0,8.1,Partly cloudy,5.899999999999999,10,2
26.8,0.0,87,1007.0,14.0,80,23.8,30.7,9.0,19.3,Cloudy,3.0,16,1
20.7,0.0,75,1020.0,7.1,29,16.2,22.7,10.0,17.2,Partly cloudy,4.5,18,2
25.7,0.0,91,1009.0,6.0,15,24.1,29.1,10.0,11.1,Clear,1.599999999999998,22,3
21.2,0.1,77,1018.0,11.5,75,17.1,23.2,10.0,19.5,Patchy rain possible,4.099999999999998,4,0
18.5,0.0,83,1022.0,5.4,100,15.6,20.5,10.0,7.0,Overcast,2.9000000000000004,10,7
24.2,0.1,85,1013.0,7.9,90,21.6,26.3,10.0,9.4,Patchy rain possible,2.599999999999998,6,0
19.4,0.0,93,1014.0,6.8,62,18.2,21.4,10.0,11.2,Cloudy,1.1999999999999993,5,1
25.4,0.0,81,1004.0,9.7,49,21.9,27.7,10.0,12.0,Partly cloudy,3.5,5,2
28.7,0.0,90,1007.0,9.7,75,25.1,35.9,10.0,17.5,Cloudy,3.599999999999998,18,1
22.9,0.0,92,1011.0,5.8,28,21.5,25.2,10.0,9.6,Partly cloudy,1.3999999999999986,6,2
19.5,0.0,80,1018.0,4.0,71,16.0,21.5,10.0,6.8,Cloudy,3.5,21,1
29.9,0.5,75,1003.0,13.4,87,24.9,35.8,10.0,26.7,Moderate rain at times,5.0,16,6
23.3,0.6,91,1013.0,4.7,100,21.6,25.5,10.0,7.0,Moderate rain at times,1.6999999999999993,4,6
19.9,0.0,78,1017.0,5.0,59,16.0,21.9,10.0,7.9,Partly cloudy,3.899999999999999,20,2
30.5,0.0,71,1005.0,9.7,18,24.2,36.0,10.0,12.3,Sunny,6.300000000000001,8,8
23.7,0.0,93,1011.0,5.4,85,22.4,26.0,10.0,8.4,Cloudy,1.3000000000000007,2,1
21.0,0.0,76,1012.0,8.6,15,16.6,23.0,10.0,9.6,Clear,4.399999999999999,0,3
27.2,0.1,82,1012.0,7.6,71,23.9,30.9,10.0,9.4,Patchy rain possible,3.3000000000000007,8,0
19.1,0.0,85,1014.0,7.2,77,16.6,21.1,10.0,12.5,Cloudy,2.5,3,1
23.6,4.08,95,1012.0,18.3,100,22.7,26.1,7.0,26.5,Moderate or heavy rain shower,0.9000000000000021,7,4
23.3,1.6,89,1012.0,6.8,81,21.4,25.5,10.0,11.2,Moderate or heavy rain shower,1.900000000000002,0,4
20.0,0.7,90,1016.0,17.8,100,18.2,22.0,10.0,30.0,Moderate rain at times,1.8000000000000007,4,6
22.9,0.3,86,1017.0,11.6,97,20.5,25.1,10.0,20.7,Patchy rain possible,2.3999999999999986,23,0
25.3,0.0,92,1010.0,8.6,18,23.3,28.4,10.0,14.1,Clear,2.0,0,3
26.3,0.0,85,1010.0,6.1,9,23.6,29.5,10.0,8.2,Sunny,2.6999999999999997,7,8
23.8,0.4,85,1016.0,14.4,79,21.1,25.9,2.0,21.7,Patchy rain possible,2.6999999999999997,19,0
25.0,0.0,90,1010.0,7.2,14,23.2,27.7,10.0,9.0,Clear,1.8000000000000007,23,3
24.7,0.0,86,999.0,9.7,73,22.1,27.0,10.0,12.8,Cloudy,2.599999999999998,23,1
25.5,0.0,90,1006.0,6.5,14,23.6,28.5,10.0,10.9,Clear,1.8999999999999984,3,3
26.8,0.0,84,1002.0,6.0,27,23.9,30.4,10.0,11.9,Partly cloudy,2.900000000000002,4,2
20.7,0.0,77,1011.0,9.0,15,16.5,22.7,10.0,10.0,Clear,4.199999999999999,2,3
20.8,0.3,91,1016.0,6.1,100,19.2,22.8,10.0,9.5,Patchy rain possible,1.6000000000000014,4,0
24.0,2.9,88,1013.0,15.5,100,21.9,26.2,10.0,28.4,Moderate or heavy rain shower,2.1000000000000014,3,4
19.2,0.0,88,1019.0,8.3,100,17.1,21.2,10.0,14.4,Overcast,2.099999999999998,22,7
24.2,0.0,72,1014.0,13.0,0,18.9,25.9,10.0,20.2,Sunny,5.300000000000001,15,8
23.5,0.6,90,1012.0,10.8,80,21.7,25.7,9.0,15.9,Moderate rain at times,1.8000000000000007,17,6
19.6,0.0,92,1014.0,7.6,43,18.3,21.6,10.0,12.4,Partly cloudy,1.3000000000000007,2,2
26.0,0.1,85,1010.0,2.9,81,23.4,29.1,10.0,13.5,Patchy rain possible,2.6000000000000014,16,0
21.1,0.0,81,1009.0,8.6,6,18.5,23.1,10.0,14.7,Clear,2.6000000000000014,1,3
29.8,0.6,71,1010.0,13.0,82,23.9,34.7,10.0,20.1,Moderate rain at times,5.900000000000002,12,6
24.7,0.0,91,1009.0,6.1,14,23.0,27.3,10.0,10.5,Clear,1.6999999999999993,3,3
26.0,0.0,91,1010.0,3.6,11,24.5,29.7,10.0,6.1,Clear,1.5,23,3
24.4,0.2,80,1017.0,16.2,89,20.7,26.3,5.0,21.8,Patchy rain possible,3.6999999999999993,9,0
21.4,0.1,84,1018.0,11.4,100,18.6,23.4,10.0,18.7,Patchy rain possible,2.799999999999997,20,0
22.8,0.2,90,1013.0,7.9,100,21.1,25.0,10.0,11.4,Patchy rain possible,1.6999999999999993,2,0
23.1,0.0,68,1016.0,17.6,73,16.9,25.0,10.0,26.6,Cloudy,6.200000000000003,14,1
26.7,0.0,88,1009.0,8.6,77,23.7,30.2,9.0,17.4,Cloudy,3.0,21,1
22.8,0.1,87,1015.0,9.4,80,20.5,25.0,9.0,14.9,Patchy rain possible,2.3000000000000007,3,0
25.0,0.0,88,1010.0,8.3,23,22.9,27.5,10.0,14.1,Sunny,2.1000000000000014,6,8
25.0,0.8,89,1012.0,7.2,99,23.0,27.7,10.0,10.7,Moderate rain at times,2.0,22,6
17.7,0.0,89,1011.0,8.6,2,16.0,19.7,10.0,10.3,Clear,1.6999999999999993,2,3
25.3,0.0,92,1009.0,7.2,32,23.9,28.4,10.0,10.7,Partly cloudy,1.400000000000002,6,2
24.7,1.6,86,1016.0,9.4,98,22.3,27.1,10.0,12.9,Moderate or heavy rain shower,2.3999999999999986,8,4
20.4,0.0,82,1017.0,14.8,75,17.2,22.4,10.0,22.9,Cloudy,3.1999999999999997,16,1
28.0,0.0,87,1008.0,4.0,21,24.9,32.9,10.0,7.3,Clear,3.1000000000000014,20,3
23.2,0.0,94,1016.0,7.9,75,22.1,25.5,10.0,8.4,Cloudy,1.099999999999998,0,1
23.6,0.1,95,1012.0,2.5,95,22.8,26.2,2.0,3.9,Patchy rain possible,0.8000000000000007,22,0
25.3,0.0,89,1009.0,4.6,90,23.4,28.1,10.0,8.2,Overcast,1.900000000000002,1,7
18.3,0.0,94,1010.0,7.2,32,17.3,20.3,10.0,8.5,Partly cloudy,1.0,4,2
25.1,0.1,87,1004.0,5.6,75,22.8,27.7,10.0,12.0,Patchy rain possible,2.3000000000000007,0,0
28.0,0.0,68,999.0,9.6,36,21.7,30.8,10.0,17.1,Partly cloudy,6.300000000000001,6,2
29.7,4.1,76,1003.0,10.8,82,25.0,35.6,9.0,15.0,Moderate or heavy rain shower,4.699999999999999,17,4
23.8,0.0,92,1012.0,5.0,26,22.4,26.1,10.0,8.2,Partly cloudy,1.400000000000002,22,2
25.4,0.4,90,1005.0,10.4,59,23.6,28.4,10.0,13.5,Patchy rain possible,1.7999999999999972,23,0
18.8,0.0,89,1015.0,9.0,100,17.3,20.8,10.0,12.6,Overcast,1.5,3,7
22.8,0.0,95,1009.0,6.4,70,22.0,25.2,2.0,12.1,Cloudy,0.8000000000000007,0,1
19.6,0.3,91,1015.0,13.3,100,18.2,21.6,10.0,24.0,Patchy rain possible,1.400000000000002,4,0
23.4,0.1,89,1004.0,7.6,100,20.9,25.5,10.0,10.9,Patchy rain possible,2.5,16,0
23.6,0.1,89,1012.0,5.4,63,21.8,25.9,10.0,9.1,Patchy rain possible,1.8000000000000007,5,0
20.5,0.0,91,1015.0,5.4,85,18.9,22.5,10.0,8.4,Cloudy,1.6000000000000014,7,1
29.9,0.0,70,1007.0,8.6,80,24.0,35.0,9.0,14.3,Cloudy,5.899999999999999,16,1
27.1,0.0,74,1003.0,8.3,32,22.0,29.7,10.0,16.0,Partly cloudy,5.100000000000001,0,2
24.1,0.0,84,1006.0,6.1,15,21.2,26.2,10.0,7.2,Clear,2.900000000000002,20,3
22.0,0.3,93,1016.0,13.0,86,20.8,24.6,10.0,17.5,Patchy rain possible,1.1999999999999993,17,0
28.0,1.2,75,1013.0,13.7,70,23.2,31.5,9.0,28.1,Heavy rain at times,4.800000000000001,12,5
19.6,0.1,91,1015.0,13.3,100,18.0,21.6,10.0,18.4,Patchy rain possible,1.6000000000000014,16,0
21.6,0.0,80,1013.0,10.1,92,18.0,23.6,10.0,18.9,Overcast,3.6000000000000014,15,7
25.4,0.1,86,1012.0,2.2,66,23.0,28.2,10.0,3.5,Patchy rain possible,2.3999999999999986,20,0
26.9,0.0,79,1006.0,8.3,12,23.0,30.0,10.0,10.3,Clear,3.899999999999999,0,3
28.9,0.0,64,1009.0,14.8,6,21.4,31.7,10.0,17.0,Sunny,7.5,13,8
19.0,0.0,89,1017.0,6.8,87,17.2,21.0,10.0,11.6,Overcast,1.8000000000000007,5,7
23.2,0.0,92,1007.0,6.4,23,21.9,25.6,10.0,10.9,Clear,1.3000000000000007,2,3
22.5,0.7,91,1014.0,5.9,100,21.0,24.9,10.0,10.8,Moderate rain at times,1.5,23,6
19.9,0.4,91,1017.0,7.9,100,18.4,21.9,10.0,13.5,Patchy rain possible,1.5,5,0
29.6,0.0,79,1005.0,8.3,85,24.2,34.7,9.0,16.8,Overcast,5.400000000000002,17,7
24.9,0.0,81,1007.0,5.8,18,21.5,27.1,10.0,8.0,Clear,3.3999999999999986,1,3
27.2,0.0,74,1006.0,7.6,48,22.1,29.9,10.0,10.0,Partly cloudy,5.099999999999998,5,2
24.1,0.0,86,1013.0,11.9,70,19.8,26.3,10.0,20.8,Cloudy,4.300000000000001,15,1
20.6,0.0,84,1008.0,10.4,0,18.5,22.6,10.0,14.2,Clear,2.1000000000000014,5,3
23.5,0.8,90,1014.0,12.6,100,21.8,25.8,10.0,25.4,Moderate rain at times,1.6999999999999993,0,6
26.3,0.5,93,1008.0,6.8,79,25.1,30.6,10.0,11.8,Moderate rain at times,1.1999999999999993,21,6
26.8,0.2,93,1009.0,9.0,87,24.7,31.6,10.0,14.3,Patchy rain possible,2.1000000000000014,22,0
26.8,0.0,91,1006.0,7.1,79,24.6,31.2,10.0,13.0,Cloudy,2.1999999999999997,21,1
25.1,0.0,90,1008.0,8.6,62,23.3,27.9,10.0,9.3,Cloudy,1.8000000000000007,3,1
28.8,0.1,81,1009.0,10.1,85,24.8,34.0,9.0,17.8,Patchy rain possible,4.0,14,0
22.0,0.0,94,1007.0,6.1,21,20.9,24.0,10.0,7.2,Clear,1.1000000000000014,3,3
29.8,0.0,78,1007.0,9.4,26,23.9,34.7,10.0,18.6,Partly cloudy,5.900000000000002,18,2
21.7,0.2,93,1016.0,9.7,100,20.5,23.7,2.0,13.0,Patchy rain possible,1.1999999999999993,14,0
27.2,0.0,88,1008.0,6.9,14,24.4,31.3,10.0,13.0,Clear,2.8000000000000007,0,3
27.2,0.0,79,1005.0,8.6,23,23.2,30.4,10.0,13.6,Sunny,4.0,7,8
26.8,0.0,91,1007.0,8.0,26,24.6,31.5,10.0,13.0,Partly cloudy,2.1999999999999997,20,2
26.6,0.0,87,1007.0,9.7,25,24.2,30.3,10.0,11.3,Clear,2.400000000000002,23,3
22.2,0.0,89,1014.0,2.9,72,20.3,24.6,10.0,4.7,Cloudy,1.8999999999999984,22,1
19.7,0.0,93,1022.0,14.0,100,18.5,21.7,10.0,19.0,Overcast,1.1999999999999993,22,7
28.0,0.0,75,1013.0,5.0,70,23.1,31.5,10.0,12.4,Cloudy,4.899999999999999,10,1
24.0,0.46,92,1015.0,5.4,98,22.5,26.4,10.0,8.4,Light rain shower,1.5,8,9
30.6,0.0,65,1010.0,9.4,21,23.2,35.3,10.0,17.1,Sunny,7.400000000000002,10,8
27.3,0.0,84,1009.0,15.5,85,24.4,31.5,9.0,19.5,Overcast,2.900000000000002,15,7
21.6,0.0,80,1020.0,13.7,65,17.9,23.6,10.0,22.9,Cloudy,3.700000000000003,21,1
24.5,0.1,91,1010.0,5.0,60,22.9,27.0,10.0,8.9,Patchy rain possible,1.6000000000000014,18,0
24.5,1.1,88,1012.0,13.2,84,22.5,27.0,10.0,25.9,Heavy rain at times,2.0,16,5
25.4,0.0,88,1012.0,7.2,29,23.4,28.4,10.0,11.8,Partly cloudy,2.0,22,2
28.2,0.0,87,1008.0,9.0,73,24.6,32.9,9.0,17.4,Cloudy,3.599999999999998,19,1
22.8,0.0,94,1007.0,6.4,21,21.7,25.1,10.0,11.2,Clear,1.1000000000000014,2,3
20.3,0.1,82,1017.0,4.0,84,17.1,22.3,10.0,6.4,Patchy rain possible,3.1999999999999997,21,0
24.5,0.01,89,1009.0,10.1,60,22.7,27.0,10.0,15.0,Patchy rain possible,1.8000000000000007,19,0
24.6,0.2,87,1013.0,6.8,91,22.4,27.0,10.0,12.0,Patchy rain possible,2.200000000000003,7,0
22.5,0.0,70,1016.0,6.8,0,16.9,24.8,10.0,7.9,Sunny,5.600000000000001,10,8
19.1,0.0,86,1015.0,6.8,73,16.7,21.1,10.0,11.8,Cloudy,2.400000000000002,2,1
29.0,0.4,83,1003.0,6.8,87,25.8,35.2,10.0,12.2,Patchy rain possible,3.1999999999999997,17,0
24.4,0.66,90,1007.0,13.3,71,22.5,26.8,10.0,23.8,Light rain shower,1.8999999999999984,18,9
19.0,0.0,87,1016.0,6.1,100,16.7,21.0,10.0,9.8,Overcast,2.3000000000000007,6,7
28.7,0.0,67,999.0,10.1,64,21.9,31.6,10.0,18.6,Cloudy,6.800000000000001,20,1
29.6,0.0,80,1004.0,6.1,56,25.5,35.8,10.0,7.3,Partly cloudy,4.100000000000001,21,2
26.5,0.0,79,1009.0,7.2,24,22.6,29.3,10.0,9.5,Sunny,3.899999999999999,8,8
31.2,0.0,79,1004.0,8.3,74,24.4,37.3,5.0,14.0,Cloudy,6.800000000000001,18,1
25.2,0.1,89,1011.0,13.7,95,21.4,27.3,10.0,24.0,Patchy rain possible,3.8000000000000007,13,0
25.1,0.0,90,1008.0,7.9,28,23.4,28.0,10.0,9.9,Partly cloudy,1.7000000000000028,6,2
27.8,0.0,76,1004.0,9.0,27,23.7,31.7,10.0,17.5,Partly cloudy,4.100000000000001,21,2
23.7,0.1,82,1018.0,10.8,76,20.4,25.7,10.0,18.3,Patchy rain possible,3.3000000000000007,10,0
24.8,0.0,88,1013.0,6.5,53,22.6,27.3,10.0,11.2,Partly cloudy,2.1999999999999997,22,2
22.3,1.4,87,1015.0,10.1,80,20.1,24.7,10.0,15.9,Heavy rain at times,2.1999999999999997,5,5
26.4,0.0,92,1010.0,9.7,44,25.0,30.5,10.0,10.5,Partly cloudy,1.3999999999999986,21,2
27.1,0.0,80,1006.0,8.3,12,23.3,30.4,10.0,11.1,Sunny,3.8000000000000007,7,8
27.5,0.0,87,1004.0,7.2,100,24.5,31.8,10.0,11.3,Overcast,3.0,8,7
24.3,7.5,89,1012.0,6.1,100,22.3,26.7,10.0,10.0,Moderate or heavy rain shower,2.0,20,4
24.2,0.9,88,1015.0,15.3,100,22.1,26.4,10.0,27.0,Moderate rain at times,2.099999999999998,21,6
22.1,0.0,87,1012.0,5.0,12,19.8,24.6,10.0,9.3,Sunny,2.3000000000000007,6,8
25.0,0.0,91,1007.0,4.7,80,23.3,27.8,10.0,7.5,Cloudy,1.6999999999999993,4,1
28.8,0.0,72,1008.0,5.2,19,23.3,32.7,10.0,14.7,Sunny,5.5,7,8
29.2,0.09,65,1008.0,4.0,79,21.8,32.3,10.0,4.6,Patchy rain possible,7.399999999999999,8,0
19.8,0.0,81,1018.0,7.2,72,16.5,21.8,10.0,9.8,Cloudy,3.3000000000000007,8,1
26.0,0.0,88,1006.0,10.1,10,23.7,29.3,10.0,12.0,Clear,2.3000000000000007,4,3
26.9,0.2,86,1008.0,6.8,85,24.3,30.7,10.0,17.9,Patchy rain possible,2.599999999999998,21,0
24.7,0.0,89,1013.0,6.8,100,21.2,26.8,10.0,13.8,Overcast,3.5,11,7
24.0,1.6,96,1005.0,9.4,90,23.3,26.6,9.0,13.4,Moderate or heavy rain shower,0.6999999999999993,19,4
30.0,0.3,70,1006.0,9.3,78,23.8,34.9,10.0,20.8,Patchy rain possible,6.199999999999999,17,0
21.8,0.0,87,1012.0,7.2,83,19.6,23.8,10.0,12.5,Cloudy,2.1999999999999997,4,1
27.4,0.0,77,1003.0,8.6,17,23.0,30.7,10.0,12.3,Clear,4.399999999999999,1,3
26.7,0.0,84,1007.0,8.6,76,23.7,30.2,10.0,15.8,Cloudy,3.0,22,1
27.2,0.1,72,1011.0,14.0,85,21.7,29.7,10.0,20.1,Patchy rain possible,5.5,12,0
19.5,0.1,92,1018.0,7.2,100,18.1,21.5,2.0,10.3,Patchy rain possible,1.3999999999999986,8,0
23.2,1.2,89,1014.0,5.8,85,21.2,25.4,10.0,9.6,Heavy rain at times,2.0,5,5
26.4,0.0,90,1010.0,7.2,11,24.6,30.4,10.0,12.0,Clear,1.7999999999999972,21,3
23.3,0.0,73,1014.0,10.1,84,15.9,25.1,10.0,11.9,Cloudy,7.4,13,1
22.0,0.0,96,1013.0,3.6,100,21.3,24.0,2.0,5.7,Overcast,0.6999999999999993,20,7
23.0,0.0,88,1012.0,9.4,32,20.8,25.2,10.0,11.6,Partly cloudy,2.1999999999999997,4,2
26.9,0.0,75,1010.0,11.9,12,22.1,29.6,10.0,18.5,Sunny,4.799999999999997,11,8
21.1,0.0,91,1013.0,5.0,100,19.5,23.1,10.0,12.5,Overcast,1.6000000000000014,16,7
18.3,0.0,89,1015.0,7.2,14,16.5,20.3,10.0,13.1,Clear,1.8000000000000007,0,3
20.6,0.0,80,1016.0,9.5,97,17.0,22.6,10.0,16.3,Overcast,3.6000000000000014,18,7
18.3,0.0,82,1019.0,5.8,100,15.3,20.3,10.0,8.2,Overcast,3.0,0,7
28.3,0.1,85,1002.0,9.0,71,25.0,33.3,10.0,16.7,Patchy rain possible,3.3000000000000007,17,0
20.8,0.01,84,1015.0,14.0,100,18.0,22.8,10.0,19.3,Patchy rain possible,2.8000000000000007,19,0
31.7,0.0,72,1008.0,11.2,14,25.4,39.1,10.0,17.8,Sunny,6.300000000000001,11,8
26.0,0.0,82,1005.0,9.0,46,22.7,28.7,10.0,12.8,Partly cloudy,3.3000000000000007,5,2
26.3,0.0,82,1005.0,8.3,9,23.6,29.6,10.0,18.0,Clear,2.6999999999999997,0,3
24.7,0.0,93,1003.0,8.6,89,23.5,27.5,10.0,10.0,Overcast,1.1999999999999993,1,7
29.6,0.1,70,1008.0,4.5,72,23.5,34.0,10.0,18.1,Patchy rain possible,6.100000000000001,12,0
30.1,0.0,77,1006.0,8.6,87,25.2,36.4,9.0,11.2,Overcast,4.900000000000002,17,7
20.3,0.0,94,1016.0,7.6,64,19.2,22.3,10.0,11.9,Cloudy,1.1000000000000014,0,1
21.8,0.0,88,1018.0,4.7,75,19.8,23.8,10.0,6.7,Cloudy,2.0,18,1
25.2,0.0,86,1007.0,6.8,13,22.6,27.7,10.0,7.9,Sunny,2.599999999999998,6,8
24.0,0.2,89,1014.0,2.9,93,22.1,26.3,10.0,7.9,Patchy rain possible,1.8999999999999984,7,0
24.7,0.0,89,1009.0,6.5,77,22.7,27.2,10.0,10.7,Cloudy,2.0,5,1
22.4,0.0,90,1011.0,10.4,21,20.7,24.8,10.0,18.7,Sunny,1.6999999999999993,18,8
27.1,0.0,75,1004.0,7.9,13,22.4,29.9,10.0,11.4,Clear,4.700000000000003,4,3
18.6,0.0,87,1017.0,8.1,100,16.4,20.6,10.0,17.8,Overcast,2.200000000000003,22,7
21.4,0.1,83,1018.0,14.4,100,16.4,23.4,10.0,24.2,Patchy rain possible,5.0,13,0
29.7,5.83,91,1004.0,14.0,75,24.4,35.3,6.0,23.3,Moderate or heavy rain shower,5.300000000000001,18,4
31.7,0.0,75,1006.0,6.5,81,25.1,38.7,9.0,19.4,Cloudy,6.599999999999998,15,1
24.2,2.7,91,1013.0,13.6,100,22.7,26.7,7.0,28.3,Moderate or heavy rain shower,1.5,4,4
27.4,0.3,82,1006.0,4.7,73,24.2,31.5,10.0,8.4,Patchy rain possible,3.1999999999999997,20,0
25.6,0.0,89,1006.0,6.8,17,23.7,28.7,10.0,11.4,Clear,1.900000000000002,2,3
26.6,0.0,81,1010.0,10.8,72,23.1,29.7,9.0,16.0,Cloudy,3.5,17,1
30.0,12.7,74,1003.0,12.2,85,25.0,36.0,10.0,17.0,Moderate or heavy rain shower,5.0,12,4
24.0,0.3,90,1012.0,10.8,88,22.2,26.3,10.0,18.0,Patchy rain possible,1.8000000000000007,1,0
30.2,0.0,71,1009.0,11.4,7,24.7,35.6,10.0,27.0,Sunny,5.5,13,8
21.1,0.0,73,1012.0,8.6,72,16.1,23.1,10.0,16.8,Cloudy,5.0,14,1
20.9,0.4,89,1021.0,7.7,100,19.0,22.9,10.0,14.7,Patchy rain possible,1.8999999999999984,22,0
31.6,0.1,72,1004.0,14.8,75,24.3,39.6,10.0,23.7,Patchy rain possible,7.300000000000001,15,0
24.0,0.2,89,1011.0,6.1,86,22.0,26.3,10.0,10.2,Patchy rain possible,2.0,6,0
23.0,0.0,91,1013.0,10.1,100,21.5,25.3,9.0,15.0,Overcast,1.5,2,7
21.5,0.2,92,1020.0,10.1,100,20.1,23.5,10.0,20.5,Patchy rain possible,1.3999999999999986,14,0
21.0,0.0,88,1014.0,6.1,100,18.9,23.0,10.0,16.1,Overcast,2.1000000000000014,14,7
27.8,0.0,78,1011.0,15.5,73,23.5,31.5,9.0,29.6,Cloudy,4.300000000000001,14,1
27.6,0.0,74,1007.0,6.8,34,22.5,30.6,10.0,11.9,Partly cloudy,5.100000000000001,6,2
29.0,0.0,78,1005.0,7.6,87,24.7,34.2,10.0,8.7,Overcast,4.300000000000001,20,7
31.9,0.0,73,1007.0,13.7,85,25.7,39.7,10.0,21.0,Overcast,6.199999999999999,12,7
26.3,0.1,84,1010.0,2.5,94,23.3,29.4,10.0,13.9,Patchy rain possible,3.0,15,0
21.3,0.0,77,1017.0,5.0,72,17.0,23.3,10.0,10.3,Cloudy,4.300000000000001,10,1
20.9,0.4,90,1017.0,3.2,100,19.2,22.9,10.0,5.1,Patchy rain possible,1.6999999999999993,3,0
21.4,0.4,92,1016.0,5.3,72,20.1,23.4,10.0,9.6,Patchy rain possible,1.2999999999999972,5,0
22.6,0.0,96,1011.0,1.4,41,21.9,25.0,2.0,2.6,Partly cloudy,0.7000000000000028,23,2
28.0,0.0,84,1009.0,6.1,45,24.9,32.8,9.0,10.1,Partly cloudy,3.1000000000000014,21,2
18.7,0.4,81,1015.0,1.8,69,15.4,20.7,10.0,6.3,Patchy rain possible,3.299999999999999,8,0
20.7,4.2,96,1019.0,14.8,100,20.1,22.7,7.0,25.2,Moderate or heavy rain shower,0.5999999999999979,12,4
27.3,0.0,93,1008.0,7.2,31,24.9,32.8,10.0,11.1,Partly cloudy,2.400000000000002,20,2
25.6,0.0,78,1009.0,13.9,6,21.4,27.7,10.0,28.3,Sunny,4.200000000000003,17,8
26.5,1.63,86,1015.0,12.2,90,23.9,30.0,7.0,21.5,Moderate or heavy rain shower,2.6000000000000014,10,4
20.3,0.1,84,1016.0,5.0,100,17.6,22.3,10.0,7.9,Patchy rain possible,2.6999999999999997,5,0
26.7,0.0,85,1003.0,16.2,51,24.0,30.3,10.0,27.4,Partly cloudy,2.6999999999999997,18,2
30.3,0.0,88,1006.0,8.6,74,24.1,40.4,10.0,14.9,Cloudy,6.199999999999999,17,1
23.5,0.1,87,1015.0,9.4,78,21.3,25.7,10.0,14.0,Patchy rain possible,2.1999999999999997,7,0
25.7,0.0,82,1010.0,9.0,28,22.5,28.3,10.0,12.7,Partly cloudy,3.1999999999999997,7,2
26.3,0.0,85,1002.0,7.7,79,23.5,29.5,9.0,14.9,Cloudy,2.8000000000000007,3,1
20.2,0.0,94,1015.0,7.9,52,19.2,22.2,2.0,12.3,Partly cloudy,1.0,1,2
22.6,0.0,90,1013.0,5.4,39,20.9,24.9,10.0,7.2,Partly cloudy,1.7000000000000028,7,2
27.2,0.0,93,1009.0,8.3,46,25.3,32.0,10.0,8.6,Partly cloudy,1.8999999999999984,22,2
23.8,0.0,87,1013.0,8.6,69,21.6,26.0,10.0,13.3,Cloudy,2.1999999999999997,0,1
23.2,0.0,88,1014.0,9.4,84,21.1,25.4,10.0,10.2,Cloudy,2.099999999999998,23,1
23.6,0.0,92,1010.0,5.0,64,22.2,26.0,10.0,8.0,Cloudy,1.400000000000002,3,1
23.7,0.0,89,1012.0,3.6,79,21.9,26.0,10.0,6.0,Cloudy,1.8000000000000007,1,1
26.8,0.1,72,1013.0,4.3,83,21.3,29.1,10.0,9.7,Patchy rain possible,5.5,10,0
25.4,2.4,91,1012.0,10.4,70,23.8,28.5,10.0,20.5,Moderate or heavy rain shower,1.599999999999998,15,4
20.0,0.7,90,1016.0,0.0,100,18.4,22.0,10.0,1.8,Moderate rain at times,1.6000000000000014,5,6
20.4,0.0,80,1014.0,9.4,24,16.9,22.4,10.0,16.2,Clear,3.5,4,3
20.1,0.0,88,1015.0,3.6,74,18.1,22.1,10.0,6.0,Cloudy,2.0,20,1
26.9,0.0,83,1004.0,6.5,59,23.8,30.5,10.0,13.6,Partly cloudy,3.099999999999998,8,2
23.5,0.0,90,1011.0,8.3,12,21.7,25.7,10.0,13.2,Sunny,1.8000000000000007,7,8
20.4,0.0,96,1013.0,5.8,80,19.8,22.4,2.0,10.5,Cloudy,0.5999999999999979,5,1
18.2,0.0,84,1016.0,5.4,79,15.5,20.2,10.0,9.1,Cloudy,2.6999999999999997,1,1
24.2,0.4,89,1013.0,8.3,89,22.3,26.5,10.0,13.8,Patchy rain possible,1.8999999999999984,23,0
32.0,0.0,72,1009.0,8.6,15,25.5,40.5,10.0,16.5,Sunny,6.5,11,8
27.9,0.0,78,1011.0,4.3,51,22.5,31.7,10.0,10.4,Partly cloudy,5.399999999999999,10,2
21.1,0.3,78,1017.0,6.7,97,17.2,23.1,10.0,14.6,Patchy rain possible,3.900000000000002,8,0
28.4,0.1,73,1013.0,8.3,88,23.0,32.1,10.0,17.0,Patchy rain possible,5.399999999999999,11,0
20.3,0.1,88,1017.0,8.4,100,18.3,22.3,10.0,14.4,Patchy rain possible,2.0,20,0
24.1,0.0,94,1007.0,5.9,20,23.0,26.6,10.0,7.4,Clear,1.1000000000000014,0,3
25.6,0.0,76,1008.0,18.7,73,21.1,27.6,10.0,30.3,Cloudy,4.5,16,1
27.5,0.0,95,1007.0,5.0,32,24.3,33.7,2.0,10.7,Partly cloudy,3.1999999999999997,18,2
20.4,0.0,92,1018.0,10.8,83,19.0,22.4,9.0,17.9,Cloudy,1.3999999999999986,20,1
20.9,2.9,92,1023.0,18.7,100,19.5,22.9,10.0,25.6,Moderate or heavy rain shower,1.3999999999999986,22,4
21.2,0.1,88,1015.0,13.3,100,19.1,23.2,10.0,23.3,Patchy rain possible,2.099999999999998,13,0
22.6,0.0,77,1011.0,6.5,12,18.4,24.8,10.0,9.1,Sunny,4.200000000000003,7,8
19.6,0.0,87,1017.0,7.6,100,17.3,21.6,10.0,10.8,Overcast,2.3000000000000007,3,7
27.6,0.0,79,1007.0,8.3,20,23.5,31.3,10.0,12.7,Sunny,4.100000000000001,7,8
20.2,0.0,90,1018.0,9.0,100,18.4,22.2,10.0,11.8,Overcast,1.8000000000000007,10,7
26.1,0.0,74,1014.0,15.8,74,21.2,28.2,10.0,18.6,Cloudy,4.900000000000002,9,1
28.2,0.0,89,1006.0,10.0,17,25.4,33.6,10.0,19.3,Clear,2.8000000000000007,21,3
19.4,0.6,89,1020.0,17.2,100,17.6,21.4,2.0,28.2,Moderate rain at times,1.7999999999999972,17,6
29.3,0.0,83,1005.0,2.2,71,24.8,34.8,10.0,4.1,Cloudy,4.5,21,1
25.9,0.0,80,1001.0,9.0,68,22.3,28.5,9.0,18.0,Cloudy,3.599999999999998,2,1
30.2,0.0,75,1005.0,9.8,88,25.2,36.4,10.0,18.1,Overcast,5.0,17,7
23.7,0.9,87,1015.0,11.2,82,21.4,25.9,9.0,20.1,Moderate rain at times,2.3000000000000007,3,6
24.1,0.0,93,1013.0,5.8,32,22.8,26.6,10.0,10.1,Partly cloudy,1.3000000000000007,23,2
20.5,0.0,88,1019.0,5.4,100,18.4,22.5,2.0,12.2,Overcast,2.1000000000000014,10,7
25.9,0.0,75,1014.0,4.3,10,21.2,28.0,10.0,5.0,Sunny,4.699999999999999,9,8
24.0,0.7,86,1013.0,10.5,89,21.6,26.2,10.0,21.2,Moderate rain at times,2.3999999999999986,18,6
28.7,0.0,81,1007.0,8.6,26,23.9,33.2,10.0,11.1,Partly cloudy,4.800000000000001,22,2
24.0,0.2,88,1013.0,2.2,100,21.8,26.2,10.0,8.9,Patchy rain possible,2.1999999999999997,0,0
23.8,0.1,92,1011.0,6.8,100,22.5,26.2,10.0,10.0,Patchy rain possible,1.3000000000000007,0,0
25.2,0.0,92,1008.0,9.7,85,23.7,28.2,10.0,11.1,Cloudy,1.5,2,1
26.4,0.0,89,1007.0,5.9,79,24.5,30.3,9.0,10.5,Cloudy,1.8999999999999984,22,1
30.1,1.2,72,1003.0,15.5,75,24.4,35.5,9.0,26.6,Heavy rain at times,5.700000000000003,13,5
20.6,0.2,84,1021.0,18.4,100,17.8,22.6,10.0,29.5,Patchy rain possible,2.8000000000000007,12,0
19.8,0.9,89,1016.0,6.8,69,17.9,21.8,10.0,11.9,Moderate rain at times,1.900000000000002,3,6
25.9,0.0,82,1006.0,6.8,33,22.5,28.5,10.0,12.2,Partly cloudy,3.3999999999999986,22,2
23.1,0.0,82,1016.0,9.4,56,19.8,25.2,10.0,15.1,Partly cloudy,3.3000000000000007,19,2
26.8,0.0,88,1009.0,9.7,39,24.7,30.9,10.0,11.5,Partly cloudy,2.1000000000000014,22,2
29.4,0.0,75,1010.0,5.0,26,24.4,34.7,10.0,11.6,Partly cloudy,5.0,9,2
23.3,0.0,77,1008.0,6.4,16,19.0,25.2,10.0,12.9,Sunny,4.300000000000001,8,8
21.5,0.0,83,1007.0,6.9,13,18.6,23.5,10.0,12.5,Sunny,2.8999999999999986,7,8
27.2,0.0,88,1007.0,8.3,88,24.6,31.8,9.0,13.9,Overcast,2.599999999999998,23,7
23.6,0.1,84,1016.0,6.5,99,20.8,25.6,10.0,12.1,Patchy rain possible,2.8000000000000007,10,0
30.8,5.7,66,1002.0,9.9,85,23.7,36.0,9.0,17.0,Moderate or heavy rain shower,7.100000000000001,12,4
21.5,0.0,81,1013.0,10.1,94,18.1,23.5,10.0,18.3,Overcast,3.3999999999999986,16,7
24.5,4.4,89,1003.0,11.9,96,22.6,26.9,10.0,21.0,Moderate or heavy rain shower,1.8999999999999984,1,4
24.5,0.0,90,1009.0,5.4,13,22.8,27.0,10.0,9.4,Clear,1.6999999999999993,5,3
26.6,0.0,82,1006.0,9.4,29,23.3,29.8,10.0,17.9,Partly cloudy,3.3000000000000007,21,2
25.6,0.0,90,1006.0,6.1,19,23.7,28.7,10.0,10.0,Clear,1.900000000000002,0,3
26.5,0.1,87,1009.0,4.3,73,24.1,30.1,10.0,11.2,Patchy rain possible,2.3999999999999986,22,0
24.9,1.8,95,1001.0,13.3,100,24.1,28.0,7.0,17.5,Moderate or heavy rain shower,0.7999999999999972,15,4
24.4,0.2,93,1006.0,6.6,100,23.2,27.0,10.0,11.1,Patchy rain possible,1.1999999999999993,0,0
21.7,0.0,93,1013.0,3.6,27,20.6,23.7,10.0,6.2,Partly cloudy,1.099999999999998,21,2
25.0,0.0,89,1007.0,7.6,21,23.0,27.7,10.0,13.6,Clear,2.0,5,3
25.4,5.3,87,1013.0,7.2,100,23.1,28.1,10.0,17.8,Moderate or heavy rain shower,2.299999999999997,11,4
22.9,0.0,89,1014.0,1.4,94,21.1,25.2,10.0,2.3,Overcast,1.7999999999999972,22,7
22.6,0.6,88,1013.0,12.2,71,20.4,24.9,10.0,15.8,Moderate rain at times,2.200000000000003,6,6
21.6,0.0,92,1012.0,7.2,21,20.3,23.6,10.0,11.6,Clear,1.3000000000000007,20,3
21.3,0.0,82,1017.0,13.7,100,16.1,23.3,10.0,24.3,Overcast,5.199999999999999,14,7
25.1,0.0,89,1012.0,5.4,29,23.2,27.9,10.0,8.9,Partly cloudy,1.900000000000002,23,2
20.0,0.0,89,1016.0,9.0,100,18.2,22.0,10.0,12.6,Overcast,1.8000000000000007,1,7
20.0,4.1,86,1019.0,15.8,85,17.6,22.0,10.0,26.6,Moderate or heavy rain shower,2.3999999999999986,21,4
23.8,0.7,92,1014.0,10.5,80,22.5,26.2,10.0,22.9,Moderate rain at times,1.3000000000000007,19,6
20.1,4.3,91,1017.0,18.0,100,18.6,22.1,10.0,27.3,Moderate or heavy rain shower,1.5,5,4
24.9,1.9,88,1011.0,12.2,100,22.9,27.5,9.0,17.6,Light rain,2.0,8,10
26.9,0.0,81,1010.0,5.8,14,23.2,30.1,10.0,15.1,Sunny,3.6999999999999993,7,8
18.7,0.0,88,1017.0,6.5,97,16.6,20.7,10.0,10.2,Overcast,2.099999999999998,6,7
28.8,0.3,79,1001.0,10.4,64,24.7,33.9,10.0,14.4,Patchy rain possible,4.100000000000001,16,0
22.6,0.1,82,1019.0,2.2,81,19.4,24.8,10.0,6.3,Patchy rain possible,3.200000000000003,9,0
27.4,0.2,82,1008.0,9.7,82,24.0,31.3,10.0,16.7,Patchy rain possible,3.3999999999999986,16,0
30.8,0.9,81,1006.0,14.8,78,26.0,38.5,9.0,22.4,Moderate rain at times,4.800000000000001,14,6
30.8,0.0,64,1005.0,2.2,82,23.2,35.4,10.0,7.5,Cloudy,7.600000000000001,10,1
30.1,0.1,68,1011.0,8.6,73,23.5,34.7,10.0,9.9,Patchy rain possible,6.600000000000001,10,0
22.9,0.24,77,1016.0,12.6,100,18.8,25.0,10.0,15.7,Light rain shower,4.099999999999998,11,9
22.8,0.1,82,1017.0,9.7,100,18.4,24.9,10.0,16.9,Patchy rain possible,4.400000000000002,12,0
20.6,0.3,84,1018.0,7.5,97,17.7,22.6,10.0,12.5,Patchy rain possible,2.900000000000002,23,0
29.2,0.0,74,1008.0,16.2,4,22.4,33.9,10.0,25.3,Sunny,6.800000000000001,16,8
27.2,0.0,70,1004.0,6.2,18,21.3,29.6,10.0,13.0,Sunny,5.899999999999999,6,8
17.0,0.2,90,1020.0,5.8,100,15.3,19.0,10.0,7.9,Patchy rain possible,1.6999999999999993,7,0
24.4,0.0,90,1012.0,2.9,23,22.7,26.9,10.0,4.5,Clear,1.6999999999999993,20,3
25.4,0.0,91,1009.0,7.9,16,24.0,28.5,10.0,9.7,Clear,1.3999999999999986,23,3
25.4,0.0,89,1008.0,8.6,48,23.5,28.3,10.0,10.3,Partly cloudy,1.8999999999999984,5,2
25.2,1.35,96,1010.0,9.0,85,24.5,28.6,7.0,10.9,Heavy rain at times,0.6999999999999993,23,5
18.3,0.0,89,1017.0,6.5,100,16.5,20.3,10.0,10.3,Overcast,1.8000000000000007,0,7
23.1,0.1,84,1019.0,6.5,67,20.2,25.2,10.0,7.6,Patchy rain possible,2.900000000000002,10,0
20.4,0.3,81,1017.0,10.4,100,17.0,22.4,10.0,16.3,Patchy rain possible,3.3999999999999986,7,0
25.5,0.0,78,1004.0,6.0,56,21.4,27.6,10.0,14.4,Partly cloudy,4.100000000000001,3,2
26.6,0.0,84,1002.0,10.4,74,23.7,29.9,10.0,16.0,Cloudy,2.900000000000002,22,1
30.2,0.0,82,1005.0,13.4,85,24.7,36.2,9.0,28.3,Overcast,5.5,18,7
29.7,0.0,70,1003.0,8.2,32,23.7,34.3,10.0,18.7,Partly cloudy,6.0,7,2
30.8,0.1,80,1007.0,11.5,85,26.0,38.3,10.0,14.4,Patchy rain possible,4.800000000000001,13,0
23.9,0.0,87,1007.0,7.2,29,21.5,26.0,10.0,9.2,Partly cloudy,2.3999999999999986,5,2
19.6,0.2,90,1016.0,1.4,100,17.9,21.6,10.0,2.4,Patchy rain possible,1.7000000000000028,3,0
29.6,0.0,86,1006.0,11.9,71,25.0,37.7,10.0,17.8,Cloudy,4.600000000000001,17,1
27.7,0.0,75,1009.0,11.2,15,22.8,30.9,10.0,14.8,Sunny,4.899999999999999,10,8
23.2,0.7,86,1018.0,15.1,79,20.8,25.4,10.0,23.7,Moderate rain at times,2.3999999999999986,8,6
17.7,0.0,90,1016.0,4.7,87,16.0,19.7,10.0,7.6,Overcast,1.6999999999999993,6,7
19.5,0.0,83,1018.0,9.0,100,16.5,21.5,10.0,13.0,Overcast,3.0,20,7
26.1,0.0,91,1010.0,7.6,87,24.5,29.8,10.0,12.7,Overcast,1.6000000000000014,22,7
24.4,0.1,91,1011.0,6.5,61,22.9,26.9,10.0,8.3,Patchy rain possible,1.5,19,0
24.7,0.0,87,1014.0,9.7,92,22.4,27.1,10.0,11.4,Overcast,2.3000000000000007,22,7
21.2,0.0,96,1013.0,3.6,69,20.5,23.2,2.0,5.8,Cloudy,0.6999999999999993,0,1
28.6,0.0,85,1008.0,10.4,81,24.6,33.6,10.0,14.0,Cloudy,4.0,21,1
30.9,0.0,70,1005.0,7.6,87,23.4,35.8,10.0,17.3,Overcast,7.5,17,7
30.4,1.1,70,1004.0,8.9,84,24.4,36.0,5.0,16.8,Heavy rain at times,6.0,16,5
27.1,0.5,79,1015.0,7.9,70,23.1,30.3,9.0,19.1,Moderate rain at times,4.0,9,6
29.5,0.0,68,1008.0,6.8,12,22.9,33.5,10.0,8.1,Sunny,6.600000000000001,8,8
20.4,0.0,76,1014.0,7.2,86,16.1,22.4,10.0,10.3,Overcast,4.299999999999997,4,7
24.8,0.0,88,1007.0,8.8,23,22.7,27.4,10.0,17.7,Clear,2.1000000000000014,1,3
27.3,0.0,85,1007.0,8.1,55,24.7,31.7,10.0,13.3,Partly cloudy,2.6000000000000014,20,2
21.6,0.1,91,1020.0,3.6,100,20.0,23.6,10.0,5.3,Patchy rain possible,1.6000000000000014,22,0
26.3,0.0,81,1012.0,7.2,14,22.9,29.2,10.0,13.1,Sunny,3.400000000000002,9,8
25.2,0.0,87,1008.0,8.3,13,23.0,27.9,10.0,10.6,Clear,2.1999999999999997,1,3
20.5,0.42,90,1015.0,14.0,100,18.7,22.5,10.0,18.6,Light rain shower,1.8000000000000007,15,9
25.2,0.0,87,1013.0,13.3,82,20.6,27.2,10.0,18.3,Cloudy,4.599999999999998,15,1
23.4,0.0,92,1007.0,8.3,20,22.0,25.7,10.0,9.6,Clear,1.3999999999999986,1,3
25.9,0.0,81,1010.0,15.5,11,22.3,28.4,10.0,18.9,Sunny,3.599999999999998,13,8
20.6,0.1,84,1020.0,18.0,100,17.8,22.6,2.0,29.6,Patchy rain possible,2.8000000000000007,13,0
25.2,0.0,89,1007.0,6.1,8,23.3,28.0,10.0,12.7,Clear,1.8999999999999984,5,3
25.8,0.0,82,1007.0,9.0,26,22.4,28.3,10.0,11.8,Partly cloudy,3.400000000000002,3,2
20.7,0.0,90,1015.0,3.2,100,19.1,22.7,10.0,4.9,Overcast,1.599999999999998,23,7
23.9,0.0,87,1012.0,5.4,14,21.7,26.0,10.0,8.6,Sunny,2.1999999999999997,6,8
24.5,1.8,90,1016.0,15.4,100,22.8,27.0,7.0,27.8,Moderate or heavy rain shower,1.6999999999999993,9,4
21.4,0.3,93,1023.0,11.5,100,20.1,23.4,2.0,16.1,Patchy rain possible,1.2999999999999972,9,0
27.0,0.0,80,1004.0,8.6,14,23.3,30.4,10.0,11.7,Clear,3.6999999999999993,1,3
21.6,0.0,95,1013.0,5.4,50,20.7,23.6,2.0,8.9,Partly cloudy,0.9000000000000021,6,2
20.1,3.8,91,1018.0,18.7,100,18.6,22.1,10.0,30.3,Moderate or heavy rain shower,1.5,6,4
24.7,0.0,87,1014.0,10.8,84,22.4,27.1,10.0,12.7,Cloudy,2.3000000000000007,21,1
24.2,0.2,86,1018.0,16.3,69,21.8,26.4,10.0,30.2,Patchy rain possible,2.3999999999999986,9,0
23.2,0.0,91,1008.0,5.1,11,21.7,25.5,10.0,10.2,Clear,1.5,0,3
23.2,0.2,83,1017.0,8.3,52,20.0,25.2,10.0,15.8,Patchy rain possible,3.1999999999999997,13,0
27.3,0.3,91,1003.0,6.5,87,24.9,31.9,9.0,11.8,Patchy rain possible,2.400000000000002,20,0
24.7,2.8,94,1004.0,13.0,75,23.6,27.6,10.0,24.4,Moderate or heavy rain shower,1.099999999999998,23,4
18.8,0.0,83,1019.0,3.6,99,15.9,20.8,10.0,9.5,Overcast,2.9000000000000004,19,7
23.3,0.1,90,1007.0,11.2,80,21.6,25.6,10.0,14.4,Patchy rain possible,1.6999999999999993,0,0
26.3,0.0,77,1008.0,6.8,27,21.9,28.8,10.0,12.1,Partly cloudy,4.400000000000002,6,2
26.1,2.5,81,1011.0,16.2,76,23.2,29.1,10.0,26.8,Moderate or heavy rain shower,2.900000000000002,16,4
19.2,0.0,91,1022.0,13.3,100,17.7,21.2,10.0,18.3,Overcast,1.5,19,7
24.4,0.0,88,1007.0,6.6,24,22.3,26.7,10.0,8.2,Clear,2.099999999999998,2,3
25.5,0.1,92,1007.0,11.4,65,24.1,28.8,10.0,20.8,Patchy rain possible,1.3999999999999986,21,0
28.1,0.0,76,999.0,13.3,49,21.6,30.9,10.0,19.7,Partly cloudy,6.5,4,2
25.3,0.1,88,1013.0,9.4,100,21.3,27.4,10.0,17.8,Patchy rain possible,4.0,12,0
24.2,0.0,89,1003.0,7.9,31,22.2,26.5,10.0,9.8,Partly cloudy,2.0,5,2
26.9,0.1,69,1016.0,8.6,53,20.6,28.9,10.0,16.3,Patchy rain possible,6.299999999999997,11,0
28.0,0.1,81,1012.0,15.5,52,23.2,31.7,10.0,25.6,Patchy rain possible,4.800000000000001,11,0
23.6,5.1,90,1014.0,12.8,100,21.8,25.9,10.0,24.2,Moderate or heavy rain shower,1.8000000000000007,4,4
19.2,0.0,79,1018.0,4.3,61,15.6,21.2,10.0,6.4,Cloudy,3.6,0,1
27.7,0.0,86,1007.0,9.4,14,25.1,32.5,10.0,13.0,Clear,2.599999999999998,21,3
21.7,0.0,89,1012.0,4.3,98,19.9,23.7,10.0,7.1,Overcast,1.8000000000000007,6,7
20.6,0.1,91,1016.0,7.2,100,19.1,22.6,2.0,10.8,Patchy rain possible,1.5,4,0
25.0,0.0,90,1005.0,7.9,49,23.2,27.8,10.0,9.5,Partly cloudy,1.8000000000000007,3,2
22.3,0.3,72,1017.0,9.0,79,16.9,24.7,10.0,11.1,Patchy rain possible,5.400000000000002,11,0
23.9,0.0,92,1007.0,7.9,9,22.5,26.3,10.0,8.9,Clear,1.3999999999999986,20,3
16.7,0.9,91,1020.0,14.4,100,15.2,18.7,10.0,20.4,Moderate rain at times,1.5,6,6
23.6,0.0,87,1009.0,4.6,12,21.4,25.8,10.0,6.2,Clear,2.200000000000003,3,3
23.1,0.0,68,1017.0,18.4,86,16.9,25.1,10.0,26.9,Overcast,6.200000000000003,13,7
23.6,0.0,88,1012.0,8.6,82,21.4,25.8,10.0,13.6,Cloudy,2.200000000000003,1,1
26.3,0.1,88,1005.0,11.9,72,24.2,29.9,10.0,16.6,Patchy rain possible,2.1000000000000014,21,0
22.0,0.15,83,1013.0,11.5,98,18.9,24.0,10.0,16.5,Light rain shower,3.1000000000000014,17,9
22.2,1.1,95,1019.0,9.4,100,21.4,24.7,10.0,18.0,Heavy rain at times,0.8000000000000007,11,5
22.9,0.3,91,1012.0,13.3,100,21.3,25.2,10.0,18.6,Patchy rain possible,1.599999999999998,17,0
26.7,0.0,77,1002.0,9.4,11,22.4,29.4,10.0,14.2,Clear,4.300000000000001,3,3
19.4,0.0,91,1017.0,5.6,100,17.9,21.4,10.0,9.7,Overcast,1.5,19,7
21.0,0.0,74,1012.0,10.1,87,16.1,23.0,10.0,16.4,Overcast,4.899999999999999,15,7
20.4,0.0,76,1014.0,6.8,88,16.0,22.4,10.0,9.7,Overcast,4.399999999999999,3,7
25.5,0.0,86,1010.0,7.9,87,23.0,28.2,10.0,11.2,Overcast,2.5,17,7
28.0,0.0,86,1008.0,6.3,73,24.5,33.4,10.0,8.1,Cloudy,3.5,21,1
25.2,0.0,84,1006.0,6.6,21,23.3,27.7,10.0,9.8,Clear,1.8999999999999984,4,3
24.6,0.0,90,1003.0,7.2,48,22.9,27.2,10.0,7.4,Partly cloudy,1.7000000000000028,1,2
24.4,0.0,87,1012.0,7.6,12,22.1,26.7,10.0,10.0,Sunny,2.299999999999997,7,8
27.4,0.0,75,1013.0,2.9,36,22.7,30.5,10.0,9.4,Partly cloudy,4.699999999999999,9,2
25.0,0.2,85,1014.0,9.4,80,22.3,27.4,9.0,15.9,Patchy rain possible,2.6999999999999997,20,0
26.7,0.0,87,1009.0,6.2,78,24.0,30.5,10.0,8.1,Cloudy,2.6999999999999997,22,1
23.9,0.6,87,1016.0,15.4,69,21.5,26.0,10.0,27.0,Moderate rain at times,2.3999999999999986,1,6
25.4,0.0,89,1005.0,9.0,80,23.4,28.3,10.0,10.6,Cloudy,2.0,1,1
24.1,0.0,87,1006.0,9.0,7,21.8,26.3,10.0,12.3,Clear,2.3000000000000007,5,3
25.0,0.0,88,1012.0,8.3,81,22.8,27.6,10.0,13.8,Cloudy,2.1999999999999997,20,1
23.9,0.5,78,1015.0,9.4,81,19.7,25.8,10.0,26.8,Moderate rain at times,4.199999999999999,15,6
21.7,0.5,95,1018.0,11.9,100,20.8,23.7,10.0,17.9,Moderate rain at times,0.8999999999999986,18,6
24.0,0.2,88,1013.0,14.4,100,22.0,26.3,10.0,24.9,Patchy rain possible,2.0,12,0
27.4,0.0,89,1007.0,6.5,69,25.1,32.1,10.0,9.7,Cloudy,2.299999999999997,8,1
23.5,0.6,90,1015.0,10.4,88,21.8,25.8,10.0,23.8,Moderate rain at times,1.6999999999999993,23,6
26.1,0.0,83,1006.0,8.6,49,23.0,28.9,10.0,11.8,Partly cloudy,3.1000000000000014,1,2
19.2,0.3,91,1022.0,10.8,100,17.7,21.2,10.0,14.7,Patchy rain possible,1.5,6,0
20.8,0.0,90,1018.0,6.8,100,19.1,22.8,10.0,9.6,Overcast,1.6999999999999993,21,7
27.8,0.0,84,1010.0,7.6,53,24.0,31.9,10.0,9.4,Partly cloudy,3.8000000000000007,8,2
21.4,0.2,80,1021.0,11.2,76,16.7,23.4,10.0,19.8,Patchy rain possible,4.699999999999999,11,0
24.8,0.9,88,1002.0,7.9,100,22.8,27.4,2.0,8.1,Moderate rain at times,2.0,2,6
25.5,0.0,90,1006.0,6.8,71,23.8,28.6,9.0,11.1,Cloudy,1.6999999999999993,3,1
24.2,0.32,91,1016.0,6.8,100,22.6,26.7,10.0,10.4,Light rain shower,1.599999999999998,9,9
27.5,0.0,83,1003.0,4.3,88,24.4,31.8,9.0,8.4,Overcast,3.1000000000000014,18,7
23.5,1.0,94,1009.0,10.3,66,22.5,25.9,9.0,17.6,Heavy rain at times,1.0,20,5
26.2,0.1,82,1012.0,9.0,76,22.9,29.1,9.0,17.5,Patchy rain possible,3.3000000000000007,15,0
23.8,0.1,88,1012.0,5.4,87,21.7,26.1,10.0,9.8,Patchy rain possible,2.1000000000000014,3,0
27.3,0.0,88,1011.0,8.6,83,24.5,31.5,9.0,10.9,Cloudy,2.8000000000000007,21,1
21.3,0.0,79,1014.0,14.0,92,17.4,23.3,10.0,23.7,Overcast,3.900000000000002,15,7
17.8,0.0,83,1020.0,4.3,25,14.9,19.8,10.0,7.7,Partly cloudy,2.9000000000000004,0,2
30.0,0.2,69,1004.0,14.4,78,23.6,34.8,10.0,22.9,Patchy rain possible,6.399999999999999,16,0
26.5,0.1,82,1012.0,12.2,71,22.5,29.7,10.0,20.1,Patchy rain possible,4.0,14,0
17.4,0.6,86,1022.0,6.1,100,15.0,19.4,10.0,8.7,Moderate rain at times,2.3999999999999986,0,6
25.6,0.1,89,1012.0,13.6,100,22.6,28.2,2.0,26.3,Patchy rain possible,3.0,15,0
27.6,0.0,64,1006.0,13.3,22,20.3,29.6,10.0,15.8,Sunny,7.300000000000001,11,8
18.2,0.0,90,1016.0,9.4,100,16.5,20.2,2.0,22.6,Overcast,1.6999999999999993,16,7
20.3,0.8,87,1020.0,12.2,64,18.0,22.3,10.0,20.3,Moderate rain at times,2.3000000000000007,3,6
19.3,0.0,90,1022.0,11.3,100,17.6,21.3,10.0,17.9,Overcast,1.6999999999999993,22,7
23.6,1.1,96,1013.0,12.3,100,22.8,26.1,9.0,18.9,Heavy rain at times,0.8000000000000007,8,5
25.0,0.0,84,1007.0,8.6,81,22.0,27.2,9.0,12.1,Cloudy,3.0,6,1
26.1,0.0,93,1008.0,4.7,24,24.8,30.0,10.0,7.9,Clear,1.3000000000000007,23,3
20.2,0.2,91,1018.0,10.8,66,18.8,22.2,10.0,18.4,Patchy rain possible,1.3999999999999986,21,0
20.7,0.0,84,1016.0,5.4,100,18.0,22.7,10.0,7.6,Overcast,2.6999999999999997,6,7
27.9,0.0,86,1004.0,9.7,85,25.4,33.2,9.0,21.2,Overcast,2.5,18,7
27.2,0.0,84,1010.0,6.8,80,23.0,31.2,10.0,16.7,Cloudy,4.199999999999999,18,1
24.6,0.0,89,1006.0,6.5,58,21.8,26.9,10.0,8.6,Partly cloudy,2.8000000000000007,13,2
22.4,0.17,81,1013.0,13.0,94,18.9,24.7,10.0,16.6,Light rain shower,3.5,14,9
26.2,0.0,86,1008.0,9.0,16,23.7,29.4,10.0,10.8,Clear,2.5,23,3
24.5,0.0,87,1004.0,8.3,45,22.2,26.9,10.0,10.9,Partly cloudy,2.3000000000000007,3,2
22.3,0.0,84,1015.0,9.4,90,17.5,24.6,10.0,16.8,Overcast,4.800000000000001,14,7
25.5,0.0,92,1008.0,8.7,55,24.1,28.7,10.0,15.3,Partly cloudy,1.3999999999999986,21,2
21.2,1.3,92,1022.0,9.9,100,19.9,23.2,2.0,15.6,Heavy rain at times,1.3000000000000007,7,5
23.2,0.7,89,1014.0,5.0,77,21.3,25.4,10.0,8.5,Moderate rain at times,1.8999999999999984,1,6
27.1,0.0,78,1003.0,6.8,76,22.9,30.2,10.0,13.1,Cloudy,4.200000000000003,1,1
22.9,0.2,79,1019.0,2.9,59,19.2,25.0,10.0,19.5,Patchy rain possible,3.6999999999999993,10,0
20.9,0.3,84,1018.0,13.5,95,18.0,22.9,10.0,25.4,Patchy rain possible,2.8999999999999986,19,0
27.0,0.2,69,1013.0,2.2,77,20.8,29.1,10.0,8.4,Patchy rain possible,6.199999999999999,9,0
27.7,0.0,77,1011.0,9.7,70,23.3,31.2,10.0,16.0,Cloudy,4.399999999999999,11,1
20.7,0.0,79,1017.0,1.4,86,16.9,22.7,10.0,9.0,Overcast,3.8000000000000007,9,7
21.0,0.0,78,1015.0,7.6,45,17.1,23.0,10.0,11.9,Partly cloudy,3.899999999999999,3,2
23.7,0.9,93,1014.0,8.8,84,22.4,26.1,10.0,24.4,Moderate rain at times,1.3000000000000007,22,6
29.3,0.0,74,1007.0,8.6,93,23.7,33.8,10.0,18.8,Overcast,5.600000000000001,11,7
25.3,0.0,87,1003.0,7.2,82,23.0,28.0,10.0,12.9,Cloudy,2.3000000000000007,2,1
25.8,0.0,84,1006.0,9.0,9,22.8,28.5,10.0,11.4,Clear,3.0,5,3
24.1,0.0,89,1012.0,6.5,86,22.1,26.4,10.0,11.4,Overcast,2.0,2,7
23.3,0.0,88,1013.0,13.0,77,21.2,25.5,10.0,19.0,Cloudy,2.1000000000000014,17,1
23.3,0.0,88,1014.0,9.4,70,21.3,25.5,9.0,14.8,Cloudy,2.0,21,1
23.3,0.2,88,1013.0,9.6,100,21.2,25.4,10.0,14.7,Patchy rain possible,2.1000000000000014,4,0
26.6,0.0,94,1005.0,5.8,63,24.9,30.8,5.0,8.2,Cloudy,1.7000000000000028,8,1
19.9,0.0,87,1018.0,13.3,100,17.7,21.9,10.0,23.5,Overcast,2.1999999999999997,21,7
20.1,0.0,85,1016.0,6.1,100,17.5,22.1,10.0,9.9,Overcast,2.6000000000000014,2,7
19.3,0.1,91,1019.0,9.1,100,17.8,21.3,10.0,14.2,Patchy rain possible,1.5,4,0
25.2,0.1,88,1011.0,13.7,81,21.4,27.4,10.0,22.8,Patchy rain possible,3.8000000000000007,14,0
25.9,0.0,76,1004.0,9.4,19,21.3,28.1,10.0,12.7,Clear,4.599999999999998,3,3
22.7,0.0,74,1020.0,14.0,80,16.2,24.9,10.0,30.3,Cloudy,6.5,15,1
26.4,0.0,87,1009.0,10.1,70,24.0,29.9,10.0,10.9,Cloudy,2.3999999999999986,23,1
25.2,0.0,92,1009.0,7.6,20,23.8,28.3,10.0,9.4,Clear,1.3999999999999986,1,3
24.8,2.2,94,1012.0,8.3,69,23.8,27.8,10.0,14.8,Moderate or heavy rain shower,1.0,23,4
24.4,0.0,90,1010.0,5.8,17,22.7,26.8,10.0,9.7,Clear,1.6999999999999993,2,3
21.2,0.2,79,1019.0,12.9,76,17.3,23.2,10.0,22.1,Patchy rain possible,3.899999999999999,1,0
25.6,0.2,89,1005.0,8.6,58,23.7,28.8,10.0,10.9,Patchy rain possible,1.900000000000002,21,0
25.9,0.0,87,1005.0,7.9,32,23.6,29.1,10.0,10.1,Partly cloudy,2.299999999999997,3,2
20.9,0.4,88,1020.0,13.3,95,18.8,22.9,10.0,16.5,Patchy rain possible,2.099999999999998,23,0
24.2,0.5,89,1012.0,4.0,87,22.3,26.5,10.0,6.8,Moderate rain at times,1.8999999999999984,2,6
29.7,2.27,80,1008.0,9.0,85,24.4,35.1,7.0,19.7,Moderate or heavy rain shower,5.300000000000001,18,4
21.0,1.6,93,1022.0,14.5,100,19.8,23.0,10.0,23.2,Moderate or heavy rain shower,1.1999999999999993,0,4
25.5,0.0,84,1005.0,10.4,24,22.5,28.0,10.0,14.0,Sunny,3.0,6,8
29.1,0.2,79,1003.0,7.9,50,24.4,34.0,10.0,10.0,Patchy rain possible,4.700000000000003,8,0
20.0,0.3,91,1020.0,17.3,100,18.6,22.0,2.0,23.4,Patchy rain possible,1.3999999999999986,5,0
22.3,0.0,82,1017.0,10.4,100,19.1,24.7,10.0,28.4,Overcast,3.1999999999999997,11,7
24.2,0.2,92,1005.0,2.9,100,22.9,26.8,2.0,4.5,Patchy rain possible,1.3000000000000007,2,0
29.8,0.7,72,1001.0,11.5,52,24.2,35.0,10.0,13.9,Moderate rain at times,5.600000000000001,14,6
27.0,0.0,88,1008.0,7.8,87,23.7,31.3,10.0,14.4,Overcast,3.3000000000000007,20,7
25.4,0.1,75,999.0,9.4,81,20.6,27.3,10.0,20.2,Patchy rain possible,4.799999999999997,15,0
21.6,0.0,97,1016.0,6.5,100,21.1,23.6,2.0,9.6,Overcast,0.5,23,7
24.2,2.04,90,1009.0,9.7,76,22.6,26.6,9.0,15.4,Light rain,1.599999999999998,20,10
23.9,0.0,86,1007.0,7.2,29,21.5,26.1,10.0,9.5,Partly cloudy,2.3999999999999986,4,2
27.0,0.0,75,1006.0,8.6,13,22.3,29.8,10.0,12.2,Clear,4.699999999999999,2,3
27.1,0.0,77,1011.0,16.9,85,21.3,29.5,10.0,25.9,Overcast,5.800000000000001,15,7
25.7,0.0,89,1009.0,7.6,86,23.9,29.0,9.0,10.2,Overcast,1.8000000000000007,23,7
24.5,0.0,92,1006.0,8.3,16,23.1,27.1,10.0,17.9,Clear,1.3999999999999986,18,3
30.1,0.0,69,1010.0,6.1,11,23.9,35.1,10.0,12.5,Sunny,6.200000000000003,10,8
29.8,1.47,76,1004.0,11.2,54,25.0,35.8,8.0,14.3,Heavy rain at times,4.800000000000001,16,5
22.3,0.2,88,1016.0,6.8,93,20.2,24.7,10.0,11.6,Patchy rain possible,2.1000000000000014,21,0
21.4,0.0,90,1013.0,3.6,100,20.1,23.4,10.0,9.4,Overcast,1.2999999999999972,23,7
21.9,0.0,92,1010.0,7.9,28,20.6,23.9,10.0,15.4,Partly cloudy,1.2999999999999972,4,2
20.8,0.0,82,1015.0,9.0,77,17.7,22.8,10.0,12.9,Cloudy,3.1000000000000014,18,1
23.0,0.0,83,1011.0,8.6,4,20.0,25.1,10.0,14.4,Sunny,3.0,7,8
28.3,3.15,89,1002.0,7.7,94,24.4,33.1,7.0,19.4,Moderate or heavy rain shower,3.900000000000002,18,4
27.2,0.0,84,1007.0,9.7,32,24.3,31.2,10.0,15.2,Partly cloudy,2.8999999999999986,21,2
20.0,0.1,77,1020.0,10.1,97,15.9,22.0,10.0,11.6,Patchy rain possible,4.1,12,0
21.0,0.2,94,1012.0,4.3,87,20.0,23.0,10.0,7.6,Patchy rain possible,1.0,1,0
31.7,0.0,67,1003.0,13.7,9,24.9,38.5,10.0,26.6,Sunny,6.800000000000001,16,8
27.1,0.0,84,1007.0,9.7,10,24.2,31.0,10.0,12.5,Clear,2.900000000000002,23,3
25.2,0.0,88,1003.0,6.5,45,23.0,27.9,10.0,11.6,Partly cloudy,2.1999999999999997,4,2
24.6,0.0,82,1007.0,9.7,19,21.4,26.7,10.0,15.8,Sunny,3.200000000000003,7,8
25.4,0.0,90,1008.0,7.8,50,23.8,28.4,10.0,11.8,Partly cloudy,1.599999999999998,0,2
22.5,0.0,82,1012.0,4.3,13,19.2,24.8,10.0,6.4,Sunny,3.3000000000000007,18,8
19.0,0.0,84,1018.0,8.6,100,16.3,21.0,10.0,11.7,Overcast,2.6999999999999997,17,7
22.2,0.0,84,1015.0,9.7,65,19.4,24.6,10.0,11.5,Cloudy,2.8000000000000007,8,1
24.1,0.0,89,1009.0,6.5,21,22.2,26.4,10.0,6.7,Clear,1.900000000000002,2,3
27.1,1.28,80,1008.0,8.6,82,23.4,30.5,10.0,12.0,Light rain shower,3.700000000000003,12,9
23.5,1.7,94,1010.0,11.9,63,22.5,25.9,9.0,18.5,Moderate or heavy rain shower,1.0,21,4
25.9,0.0,89,1006.0,6.8,26,23.9,29.2,10.0,12.5,Partly cloudy,2.0,22,2
27.5,0.0,80,1007.0,8.3,88,23.8,31.3,10.0,15.4,Overcast,3.6999999999999993,21,7
24.7,0.2,88,1014.0,6.5,79,22.5,27.2,9.0,10.7,Patchy rain possible,2.1999999999999997,23,0
26.5,6.2,84,1004.0,5.0,91,23.5,29.7,10.0,8.5,Moderate or heavy rain shower,3.0,20,4
26.1,0.0,93,1009.0,3.6,36,24.9,30.1,10.0,5.6,Partly cloudy,1.2000000000000028,1,2
20.1,0.0,86,1017.0,15.1,100,17.7,22.1,2.0,25.8,Overcast,2.400000000000002,20,7
29.1,0.0,68,998.0,10.1,45,22.5,32.6,10.0,20.3,Partly cloudy,6.600000000000001,18,2
24.4,1.5,87,1012.0,6.5,74,22.0,26.6,10.0,11.0,Moderate or heavy rain shower,2.3999999999999986,1,4
24.3,0.8,93,1014.0,5.4,87,23.1,26.9,10.0,14.7,Moderate rain at times,1.1999999999999993,8,6
23.9,0.9,90,1015.0,13.9,100,22.1,26.2,10.0,29.6,Moderate rain at times,1.7999999999999972,1,6
22.4,0.0,88,1016.0,7.2,100,18.6,24.7,10.0,19.4,Overcast,3.799999999999997,12,7
30.9,1.2,70,1005.0,11.9,89,24.9,37.2,10.0,26.8,Heavy rain at times,6.0,14,5
27.7,0.0,77,1010.0,13.0,50,23.2,31.1,10.0,21.7,Partly cloudy,4.5,15,2
19.0,0.0,79,1021.0,6.1,100,15.3,21.0,10.0,9.6,Overcast,3.6999999999999993,4,7
23.3,0.4,91,1014.0,10.8,100,21.7,25.6,10.0,15.2,Patchy rain possible,1.6000000000000014,8,0
23.7,0.5,91,1015.0,13.6,93,22.2,26.1,10.0,27.8,Moderate rain at times,1.5,6,6
28.4,0.1,69,1011.0,10.1,71,22.1,31.4,10.0,21.1,Patchy rain possible,6.299999999999997,13,0
29.0,0.0,81,1003.0,6.7,32,23.8,33.4,10.0,17.6,Partly cloudy,5.199999999999999,7,2
25.5,0.5,90,1005.0,9.4,54,23.7,28.6,10.0,13.0,Moderate rain at times,1.8000000000000007,22,6
24.6,0.0,91,1011.0,6.5,14,23.1,27.3,10.0,11.2,Clear,1.5,21,3
24.4,8.87,93,1008.0,15.5,100,23.2,27.0,5.0,22.4,Heavy rain,1.1999999999999993,2,14
24.6,0.6,91,1013.0,5.8,97,23.0,27.2,10.0,9.6,Moderate rain at times,1.6000000000000014,22,6
20.4,0.4,92,1015.0,13.3,100,19.1,22.4,10.0,18.8,Patchy rain possible,1.2999999999999972,5,0
23.5,0.8,87,1015.0,8.3,86,21.3,25.6,10.0,16.3,Moderate rain at times,2.1999999999999997,11,6
29.5,0.0,83,1005.0,8.3,87,25.1,35.4,10.0,15.1,Overcast,4.399999999999999,19,7
21.7,0.0,82,1004.0,5.9,10,18.5,23.7,10.0,8.2,Clear,3.1999999999999997,1,3
32.0,0.0,77,1002.0,4.3,71,24.9,39.2,9.0,11.1,Cloudy,7.100000000000001,17,1
21.6,0.0,79,1014.0,17.3,100,17.6,23.6,10.0,22.1,Overcast,4.0,18,7
25.6,0.0,89,1010.0,6.6,86,24.0,28.9,9.0,13.5,Overcast,1.6000000000000014,1,7
31.1,0.1,70,1005.0,12.7,87,24.9,37.5,9.0,23.0,Patchy rain possible,6.200000000000003,15,0
26.9,0.0,68,1011.0,11.5,8,20.6,28.9,10.0,13.2,Sunny,6.299999999999997,10,8
20.5,0.0,79,1017.0,8.7,88,16.7,22.5,10.0,14.4,Overcast,3.8000000000000007,20,7
22.0,0.11,83,1015.0,5.0,88,19.0,24.5,10.0,7.4,Patchy rain possible,3.0,22,0
20.9,0.0,81,1014.0,10.8,17,17.4,22.9,10.0,13.6,Clear,3.5,0,3
23.6,0.0,77,1011.0,10.4,12,19.4,25.5,10.0,12.9,Sunny,4.200000000000003,17,8
22.0,0.1,79,1018.0,14.8,60,16.4,24.6,10.0,22.9,Patchy rain possible,5.600000000000001,14,0
23.8,0.0,86,1009.0,5.4,20,21.3,25.9,10.0,7.7,Clear,2.5,4,3
31.1,0.0,69,1010.0,12.1,4,23.5,37.3,10.0,22.1,Sunny,7.600000000000001,12,8
21.0,2.4,93,1021.0,12.9,100,19.8,23.0,9.0,24.6,Moderate or heavy rain shower,1.1999999999999993,2,4
24.7,0.0,87,1008.0,7.9,10,22.4,27.1,10.0,9.8,Clear,2.3000000000000007,5,3
20.5,0.3,81,1017.0,9.3,100,17.0,22.5,10.0,15.8,Patchy rain possible,3.5,6,0
24.6,0.0,89,1009.0,5.6,15,22.7,27.1,10.0,10.7,Clear,1.900000000000002,2,3
24.0,0.0,82,1007.0,9.4,10,20.8,26.0,10.0,12.3,Clear,3.1999999999999997,4,3
20.7,0.0,76,1012.0,10.1,76,16.3,22.7,10.0,12.7,Cloudy,4.399999999999999,16,1
26.7,0.0,85,1011.0,7.2,87,24.0,30.4,10.0,10.3,Overcast,2.6999999999999997,17,7
30.1,0.0,67,1005.0,8.6,18,23.3,34.6,10.0,10.3,Sunny,6.800000000000001,9,8
18.0,0.0,85,1022.0,5.0,100,15.4,20.0,10.0,6.6,Overcast,2.6,9,7
20.5,0.1,92,1015.0,7.9,100,19.1,22.5,2.0,10.8,Patchy rain possible,1.3999999999999986,18,0
23.7,0.23,93,1015.0,4.7,100,22.4,26.1,10.0,7.3,Light rain shower,1.3000000000000007,7,9
21.0,0.0,90,1014.0,8.6,100,19.3,23.0,10.0,17.3,Overcast,1.6999999999999993,16,7
28.2,0.0,71,1009.0,5.4,21,22.4,31.3,10.0,7.2,Sunny,5.800000000000001,8,8
27.6,0.0,87,1003.0,7.6,52,24.3,31.9,10.0,14.3,Partly cloudy,3.3000000000000007,20,2
28.2,0.0,87,1007.0,10.1,86,24.4,32.8,10.0,18.8,Overcast,3.8000000000000007,19,7
28.7,0.0,85,1006.0,7.9,78,25.1,34.1,9.0,9.9,Cloudy,3.599999999999998,20,1
26.6,0.1,88,1004.0,10.8,83,24.5,30.5,10.0,18.7,Patchy rain possible,2.1000000000000014,20,0
25.4,0.0,91,1007.0,7.6,77,23.8,28.4,2.0,12.1,Cloudy,1.599999999999998,1,1
25.0,0.1,88,1013.0,9.7,100,22.8,27.6,10.0,17.4,Patchy rain possible,2.1999999999999997,8,0
25.6,0.0,88,1003.0,6.4,22,23.4,28.5,10.0,12.2,Clear,2.200000000000003,4,3
23.8,0.0,92,1008.0,9.7,100,22.5,26.2,2.0,10.5,Overcast,1.3000000000000007,3,7
27.1,0.0,91,1007.0,9.7,12,25.1,31.6,10.0,11.3,Clear,2.0,21,3
24.9,0.0,75,1014.0,14.8,68,20.3,26.8,10.0,22.8,Cloudy,4.599999999999998,14,1
25.2,0.2,88,1014.0,9.0,84,23.0,27.8,10.0,24.5,Patchy rain possible,2.1999999999999997,20,0
28.2,0.0,63,1012.0,11.9,16,20.6,30.4,10.0,13.7,Sunny,7.599999999999998,10,8
24.6,0.0,89,1007.0,4.8,16,22.6,27.0,10.0,10.2,Clear,2.0,3,3
27.3,0.0,68,1013.0,13.7,9,20.8,29.5,10.0,20.9,Sunny,6.5,14,8
29.8,0.2,79,1006.0,2.9,86,24.4,35.2,10.0,4.9,Patchy rain possible,5.400000000000002,19,0
17.7,0.0,82,1015.0,6.5,13,14.6,19.7,10.0,11.3,Clear,3.1,22,3
20.6,0.2,89,1018.0,8.6,100,18.7,22.6,2.0,12.0,Patchy rain possible,1.900000000000002,0,0
21.4,0.1,78,1016.0,11.9,78,17.3,23.4,10.0,18.2,Patchy rain possible,4.099999999999998,1,0
21.5,0.9,84,1018.0,3.6,78,18.7,23.5,10.0,5.1,Moderate rain at times,2.8000000000000007,8,6
25.2,0.0,91,1007.0,7.9,39,23.6,28.2,10.0,10.1,Partly cloudy,1.599999999999998,4,2
28.6,0.0,84,1007.0,10.4,89,23.4,34.4,9.0,15.6,Overcast,5.200000000000003,18,7
22.0,0.9,97,1018.0,3.2,100,21.5,24.6,2.0,4.6,Moderate rain at times,0.5,22,6
20.2,0.1,91,1020.0,15.5,100,18.7,22.2,10.0,27.5,Patchy rain possible,1.5,18,0
23.9,0.0,86,1006.0,10.8,47,21.5,26.0,10.0,19.0,Partly cloudy,2.3999999999999986,17,2
18.6,0.0,89,1011.0,6.1,0,16.7,20.6,10.0,7.5,Clear,1.900000000000002,0,3
23.6,0.4,91,1013.0,12.5,100,22.0,25.9,10.0,22.0,Patchy rain possible,1.6000000000000014,2,0
25.4,0.0,89,1003.0,9.0,80,23.4,28.3,10.0,10.9,Cloudy,2.0,0,1
24.1,0.3,72,1017.0,4.0,79,18.8,25.8,10.0,22.3,Patchy rain possible,5.300000000000001,12,0
21.1,0.4,82,1005.0,5.8,71,18.0,23.1,10.0,9.3,Patchy rain possible,3.1000000000000014,6,0
26.4,0.0,86,1007.0,9.4,88,23.9,29.9,10.0,17.2,Overcast,2.5,22,7
27.5,0.1,63,1012.0,18.4,85,19.9,29.3,10.0,21.5,Patchy rain possible,7.600000000000001,13,0
24.1,0.0,89,1006.0,6.1,86,22.1,26.3,10.0,12.8,Overcast,2.0,3,7
28.0,0.0,94,1009.0,5.8,81,24.5,32.8,2.0,13.2,Cloudy,3.5,10,1
24.0,1.3,95,1006.0,6.1,85,23.2,26.6,9.0,9.3,Heavy rain at times,0.8000000000000007,6,5
23.3,3.7,94,1014.0,10.1,100,22.3,25.7,10.0,15.2,Moderate or heavy rain shower,1.0,7,4
24.5,0.3,87,1013.0,6.5,72,22.2,26.8,9.0,12.5,Patchy rain possible,2.3000000000000007,0,0
21.6,0.5,95,1020.0,8.2,100,20.8,23.6,2.0,12.9,Moderate rain at times,0.8000000000000007,23,6
21.5,0.0,70,1015.0,14.4,80,15.7,23.5,10.0,23.7,Cloudy,5.800000000000001,15,1
23.4,0.0,96,1013.0,11.5,100,20.4,25.9,2.0,19.6,Overcast,3.0,14,7
23.5,0.1,85,1015.0,11.2,85,20.8,25.6,10.0,25.0,Patchy rain possible,2.6999999999999997,12,0
22.0,1.0,93,1017.0,10.1,100,20.8,24.0,10.0,25.7,Heavy rain at times,1.1999999999999993,14,5
22.7,0.2,74,1015.0,10.1,83,17.9,24.9,10.0,17.5,Patchy rain possible,4.800000000000001,11,0
24.3,0.0,74,1018.0,9.7,85,18.4,26.0,10.0,17.6,Overcast,5.900000000000002,13,7
29.2,0.0,66,1007.0,5.4,12,22.1,32.5,10.0,7.2,Sunny,7.099999999999998,7,8
20.0,0.1,89,1018.0,13.0,100,18.2,22.0,10.0,19.2,Patchy rain possible,1.8000000000000007,9,0
23.6,0.2,90,1015.0,8.0,100,21.8,25.9,10.0,18.0,Patchy rain possible,1.8000000000000007,9,0
23.8,0.0,94,1011.0,2.9,59,22.7,26.2,10.0,4.4,Partly cloudy,1.1000000000000014,19,2
20.3,0.0,79,1016.0,5.6,98,16.5,22.3,10.0,9.9,Overcast,3.8000000000000007,6,7
25.2,0.0,82,1006.0,10.8,32,21.9,27.5,10.0,14.6,Partly cloudy,3.3000000000000007,4,2
30.3,0.0,69,1009.0,7.6,75,24.0,35.4,10.0,13.5,Cloudy,6.300000000000001,10,1
22.5,0.0,78,1016.0,4.7,5,18.6,24.8,10.0,9.9,Sunny,3.899999999999999,9,8
28.2,0.8,80,1007.0,7.2,71,24.4,32.8,10.0,13.5,Moderate rain at times,3.8000000000000007,16,6
23.2,0.0,91,1011.0,5.8,19,21.7,25.5,10.0,9.8,Clear,1.5,5,3
26.3,0.0,81,1009.0,17.3,55,22.8,29.2,10.0,22.4,Partly cloudy,3.5,14,2
23.4,0.4,95,1017.0,9.4,100,21.6,25.8,10.0,19.3,Patchy rain possible,1.7999999999999972,13,0
30.1,0.0,78,1006.0,8.3,10,24.1,35.4,10.0,17.4,Sunny,6.0,17,8
27.0,0.0,84,1007.0,6.4,23,24.2,30.9,10.0,12.8,Clear,2.8000000000000007,22,3
25.7,0.2,93,1012.0,5.0,83,23.7,28.8,10.0,8.6,Patchy rain possible,2.0,21,0
25.7,4.3,86,1010.0,9.7,100,23.2,28.6,10.0,25.0,Moderate or heavy rain shower,2.5,13,4
29.6,0.3,72,1004.0,9.0,70,24.0,34.4,10.0,19.8,Patchy rain possible,5.600000000000001,12,0
18.8,0.0,82,1015.0,7.9,94,16.9,20.8,10.0,11.9,Overcast,1.900000000000002,2,7
25.3,0.2,89,1003.0,8.6,72,23.3,28.1,10.0,11.1,Patchy rain possible,2.0,2,0
24.7,0.0,89,1005.0,7.6,13,22.7,27.2,10.0,13.7,Clear,2.0,3,3
20.0,0.1,74,1021.0,6.5,87,15.2,22.0,10.0,7.5,Patchy rain possible,4.800000000000001,11,0
31.6,0.0,77,1003.0,9.0,78,25.2,38.8,9.0,18.0,Cloudy,6.400000000000002,16,1
21.8,0.0,87,1015.0,14.0,100,17.0,23.8,2.0,24.1,Overcast,4.800000000000001,14,7
30.1,0.2,73,1004.0,10.1,84,24.7,35.9,9.0,19.0,Patchy rain possible,5.400000000000002,17,0
24.6,0.0,81,1006.0,5.8,32,21.2,26.7,10.0,11.0,Partly cloudy,3.400000000000002,5,2
20.8,0.3,81,1018.0,12.6,100,17.4,22.8,10.0,17.9,Patchy rain possible,3.400000000000002,8,0
20.1,0.2,93,1022.0,10.4,100,18.9,22.1,2.0,15.3,Patchy rain possible,1.2000000000000028,19,0
26.9,0.0,89,1006.0,6.1,91,25.1,31.3,10.0,9.9,Overcast,1.7999999999999972,7,7
30.3,0.0,85,1006.0,11.6,72,24.9,39.6,8.0,21.6,Cloudy,5.400000000000002,17,1
22.0,0.1,95,1018.0,8.6,100,21.1,24.6,2.0,12.4,Patchy rain possible,0.8999999999999986,7,0
22.7,0.1,84,1018.0,13.7,85,19.9,24.9,10.0,20.6,Patchy rain possible,2.8000000000000007,12,0
25.4,0.0,89,1011.0,7.2,85,23.5,28.4,9.0,11.7,Overcast,1.8999999999999984,19,7
27.1,0.0,79,1004.0,2.9,34,23.1,30.4,10.0,4.9,Partly cloudy,4.0,19,2
26.3,0.0,80,1002.0,6.1,38,22.5,29.0,10.0,8.6,Partly cloudy,3.8000000000000007,7,2
25.5,0.0,90,1007.0,6.8,80,23.7,28.6,10.0,11.4,Cloudy,1.8000000000000007,4,1
25.7,0.0,88,1005.0,9.4,17,23.5,28.7,10.0,11.7,Clear,2.1999999999999997,2,3
25.1,0.0,88,1007.0,7.6,12,22.9,27.7,10.0,9.6,Clear,2.200000000000003,2,3
25.0,0.0,90,1008.0,6.8,30,23.3,27.7,10.0,12.1,Partly cloudy,1.6999999999999993,2,2
27.4,0.0,79,1010.0,12.6,55,23.4,31.0,10.0,17.9,Partly cloudy,4.0,16,2
26.3,0.0,83,1008.0,8.3,19,23.3,29.4,10.0,14.8,Clear,3.0,0,3
19.8,0.1,87,1018.0,9.7,100,17.6,21.8,10.0,11.5,Patchy rain possible,2.1999999999999997,6,0
24.5,0.5,87,1012.0,10.8,100,22.2,26.8,10.0,12.7,Moderate rain at times,2.3000000000000007,0,6
22.8,0.01,90,1013.0,8.3,61,21.0,25.1,10.0,11.1,Patchy rain possible,1.8000000000000007,17,0
16.7,0.0,84,1018.0,4.0,74,15.0,18.7,10.0,6.5,Cloudy,1.6999999999999993,1,1
19.9,0.1,90,1017.0,11.2,100,18.2,21.9,10.0,12.8,Patchy rain possible,1.6999999999999993,3,0
28.0,0.0,88,1007.0,10.9,85,23.2,33.7,10.0,17.3,Overcast,4.800000000000001,20,7
22.7,0.0,87,1014.0,4.7,50,20.5,24.9,10.0,7.5,Partly cloudy,2.1999999999999997,20,2
25.0,0.0,86,1003.0,5.8,26,22.6,27.6,10.0,10.5,Partly cloudy,2.3999999999999986,5,2
23.1,0.0,94,1008.0,5.0,84,22.1,25.4,10.0,10.6,Cloudy,1.0,5,1
22.8,1.2,91,1013.0,6.6,100,21.2,25.1,10.0,11.0,Heavy rain at times,1.6000000000000014,5,5
29.7,0.0,71,1002.0,12.6,5,24.3,34.6,10.0,24.2,Sunny,5.399999999999999,14,8
28.8,0.1,74,1013.0,5.4,83,23.7,33.1,10.0,12.1,Patchy rain possible,5.100000000000001,10,0
23.8,0.0,75,1014.0,13.3,3,19.1,25.6,10.0,19.7,Sunny,4.699999999999999,16,8
23.5,0.0,92,1010.0,6.1,79,22.1,25.8,2.0,9.9,Cloudy,1.3999999999999986,19,1
21.4,0.0,86,1018.0,1.4,100,19.1,23.4,10.0,2.1,Overcast,2.299999999999997,23,7
26.9,0.0,81,1004.0,5.4,43,23.4,30.3,10.0,11.6,Partly cloudy,3.5,5,2
21.3,0.6,96,1017.0,14.4,100,20.6,23.3,9.0,16.9,Moderate rain at times,0.6999999999999993,2,6
24.8,0.0,91,1009.0,6.5,18,23.2,27.4,10.0,11.0,Clear,1.6000000000000014,2,3
27.6,0.0,75,1008.0,7.6,78,23.3,30.8,9.0,10.5,Cloudy,4.300000000000001,7,1
26.3,0.7,85,1011.0,16.2,89,23.5,29.6,9.0,28.4,Moderate rain at times,2.8000000000000007,16,6
25.4,0.0,88,1004.0,9.4,44,23.2,28.2,10.0,11.5,Partly cloudy,2.1999999999999997,4,2
31.7,0.0,67,1008.0,2.9,18,24.8,38.4,10.0,11.2,Sunny,6.899999999999999,10,8
25.7,0.0,88,1008.0,9.0,21,23.5,28.7,10.0,17.7,Clear,2.1999999999999997,23,3
19.6,0.0,82,1017.0,11.2,100,16.4,21.6,10.0,15.9,Overcast,3.200000000000003,17,7
23.0,0.0,88,1012.0,9.7,83,20.9,25.2,10.0,11.4,Cloudy,2.1000000000000014,6,1
20.4,0.0,86,1019.0,5.0,100,18.0,22.4,10.0,6.7,Overcast,2.3999999999999986,8,7
21.8,0.2,97,1014.0,5.4,100,21.3,23.8,2.0,8.2,Patchy rain possible,0.5,1,0
27.8,0.0,71,1010.0,11.2,6,22.1,30.7,10.0,18.1,Sunny,5.699999999999999,12,8
20.2,0.2,88,1017.0,1.1,100,18.1,22.2,10.0,1.6,Patchy rain possible,2.099999999999998,2,0
25.0,0.1,90,1005.0,9.0,71,23.3,27.7,10.0,15.6,Patchy rain possible,1.6999999999999993,2,0
26.5,0.0,74,1003.0,6.4,18,21.5,28.8,10.0,13.5,Clear,5.0,5,3
23.7,3.5,89,1014.0,7.9,77,21.7,25.9,10.0,13.4,Moderate or heavy rain shower,2.0,22,4
24.8,0.0,86,1008.0,6.8,18,22.4,27.3,10.0,10.8,Sunny,2.400000000000002,7,8
25.1,0.0,84,1005.0,8.3,19,22.2,27.5,10.0,12.1,Clear,2.900000000000002,5,3
24.5,1.0,86,1014.0,6.8,79,21.9,26.8,9.0,11.5,Heavy rain at times,2.6000000000000014,22,5
28.8,0.0,70,1008.0,8.6,14,22.8,32.5,10.0,10.2,Sunny,6.0,8,8
23.9,0.0,88,1016.0,15.0,58,21.7,26.1,10.0,28.0,Partly cloudy,2.1999999999999997,19,2
25.7,0.0,90,1008.0,5.9,8,23.8,28.9,10.0,7.9,Clear,1.8999999999999984,22,3
21.2,1.6,95,1018.0,12.2,100,20.3,23.2,9.0,17.4,Moderate or heavy rain shower,0.8999999999999986,0,4
20.8,0.0,87,1008.0,7.2,3,19.3,22.8,10.0,9.3,Clear,1.5,4,3
28.5,0.0,94,1007.0,1.8,87,24.0,36.5,7.0,10.3,Overcast,4.5,17,7
28.3,0.1,78,1003.0,4.0,79,24.1,32.7,10.0,9.6,Patchy rain possible,4.199999999999999,17,0
26.4,1.7,85,1005.0,10.8,86,23.6,29.6,10.0,17.1,Moderate or heavy rain shower,2.799999999999997,23,4
23.9,0.7,90,1015.0,14.8,91,22.2,26.2,10.0,29.8,Moderate rain at times,1.6999999999999993,0,6
25.5,0.0,88,1004.0,6.2,49,23.3,28.3,10.0,12.6,Partly cloudy,2.1999999999999997,2,2
21.6,0.1,96,1018.0,16.2,100,20.9,23.6,9.0,22.4,Patchy rain possible,0.7000000000000028,17,0
21.8,0.0,92,1011.0,6.1,87,20.4,23.8,10.0,9.7,Overcast,1.400000000000002,2,7
27.5,0.3,78,1015.0,11.2,72,23.3,31.0,10.0,21.9,Patchy rain possible,4.199999999999999,10,0
28.0,0.1,92,1001.0,14.8,100,24.3,32.5,9.0,20.6,Patchy rain possible,3.6999999999999993,14,0
23.5,1.8,93,1013.0,16.6,100,22.3,25.9,9.0,30.3,Moderate or heavy rain shower,1.1999999999999993,13,4
25.0,0.0,88,1008.0,11.5,26,22.9,27.6,10.0,16.1,Partly cloudy,2.1000000000000014,0,2
22.7,0.0,91,1007.0,4.5,27,21.2,25.0,10.0,9.6,Partly cloudy,1.5,1,2
20.5,0.7,94,1016.0,8.9,100,19.5,22.5,10.0,14.0,Moderate rain at times,1.0,4,6
28.8,0.0,83,1006.0,13.7,85,25.6,34.7,9.0,18.0,Overcast,3.1999999999999997,17,7
23.5,0.2,90,1012.0,17.3,100,21.7,25.8,2.0,26.1,Patchy rain possible,1.8000000000000007,20,0
25.5,0.0,85,1004.0,7.2,28,22.8,28.2,10.0,10.8,Partly cloudy,2.6999999999999997,7,2
27.4,0.1,82,1010.0,10.4,75,24.0,31.3,10.0,18.6,Patchy rain possible,3.3999999999999986,16,0
21.3,0.0,86,1020.0,10.1,100,17.0,23.3,10.0,13.0,Overcast,4.300000000000001,9,7
25.3,0.6,89,1011.0,7.1,81,23.5,28.3,10.0,17.9,Moderate rain at times,1.8000000000000007,19,6
21.4,0.0,87,1013.0,7.2,14,19.1,23.4,10.0,11.8,Clear,2.299999999999997,23,3
22.4,0.1,97,1010.0,8.3,67,21.8,24.9,2.0,13.9,Patchy rain possible,0.5999999999999979,3,0
20.1,0.4,93,1023.0,10.4,100,18.8,22.1,10.0,15.4,Patchy rain possible,1.3000000000000007,20,0
23.7,18.57,98,995.0,11.5,100,22.7,26.1,5.0,21.6,Moderate or heavy rain shower,1.0,4,4
23.6,0.0,91,1010.0,10.4,76,22.0,25.9,10.0,13.9,Cloudy,1.6000000000000014,17,1
25.1,0.0,84,1011.0,13.0,77,22.2,27.5,10.0,20.8,Cloudy,2.900000000000002,15,1
30.7,0.08,71,1006.0,13.3,75,25.0,37.1,10.0,15.5,Patchy rain possible,5.699999999999999,12,0
30.9,0.2,78,1000.0,10.4,65,24.5,36.9,9.0,27.2,Patchy rain possible,6.399999999999999,16,0
21.1,0.0,86,1014.0,5.0,29,18.7,23.1,10.0,7.6,Partly cloudy,2.400000000000002,7,2
21.0,0.0,84,1004.0,6.5,57,18.2,23.0,10.0,10.4,Partly cloudy,2.8000000000000007,1,2
25.8,0.0,85,1004.0,10.4,70,23.0,28.6,9.0,13.2,Cloudy,2.8000000000000007,6,1
19.0,0.0,81,1017.0,6.5,73,15.7,21.0,10.0,9.8,Cloudy,3.3000000000000007,6,1
27.7,0.1,87,1009.0,4.7,63,24.6,32.9,10.0,12.4,Patchy rain possible,3.099999999999998,15,0
24.5,0.1,88,1014.0,8.3,54,22.5,27.0,10.0,16.1,Patchy rain possible,2.0,0,0
24.8,0.0,87,1008.0,5.5,24,22.5,27.3,10.0,10.2,Sunny,2.3000000000000007,6,8
27.2,0.0,71,1002.0,7.6,30,21.5,29.7,10.0,15.2,Partly cloudy,5.699999999999999,23,2
25.3,0.2,86,1012.0,5.0,55,22.8,27.9,5.0,8.9,Patchy rain possible,2.5,19,0
26.2,0.2,74,1014.0,4.3,54,21.3,28.4,10.0,12.0,Patchy rain possible,4.899999999999999,9,0
27.6,0.2,80,1008.0,10.4,89,24.0,31.6,10.0,16.9,Patchy rain possible,3.6000000000000014,15,0
20.4,0.0,87,1017.0,10.8,100,18.2,22.4,10.0,15.2,Overcast,2.1999999999999997,19,7
17.6,0.0,84,1014.0,4.3,51,14.8,19.6,10.0,7.3,Partly cloudy,2.8000000000000007,1,2
21.0,0.0,88,1014.0,9.4,89,18.9,23.0,10.0,11.7,Overcast,2.1000000000000014,2,7
18.8,0.0,87,1015.0,12.9,100,16.6,20.8,2.0,21.7,Overcast,2.1999999999999997,3,7
22.4,0.0,88,1013.0,2.9,100,20.4,24.8,10.0,4.2,Overcast,2.0,7,7
20.6,0.0,90,1018.0,11.9,100,18.0,22.6,2.0,18.9,Overcast,2.6000000000000014,9,7
19.4,0.0,77,1016.0,8.6,33,15.3,21.4,10.0,15.8,Partly cloudy,4.099999999999998,18,2
21.4,0.0,73,1016.0,9.4,79,16.3,23.4,10.0,17.2,Cloudy,5.099999999999998,13,1
27.6,0.1,87,1009.0,8.8,72,25.3,32.6,10.0,18.4,Patchy rain possible,2.3000000000000007,20,0
20.1,0.1,90,1015.0,13.7,100,18.3,22.1,2.0,23.5,Patchy rain possible,1.8000000000000007,14,0
30.9,0.0,66,1008.0,12.9,82,23.8,36.1,10.0,19.5,Cloudy,7.099999999999998,13,1
25.4,0.0,87,1005.0,9.7,13,23.0,28.1,10.0,13.1,Clear,2.3999999999999986,5,3
19.3,0.0,89,1018.0,9.0,100,17.4,21.3,10.0,13.6,Overcast,1.900000000000002,22,7
25.5,0.1,96,1010.0,7.9,83,24.8,29.2,10.0,9.9,Patchy rain possible,0.6999999999999993,22,0
21.6,0.3,85,1016.0,12.6,72,18.9,23.6,9.0,24.5,Patchy rain possible,2.700000000000003,17,0
25.6,0.0,89,1003.0,7.6,76,23.6,28.6,10.0,12.4,Cloudy,2.0,6,1
20.8,0.1,90,1017.0,6.5,100,19.2,22.8,10.0,9.1,Patchy rain possible,1.6000000000000014,20,0
24.7,0.6,89,1014.0,4.0,89,22.8,27.2,9.0,6.7,Moderate rain at times,1.8999999999999984,23,6
26.6,0.0,94,1012.0,6.8,56,24.8,31.4,10.0,9.5,Partly cloudy,1.8000000000000007,21,2
26.5,1.28,91,996.0,15.5,90,24.3,30.2,10.0,27.6,Heavy rain at times,2.1999999999999997,11,5
21.6,0.0,92,1014.0,9.0,84,20.2,23.6,10.0,14.5,Cloudy,1.400000000000002,22,1
25.6,0.0,88,1005.0,4.6,49,23.5,28.5,10.0,12.8,Partly cloudy,2.1000000000000014,7,2
21.2,0.9,89,1018.0,12.9,100,19.4,23.2,10.0,24.1,Moderate rain at times,1.8000000000000007,18,6
25.0,0.0,80,1012.0,14.4,81,21.3,27.1,10.0,22.9,Cloudy,3.6999999999999993,15,1
31.0,1.21,77,1007.0,17.6,70,24.6,37.3,9.0,24.8,Heavy rain at times,6.399999999999999,17,5
29.0,0.0,73,1001.0,2.9,26,23.6,33.2,10.0,11.3,Partly cloudy,5.399999999999999,18,2
20.2,0.0,83,1017.0,8.3,100,17.2,22.2,10.0,12.2,Overcast,3.0,22,7
25.8,0.0,86,1003.0,8.3,66,23.4,28.8,10.0,13.9,Cloudy,2.400000000000002,7,1
20.8,0.0,92,1019.0,3.2,100,19.4,22.8,10.0,5.2,Overcast,1.400000000000002,0,7
28.5,0.0,75,1009.0,2.5,11,23.5,32.4,10.0,8.5,Sunny,5.0,8,8
26.1,0.0,78,1004.0,7.8,26,22.0,28.5,10.0,16.2,Partly cloudy,4.100000000000001,5,2
27.1,0.0,81,1006.0,9.7,75,23.6,30.6,10.0,15.7,Cloudy,3.5,18,1
22.0,1.0,84,1015.0,11.2,82,19.2,24.0,9.0,23.3,Heavy rain at times,2.8000000000000007,16,5
22.1,0.0,83,1004.0,8.3,35,19.2,24.6,10.0,14.2,Partly cloudy,2.900000000000002,22,2
22.9,1.3,94,1013.0,11.4,100,21.9,25.3,9.0,17.8,Heavy rain at times,1.0,21,5
24.5,0.0,90,1011.0,5.4,77,22.8,27.0,10.0,9.1,Cloudy,1.6999999999999993,4,1
21.5,0.2,94,1017.0,5.3,89,20.5,23.5,10.0,10.0,Patchy rain possible,1.0,20,0
21.0,0.48,93,1019.0,13.3,100,19.7,23.0,10.0,17.4,Light rain shower,1.3000000000000007,11,9
20.6,0.01,84,1015.0,14.0,98,17.8,22.6,10.0,19.7,Patchy rain possible,2.8000000000000007,20,0
29.7,0.0,78,1005.0,3.2,17,24.2,34.9,10.0,12.1,Clear,5.5,19,3
23.5,1.0,88,1013.0,7.7,100,21.4,25.7,10.0,23.7,Heavy rain at times,2.1000000000000014,5,5
20.2,0.0,96,1010.0,7.1,41,19.5,22.2,2.0,13.2,Partly cloudy,0.6999999999999993,2,2
31.1,0.1,70,1005.0,9.0,88,25.0,37.6,10.0,19.9,Patchy rain possible,6.100000000000001,16,0
25.5,0.83,88,1007.0,10.1,91,23.4,28.4,10.0,16.5,Light rain shower,2.1000000000000014,16,9
24.3,1.0,86,1013.0,11.0,84,21.8,26.5,10.0,25.6,Heavy rain at times,2.5,17,5
28.1,0.0,79,1008.0,16.6,10,23.2,32.3,10.0,22.9,Sunny,4.900000000000002,15,8
21.3,1.3,96,1018.0,13.3,100,20.6,23.3,9.0,19.5,Heavy rain at times,0.6999999999999993,6,5
30.5,0.5,73,1008.0,15.8,85,23.8,36.8,10.0,24.9,Moderate rain at times,6.699999999999999,14,6
21.2,2.1,92,1021.0,10.7,100,19.8,23.2,10.0,13.4,Moderate or heavy rain shower,1.3999999999999986,6,4
20.2,0.0,85,1019.0,4.7,100,17.7,22.2,10.0,5.9,Overcast,2.5,9,7
25.5,0.1,84,1000.0,7.1,72,23.3,28.4,10.0,14.0,Patchy rain possible,2.1999999999999997,0,0
30.2,0.0,79,1006.0,5.8,85,25.1,36.4,9.0,16.3,Overcast,5.099999999999998,16,7
29.4,0.7,74,1003.0,5.8,87,24.2,34.3,9.0,18.6,Moderate rain at times,5.199999999999999,15,6
19.8,0.4,83,1022.0,13.8,57,16.9,21.8,10.0,22.6,Patchy rain possible,2.900000000000002,18,0
20.2,0.7,84,1019.0,13.0,79,17.4,22.2,10.0,17.0,Moderate rain at times,2.8000000000000007,11,6
21.6,0.0,80,1020.0,13.1,68,18.0,23.6,10.0,21.3,Cloudy,3.6000000000000014,20,1
24.7,0.5,89,1015.0,12.6,85,22.7,27.2,10.0,19.8,Moderate rain at times,2.0,21,6
27.7,0.1,84,1010.0,13.0,73,24.7,32.3,9.0,18.4,Patchy rain possible,3.0,12,0
26.9,0.0,76,1008.0,5.8,10,22.3,29.7,10.0,8.3,Sunny,4.599999999999998,7,8
24.4,0.3,89,1013.0,8.6,88,22.5,26.8,10.0,14.4,Patchy rain possible,1.8999999999999984,22,0
25.8,0.1,90,1009.0,4.0,79,24.1,29.1,10.0,5.7,Patchy rain possible,1.6999999999999993,21,0
21.6,0.0,84,1014.0,12.2,100,18.9,23.6,10.0,30.0,Overcast,2.700000000000003,16,7
18.5,0.0,88,1016.0,8.3,100,16.5,20.5,10.0,13.3,Overcast,2.0,2,7
22.9,0.0,90,1013.0,3.2,82,21.2,25.2,2.0,4.7,Cloudy,1.6999999999999993,21,1
28.0,0.0,80,1009.0,8.3,26,24.2,32.4,10.0,9.5,Partly cloudy,3.8000000000000007,8,2
31.1,0.3,73,1007.0,12.6,77,24.4,37.2,9.0,20.2,Patchy rain possible,6.700000000000003,12,0
18.8,0.0,86,1017.0,10.0,100,16.5,20.8,10.0,19.3,Overcast,2.3000000000000007,20,7
28.8,0.0,84,1007.0,8.6,18,25.4,34.5,10.0,11.9,Clear,3.400000000000002,20,3
25.1,0.0,88,1005.0,6.4,47,22.9,27.7,10.0,13.1,Partly cloudy,2.200000000000003,5,2
22.1,0.6,89,1016.0,6.1,98,20.2,24.6,10.0,9.6,Moderate rain at times,1.900000000000002,19,6
26.7,1.44,83,1003.0,7.9,75,23.6,30.1,10.0,13.7,Heavy rain at times,3.099999999999998,18,5
25.5,0.0,92,1009.0,6.1,24,24.2,28.9,10.0,6.5,Clear,1.3000000000000007,0,3
23.9,0.0,86,1013.0,10.1,78,21.4,26.0,10.0,18.1,Cloudy,2.5,17,1
26.5,0.5,82,1014.0,10.4,83,23.2,29.5,10.0,22.5,Moderate rain at times,3.3000000000000007,8,6
19.1,0.0,87,1015.0,6.1,90,16.9,21.1,10.0,10.5,Overcast,2.200000000000003,1,7
28.7,0.0,86,1006.0,0.7,70,25.1,34.0,10.0,5.9,Cloudy,3.599999999999998,22,1
26.6,0.1,85,1007.0,7.6,76,23.8,30.1,10.0,10.9,Patchy rain possible,2.8000000000000007,22,0
19.8,0.6,87,1020.0,15.4,100,17.5,21.8,10.0,26.9,Moderate rain at times,2.3000000000000007,23,6
20.7,0.3,80,1020.0,15.2,66,17.1,22.7,10.0,27.0,Patchy rain possible,3.599999999999998,15,0
21.0,0.1,81,1014.0,9.4,100,17.6,23.0,10.0,18.9,Patchy rain possible,3.3999999999999986,15,0
26.8,0.0,86,1010.0,7.6,85,22.8,30.6,10.0,15.9,Overcast,4.0,18,7
25.2,0.0,86,1012.0,7.2,23,22.7,27.8,10.0,8.6,Sunny,2.5,8,8
19.3,0.0,86,1017.0,11.2,100,17.0,21.3,10.0,15.2,Overcast,2.3000000000000007,8,7
24.5,0.0,92,1011.0,4.7,34,23.0,27.1,10.0,8.5,Partly cloudy,1.5,22,2
21.0,0.0,91,1011.0,5.4,74,19.9,23.0,10.0,8.3,Cloudy,1.1000000000000014,1,1
22.2,0.0,91,1016.0,4.3,86,20.7,24.6,10.0,6.4,Overcast,1.5,20,7
24.2,0.0,95,1010.0,4.7,51,23.1,26.9,10.0,7.3,Partly cloudy,1.099999999999998,18,2
23.8,0.0,79,1007.0,13.3,10,19.9,25.7,10.0,24.7,Clear,3.900000000000002,18,3
27.2,0.1,84,1002.0,5.4,76,24.3,31.2,10.0,9.0,Patchy rain possible,2.8999999999999986,18,0
25.3,0.0,91,1009.0,7.6,16,23.7,28.4,10.0,12.9,Clear,1.6000000000000014,0,3
29.0,0.0,73,1005.0,9.0,60,23.5,33.2,10.0,16.9,Cloudy,5.5,13,1
28.6,0.3,83,1001.0,5.8,82,25.5,34.3,10.0,13.7,Patchy rain possible,3.1000000000000014,15,0
24.4,0.0,90,1010.0,7.2,29,22.6,26.8,10.0,8.3,Partly cloudy,1.7999999999999972,0,2
23.9,0.5,89,1014.0,8.6,58,22.0,26.2,10.0,14.4,Moderate rain at times,1.8999999999999984,21,6
19.7,0.1,89,1015.0,9.7,100,17.8,21.7,10.0,16.7,Patchy rain possible,1.8999999999999984,4,0
23.4,0.0,92,1009.0,5.2,12,22.0,25.7,10.0,6.9,Clear,1.3999999999999986,23,3
23.3,0.8,87,1014.0,9.5,58,21.0,25.5,10.0,16.6,Moderate rain at times,2.3000000000000007,7,6
25.9,0.0,83,1006.0,10.1,41,22.9,28.7,10.0,13.8,Partly cloudy,3.0,3,2
24.8,0.0,89,1003.0,7.1,89,22.9,27.4,10.0,14.1,Overcast,1.900000000000002,2,7
27.1,0.0,87,1008.0,10.4,78,24.8,31.4,10.0,13.9,Cloudy,2.3000000000000007,18,1
21.6,0.7,94,1019.0,11.2,99,20.5,23.6,10.0,16.4,Moderate rain at times,1.1000000000000014,20,6
29.8,0.1,75,1005.0,11.2,78,25.0,35.7,9.0,26.2,Patchy rain possible,4.800000000000001,17,0
26.4,0.0,78,1004.0,8.6,16,22.3,29.1,10.0,16.3,Clear,4.099999999999998,3,3
23.8,0.9,91,1015.0,13.3,100,22.2,26.1,10.0,24.4,Moderate rain at times,1.6000000000000014,21,6
24.0,0.1,85,1013.0,7.6,96,21.4,26.1,10.0,8.2,Patchy rain possible,2.6000000000000014,5,0
30.6,0.0,71,1001.0,17.3,66,23.3,35.4,10.0,27.0,Cloudy,7.300000000000001,10,1
20.2,0.3,91,1019.0,16.5,100,18.7,22.2,2.0,27.2,Patchy rain possible,1.5,17,0
26.1,1.09,85,1010.0,8.6,70,23.3,29.2,10.0,14.0,Light rain shower,2.8000000000000007,11,9
19.8,0.0,92,1015.0,6.5,47,18.4,21.8,10.0,10.8,Partly cloudy,1.400000000000002,0,2
20.7,0.0,86,1016.0,10.8,100,17.2,22.7,10.0,22.2,Overcast,3.5,16,7
23.5,0.0,92,1012.0,5.8,22,22.1,25.8,10.0,9.5,Clear,1.3999999999999986,23,3
16.7,1.1,91,1020.0,11.5,100,15.3,18.7,10.0,15.7,Heavy rain at times,1.3999999999999986,7,5
25.2,0.0,83,1006.0,4.8,19,23.1,27.6,10.0,11.7,Clear,2.099999999999998,5,3
21.7,0.2,74,1023.0,6.1,64,16.9,23.7,10.0,11.9,Patchy rain possible,4.800000000000001,9,0
23.2,1.2,90,1014.0,8.2,100,21.5,25.4,10.0,13.9,Heavy rain at times,1.6999999999999993,7,5
28.5,0.0,83,1006.0,7.3,84,25.4,34.0,10.0,14.9,Cloudy,3.1000000000000014,17,1
27.3,2.3,80,1002.0,0.0,78,23.5,30.8,10.0,8.5,Moderate or heavy rain shower,3.8000000000000007,18,4
29.3,0.0,89,1007.0,10.7,71,23.3,37.5,10.0,22.9,Cloudy,6.0,18,1
28.4,0.0,96,1007.0,7.0,71,23.6,36.5,6.0,16.4,Cloudy,4.799999999999997,17,1
27.1,0.0,79,1012.0,8.3,83,23.1,30.4,10.0,14.3,Cloudy,4.0,10,1
26.8,0.0,90,1007.0,7.4,83,24.6,31.2,10.0,13.3,Cloudy,2.1999999999999997,19,1
25.0,1.0,89,1007.0,5.8,79,23.1,27.7,10.0,9.6,Heavy rain at times,1.8999999999999984,2,5
25.0,0.0,91,1007.0,9.0,41,23.3,27.7,10.0,10.6,Partly cloudy,1.6999999999999993,2,2
21.6,0.1,89,1018.0,9.0,81,19.8,23.6,10.0,13.5,Patchy rain possible,1.8000000000000007,20,0
27.9,0.0,69,1003.0,9.2,59,21.8,30.7,10.0,17.2,Partly cloudy,6.099999999999998,2,2
27.3,0.0,77,1012.0,15.8,74,22.9,30.5,9.0,30.7,Cloudy,4.400000000000002,12,1
23.1,0.0,93,1015.0,5.8,55,21.9,25.4,10.0,9.2,Partly cloudy,1.2000000000000028,2,2
30.3,0.0,79,1008.0,15.5,62,24.7,36.3,10.0,19.2,Cloudy,5.600000000000001,12,1
22.5,0.2,88,1014.0,12.2,62,20.4,24.8,10.0,21.9,Patchy rain possible,2.1000000000000014,16,0
21.8,0.0,83,1004.0,5.6,10,18.8,23.8,10.0,8.3,Clear,3.0,2,3
21.3,0.0,79,1015.0,12.2,96,17.4,23.3,10.0,23.4,Overcast,3.900000000000002,13,7
26.6,8.3,82,1008.0,7.2,58,24.0,30.1,5.0,15.7,Moderate or heavy rain shower,2.6000000000000014,20,4
21.6,0.1,88,1017.0,7.4,72,19.5,23.6,10.0,16.3,Patchy rain possible,2.1000000000000014,8,0
25.7,0.0,88,1007.0,7.8,82,23.3,28.7,10.0,15.4,Cloudy,2.3999999999999986,1,1
28.3,0.0,84,1007.0,12.6,81,24.6,33.7,10.0,22.5,Cloudy,3.6999999999999993,14,1
26.3,0.1,88,1009.0,14.0,81,24.1,29.9,9.0,20.3,Patchy rain possible,2.1999999999999997,17,0
20.6,0.4,91,1017.0,11.2,75,19.2,22.6,9.0,18.0,Patchy rain possible,1.400000000000002,19,0
24.5,0.3,86,1013.0,17.0,86,22.0,26.8,10.0,28.7,Patchy rain possible,2.5,14,0
22.9,0.0,73,1015.0,2.2,9,17.8,25.0,10.0,6.8,Sunny,5.099999999999998,8,8
28.7,0.0,85,1008.0,7.6,76,23.8,33.1,10.0,14.3,Cloudy,4.899999999999999,21,1
28.2,0.0,86,1006.0,2.2,27,25.0,33.3,10.0,4.2,Partly cloudy,3.1999999999999997,23,2
21.3,0.0,71,1015.0,13.0,6,15.8,23.3,10.0,21.5,Sunny,5.5,16,8
26.2,0.0,84,1003.0,8.3,16,23.2,29.2,10.0,12.3,Clear,3.0,3,3
27.8,0.4,80,1008.0,7.9,52,24.1,32.0,10.0,12.5,Patchy rain possible,3.6999999999999993,19,0
21.7,0.0,86,1011.0,8.7,8,19.9,23.7,10.0,15.7,Clear,1.8000000000000007,1,3
18.2,0.0,90,1010.0,5.4,3,16.6,20.2,10.0,6.9,Clear,1.599999999999998,5,3
24.2,0.2,87,1009.0,5.4,78,22.0,26.4,10.0,8.2,Patchy rain possible,2.1999999999999997,6,0
29.8,0.1,77,1006.0,11.2,84,25.4,36.2,10.0,20.8,Patchy rain possible,4.400000000000002,14,0
27.6,0.0,72,998.0,8.3,55,22.0,30.4,10.0,16.7,Partly cloudy,5.600000000000001,2,2
24.7,0.0,91,1011.0,5.0,22,23.2,27.4,10.0,8.5,Clear,1.5,19,3
23.4,0.0,86,1012.0,10.2,10,21.0,25.5,10.0,17.0,Clear,2.3999999999999986,22,3
24.9,0.0,92,1007.0,5.9,62,22.9,27.8,10.0,7.0,Cloudy,2.0,19,1
24.6,0.3,85,1012.0,14.8,73,21.9,26.9,10.0,22.6,Patchy rain possible,2.700000000000003,13,0
30.2,0.0,87,1004.0,13.3,88,24.0,39.7,9.0,23.8,Overcast,6.199999999999999,17,7
19.9,0.0,84,1017.0,5.8,100,17.1,21.9,10.0,8.5,Overcast,2.799999999999997,1,7
21.7,0.0,77,1012.0,11.5,85,17.4,23.7,10.0,20.0,Overcast,4.300000000000001,16,7
27.9,0.0,76,1006.0,8.6,48,23.2,31.5,10.0,13.2,Partly cloudy,4.699999999999999,7,2
30.0,0.0,81,1006.0,13.7,84,24.8,35.8,9.0,24.4,Cloudy,5.199999999999999,17,1
23.4,0.0,89,1006.0,7.6,75,21.5,25.6,10.0,12.3,Cloudy,1.8999999999999984,2,1
25.6,0.0,80,1005.0,6.9,51,21.9,27.9,10.0,14.1,Partly cloudy,3.700000000000003,1,2
26.0,0.0,83,1005.0,6.8,70,22.8,28.7,10.0,10.8,Cloudy,3.1999999999999997,7,1
30.9,0.01,67,1006.0,13.0,81,24.0,36.3,10.0,17.1,Patchy rain possible,6.899999999999999,13,0
22.6,0.0,89,1013.0,8.3,19,20.8,24.9,10.0,11.2,Sunny,1.8000000000000007,8,8
23.7,4.01,97,1002.0,6.8,100,23.2,26.3,7.0,13.1,Moderate or heavy rain shower,0.5,5,4
20.0,0.0,84,1023.0,14.3,79,17.3,22.0,10.0,24.6,Cloudy,2.6999999999999997,22,1
25.5,0.0,90,1007.0,7.6,62,23.7,28.6,10.0,12.6,Cloudy,1.8000000000000007,4,1
23.0,0.0,86,1014.0,7.2,70,20.5,25.2,10.0,14.5,Cloudy,2.5,17,1
29.7,0.3,75,1004.0,9.0,70,24.7,35.1,10.0,12.6,Patchy rain possible,5.0,17,0
24.5,0.02,92,1012.0,4.0,52,23.2,27.2,10.0,6.7,Patchy rain possible,1.3000000000000007,20,0
30.0,0.0,75,1007.0,13.0,7,25.0,36.0,10.0,15.1,Sunny,5.0,14,8
30.5,0.2,79,1001.0,3.2,82,24.2,36.1,10.0,11.8,Patchy rain possible,6.300000000000001,16,0
27.5,0.0,68,1004.0,13.3,8,21.0,29.8,10.0,24.6,Sunny,6.5,13,8
25.7,0.0,85,1006.0,6.4,23,23.1,28.6,10.0,12.0,Clear,2.599999999999998,5,3
19.2,0.0,92,1011.0,5.8,11,17.9,21.2,10.0,10.8,Clear,1.3000000000000007,22,3
26.4,0.0,81,1012.0,9.0,86,22.8,29.2,9.0,17.9,Overcast,3.599999999999998,14,7
19.6,0.3,90,1019.0,17.8,100,17.8,21.6,2.0,28.4,Patchy rain possible,1.8000000000000007,14,0
28.7,0.0,72,1003.0,7.8,10,23.1,32.5,10.0,15.6,Sunny,5.599999999999998,7,8
21.2,0.1,78,1018.0,14.0,66,17.2,23.2,10.0,21.2,Patchy rain possible,4.0,23,0
25.4,0.0,84,1008.0,9.7,15,22.5,28.0,10.0,13.5,Sunny,2.8999999999999986,6,8
20.9,0.0,86,1017.0,2.9,83,18.4,22.9,10.0,4.6,Cloudy,2.5,6,1
26.2,0.0,82,1006.0,7.0,15,22.9,29.1,10.0,14.2,Clear,3.3000000000000007,2,3
20.3,0.0,87,1014.0,5.8,29,18.1,22.3,10.0,9.4,Partly cloudy,2.1999999999999997,19,2
22.8,0.2,87,1017.0,11.6,99,20.5,25.0,10.0,19.8,Patchy rain possible,2.3000000000000007,22,0
21.4,0.6,93,1016.0,9.0,77,20.3,23.4,10.0,14.4,Moderate rain at times,1.099999999999998,19,6
17.7,0.4,85,1020.0,6.8,97,15.2,19.7,10.0,10.3,Patchy rain possible,2.5,4,0
21.7,0.5,97,1014.0,6.1,100,21.2,23.7,2.0,9.3,Moderate rain at times,0.5,2,6
24.0,11.3,84,1016.0,12.0,96,21.1,26.1,10.0,23.1,Moderate or heavy rain shower,2.8999999999999986,11,4
26.4,0.3,89,1005.0,9.4,79,24.4,30.2,10.0,16.3,Patchy rain possible,2.0,21,0
24.3,0.0,89,1011.0,6.8,80,22.4,26.6,10.0,11.4,Cloudy,1.900000000000002,1,1
30.2,0.1,84,1011.0,7.9,61,24.8,38.8,10.0,18.1,Patchy rain possible,5.399999999999999,12,0
24.1,0.0,87,1015.0,6.8,100,19.9,26.3,10.0,12.6,Overcast,4.200000000000003,14,7
25.2,0.05,86,1009.0,7.6,71,22.6,27.7,10.0,9.6,Patchy rain possible,2.599999999999998,9,0
28.7,0.0,74,1002.0,10.8,9,22.9,32.9,10.0,14.8,Sunny,5.800000000000001,16,8
27.3,0.3,88,1006.0,7.9,73,24.4,31.9,9.0,13.2,Patchy rain possible,2.900000000000002,16,0
24.4,0.1,92,1004.0,8.6,72,23.0,26.9,10.0,10.6,Patchy rain possible,1.3999999999999986,5,0
27.9,0.8,82,1009.0,12.2,78,24.6,32.4,9.0,21.0,Moderate rain at times,3.299999999999997,14,6
28.4,0.0,91,1007.0,12.0,85,24.8,33.5,10.0,21.7,Overcast,3.599999999999998,20,7
20.7,0.0,87,1013.0,5.4,28,18.4,22.7,10.0,8.9,Partly cloudy,2.3000000000000007,5,2
25.1,0.0,85,1007.0,10.4,81,22.5,27.6,10.0,14.9,Cloudy,2.6000000000000014,17,1
20.5,0.1,82,1015.0,6.0,100,17.3,22.5,10.0,15.3,Patchy rain possible,3.1999999999999997,17,0
29.6,0.1,82,1005.0,10.1,86,24.8,35.1,10.0,20.1,Patchy rain possible,4.800000000000001,18,0
26.6,0.0,91,1007.0,7.9,86,24.8,31.0,9.0,15.3,Overcast,1.8000000000000007,19,7
22.9,0.0,94,1008.0,5.1,51,21.9,25.3,10.0,6.4,Partly cloudy,1.0,22,2
24.7,0.0,90,1009.0,5.4,13,23.0,27.3,10.0,10.5,Clear,1.6999999999999993,1,3
28.4,0.1,76,1004.0,11.5,70,23.7,32.6,10.0,18.5,Patchy rain possible,4.699999999999999,18,0
26.8,0.0,83,1005.0,4.7,79,23.5,30.1,10.0,6.7,Cloudy,3.3000000000000007,7,1
20.0,0.0,87,1015.0,5.0,87,17.7,22.0,10.0,7.2,Overcast,2.3000000000000007,7,7
20.8,0.0,82,1015.0,7.9,60,17.6,22.8,10.0,11.4,Cloudy,3.1999999999999997,19,1
24.0,0.2,90,1012.0,5.4,73,22.2,26.3,10.0,9.3,Patchy rain possible,1.8000000000000007,4,0
23.4,0.2,89,1014.0,7.5,55,21.6,25.6,10.0,13.4,Patchy rain possible,1.7999999999999972,22,0
25.0,1.22,93,1005.0,7.2,80,23.8,28.0,9.0,7.6,Heavy rain at times,1.1999999999999993,4,5
22.1,0.3,86,1018.0,18.7,100,19.7,24.6,10.0,27.5,Patchy rain possible,2.400000000000002,11,0
20.4,0.7,87,1018.0,5.4,93,18.2,22.4,10.0,8.7,Moderate rain at times,2.1999999999999997,7,6
25.2,0.0,88,1009.0,1.8,87,23.1,27.9,10.0,2.7,Overcast,2.099999999999998,19,7
19.7,0.1,82,1025.0,17.5,100,16.5,21.7,10.0,27.4,Patchy rain possible,3.1999999999999997,8,0
25.7,0.1,88,1012.0,1.8,78,23.5,28.7,10.0,3.0,Patchy rain possible,2.1999999999999997,21,0
21.2,0.0,92,1015.0,5.8,100,19.9,23.2,10.0,8.5,Overcast,1.3000000000000007,0,7
28.3,0.0,81,1005.0,11.4,4,23.7,33.0,10.0,22.2,Sunny,4.600000000000001,15,8
29.1,0.0,74,1011.0,13.7,17,23.5,33.7,10.0,17.7,Sunny,5.600000000000001,11,8
27.5,0.0,74,1003.0,11.2,46,22.5,30.5,10.0,15.8,Partly cloudy,5.0,5,2
27.1,0.0,72,1010.0,10.1,2,21.6,29.5,10.0,18.3,Sunny,5.5,14,8
23.2,0.1,96,1011.0,8.6,86,22.6,25.6,2.0,9.4,Patchy rain possible,0.5999999999999979,0,0
21.0,0.1,86,1017.0,7.6,100,18.5,23.0,10.0,10.3,Patchy rain possible,2.5,9,0
24.9,0.0,91,1007.0,7.2,25,23.3,27.7,10.0,11.2,Sunny,1.599999999999998,6,8
28.1,0.0,71,1005.0,9.0,20,22.4,31.3,10.0,21.3,Clear,5.700000000000003,22,3
20.7,0.0,83,1024.0,7.9,100,17.7,22.7,10.0,16.9,Overcast,3.0,9,7
25.2,0.0,91,1007.0,7.6,82,23.6,28.1,10.0,12.1,Cloudy,1.599999999999998,2,1
23.4,0.0,92,1011.0,5.0,51,22.0,25.7,10.0,9.0,Partly cloudy,1.3999999999999986,2,2
30.6,1.06,76,1007.0,5.4,54,24.5,36.6,10.0,15.8,Heavy rain at times,6.100000000000001,17,5
23.4,0.0,90,1008.0,8.3,51,21.7,25.6,10.0,14.4,Partly cloudy,1.6999999999999993,7,2
25.4,0.0,89,1007.0,6.9,8,24.3,28.8,10.0,14.1,Clear,1.099999999999998,0,3
26.5,0.0,75,1012.0,13.0,27,21.7,28.8,10.0,19.7,Partly cloudy,4.800000000000001,13,2
27.2,0.0,75,1005.0,8.6,45,22.4,30.0,10.0,12.0,Partly cloudy,4.800000000000001,7,2
24.8,0.4,90,1012.0,4.5,89,23.1,27.5,10.0,9.3,Patchy rain possible,1.6999999999999993,22,0
24.8,0.0,85,1005.0,5.6,21,22.2,27.2,10.0,12.7,Clear,2.6000000000000014,4,3
25.5,0.1,93,1012.0,4.3,82,23.7,28.5,10.0,7.4,Patchy rain possible,1.8000000000000007,22,0
22.9,0.0,94,1012.0,13.0,92,21.9,25.3,2.0,21.9,Overcast,1.0,15,7
26.5,0.1,87,1009.0,9.7,74,24.2,30.2,10.0,11.3,Patchy rain possible,2.3000000000000007,22,0
31.4,0.0,65,1008.0,14.4,78,24.0,37.2,10.0,20.3,Cloudy,7.399999999999999,11,1
19.6,0.0,93,1014.0,7.2,66,18.4,21.6,10.0,11.3,Cloudy,1.2000000000000028,6,1
20.1,0.0,78,1022.0,8.6,43,16.1,22.1,10.0,9.9,Partly cloudy,4.0,20,2
21.4,0.9,94,1019.0,10.4,100,20.5,23.4,10.0,15.7,Moderate rain at times,0.8999999999999986,23,6
26.9,0.0,76,1005.0,9.7,16,22.3,29.7,10.0,12.1,Clear,4.599999999999998,1,3
26.7,0.0,85,1013.0,5.0,15,23.9,30.2,10.0,6.0,Sunny,2.8000000000000007,8,8
27.6,0.3,90,1005.0,8.3,100,25.3,32.6,2.0,15.5,Patchy rain possible,2.3000000000000007,10,0
26.6,0.0,78,1008.0,8.3,70,22.4,29.3,10.0,10.7,Cloudy,4.200000000000003,16,1
26.6,0.8,88,1003.0,11.9,63,24.4,30.5,10.0,17.5,Moderate rain at times,2.200000000000003,11,6
22.7,0.0,85,1019.0,2.5,67,20.0,24.9,10.0,6.7,Cloudy,2.6999999999999997,9,1
21.2,0.0,78,1011.0,6.1,0,17.2,23.2,10.0,13.2,Sunny,4.0,17,8
23.9,2.0,88,1014.0,10.8,100,21.7,26.1,10.0,26.5,Moderate or heavy rain shower,2.1999999999999997,1,4
29.6,0.0,75,1006.0,10.7,71,23.0,35.1,9.0,18.2,Cloudy,6.600000000000001,13,1
27.6,0.0,82,1010.0,9.7,79,22.7,30.8,9.0,21.7,Cloudy,4.900000000000002,14,1
23.0,0.1,89,1016.0,11.9,52,21.0,25.2,10.0,14.2,Patchy rain possible,2.0,20,0
19.5,0.0,92,1012.0,6.5,21,18.3,21.5,10.0,11.2,Clear,1.1999999999999993,22,3
22.6,0.6,88,1016.0,12.0,94,20.5,24.9,10.0,21.9,Moderate rain at times,2.1000000000000014,18,6
25.0,0.0,89,1012.0,6.1,21,23.1,27.6,10.0,10.0,Clear,1.8999999999999984,0,3
21.4,0.0,74,1017.0,11.3,70,16.5,23.4,10.0,25.9,Cloudy,4.899999999999999,17,1
23.8,0.7,89,1018.0,11.9,94,20.7,26.1,10.0,23.3,Moderate rain at times,3.1000000000000014,12,6
28.0,0.1,84,1002.0,5.0,88,24.9,32.8,10.0,9.5,Patchy rain possible,3.1000000000000014,18,0
30.1,0.8,74,1008.0,10.4,88,25.0,36.1,10.0,16.9,Moderate rain at times,5.100000000000001,13,6
24.4,0.4,87,1011.0,9.7,100,22.1,26.7,10.0,14.8,Patchy rain possible,2.299999999999997,2,0
24.6,0.8,91,1013.0,6.5,97,23.0,27.2,10.0,14.8,Moderate rain at times,1.6000000000000014,23,6
20.0,0.4,90,1016.0,8.3,100,18.3,22.0,10.0,15.9,Patchy rain possible,1.6999999999999993,15,0
26.7,0.0,78,1003.0,8.3,27,22.6,29.5,10.0,11.4,Partly cloudy,4.099999999999998,2,2
22.7,0.0,94,1008.0,8.3,24,21.6,25.0,10.0,10.5,Clear,1.099999999999998,1,3
28.5,0.0,71,1006.0,8.6,30,22.7,31.9,10.0,12.1,Partly cloudy,5.800000000000001,7,2
21.7,0.01,85,1017.0,8.3,100,19.2,23.7,10.0,10.9,Patchy rain possible,2.5,9,0
25.2,0.0,91,1008.0,6.8,14,23.5,28.1,10.0,11.8,Clear,1.6999999999999993,1,3
27.9,0.0,84,1001.0,11.9,73,24.5,32.3,10.0,18.1,Cloudy,3.3999999999999986,7,1
23.8,0.0,92,1011.0,5.4,86,22.5,26.2,10.0,8.2,Overcast,1.3000000000000007,1,7
19.1,0.1,87,1016.0,14.1,100,16.8,21.1,10.0,24.1,Patchy rain possible,2.3000000000000007,1,0
27.6,0.0,87,1008.0,9.0,56,25.1,32.4,10.0,10.1,Partly cloudy,2.5,19,2
24.1,0.0,87,1010.0,6.8,48,21.8,26.3,10.0,7.8,Partly cloudy,2.3000000000000007,4,2
24.5,0.5,86,1012.0,8.3,71,22.1,26.8,10.0,13.3,Moderate rain at times,2.3999999999999986,18,6
29.3,0.0,78,1005.0,11.7,7,24.9,34.9,10.0,22.5,Sunny,4.400000000000002,14,8
25.9,0.0,80,1003.0,7.2,74,22.2,28.4,9.0,8.3,Cloudy,3.6999999999999993,5,1
28.9,0.0,86,1007.0,7.8,83,25.6,34.9,10.0,17.6,Cloudy,3.299999999999997,18,1
23.9,0.0,84,1017.0,13.1,97,21.0,26.0,2.0,19.9,Overcast,2.8999999999999986,21,7
27.7,0.0,82,1009.0,8.3,20,24.4,32.1,10.0,10.3,Sunny,3.3000000000000007,8,8
21.4,0.1,84,1018.0,11.1,100,18.6,23.4,2.0,17.0,Patchy rain possible,2.799999999999997,21,0
25.1,0.1,89,1005.0,8.3,85,23.2,27.9,10.0,8.9,Patchy rain possible,1.900000000000002,23,0
23.5,0.0,87,1012.0,8.3,100,21.2,25.7,10.0,11.8,Overcast,2.3000000000000007,17,7
26.5,0.2,94,1006.0,6.5,77,25.4,31.1,10.0,10.7,Patchy rain possible,1.1000000000000014,21,0
27.8,0.0,90,1007.0,8.7,17,25.2,32.9,10.0,17.2,Clear,2.6000000000000014,22,3
29.7,0.1,77,1008.0,12.2,74,23.4,35.8,10.0,16.3,Patchy rain possible,6.300000000000001,10,0
19.2,0.0,77,1017.0,10.4,63,15.2,21.2,10.0,18.2,Cloudy,4.0,5,1
21.8,2.69,95,1020.0,15.7,100,20.8,23.8,7.0,27.6,Moderate or heavy rain shower,1.0,20,4
20.9,2.4,95,1018.0,11.2,100,20.0,22.9,9.0,16.7,Moderate or heavy rain shower,0.8999999999999986,21,4
29.2,0.0,71,1004.0,9.0,100,23.5,33.4,10.0,18.3,Overcast,5.699999999999999,9,7
20.7,0.53,90,1016.0,13.3,100,19.1,22.7,10.0,17.5,Light rain shower,1.599999999999998,14,9
19.8,0.0,87,1019.0,5.4,100,17.5,21.8,10.0,7.2,Overcast,2.3000000000000007,8,7
23.5,0.2,85,1014.0,6.8,77,20.8,25.6,10.0,10.3,Patchy rain possible,2.6999999999999997,7,0
23.8,1.7,87,1015.0,11.9,81,21.5,26.0,10.0,24.3,Moderate or heavy rain shower,2.3000000000000007,2,4
25.8,0.0,85,1011.0,4.3,72,23.1,28.7,10.0,6.8,Cloudy,2.6999999999999997,19,1
29.6,0.2,74,1002.0,7.8,78,24.6,34.9,9.0,14.8,Patchy rain possible,5.0,14,0
26.4,0.76,86,1006.0,14.4,63,23.8,29.7,10.0,23.7,Light rain shower,2.599999999999998,16,9
28.0,0.2,80,1003.0,4.3,73,24.1,32.2,10.0,12.6,Patchy rain possible,3.899999999999999,19,0
18.7,0.0,92,1023.0,12.2,100,17.4,20.7,10.0,17.0,Overcast,1.3000000000000007,23,7
26.2,2.0,92,1008.0,6.8,70,24.8,30.1,10.0,12.1,Moderate or heavy rain shower,1.3999999999999986,21,4
25.1,0.0,85,1007.0,6.8,10,22.4,27.6,10.0,9.1,Sunny,2.700000000000003,6,8
20.4,0.0,94,1011.0,7.9,45,19.3,22.4,10.0,8.3,Partly cloudy,1.099999999999998,5,2
23.2,0.0,88,1011.0,9.4,89,21.0,25.4,10.0,12.6,Overcast,2.1999999999999997,17,7
24.4,0.0,88,1013.0,6.1,91,22.4,26.8,10.0,10.0,Overcast,2.0,23,7
19.4,0.0,79,1018.0,13.0,67,15.7,21.4,10.0,20.8,Cloudy,3.6999999999999993,7,1
27.8,0.1,70,1013.0,5.4,70,21.9,30.6,10.0,11.9,Patchy rain possible,5.900000000000002,9,0
24.1,0.0,84,1015.0,6.8,20,21.3,26.2,10.0,8.1,Sunny,2.8000000000000007,9,8
27.6,0.0,87,1004.0,9.0,16,24.6,32.1,10.0,12.0,Clear,3.0,0,3
27.2,0.0,71,1001.0,10.0,18,21.4,29.6,10.0,19.7,Clear,5.800000000000001,0,3
23.1,0.0,89,1012.0,5.4,4,21.1,25.3,10.0,9.5,Clear,2.0,23,3
27.6,0.0,70,1009.0,15.8,8,21.7,30.2,10.0,22.3,Sunny,5.900000000000002,12,8
21.6,0.0,77,1014.0,5.0,11,17.5,23.6,10.0,6.4,Sunny,4.100000000000001,7,8
30.2,0.02,73,1006.0,15.1,89,24.7,36.0,10.0,20.1,Patchy rain possible,5.5,14,0
23.1,0.4,89,1013.0,5.0,88,21.1,25.3,10.0,8.5,Patchy rain possible,2.0,3,0
26.1,0.0,63,1008.0,15.8,3,18.6,27.5,10.0,22.6,Sunny,7.5,13,8
26.6,0.0,83,1006.0,4.7,26,23.5,29.9,10.0,7.3,Partly cloudy,3.1000000000000014,6,2
30.0,0.0,73,1008.0,18.4,3,22.6,35.6,10.0,28.5,Sunny,7.399999999999999,15,8
23.7,0.3,88,1015.0,15.6,100,21.6,25.9,10.0,30.5,Patchy rain possible,2.099999999999998,5,0
30.3,0.0,71,1003.0,6.1,54,24.4,35.9,10.0,15.1,Partly cloudy,5.900000000000002,10,2
25.8,0.0,90,1007.0,5.4,73,24.0,29.1,10.0,9.3,Cloudy,1.8000000000000007,0,1
24.7,2.9,88,1010.0,9.4,96,22.6,27.2,10.0,16.0,Moderate or heavy rain shower,2.099999999999998,17,4
25.2,0.1,87,1015.0,14.8,100,22.8,27.7,2.0,23.5,Patchy rain possible,2.3999999999999986,9,0
24.9,0.1,89,1002.0,6.7,62,23.0,27.5,10.0,13.1,Patchy rain possible,1.8999999999999984,20,0
25.8,0.0,85,1009.0,6.3,26,23.1,28.7,10.0,8.6,Partly cloudy,2.6999999999999997,22,2
23.3,0.5,92,1012.0,14.8,100,21.9,25.6,10.0,21.7,Moderate rain at times,1.400000000000002,4,6
20.3,0.3,83,1021.0,12.4,100,17.4,22.3,10.0,19.3,Patchy rain possible,2.900000000000002,22,0
20.3,0.1,81,1016.0,5.0,85,17.1,22.3,10.0,8.2,Patchy rain possible,3.1999999999999997,20,0
23.9,0.2,91,1010.0,6.8,100,22.4,26.3,10.0,10.1,Patchy rain possible,1.5,1,0
21.8,0.1,87,1018.0,7.0,80,19.6,23.8,10.0,17.5,Patchy rain possible,2.1999999999999997,9,0
26.3,0.0,83,1002.0,9.7,9,23.1,29.4,10.0,15.9,Sunny,3.1999999999999997,7,8
23.0,2.4,94,1010.0,11.5,100,22.1,25.4,10.0,25.2,Moderate or heavy rain shower,0.8999999999999986,3,4
20.4,0.0,82,1015.0,10.4,100,17.2,22.4,10.0,15.1,Overcast,3.1999999999999997,18,7
18.8,0.0,86,1019.0,11.5,100,16.4,20.8,10.0,17.4,Overcast,2.400000000000002,7,7
23.2,0.0,91,1014.0,6.5,81,21.7,25.4,10.0,10.5,Cloudy,1.5,1,1
24.2,0.0,80,1018.0,10.8,80,20.5,26.2,10.0,19.5,Cloudy,3.6999999999999993,11,1
21.5,1.8,95,1017.0,11.9,100,20.7,23.5,9.0,15.8,Moderate or heavy rain shower,0.8000000000000007,14,4
23.5,0.0,93,1008.0,6.1,20,22.3,25.8,10.0,10.8,Clear,1.1999999999999993,3,3
20.3,0.0,85,1020.0,13.0,100,17.7,22.3,10.0,27.4,Overcast,2.6000000000000014,18,7
24.0,0.0,87,1012.0,10.1,78,21.7,26.2,10.0,14.7,Cloudy,2.3000000000000007,17,1
28.5,0.0,72,1004.0,6.8,72,23.0,32.1,10.0,12.0,Cloudy,5.5,18,1
21.6,0.0,83,1012.0,11.2,85,18.6,23.6,10.0,14.0,Overcast,3.0,5,7
24.2,0.0,86,1005.0,5.4,70,21.7,26.4,10.0,17.0,Cloudy,2.5,15,1
21.6,0.3,94,1017.0,11.5,90,20.6,23.6,10.0,16.6,Patchy rain possible,1.0,18,0
25.2,0.0,81,1006.0,4.7,12,21.7,27.4,10.0,10.2,Sunny,3.5,6,8
24.8,0.0,91,1005.0,6.1,54,23.2,27.5,10.0,12.1,Partly cloudy,1.6000000000000014,2,2
20.5,0.0,94,1011.0,4.4,41,19.5,22.5,10.0,8.2,Partly cloudy,1.0,1,2
21.2,0.0,79,1016.0,12.2,100,17.5,23.2,10.0,22.7,Overcast,3.6999999999999993,12,7
28.2,0.0,76,1002.0,9.0,56,23.7,32.2,10.0,17.6,Partly cloudy,4.5,0,2
23.6,0.0,88,1008.0,5.8,25,21.5,25.8,10.0,7.8,Partly cloudy,2.1000000000000014,2,2
23.1,0.0,81,1004.0,4.4,20,19.7,25.2,10.0,6.0,Clear,3.400000000000002,3,3
27.6,0.0,82,1007.0,5.8,79,24.4,31.9,10.0,10.6,Cloudy,3.200000000000003,22,1
28.0,0.0,77,999.0,10.8,78,21.8,30.9,10.0,19.0,Cloudy,6.199999999999999,3,1
27.0,0.1,93,1009.0,8.3,75,24.8,32.1,10.0,13.2,Patchy rain possible,2.1999999999999997,21,0
26.5,0.9,85,1010.0,9.4,71,23.8,30.0,9.0,14.3,Moderate rain at times,2.6999999999999997,17,6
23.5,0.1,91,1003.0,6.8,100,20.9,25.6,2.0,9.8,Patchy rain possible,2.6000000000000014,15,0
22.0,0.0,87,1015.0,11.5,100,16.7,24.0,2.0,22.4,Overcast,5.300000000000001,15,7
19.7,0.4,87,1021.0,11.8,100,17.5,21.7,10.0,18.2,Patchy rain possible,2.1999999999999997,0,0
25.0,0.0,80,1013.0,11.5,18,21.4,27.2,10.0,13.6,Sunny,3.6000000000000014,10,8
23.7,1.8,88,1012.0,10.1,100,21.5,25.9,10.0,19.7,Moderate or heavy rain shower,2.1999999999999997,13,4
29.3,0.25,81,1005.0,13.0,76,25.8,35.6,10.0,15.6,Patchy rain possible,3.5,14,0
24.1,0.0,80,1009.0,11.9,5,20.4,26.1,10.0,24.2,Clear,3.700000000000003,18,3
22.7,0.0,92,1016.0,5.4,77,21.4,25.1,10.0,8.9,Cloudy,1.3000000000000007,6,1
25.3,0.0,87,1003.0,6.8,85,23.0,28.0,10.0,7.1,Overcast,2.3000000000000007,6,7
22.0,0.01,85,1017.0,8.6,100,19.3,24.0,10.0,11.2,Patchy rain possible,2.6999999999999997,10,0
26.1,0.1,88,1009.0,6.8,55,24.0,29.5,10.0,11.1,Patchy rain possible,2.1000000000000014,0,0
23.7,0.1,87,1016.0,9.2,68,21.3,25.8,10.0,18.6,Patchy rain possible,2.3999999999999986,8,0
29.7,0.0,76,1003.0,14.0,12,25.1,35.7,10.0,20.5,Sunny,4.599999999999998,18,8
26.3,0.1,92,1008.0,5.0,71,25.0,30.5,10.0,8.4,Patchy rain possible,1.3000000000000007,22,0
29.2,0.0,73,1010.0,15.1,14,23.7,33.8,10.0,20.8,Sunny,5.5,12,8
29.9,0.0,75,1006.0,1.8,79,24.5,35.4,9.0,11.2,Cloudy,5.399999999999999,10,1
19.9,0.09,88,1017.0,7.6,100,17.9,21.9,10.0,10.7,Patchy rain possible,2.0,23,0
19.6,0.0,85,1016.0,6.8,100,17.0,21.6,10.0,9.8,Overcast,2.6000000000000014,7,7
19.9,0.0,85,1016.0,5.4,91,17.3,21.9,10.0,8.3,Overcast,2.599999999999998,23,7
19.0,0.0,86,1019.0,12.6,64,16.6,21.0,10.0,16.3,Cloudy,2.3999999999999986,16,1
20.0,0.0,77,1014.0,6.5,70,15.8,22.0,10.0,9.3,Cloudy,4.199999999999999,19,1
25.9,0.0,75,1005.0,6.8,92,21.1,28.0,10.0,13.6,Overcast,4.799999999999997,5,7
21.7,0.0,95,1012.0,5.4,56,20.8,23.7,2.0,8.8,Partly cloudy,0.8999999999999986,4,2
20.3,0.1,84,1021.0,15.5,100,17.6,22.3,10.0,20.7,Patchy rain possible,2.6999999999999997,9,0
20.6,0.0,76,1021.0,9.4,69,16.3,22.6,10.0,14.0,Cloudy,4.300000000000001,19,1
23.8,1.2,86,1015.0,11.7,81,21.4,25.9,10.0,24.4,Heavy rain at times,2.400000000000002,4,5
26.2,0.99,84,1009.0,7.6,68,23.4,29.3,10.0,13.2,Light rain shower,2.8000000000000007,12,9
24.0,0.0,83,1010.0,10.1,86,21.0,26.0,10.0,11.9,Overcast,3.0,14,7
20.2,0.0,86,1021.0,13.0,100,17.8,22.2,2.0,22.4,Overcast,2.3999999999999986,14,7
31.5,0.0,64,1007.0,12.3,74,24.0,37.3,10.0,20.5,Cloudy,7.5,12,1
20.1,0.0,89,1009.0,5.4,7,18.3,22.1,10.0,10.3,Clear,1.8000000000000007,22,3
21.2,0.0,95,1014.0,8.3,60,20.3,23.2,2.0,12.3,Cloudy,0.8999999999999986,7,1
23.4,0.4,90,1013.0,10.8,100,21.7,25.7,10.0,20.9,Patchy rain possible,1.6999999999999993,1,0
19.2,0.1,91,1019.0,10.4,100,17.7,21.2,10.0,14.5,Patchy rain possible,1.5,22,0
20.9,0.0,81,1015.0,11.9,60,17.5,22.9,10.0,14.8,Cloudy,3.3999999999999986,16,1
24.2,1.3,92,1011.0,7.9,100,22.8,26.7,10.0,12.4,Heavy rain at times,1.3999999999999986,3,5
27.0,0.0,87,1004.0,8.6,20,24.6,31.2,10.0,10.2,Clear,2.3999999999999986,0,3
20.9,0.51,92,1018.0,12.6,100,19.6,22.9,10.0,17.0,Light rain shower,1.2999999999999972,12,9
24.5,0.0,87,1011.0,12.2,89,22.2,26.9,10.0,19.5,Overcast,2.3000000000000007,16,7
29.6,0.0,68,1005.0,6.4,11,23.0,33.7,10.0,15.1,Sunny,6.600000000000001,7,8
21.7,1.0,94,1017.0,12.2,100,20.7,23.7,9.0,21.6,Heavy rain at times,1.0,13,5
23.9,0.0,87,1017.0,16.2,86,21.6,26.1,10.0,25.5,Overcast,2.299999999999997,8,7
21.2,0.9,92,1019.0,17.5,100,19.8,23.2,10.0,29.5,Moderate rain at times,1.3999999999999986,13,6
23.5,0.5,92,1014.0,15.8,100,22.1,25.8,10.0,26.5,Moderate rain at times,1.3999999999999986,6,6
25.1,0.0,83,1004.0,8.3,9,22.0,27.4,10.0,12.6,Clear,3.1000000000000014,5,3
27.2,0.2,70,1012.0,5.4,76,21.3,29.6,10.0,12.8,Patchy rain possible,5.899999999999999,11,0
18.7,0.0,86,1016.0,7.9,81,16.3,20.7,10.0,14.0,Cloudy,2.3999999999999986,7,1
24.5,0.0,91,1011.0,6.5,21,22.9,27.1,10.0,11.8,Clear,1.6000000000000014,23,3
27.6,0.0,78,1010.0,11.5,80,23.4,31.3,10.0,18.5,Cloudy,4.200000000000003,12,1
26.6,0.0,82,1010.0,13.7,71,22.1,29.8,10.0,22.8,Cloudy,4.5,15,1
25.0,0.0,80,1007.0,6.8,30,21.3,27.1,10.0,8.7,Partly cloudy,3.6999999999999993,6,2
24.8,0.0,90,1008.0,7.2,43,23.0,27.4,10.0,9.0,Partly cloudy,1.8000000000000007,3,2
28.4,1.3,78,1001.0,2.5,54,24.1,32.9,10.0,3.6,Heavy rain at times,4.299999999999997,17,5
20.9,0.2,88,1019.0,7.6,100,18.9,22.9,10.0,11.2,Patchy rain possible,2.0,20,0
23.9,0.0,88,1013.0,5.4,80,21.7,26.1,10.0,8.7,Cloudy,2.1999999999999997,18,1
31.1,0.0,79,1003.0,9.2,40,25.0,37.9,9.0,17.4,Partly cloudy,6.100000000000001,18,2
21.0,0.0,88,1008.0,9.0,4,19.6,23.0,10.0,10.5,Clear,1.3999999999999986,3,3
23.9,0.4,91,1013.0,1.8,79,22.4,26.3,10.0,9.0,Patchy rain possible,1.5,8,0
22.1,0.01,84,1014.0,12.6,100,19.3,24.6,10.0,16.3,Patchy rain possible,2.8000000000000007,14,0
22.0,0.0,89,1013.0,8.3,76,20.2,24.0,10.0,13.6,Cloudy,1.8000000000000007,19,1
22.4,0.0,81,1007.0,9.5,89,19.0,24.7,5.0,16.9,Overcast,3.3999999999999986,0,7
25.4,0.0,86,1006.0,10.4,10,22.8,28.1,10.0,12.4,Clear,2.599999999999998,5,3
19.9,0.0,87,1014.0,7.2,100,17.6,21.9,10.0,10.9,Overcast,2.299999999999997,3,7
25.6,0.0,93,1007.0,6.8,86,24.4,29.1,9.0,11.6,Overcast,1.2000000000000028,1,7
23.1,0.0,94,1007.0,7.6,34,22.1,25.5,10.0,12.9,Partly cloudy,1.0,3,2
18.5,2.0,83,1016.0,10.1,100,15.6,20.5,9.0,15.3,Moderate or heavy rain shower,2.9000000000000004,0,4
19.7,0.0,92,1014.0,7.2,41,18.4,21.7,10.0,12.0,Partly cloudy,1.3000000000000007,1,2
25.1,0.0,89,1005.0,6.4,86,23.8,27.8,10.0,13.2,Overcast,1.3000000000000007,5,7
28.7,0.0,77,1005.0,12.9,5,23.9,33.4,10.0,25.7,Sunny,4.800000000000001,14,8
29.6,0.0,65,1008.0,8.6,45,22.4,33.2,10.0,10.6,Partly cloudy,7.200000000000003,8,2
29.3,0.2,79,1005.0,10.4,78,25.3,35.3,10.0,23.0,Patchy rain possible,4.0,17,0
23.3,1.7,95,1010.0,10.3,100,22.4,25.7,10.0,15.2,Moderate or heavy rain shower,0.9000000000000021,5,4
26.9,0.0,92,1008.0,6.9,11,25.1,31.6,10.0,12.3,Clear,1.7999999999999972,20,3
24.0,0.0,90,1011.0,5.8,45,22.4,26.4,10.0,9.1,Partly cloudy,1.6000000000000014,1,2
24.0,0.1,83,1016.0,10.4,70,18.8,25.7,10.0,21.8,Patchy rain possible,5.199999999999999,13,0
21.4,0.1,85,1015.0,11.2,100,18.7,23.4,10.0,20.8,Patchy rain possible,2.6999999999999997,16,0
26.6,0.0,91,1009.0,11.8,72,24.3,30.5,9.0,20.7,Cloudy,2.3000000000000007,20,1
23.4,0.1,85,1016.0,12.6,80,20.7,25.5,10.0,23.9,Patchy rain possible,2.6999999999999997,11,0
23.9,0.4,88,1012.0,9.6,89,21.9,26.1,10.0,16.8,Patchy rain possible,2.0,5,0
21.3,0.0,78,1017.0,10.4,92,17.4,23.3,10.0,16.0,Overcast,3.900000000000002,0,7
25.5,0.0,87,1010.0,11.2,100,23.2,28.4,10.0,25.5,Overcast,2.3000000000000007,16,7
26.2,0.0,73,1005.0,9.4,12,21.1,28.3,10.0,12.5,Sunny,5.099999999999998,6,8
21.6,0.0,71,1012.0,9.4,0,16.0,23.6,10.0,16.4,Sunny,5.600000000000001,16,8
19.6,0.0,80,1014.0,3.2,57,16.2,21.6,10.0,5.2,Partly cloudy,3.400000000000002,23,2
25.2,0.0,87,1004.0,7.9,43,22.9,27.9,10.0,9.6,Partly cloudy,2.3000000000000007,2,2
27.9,0.0,72,1003.0,6.8,31,22.3,31.0,10.0,13.4,Partly cloudy,5.599999999999998,23,2
20.1,0.0,91,1017.0,5.4,100,18.5,22.1,10.0,8.1,Overcast,1.6000000000000014,6,7
28.4,0.0,77,1006.0,9.7,31,24.1,32.8,10.0,20.8,Partly cloudy,4.299999999999997,17,2
20.3,0.0,85,1010.0,7.6,0,17.8,22.3,10.0,13.4,Clear,2.5,18,3
20.6,2.0,85,1020.0,12.2,60,18.0,22.6,10.0,20.8,Moderate or heavy rain shower,2.6000000000000014,2,4
22.3,0.0,95,1013.0,4.7,78,21.4,24.8,2.0,7.6,Cloudy,0.9000000000000021,20,1
24.0,0.0,93,1015.0,4.7,79,22.4,26.4,10.0,7.9,Cloudy,1.6000000000000014,20,1
26.5,0.0,90,1009.0,5.0,40,24.8,30.6,10.0,8.5,Partly cloudy,1.6999999999999993,21,2
26.8,0.1,72,1014.0,12.6,58,21.4,29.1,10.0,23.9,Patchy rain possible,5.400000000000002,11,0
26.6,0.2,92,1007.0,9.4,77,25.2,31.0,9.0,11.1,Patchy rain possible,1.400000000000002,19,0
25.2,0.0,83,1011.0,9.0,87,22.2,27.6,10.0,13.4,Overcast,3.0,17,7
21.7,0.2,93,1015.0,9.4,100,20.5,23.7,2.0,17.7,Patchy rain possible,1.1999999999999993,15,0
30.6,0.2,64,1007.0,10.4,71,23.0,35.0,10.0,17.4,Patchy rain possible,7.600000000000001,11,0
23.5,0.0,80,1007.0,14.0,4,19.9,25.5,10.0,18.5,Sunny,3.6000000000000014,17,8
24.3,0.0,87,1012.0,6.1,14,21.9,26.5,10.0,9.9,Clear,2.400000000000002,19,3
23.9,1.0,86,1012.0,6.5,100,21.4,26.0,10.0,11.1,Heavy rain at times,2.5,3,5
25.9,0.0,89,1008.0,5.4,80,24.0,29.3,10.0,13.7,Cloudy,1.8999999999999984,21,1
25.1,0.0,87,1004.0,9.4,86,22.8,27.7,10.0,13.0,Overcast,2.3000000000000007,2,7
30.6,0.0,75,1000.0,4.3,79,24.4,36.4,10.0,13.0,Cloudy,6.200000000000003,17,1
20.0,0.0,88,1019.0,8.5,100,17.5,22.0,10.0,13.6,Overcast,2.5,20,7
20.7,0.0,73,1014.0,4.6,100,15.6,22.7,10.0,11.1,Overcast,5.1,1,7
30.6,0.1,67,1006.0,9.9,79,23.7,35.6,9.0,17.4,Patchy rain possible,6.900000000000002,13,0
24.5,0.0,82,1000.0,7.2,45,21.2,26.6,10.0,13.2,Partly cloudy,3.3000000000000007,5,2
21.0,0.0,87,1017.0,15.8,100,18.7,23.0,10.0,27.7,Overcast,2.3000000000000007,12,7
20.4,0.0,73,1013.0,9.0,0,15.3,22.4,10.0,12.2,Sunny,5.099999999999998,17,8
27.1,0.0,88,1005.0,9.4,25,24.9,31.5,10.0,12.7,Partly cloudy,2.200000000000003,20,2
28.8,0.0,81,1001.0,7.9,71,25.3,34.3,10.0,13.1,Cloudy,3.5,17,1
26.1,0.0,85,1007.0,10.8,34,23.4,29.2,10.0,13.9,Partly cloudy,2.700000000000003,1,2
27.1,3.6,88,1003.0,11.9,72,24.9,31.6,9.0,23.2,Moderate or heavy rain shower,2.200000000000003,19,4
28.0,0.2,82,1008.0,12.2,73,24.7,32.7,10.0,16.3,Patchy rain possible,3.3000000000000007,17,0
25.6,0.0,78,1003.0,6.8,6,21.5,27.8,10.0,14.2,Clear,4.100000000000001,4,3
21.6,0.0,77,1007.0,11.2,72,18.4,23.6,10.0,14.8,Cloudy,3.200000000000003,23,1
21.0,0.0,82,1015.0,10.4,18,17.8,23.0,10.0,13.5,Clear,3.1999999999999997,23,3
26.4,0.0,88,1006.0,8.6,85,24.3,30.0,10.0,13.0,Overcast,2.099999999999998,0,7
24.6,0.1,91,1013.0,5.8,90,23.0,27.2,10.0,9.3,Patchy rain possible,1.6000000000000014,21,0
27.0,0.0,76,1005.0,12.2,25,22.4,29.8,10.0,17.2,Partly cloudy,4.600000000000001,6,2
29.0,0.0,70,1007.0,10.2,9,23.0,32.8,10.0,17.7,Sunny,6.0,10,8
27.2,0.0,72,1013.0,15.8,9,21.8,29.8,10.0,22.7,Sunny,5.399999999999999,13,8
23.8,0.6,88,1017.0,13.4,64,21.7,26.0,10.0,21.2,Moderate rain at times,2.1000000000000014,21,6
25.8,0.3,85,1005.0,1.1,53,23.2,28.7,10.0,9.8,Patchy rain possible,2.6000000000000014,22,0
24.4,0.0,75,1009.0,8.5,13,19.8,26.2,10.0,15.6,Sunny,4.599999999999998,8,8
24.6,0.3,86,1018.0,18.6,78,22.0,26.9,10.0,30.5,Patchy rain possible,2.6000000000000014,9,0
27.9,0.2,77,1013.0,8.6,59,23.5,31.6,10.0,19.5,Patchy rain possible,4.399999999999999,10,0
21.8,0.0,96,1011.0,8.6,72,21.1,23.8,2.0,13.8,Cloudy,0.6999999999999993,2,1
28.2,0.8,79,1007.0,5.8,74,24.2,32.6,9.0,12.7,Moderate rain at times,4.0,13,6
28.8,0.0,86,1006.0,11.9,88,25.0,34.3,9.0,18.2,Overcast,3.8000000000000007,18,7
27.9,0.0,79,1010.0,6.5,87,22.6,31.9,10.0,12.0,Overcast,5.299999999999997,11,7
25.8,0.0,82,1011.0,9.4,77,22.5,28.4,10.0,15.4,Cloudy,3.3000000000000007,18,1
24.9,0.0,91,1003.0,8.3,78,23.3,27.7,10.0,9.8,Cloudy,1.599999999999998,2,1
20.3,0.0,91,1017.0,8.6,100,18.8,22.3,10.0,12.4,Overcast,1.5,23,7
21.6,0.0,85,1017.0,1.8,99,19.0,23.6,10.0,2.4,Overcast,2.6000000000000014,7,7
20.2,0.0,77,1020.0,9.4,23,16.0,22.2,10.0,10.3,Clear,4.199999999999999,19,3
29.5,0.0,64,1008.0,2.9,16,22.1,32.9,10.0,9.0,Sunny,7.399999999999999,8,8
24.9,0.0,75,1009.0,14.8,0,20.2,26.8,10.0,22.4,Sunny,4.699999999999999,14,8
26.3,1.2,83,1010.0,7.6,55,23.6,29.6,10.0,18.5,Heavy rain at times,2.6999999999999997,21,5
26.7,0.0,73,1013.0,6.5,85,21.4,29.0,10.0,7.5,Overcast,5.300000000000001,9,7
23.1,0.0,82,1017.0,7.9,79,19.9,25.2,10.0,12.8,Cloudy,3.200000000000003,21,1
22.6,0.1,87,1015.0,7.2,72,20.4,24.9,10.0,11.8,Patchy rain possible,2.200000000000003,20,0
19.8,0.0,77,1015.0,5.0,52,15.7,21.8,10.0,7.2,Partly cloudy,4.100000000000001,23,2
26.4,0.0,88,1009.0,7.2,59,24.3,30.0,10.0,11.5,Partly cloudy,2.099999999999998,22,2
24.0,0.0,79,1005.0,7.9,11,20.2,25.9,10.0,13.7,Sunny,3.8000000000000007,7,8
27.5,0.1,87,1010.0,15.5,73,23.8,31.4,10.0,26.8,Patchy rain possible,3.6999999999999993,14,0
29.6,0.2,81,1004.0,10.1,88,24.7,35.2,9.0,13.2,Patchy rain possible,4.900000000000002,15,0
21.3,0.5,92,1016.0,6.3,67,20.0,23.3,10.0,6.3,Moderate rain at times,1.3000000000000007,6,6
27.0,0.0,82,1008.0,7.6,14,23.7,30.5,10.0,12.9,Clear,3.3000000000000007,22,3
30.4,0.0,70,1008.0,2.9,12,24.2,35.8,10.0,9.4,Sunny,6.199999999999999,10,8
27.7,0.2,77,1012.0,5.8,86,23.3,31.3,10.0,6.6,Patchy rain possible,4.399999999999999,10,0
24.1,10.6,94,1013.0,6.8,70,23.2,26.8,10.0,17.1,Moderate or heavy rain shower,0.9000000000000021,7,4
23.6,0.7,88,1013.0,10.6,100,21.5,25.8,10.0,21.3,Moderate rain at times,2.1000000000000014,3,6
25.8,0.0,85,1008.0,5.8,20,23.1,28.7,10.0,10.4,Sunny,2.6999999999999997,7,8
18.3,0.0,88,1010.0,6.0,4,16.3,20.3,10.0,7.7,Clear,2.0,5,3
26.0,0.0,83,1008.0,10.1,46,22.8,28.8,10.0,14.0,Partly cloudy,3.1999999999999997,22,2
21.7,0.3,94,1018.0,11.9,100,20.7,23.7,2.0,21.5,Patchy rain possible,1.0,12,0
24.3,0.0,94,1003.0,8.6,87,23.3,26.9,2.0,9.9,Overcast,1.0,4,7
23.7,0.3,90,1016.0,10.9,86,21.9,25.9,10.0,22.4,Patchy rain possible,1.8000000000000007,21,0
25.7,0.0,86,1004.0,6.1,73,23.2,28.5,9.0,11.9,Cloudy,2.5,21,1
23.0,0.0,92,1010.0,4.7,27,21.7,25.3,10.0,7.9,Partly cloudy,1.3000000000000007,3,2
19.8,0.0,92,1021.0,16.6,100,18.6,21.8,9.0,22.6,Overcast,1.1999999999999993,20,7
22.0,0.0,91,1012.0,7.6,23,20.5,24.0,10.0,11.5,Clear,1.5,19,3
19.8,0.1,85,1015.0,9.0,100,17.3,21.8,10.0,13.0,Patchy rain possible,2.5,17,0
25.4,0.0,85,1004.0,9.7,24,22.6,28.0,10.0,13.5,Clear,2.799999999999997,5,3
26.4,0.2,93,1008.0,8.3,84,24.6,30.6,10.0,13.5,Patchy rain possible,1.7999999999999972,23,0
23.2,0.1,87,1014.0,0.7,100,20.9,25.3,2.0,5.7,Patchy rain possible,2.3000000000000007,8,0
26.5,0.0,84,1005.0,4.7,84,23.5,29.8,9.0,8.0,Cloudy,3.0,20,1
30.9,0.0,75,1004.0,13.7,84,24.2,36.8,10.0,26.9,Cloudy,6.699999999999999,16,1
26.0,0.0,82,1006.0,6.1,25,22.7,28.7,10.0,12.7,Partly cloudy,3.3000000000000007,6,2
27.0,0.0,74,1002.0,8.4,26,22.0,29.6,10.0,16.6,Partly cloudy,5.0,3,2
26.6,0.2,86,1001.0,7.9,71,24.3,30.3,10.0,17.0,Patchy rain possible,2.3000000000000007,18,0
26.2,0.0,86,1009.0,6.8,14,23.3,29.5,10.0,12.5,Clear,2.8999999999999986,19,3
21.7,0.1,85,1015.0,4.7,75,19.1,23.7,10.0,13.0,Patchy rain possible,2.599999999999998,18,0
25.0,0.0,94,1003.0,5.6,62,24.0,28.1,10.0,10.1,Cloudy,1.0,2,1
27.2,0.0,77,1010.0,14.5,83,22.8,30.3,9.0,25.8,Cloudy,4.399999999999999,15,1
31.5,0.0,71,1005.0,10.8,21,24.1,37.4,10.0,19.6,Sunny,7.399999999999999,17,8
21.1,0.0,84,1016.0,0.7,100,18.3,23.1,10.0,1.0,Overcast,2.8000000000000007,3,7
27.9,3.3,83,1001.0,13.0,69,24.8,32.6,10.0,21.2,Moderate or heavy rain shower,3.099999999999998,17,4
27.7,0.0,82,1002.0,17.3,62,24.4,31.9,9.0,26.7,Cloudy,3.3000000000000007,17,1
27.5,0.1,76,1013.0,1.8,87,22.8,30.7,10.0,9.1,Patchy rain possible,4.699999999999999,9,0
24.3,0.0,89,1012.0,7.9,38,22.3,26.7,10.0,9.3,Partly cloudy,2.0,0,2
22.7,0.0,80,1008.0,11.9,25,19.1,24.9,10.0,20.0,Partly cloudy,3.599999999999998,21,2
28.4,0.0,86,1005.0,10.1,80,24.8,33.3,9.0,12.7,Cloudy,3.599999999999998,21,1
24.5,0.0,88,1007.0,7.9,71,22.3,26.9,10.0,10.3,Cloudy,2.1999999999999997,4,1
28.8,0.2,72,1012.0,8.6,86,23.2,32.6,10.0,17.0,Patchy rain possible,5.600000000000001,12,0
28.7,0.1,81,1010.0,9.0,74,25.0,34.0,10.0,18.3,Patchy rain possible,3.6999999999999993,13,0
25.0,0.1,90,1012.0,4.7,79,23.3,27.8,10.0,7.5,Patchy rain possible,1.6999999999999993,0,0
20.4,0.0,85,1015.0,7.9,100,17.7,22.4,10.0,11.3,Overcast,2.6999999999999997,2,7
22.3,0.01,92,1014.0,9.4,58,21.0,24.7,10.0,13.5,Patchy rain possible,1.3000000000000007,18,0
24.9,0.0,89,1006.0,8.3,17,23.0,27.5,10.0,13.1,Sunny,1.8999999999999984,6,8
27.6,0.4,87,1005.0,9.7,71,25.3,32.6,10.0,15.8,Patchy rain possible,2.3000000000000007,21,0
20.7,0.2,82,1019.0,9.9,100,17.5,22.7,10.0,19.1,Patchy rain possible,3.1999999999999997,9,0
23.6,0.2,90,1012.0,6.1,86,21.7,25.8,10.0,10.4,Patchy rain possible,1.900000000000002,4,0
24.9,0.0,83,1013.0,12.2,23,21.8,27.1,10.0,15.9,Sunny,3.099999999999998,17,8
22.9,0.0,76,1017.0,9.4,3,18.4,25.0,10.0,17.2,Sunny,4.5,17,8
25.8,0.0,89,1009.0,10.1,39,23.9,29.0,10.0,10.6,Partly cloudy,1.900000000000002,1,2
21.5,0.0,84,1011.0,9.6,7,19.6,23.5,10.0,16.7,Clear,1.8999999999999984,2,3
26.4,0.1,81,1015.0,5.8,56,23.0,29.3,10.0,14.4,Patchy rain possible,3.3999999999999986,8,0
22.6,1.4,87,1016.0,10.0,83,20.3,24.9,10.0,16.8,Heavy rain at times,2.3000000000000007,7,5
21.0,0.0,84,1017.0,1.8,100,18.2,23.0,10.0,2.5,Overcast,2.8000000000000007,1,7
26.2,0.0,74,1013.0,14.0,5,21.3,28.4,10.0,23.3,Sunny,4.899999999999999,16,8
20.7,0.0,79,1016.0,9.7,100,16.9,22.7,10.0,11.5,Overcast,3.8000000000000007,7,7
19.5,0.0,92,1013.0,7.2,48,18.3,21.5,10.0,11.8,Partly cloudy,1.1999999999999993,3,2
24.5,0.0,88,1009.0,7.6,21,22.3,26.8,10.0,9.1,Clear,2.1999999999999997,5,3
20.8,0.0,91,1018.0,2.2,100,19.3,22.8,10.0,3.4,Overcast,1.5,1,7
21.3,0.02,85,1013.0,14.4,100,18.8,23.3,10.0,19.7,Patchy rain possible,2.5,17,0
27.4,0.6,82,1010.0,10.4,87,24.1,31.4,9.0,18.0,Moderate rain at times,3.299999999999997,13,6
28.1,0.3,84,1001.0,8.6,100,25.1,33.3,10.0,14.9,Patchy rain possible,3.0,16,0
27.3,0.0,83,1003.0,10.4,16,24.1,31.2,10.0,17.2,Clear,3.1999999999999997,18,3
23.2,0.3,91,1018.0,11.5,100,20.2,25.4,10.0,22.2,Patchy rain possible,3.0,11,0
26.0,0.0,87,1005.0,7.8,41,23.6,29.1,10.0,16.0,Partly cloudy,2.3999999999999986,2,2
20.2,0.0,90,1013.0,9.4,23,18.5,22.2,10.0,12.7,Sunny,1.6999999999999993,8,8
23.7,1.3,88,1017.0,12.3,68,21.6,25.9,10.0,25.7,Heavy rain at times,2.099999999999998,22,5
24.8,0.2,90,1012.0,4.3,87,23.2,27.5,10.0,7.2,Patchy rain possible,1.6000000000000014,23,0
31.2,0.1,76,1008.0,7.2,54,24.7,37.6,10.0,18.9,Patchy rain possible,6.5,12,0
24.6,1.2,87,1002.0,10.8,83,22.2,26.9,10.0,19.9,Heavy rain at times,2.400000000000002,21,5
24.0,2.3,88,1014.0,13.6,100,21.9,26.2,10.0,29.8,Moderate or heavy rain shower,2.1000000000000014,6,4
18.6,0.0,87,1015.0,7.2,100,16.5,20.6,10.0,11.3,Overcast,2.1000000000000014,3,7
23.9,1.2,94,1010.0,17.2,100,22.9,26.4,10.0,26.4,Heavy rain at times,1.0,4,5
31.3,0.1,71,1008.0,10.1,89,24.2,37.1,5.0,17.0,Patchy rain possible,7.100000000000001,11,0
30.2,0.3,68,1005.0,6.5,70,23.6,35.0,9.0,15.3,Patchy rain possible,6.599999999999998,11,0
28.8,0.0,84,1008.0,10.1,73,24.0,33.4,9.0,16.7,Cloudy,4.800000000000001,19,1
25.3,0.0,87,1002.0,9.6,41,23.0,28.0,10.0,20.0,Partly cloudy,2.3000000000000007,2,2
26.1,0.0,87,1009.0,7.9,24,23.8,29.4,10.0,15.2,Clear,2.3000000000000007,21,3
22.0,0.1,86,1013.0,5.8,81,19.6,24.5,10.0,9.8,Patchy rain possible,2.3999999999999986,6,0
29.3,0.0,68,1002.0,11.9,16,22.9,33.2,10.0,22.2,Sunny,6.400000000000002,8,8
24.5,0.0,88,1009.0,8.3,22,22.5,26.9,10.0,9.7,Clear,2.0,4,3
27.3,0.5,84,1008.0,5.8,85,24.3,31.4,10.0,11.3,Moderate rain at times,3.0,21,6
25.5,0.6,82,1014.0,6.5,92,22.1,27.9,10.0,8.7,Moderate rain at times,3.3999999999999986,7,6
25.4,0.0,81,1012.0,5.8,19,22.0,27.8,10.0,7.6,Sunny,3.3999999999999986,7,8
25.3,0.0,86,1007.0,9.0,11,22.8,27.9,10.0,12.2,Clear,2.5,1,3
25.0,0.0,91,1010.0,6.0,15,23.4,27.9,10.0,7.7,Clear,1.6000000000000014,0,3
30.0,0.1,74,1004.0,9.0,73,24.9,35.9,10.0,19.0,Patchy rain possible,5.100000000000001,17,0
22.5,0.0,93,1011.0,5.4,23,21.4,24.9,10.0,9.9,Clear,1.1000000000000014,4,3
28.1,0.0,74,1001.0,9.0,46,23.1,31.7,10.0,16.6,Partly cloudy,5.0,6,2
19.3,0.6,90,1018.0,10.4,100,17.7,21.3,10.0,13.6,Moderate rain at times,1.6000000000000014,16,6
18.9,0.0,82,1016.0,3.6,72,15.9,20.9,10.0,5.5,Cloudy,2.9999999999999982,6,1
21.7,0.0,76,1014.0,13.0,74,17.2,23.7,10.0,16.6,Cloudy,4.5,15,1
23.9,0.0,81,1010.0,12.6,71,20.4,25.8,10.0,22.4,Cloudy,3.5,15,1
27.0,0.1,84,1004.0,6.8,62,24.2,30.9,10.0,9.2,Patchy rain possible,2.8000000000000007,8,0
18.6,0.0,87,1017.0,9.1,100,16.4,20.6,10.0,13.3,Overcast,2.200000000000003,23,7
20.7,0.0,72,1015.0,9.4,100,15.5,22.7,10.0,12.3,Overcast,5.199999999999999,0,7
20.2,0.0,84,1023.0,10.4,100,17.5,22.2,10.0,13.9,Overcast,2.6999999999999997,8,7
23.0,4.61,96,1014.0,15.1,100,22.3,25.4,5.0,21.0,Moderate or heavy rain shower,0.6999999999999993,8,4
25.7,0.0,82,1009.0,15.5,10,22.3,28.2,10.0,19.2,Sunny,3.3999999999999986,14,8
29.3,0.5,74,1003.0,13.3,75,24.1,34.1,9.0,19.2,Moderate rain at times,5.199999999999999,17,6
25.1,1.4,85,1013.0,6.5,75,22.4,27.5,10.0,12.5,Heavy rain at times,2.700000000000003,7,5
29.7,0.0,73,1006.0,11.2,62,23.7,34.4,10.0,15.7,Cloudy,6.0,12,1
25.2,0.0,91,1006.0,6.8,22,23.6,28.1,10.0,11.4,Clear,1.599999999999998,1,3
19.1,0.0,90,1019.0,6.7,100,17.5,21.1,10.0,15.3,Overcast,1.6000000000000014,23,7
20.6,0.0,90,1021.0,6.1,100,19.0,22.6,10.0,8.9,Overcast,1.6000000000000014,6,7
24.7,3.9,89,1004.0,11.5,87,22.7,27.2,10.0,19.8,Moderate or heavy rain shower,2.0,0,4
24.5,1.3,91,1013.0,8.6,100,22.9,27.0,10.0,13.5,Heavy rain at times,1.6000000000000014,0,5
25.2,0.0,84,1009.0,12.6,88,22.3,27.6,10.0,20.1,Overcast,2.8999999999999986,15,7
26.1,0.0,82,1008.0,6.8,30,22.8,28.9,10.0,9.2,Partly cloudy,3.3000000000000007,7,2
21.6,0.1,84,1012.0,12.2,71,18.7,23.6,10.0,19.9,Patchy rain possible,2.900000000000002,15,0
26.4,0.0,87,1006.0,4.7,75,24.1,30.0,9.0,8.5,Cloudy,2.299999999999997,20,1
25.2,0.0,92,1008.0,5.8,28,23.8,28.2,10.0,9.2,Partly cloudy,1.3999999999999986,3,2
30.7,0.0,64,1007.0,5.0,47,23.2,35.3,10.0,6.2,Partly cloudy,7.5,8,2
20.2,0.3,91,1017.0,4.3,69,18.6,22.2,10.0,6.8,Patchy rain possible,1.599999999999998,23,0
24.8,0.0,68,1015.0,7.6,10,18.6,26.3,10.0,13.2,Sunny,6.199999999999999,10,8
22.0,0.6,86,1017.0,8.6,74,19.6,24.0,10.0,12.7,Moderate rain at times,2.3999999999999986,18,6
25.8,0.0,84,1002.0,9.0,20,22.8,28.5,10.0,12.4,Clear,3.0,5,3
22.1,0.0,68,1012.0,9.4,0,16.0,24.6,10.0,16.5,Sunny,6.100000000000001,15,8
19.7,0.0,85,1017.0,9.0,100,17.4,21.7,10.0,12.9,Overcast,2.3000000000000007,22,7
25.7,0.0,90,1009.0,2.9,90,24.0,29.0,10.0,4.2,Overcast,1.6999999999999993,23,7
28.4,0.1,77,1006.0,11.2,78,23.9,32.6,10.0,22.1,Patchy rain possible,4.5,18,0
25.6,2.4,84,1012.0,12.6,75,22.6,28.2,9.0,20.8,Moderate or heavy rain shower,3.0,18,4
28.6,0.1,79,1009.0,3.2,100,24.3,33.3,10.0,11.5,Patchy rain possible,4.300000000000001,9,0
25.3,0.4,94,1007.0,7.9,63,24.1,28.5,5.0,13.6,Patchy rain possible,1.1999999999999993,8,0
26.6,0.0,76,1008.0,5.0,9,22.1,29.2,10.0,7.3,Sunny,4.5,7,8
23.1,0.0,73,1011.0,8.3,0,17.3,25.1,10.0,14.8,Sunny,5.800000000000001,16,8
30.7,0.1,70,1003.0,11.9,74,24.7,36.8,10.0,20.0,Patchy rain possible,6.0,11,0
27.2,0.0,73,1006.0,10.1,21,22.1,30.0,10.0,14.0,Sunny,5.099999999999998,6,8
27.4,0.0,87,1007.0,11.2,88,25.1,32.1,7.0,20.2,Overcast,2.299999999999997,18,7
24.1,0.0,89,1013.0,5.0,70,22.3,26.4,10.0,8.5,Cloudy,1.8000000000000007,6,1
24.6,0.1,90,1014.0,4.7,100,21.1,26.7,10.0,11.7,Patchy rain possible,3.5,10,0
26.2,0.0,77,999.0,11.9,36,21.8,28.6,10.0,18.3,Partly cloudy,4.399999999999999,5,2
21.2,0.0,93,1013.0,8.3,23,20.1,23.2,10.0,13.5,Sunny,1.099999999999998,7,8
19.8,0.7,90,1023.0,18.7,100,18.0,21.8,2.0,29.6,Moderate rain at times,1.8000000000000007,9,6
21.9,0.2,74,1016.0,14.0,95,17.1,23.9,10.0,23.1,Patchy rain possible,4.799999999999997,13,0
25.1,0.0,81,1014.0,10.8,17,21.6,27.3,10.0,12.5,Sunny,3.5,10,8
23.2,0.3,91,1013.0,10.4,100,21.8,25.5,10.0,17.3,Patchy rain possible,1.3999999999999986,2,0
22.1,0.3,95,1020.0,9.4,100,21.3,24.7,10.0,13.1,Patchy rain possible,0.8000000000000007,9,0
24.9,0.1,88,1011.0,7.9,100,22.8,27.5,10.0,14.7,Patchy rain possible,2.099999999999998,18,0
19.0,0.1,88,1018.0,6.5,100,16.9,21.0,10.0,9.6,Patchy rain possible,2.1000000000000014,7,0
24.3,0.0,95,1008.0,6.8,70,23.4,27.1,10.0,10.4,Cloudy,0.9000000000000021,4,1
30.2,0.1,74,1004.0,13.6,75,25.1,36.4,10.0,23.5,Patchy rain possible,5.099999999999998,15,0
28.4,0.0,67,997.0,9.2,40,21.7,31.2,10.0,15.7,Partly cloudy,6.699999999999999,1,2
26.0,0.1,88,1007.0,5.4,85,23.9,29.4,10.0,9.1,Patchy rain possible,2.1000000000000014,22,0
22.0,0.0,84,1009.0,11.9,0,19.1,24.0,10.0,16.1,Sunny,2.8999999999999986,17,8
24.6,0.5,79,1016.0,6.8,77,20.7,26.5,10.0,13.6,Moderate rain at times,3.900000000000002,10,6
28.5,0.1,77,1012.0,11.2,80,23.7,32.8,10.0,13.2,Patchy rain possible,4.800000000000001,9,0
16.7,0.0,91,1012.0,9.7,6,15.2,18.7,10.0,12.6,Clear,1.5,3,3
27.0,0.0,83,1008.0,6.8,78,23.2,30.6,9.0,12.3,Cloudy,3.8000000000000007,18,1
21.0,0.0,82,1015.0,9.4,84,17.8,23.0,10.0,13.1,Cloudy,3.1999999999999997,17,1
23.4,0.0,84,1013.0,5.0,12,20.6,25.5,10.0,7.5,Sunny,2.799999999999997,7,8
23.9,0.0,88,1010.0,5.0,37,21.9,26.2,10.0,8.6,Partly cloudy,2.0,5,2
26.8,0.1,75,1013.0,0.4,89,21.9,29.3,10.0,6.7,Patchy rain possible,4.900000000000002,8,0
30.0,0.0,85,1001.0,6.8,76,26.1,37.2,9.0,11.8,Cloudy,3.899999999999999,17,1
30.5,0.0,68,1005.0,15.5,87,23.9,35.7,10.0,25.5,Overcast,6.600000000000001,16,7
25.5,0.1,77,1014.0,6.1,85,21.2,27.6,10.0,11.6,Patchy rain possible,4.300000000000001,9,0
26.6,0.0,82,1009.0,9.4,26,23.3,29.8,10.0,13.5,Partly cloudy,3.3000000000000007,23,2
18.3,0.0,88,1010.0,5.7,5,16.3,20.3,10.0,7.9,Clear,2.0,4,3
22.8,0.1,89,1014.0,10.4,100,20.9,25.0,10.0,12.0,Patchy rain possible,1.900000000000002,19,0
22.6,0.0,91,1011.0,4.0,13,21.0,24.9,10.0,17.2,Clear,1.6000000000000014,18,3
26.1,0.0,90,1010.0,7.0,28,23.3,29.7,10.0,13.3,Partly cloudy,2.8000000000000007,20,2
23.9,0.7,91,1010.0,5.8,100,22.3,26.3,10.0,8.5,Moderate rain at times,1.599999999999998,2,6
28.5,0.3,81,1004.0,9.9,73,24.8,33.7,10.0,24.6,Patchy rain possible,3.6999999999999993,15,0
24.1,0.0,91,1009.0,6.5,14,22.8,26.6,10.0,6.9,Clear,1.3000000000000007,2,3
20.6,0.5,95,1020.0,13.0,100,19.7,22.6,2.0,17.7,Moderate rain at times,0.9000000000000021,17,6
19.7,0.0,82,1024.0,14.7,77,16.6,21.7,10.0,24.7,Cloudy,3.099999999999998,0,1
23.1,0.1,88,1013.0,0.7,100,21.0,25.3,10.0,6.8,Patchy rain possible,2.1000000000000014,1,0
26.8,0.1,84,1010.0,14.0,85,23.9,30.4,10.0,25.8,Patchy rain possible,2.900000000000002,15,0
28.5,0.1,64,1008.0,3.6,80,21.1,31.1,10.0,10.9,Patchy rain possible,7.399999999999999,8,0
21.8,0.0,82,1005.0,5.3,9,18.6,23.8,10.0,7.0,Clear,3.1999999999999997,0,3
25.8,0.0,84,1005.0,9.7,96,22.9,28.6,10.0,12.8,Overcast,2.900000000000002,1,7
27.0,0.4,86,1012.0,7.9,54,23.6,31.0,10.0,17.6,Patchy rain possible,3.3999999999999986,13,0
23.8,2.3,88,1013.0,11.9,98,21.6,26.0,10.0,20.6,Moderate or heavy rain shower,2.1999999999999997,2,4
22.9,0.2,86,1015.0,9.4,52,20.5,25.1,10.0,16.7,Patchy rain possible,2.3999999999999986,2,0
24.0,0.1,90,1011.0,7.6,80,22.2,26.3,10.0,12.9,Patchy rain possible,1.8000000000000007,2,0
19.5,0.3,88,1021.0,15.1,100,17.5,21.5,2.0,27.6,Patchy rain possible,2.0,19,0
26.4,0.0,81,1006.0,8.3,53,22.9,29.3,10.0,10.9,Partly cloudy,3.5,5,2
26.4,0.0,85,1004.0,6.7,56,23.7,29.8,10.0,14.0,Partly cloudy,2.6999999999999997,7,2
26.8,0.0,72,1003.0,14.1,5,21.3,29.0,10.0,23.9,Sunny,5.5,14,8
24.8,0.0,86,1003.0,6.1,17,22.4,27.2,10.0,13.4,Clear,2.400000000000002,2,3
26.9,0.0,83,1007.0,5.4,16,23.9,30.6,10.0,9.6,Clear,3.0,0,3
19.6,0.0,87,1017.0,8.3,100,17.3,21.6,10.0,11.9,Overcast,2.3000000000000007,4,7
20.6,0.4,94,1017.0,8.9,100,19.6,22.6,10.0,14.0,Patchy rain possible,1.0,6,0
19.7,0.0,86,1019.0,9.6,100,17.4,21.7,10.0,15.0,Overcast,2.3000000000000007,3,7
22.4,0.0,84,1015.0,4.7,90,20.6,24.7,10.0,7.9,Overcast,1.7999999999999972,6,7
19.4,0.2,85,1020.0,17.4,100,16.9,21.4,10.0,28.3,Patchy rain possible,2.5,7,0
19.9,0.0,85,1017.0,5.8,100,17.3,21.9,10.0,8.0,Overcast,2.599999999999998,8,7
20.2,0.9,93,1021.0,14.7,100,19.0,22.2,9.0,26.1,Moderate rain at times,1.1999999999999993,1,6
22.3,0.0,94,1010.0,5.1,19,21.3,24.8,10.0,5.8,Clear,1.0,22,3
26.5,2.7,86,1003.0,9.7,100,24.1,30.2,10.0,19.2,Moderate or heavy rain shower,2.3999999999999986,19,4
21.7,0.0,82,1012.0,8.9,77,18.6,23.7,10.0,15.0,Cloudy,3.099999999999998,2,1
29.1,0.0,68,1012.0,9.0,3,22.6,32.7,10.0,16.5,Sunny,6.5,9,8
23.5,0.2,96,1010.0,2.9,60,23.0,26.1,2.0,9.1,Patchy rain possible,0.5,5,0
28.1,0.0,75,1001.0,9.0,63,23.3,31.8,10.0,19.1,Cloudy,4.800000000000001,1,1
18.4,0.0,87,1010.0,5.5,4,16.3,20.4,10.0,7.5,Clear,2.099999999999998,3,3
27.2,0.0,78,1005.0,7.9,13,23.0,30.4,10.0,9.8,Clear,4.199999999999999,1,3
26.2,0.0,91,1008.0,8.3,84,24.1,29.9,10.0,11.5,Cloudy,2.099999999999998,20,1
22.1,0.0,84,1017.0,7.9,100,19.3,24.6,10.0,14.7,Overcast,2.8000000000000007,12,7
26.3,0.0,87,1006.0,6.5,70,23.8,29.7,10.0,13.7,Cloudy,2.5,23,1
25.0,1.04,87,1011.0,10.1,73,22.8,27.6,10.0,14.5,Light rain shower,2.1999999999999997,9,9
18.9,0.1,83,1023.0,13.1,81,16.0,20.9,10.0,22.3,Patchy rain possible,2.8999999999999986,4,0
22.2,0.1,88,1012.0,8.3,70,20.1,24.6,10.0,14.1,Patchy rain possible,2.099999999999998,4,0
30.6,0.1,70,1004.0,9.6,70,24.6,36.6,9.0,18.2,Patchy rain possible,6.0,17,0
25.4,0.0,87,1004.0,6.8,78,23.1,28.1,10.0,12.5,Cloudy,2.299999999999997,0,1
22.6,0.0,93,1011.0,7.6,18,21.3,25.0,10.0,13.1,Sunny,1.3000000000000007,6,8
24.9,0.0,81,1012.0,10.4,15,21.5,27.0,10.0,12.8,Sunny,3.3999999999999986,9,8
22.4,0.0,84,1016.0,9.4,93,17.5,24.7,10.0,17.1,Overcast,4.899999999999999,13,7
24.6,10.4,95,1011.0,12.6,53,23.5,27.5,10.0,24.2,Moderate or heavy rain shower,1.1000000000000014,0,4
21.7,0.1,94,1020.0,10.8,100,20.7,23.7,2.0,18.6,Patchy rain possible,1.0,10,0
23.1,0.9,93,1015.0,18.0,100,22.0,25.4,9.0,29.8,Moderate rain at times,1.1000000000000014,19,6
29.4,0.1,73,1011.0,10.1,77,24.0,34.1,10.0,16.8,Patchy rain possible,5.399999999999999,12,0
28.4,0.39,83,1006.0,7.9,84,25.3,33.8,9.0,11.5,Patchy rain possible,3.099999999999998,17,0
25.1,0.0,89,1011.0,6.5,41,23.2,27.9,10.0,10.5,Partly cloudy,1.900000000000002,22,2
28.6,0.0,75,1005.0,8.6,12,23.7,32.8,10.0,13.2,Sunny,4.900000000000002,18,8
24.1,6.6,93,1001.0,11.5,66,22.9,26.6,10.0,18.1,Moderate or heavy rain shower,1.2000000000000028,6,4
25.9,0.0,84,1005.0,6.5,46,22.9,28.7,10.0,14.0,Partly cloudy,3.0,4,2
22.1,0.2,78,1015.0,6.5,77,18.0,24.6,10.0,18.6,Patchy rain possible,4.100000000000001,12,0
22.6,0.26,80,1015.0,13.7,100,18.9,24.8,10.0,17.7,Light rain shower,3.700000000000003,12,9
27.7,0.2,84,1001.0,7.2,71,24.8,32.3,9.0,15.8,Patchy rain possible,2.8999999999999986,17,0
23.2,0.3,85,1016.0,8.8,59,20.5,25.3,10.0,14.2,Patchy rain possible,2.6999999999999997,6,0
22.4,0.0,81,1017.0,6.1,100,17.9,24.7,10.0,14.1,Overcast,4.5,10,7
26.7,0.0,89,1009.0,8.6,9,24.7,30.8,10.0,10.5,Clear,2.0,20,3
31.7,0.9,71,1007.0,10.4,74,25.1,38.8,10.0,22.8,Moderate rain at times,6.599999999999998,14,6
20.3,0.0,93,1016.0,6.8,59,19.2,22.3,10.0,10.1,Partly cloudy,1.1000000000000014,7,2
21.0,0.0,94,1014.0,7.6,100,20.0,23.0,2.0,11.7,Overcast,1.0,6,7
20.4,0.0,87,1013.0,6.1,26,18.2,22.4,10.0,10.3,Partly cloudy,2.1999999999999997,6,2
27.4,1.4,85,1009.0,10.5,56,24.7,31.8,10.0,17.4,Heavy rain at times,2.6999999999999997,21,5
25.8,0.0,75,1004.0,8.6,17,21.0,27.8,10.0,12.4,Clear,4.800000000000001,4,3
26.2,0.0,87,1008.0,9.4,86,23.9,29.5,9.0,11.1,Overcast,2.3000000000000007,22,7
18.6,0.0,83,1019.0,5.0,73,15.7,20.6,10.0,8.5,Cloudy,2.900000000000002,20,1
25.8,1.58,89,1011.0,9.4,85,23.8,29.0,8.0,14.5,Moderate or heavy rain shower,2.0,18,4
24.4,0.6,91,1014.0,7.2,100,22.8,26.9,10.0,11.4,Moderate rain at times,1.599999999999998,22,6
27.6,0.0,94,1010.0,4.0,86,24.8,32.3,10.0,9.5,Overcast,2.8000000000000007,9,7
25.2,0.1,89,1004.0,7.6,76,23.3,28.1,10.0,9.9,Patchy rain possible,1.8999999999999984,0,0
26.1,0.0,88,1009.0,9.6,24,24.0,29.5,10.0,18.0,Clear,2.1000000000000014,23,3
17.7,0.1,89,1015.0,4.3,93,16.0,19.7,10.0,6.9,Patchy rain possible,1.6999999999999993,5,0
19.3,0.0,78,1018.0,13.0,100,16.8,21.3,10.0,16.4,Overcast,2.5,22,7
29.5,0.0,81,1001.0,7.9,76,24.6,34.9,10.0,17.2,Cloudy,4.899999999999999,18,1
21.5,0.05,85,1015.0,13.3,100,19.0,23.5,10.0,19.3,Patchy rain possible,2.5,20,0
21.9,0.0,65,1014.0,5.6,0,15.0,23.9,10.0,10.8,Sunny,6.899999999999999,13,8
27.9,0.0,83,1004.0,6.0,12,25.1,33.0,10.0,13.6,Clear,2.799999999999997,0,3
28.5,0.2,73,1012.0,11.2,73,23.2,32.3,10.0,20.3,Patchy rain possible,5.300000000000001,12,0
28.8,0.1,78,1008.0,14.0,77,24.5,33.6,10.0,17.1,Patchy rain possible,4.300000000000001,16,0
29.7,0.0,80,1005.0,5.8,74,24.7,35.3,10.0,14.0,Cloudy,5.0,18,1
24.9,0.0,88,1006.0,11.9,12,22.8,27.5,10.0,20.3,Clear,2.099999999999998,0,3
26.4,0.0,85,1004.0,4.3,31,23.8,29.9,10.0,6.4,Partly cloudy,2.599999999999998,7,2
26.1,0.1,80,1003.0,7.2,84,22.5,28.8,10.0,13.4,Patchy rain possible,3.6000000000000014,1,0
20.3,0.1,84,1015.0,5.5,100,17.5,22.3,10.0,8.1,Patchy rain possible,2.8000000000000007,3,0
23.6,0.5,74,1019.0,3.6,82,18.7,25.4,10.0,16.2,Moderate rain at times,4.900000000000002,10,6
21.8,0.3,89,1017.0,13.9,100,19.8,23.8,10.0,24.1,Patchy rain possible,2.0,16,0
29.9,0.0,70,1005.0,14.0,71,23.9,34.8,9.0,21.5,Cloudy,6.0,17,1
28.8,0.2,82,1003.0,11.9,72,25.3,34.4,10.0,15.4,Patchy rain possible,3.5,14,0
31.1,0.0,71,1009.0,14.3,10,24.3,37.9,10.0,24.4,Sunny,6.800000000000001,12,8
23.8,0.0,91,1010.0,9.4,34,22.3,26.2,10.0,13.4,Partly cloudy,1.5,7,2
20.4,0.3,88,1018.0,7.7,100,18.3,22.4,10.0,12.3,Patchy rain possible,2.099999999999998,21,0
28.7,0.0,78,1004.0,10.7,7,24.0,33.6,10.0,22.4,Sunny,4.699999999999999,16,8
29.2,0.1,87,1007.0,7.6,75,24.8,34.7,10.0,9.8,Patchy rain possible,4.399999999999999,10,0
19.8,0.3,85,1020.0,9.2,100,17.2,21.8,10.0,17.6,Patchy rain possible,2.6000000000000014,9,0
25.8,1.2,87,1008.0,1.8,84,23.5,28.8,9.0,8.8,Heavy rain at times,2.3000000000000007,21,5
24.4,0.0,91,1006.0,5.1,19,22.7,26.9,10.0,6.5,Clear,1.6999999999999993,2,3
21.0,0.0,86,1012.0,4.3,50,18.6,23.0,10.0,6.8,Partly cloudy,2.3999999999999986,4,2
20.4,0.0,85,1019.0,18.7,100,17.8,22.4,10.0,26.2,Overcast,2.599999999999998,16,7
25.4,0.0,82,1002.0,5.0,79,22.2,27.8,10.0,9.0,Cloudy,3.1999999999999997,4,1
24.0,0.2,88,1012.0,6.8,100,21.8,26.2,10.0,11.3,Patchy rain possible,2.1999999999999997,6,0
26.9,2.2,88,1003.0,11.5,91,24.6,31.0,10.0,18.1,Moderate or heavy rain shower,2.299999999999997,19,4
25.4,0.0,89,1012.0,4.0,75,23.4,28.3,9.0,6.8,Cloudy,2.0,20,1
26.1,0.0,84,1005.0,5.0,44,23.1,29.1,10.0,8.8,Partly cloudy,3.0,3,2
21.7,0.0,88,1014.0,8.6,100,19.6,23.7,10.0,18.5,Overcast,2.099999999999998,16,7
26.1,0.0,86,1010.0,11.2,99,23.6,29.2,9.0,23.5,Overcast,2.5,15,7
32.2,0.7,70,1002.0,13.7,52,24.7,39.1,10.0,26.9,Moderate rain at times,7.5000000000000036,13,6
24.1,0.0,82,1007.0,6.0,10,20.8,26.1,10.0,9.1,Clear,3.3000000000000007,3,3
20.3,0.3,83,1016.0,9.8,100,17.3,22.3,10.0,19.9,Patchy rain possible,3.0,5,0
23.7,0.2,85,1018.0,12.2,69,19.1,25.5,10.0,17.0,Patchy rain possible,4.599999999999998,11,0
24.7,2.7,90,1012.0,14.3,86,22.9,27.3,10.0,28.4,Moderate or heavy rain shower,1.8000000000000007,15,4
30.8,0.0,74,1006.0,16.9,81,23.6,38.0,10.0,24.9,Cloudy,7.199999999999999,15,1
22.9,0.2,86,1016.0,17.4,100,20.5,25.1,2.0,26.4,Patchy rain possible,2.3999999999999986,3,0
19.8,0.2,85,1023.0,8.3,100,17.3,21.8,10.0,11.3,Patchy rain possible,2.5,7,0
26.4,0.0,81,1007.0,8.6,21,22.9,29.3,10.0,12.1,Clear,3.5,1,3
25.2,0.0,89,1005.0,5.3,77,23.2,28.0,9.0,10.9,Cloudy,2.0,2,1
24.8,0.0,91,1009.0,6.1,70,22.3,27.5,9.0,13.9,Cloudy,2.5,18,1
26.9,0.0,84,1004.0,9.0,23,24.0,30.6,10.0,11.0,Clear,2.8999999999999986,19,3
29.6,0.0,74,1010.0,6.1,30,23.8,34.3,10.0,13.8,Partly cloudy,5.800000000000001,9,2
21.0,0.2,91,1016.0,5.0,100,19.5,23.0,10.0,8.0,Patchy rain possible,1.5,5,0
26.3,3.36,91,1008.0,5.8,77,24.7,30.2,7.0,10.2,Moderate or heavy rain shower,1.6000000000000014,22,4
25.4,0.0,90,1007.0,6.8,13,23.5,28.4,10.0,11.5,Clear,1.8999999999999984,4,3
23.8,1.1,92,1013.0,10.6,81,22.5,26.2,10.0,21.6,Heavy rain at times,1.3000000000000007,18,5
25.5,0.0,70,1014.0,11.9,90,18.8,27.2,10.0,21.3,Overcast,6.699999999999999,13,7
24.0,0.0,81,1013.0,12.9,57,20.5,26.0,10.0,22.1,Partly cloudy,3.5,18,2
25.4,0.0,88,1010.0,6.8,32,23.3,28.2,10.0,7.1,Partly cloudy,2.099999999999998,6,2
18.1,0.0,88,1014.0,7.6,36,16.1,20.1,10.0,10.9,Partly cloudy,2.0,3,2
28.2,0.0,87,1008.0,5.8,27,24.4,32.8,9.0,12.3,Partly cloudy,3.8000000000000007,20,2
24.7,0.1,90,1003.0,10.1,70,22.9,27.3,10.0,10.9,Patchy rain possible,1.8000000000000007,21,0
24.4,0.0,87,1009.0,15.1,83,22.1,26.7,10.0,19.3,Cloudy,2.299999999999997,16,1
21.2,0.3,89,1019.0,9.7,100,19.2,23.2,10.0,22.8,Patchy rain possible,2.0,19,0
19.7,0.0,92,1019.0,13.3,100,18.3,21.7,2.0,18.1,Overcast,1.3999999999999986,2,7
27.9,0.1,66,1013.0,1.8,77,21.0,30.2,10.0,10.6,Patchy rain possible,6.899999999999999,10,0
26.7,0.0,81,1004.0,4.9,21,23.2,29.9,10.0,12.6,Sunny,3.5,7,8
25.9,0.0,88,1008.0,6.5,55,23.8,29.1,10.0,10.7,Partly cloudy,2.099999999999998,1,2
30.7,0.3,65,1005.0,16.2,81,23.5,35.7,10.0,24.3,Patchy rain possible,7.199999999999999,16,0
24.4,0.0,89,1007.0,4.7,23,22.4,26.8,10.0,9.6,Clear,2.0,4,3
24.4,0.0,88,1006.0,8.6,12,22.3,26.8,10.0,9.8,Clear,2.099999999999998,5,3
27.2,0.5,88,1007.0,11.2,76,24.0,31.0,10.0,24.4,Moderate rain at times,3.1999999999999997,21,6
21.7,0.0,90,1020.0,6.5,100,20.0,23.7,10.0,9.5,Overcast,1.6999999999999993,20,7
28.2,2.87,94,1004.0,11.0,66,24.7,33.2,7.0,21.4,Moderate or heavy rain shower,3.5,19,4
25.2,0.0,77,1011.0,13.6,26,20.9,27.2,10.0,19.9,Partly cloudy,4.300000000000001,14,2
24.6,0.0,82,1006.0,7.6,29,21.2,26.6,10.0,10.3,Partly cloudy,3.400000000000002,4,2
19.7,0.2,90,1016.0,9.6,100,18.1,21.7,10.0,14.5,Patchy rain possible,1.599999999999998,1,0
21.8,0.3,92,1017.0,10.8,86,20.5,23.8,10.0,11.9,Patchy rain possible,1.3000000000000007,7,0
27.1,0.0,89,1008.0,7.8,87,23.8,30.9,10.0,15.3,Overcast,3.3000000000000007,21,7
21.7,0.2,91,1019.0,5.0,100,20.3,23.7,10.0,7.2,Patchy rain possible,1.3999999999999986,0,0
24.6,0.0,79,1013.0,14.8,22,20.7,26.5,10.0,17.0,Sunny,3.900000000000002,14,8
28.2,0.1,76,1012.0,6.8,80,23.5,32.1,10.0,13.5,Patchy rain possible,4.699999999999999,11,0
28.3,0.0,83,1008.0,8.3,22,25.0,33.3,10.0,16.0,Clear,3.3000000000000007,19,3
24.3,0.2,91,1014.0,5.0,88,22.7,26.8,10.0,9.4,Patchy rain possible,1.6000000000000014,22,0
24.2,0.0,89,1009.0,5.4,22,22.2,26.5,10.0,6.3,Clear,2.0,23,3
27.4,0.0,64,1013.0,7.6,26,19.9,29.2,10.0,18.2,Partly cloudy,7.5,12,2
20.8,0.0,81,1017.0,5.1,100,17.3,22.8,10.0,8.8,Overcast,3.5,20,7
24.8,0.0,88,1014.0,5.4,87,22.7,27.4,10.0,7.7,Overcast,2.1000000000000014,7,7
25.2,0.0,91,1010.0,5.8,22,23.6,28.1,10.0,9.5,Clear,1.599999999999998,0,3
26.9,11.0,85,1002.0,9.7,100,24.2,30.8,10.0,18.9,Moderate or heavy rain shower,2.6999999999999997,18,4
29.4,0.0,74,1006.0,10.3,8,24.7,34.5,10.0,21.8,Sunny,4.699999999999999,13,8
26.3,0.0,84,1006.0,8.6,45,23.4,29.4,10.0,11.6,Partly cloudy,2.900000000000002,0,2
23.5,0.0,83,1005.0,7.2,18,20.5,25.5,10.0,8.6,Clear,3.0,0,3
21.7,0.0,96,1015.0,6.1,100,21.1,23.7,2.0,9.0,Overcast,0.5999999999999979,20,7
19.4,0.1,88,1016.0,6.1,100,17.3,21.4,10.0,9.2,Patchy rain possible,2.099999999999998,6,0
19.6,0.1,85,1019.0,13.0,100,17.0,21.6,10.0,18.2,Patchy rain possible,2.6000000000000014,8,0
21.5,0.1,73,1019.0,16.2,60,16.5,23.5,10.0,24.7,Patchy rain possible,5.0,10,0
26.2,0.0,84,1007.0,5.8,24,23.2,29.2,10.0,8.1,Sunny,3.0,7,8
23.2,0.2,88,1014.0,6.0,89,21.2,25.4,10.0,9.5,Patchy rain possible,2.0,22,0
22.0,0.8,94,1016.0,3.6,100,21.1,24.6,2.0,5.2,Moderate rain at times,0.8999999999999986,0,6
27.1,0.1,84,1011.0,10.1,73,24.0,30.9,9.0,19.0,Patchy rain possible,3.1000000000000014,16,0
31.4,0.1,74,1004.0,14.8,81,25.1,38.2,9.0,18.1,Patchy rain possible,6.299999999999997,16,0
23.4,0.3,77,1015.0,11.5,55,19.0,25.3,10.0,27.4,Patchy rain possible,4.399999999999999,14,0
29.4,0.0,83,1006.0,11.5,84,24.1,34.4,10.0,19.0,Cloudy,5.299999999999997,18,1
24.4,0.0,93,1006.0,8.6,28,23.1,27.0,10.0,9.8,Partly cloudy,1.2999999999999972,5,2
28.8,0.0,73,1007.0,6.1,28,23.6,33.1,10.0,7.3,Partly cloudy,5.199999999999999,8,2
26.4,0.0,83,1001.0,9.7,28,23.2,29.4,10.0,19.0,Partly cloudy,3.1999999999999997,0,2
24.5,0.0,95,1009.0,7.9,69,23.6,27.3,9.0,11.8,Cloudy,0.8999999999999986,0,1
24.5,0.2,89,1013.0,3.2,89,22.5,26.9,10.0,5.4,Patchy rain possible,2.0,1,0
19.6,0.0,90,1014.0,6.8,82,18.4,21.6,10.0,10.3,Cloudy,1.2000000000000028,4,1
24.4,1.2,91,1016.0,12.6,97,22.7,26.8,7.0,23.0,Heavy rain at times,1.6999999999999993,8,5
28.9,0.0,79,1004.0,8.3,75,24.9,34.3,9.0,12.9,Cloudy,4.0,18,1
21.7,0.0,93,1005.0,15.6,100,17.2,23.7,9.0,24.8,Overcast,4.5,7,7
28.9,0.1,75,1008.0,16.2,68,24.1,33.6,10.0,25.3,Patchy rain possible,4.799999999999997,11,0
24.3,5.96,91,1009.0,7.2,100,22.8,26.9,7.0,12.0,Moderate or heavy rain shower,1.5,23,4
24.4,0.0,86,1014.0,7.2,100,21.9,26.7,10.0,10.8,Overcast,2.5,21,7
19.8,0.1,91,1021.0,14.0,100,18.4,21.8,2.0,22.3,Patchy rain possible,1.400000000000002,11,0
19.9,0.5,90,1024.0,11.2,100,18.2,21.9,10.0,14.4,Moderate rain at times,1.6999999999999993,10,6
26.5,0.0,87,1006.0,9.0,82,24.1,30.2,10.0,10.4,Cloudy,2.3999999999999986,20,1
29.1,0.3,81,1009.0,18.0,92,22.3,35.0,10.0,26.8,Patchy rain possible,6.800000000000001,12,0
23.8,1.7,89,1014.0,12.1,100,21.8,26.0,10.0,26.0,Moderate or heavy rain shower,2.0,0,4
30.3,0.0,72,1010.0,7.2,18,24.6,36.3,10.0,14.0,Sunny,5.699999999999999,10,8
27.4,0.0,92,1008.0,10.4,77,24.5,33.1,10.0,15.8,Cloudy,2.8999999999999986,19,1
19.3,0.3,78,1018.0,8.3,69,15.3,21.3,10.0,13.1,Patchy rain possible,4.0,21,0
27.2,0.0,68,1012.0,11.5,28,20.7,29.2,10.0,21.2,Partly cloudy,6.5,13,2
28.6,0.0,73,1008.0,12.8,8,23.3,32.5,10.0,24.4,Sunny,5.300000000000001,14,8
26.4,2.3,88,1007.0,6.5,73,24.2,30.0,10.0,10.4,Moderate or heavy rain shower,2.1999999999999997,20,4
23.5,0.0,89,1014.0,10.1,100,21.5,25.7,10.0,14.9,Overcast,2.0,0,7
26.2,0.1,94,1008.0,9.0,66,24.2,29.8,9.0,12.5,Patchy rain possible,2.0,11,0
26.6,0.0,89,1010.0,7.9,65,24.7,30.7,10.0,13.0,Cloudy,1.900000000000002,23,1
27.6,0.1,97,1006.0,8.3,57,24.4,34.4,6.0,18.4,Patchy rain possible,3.200000000000003,17,0
25.8,0.0,88,1007.0,5.9,80,23.6,28.9,9.0,13.7,Cloudy,2.1999999999999997,23,1
21.7,0.1,89,1019.0,5.8,87,19.8,23.7,10.0,8.4,Patchy rain possible,1.8999999999999984,19,0
21.0,0.1,94,1012.0,5.4,75,19.9,23.0,10.0,9.3,Patchy rain possible,1.1000000000000014,2,0
23.8,0.0,85,1009.0,5.4,16,21.2,25.9,10.0,8.3,Clear,2.6000000000000014,3,3
20.5,0.1,84,1017.0,9.0,100,17.8,22.5,10.0,12.1,Patchy rain possible,2.6999999999999997,8,0
24.0,0.0,86,1012.0,8.3,100,21.5,26.2,10.0,9.6,Overcast,2.5,3,7
26.2,0.0,88,1010.0,6.5,81,24.2,29.8,9.0,11.9,Cloudy,2.0,20,1
30.3,0.5,69,1003.0,5.8,76,24.0,35.5,9.0,17.3,Moderate rain at times,6.300000000000001,14,6
24.3,0.01,93,1013.0,5.8,89,23.0,26.9,10.0,10.0,Patchy rain possible,1.3000000000000007,22,0
26.2,0.0,84,1006.0,9.7,11,23.3,29.3,10.0,11.6,Clear,2.8999999999999986,3,3
21.1,0.0,86,1012.0,5.0,56,18.7,23.1,10.0,7.8,Partly cloudy,2.400000000000002,3,2
25.3,0.0,91,1007.0,7.6,77,23.7,28.3,9.0,9.9,Cloudy,1.6000000000000014,3,1
26.2,0.0,88,1010.0,6.6,39,24.2,29.8,10.0,11.3,Partly cloudy,2.0,0,2
25.9,1.6,83,1015.0,5.4,53,22.8,28.6,10.0,11.0,Moderate or heavy rain shower,3.099999999999998,9,4
29.4,0.7,79,1008.0,6.6,82,24.0,35.4,9.0,19.4,Moderate rain at times,5.399999999999999,16,6
25.4,0.0,87,1004.0,7.6,61,23.0,28.1,10.0,9.0,Cloudy,2.3999999999999986,3,1
17.6,0.0,81,1025.0,14.0,99,15.0,19.6,10.0,23.4,Overcast,2.6000000000000014,23,7
28.5,0.2,76,1012.0,5.4,57,23.9,32.8,10.0,12.8,Patchy rain possible,4.600000000000001,10,0
27.3,0.0,84,1008.0,7.6,10,24.4,31.4,10.0,10.1,Clear,2.900000000000002,22,3
19.7,0.1,86,1020.0,9.6,100,17.3,21.7,10.0,15.0,Patchy rain possible,2.3999999999999986,6,0
22.4,0.0,94,1012.0,5.4,58,21.4,24.8,10.0,8.0,Partly cloudy,1.0,7,2
25.9,0.0,91,1010.0,6.5,85,24.4,29.5,9.0,10.7,Overcast,1.5,23,7
27.5,0.0,77,1012.0,10.4,17,23.1,30.8,10.0,17.4,Sunny,4.399999999999999,10,8
26.9,1.0,86,1005.0,5.4,75,24.3,30.8,9.0,10.4,Heavy rain at times,2.599999999999998,21,5
23.8,0.1,90,1010.0,12.6,62,22.0,26.1,10.0,17.7,Patchy rain possible,1.8000000000000007,16,0
23.2,0.1,86,1018.0,8.8,68,19.3,25.2,10.0,17.0,Patchy rain possible,3.899999999999999,10,0
25.4,0.0,90,1007.0,7.9,62,23.6,28.4,9.0,9.4,Cloudy,1.7999999999999972,5,1
26.2,0.0,84,1003.0,7.6,27,23.4,29.3,10.0,8.4,Partly cloudy,2.8000000000000007,6,2
26.1,1.0,86,1006.0,4.0,67,23.6,29.3,10.0,7.1,Heavy rain at times,2.5,21,5
25.8,0.0,74,1013.0,4.3,46,20.8,27.8,10.0,5.1,Partly cloudy,5.0,8,2
26.4,0.0,87,1002.0,9.4,73,24.1,30.0,5.0,17.4,Cloudy,2.299999999999997,19,1
26.3,0.4,88,1005.0,6.8,73,24.2,29.9,10.0,12.2,Patchy rain possible,2.1000000000000014,19,0
29.3,0.0,73,1009.0,13.3,83,22.2,34.0,10.0,27.6,Cloudy,7.100000000000001,16,1
19.3,0.3,87,1020.0,17.6,100,17.1,21.3,10.0,30.2,Patchy rain possible,2.1999999999999997,1,0
20.0,0.1,85,1021.0,11.1,100,17.4,22.0,10.0,17.3,Patchy rain possible,2.6000000000000014,8,0
26.6,0.0,83,1006.0,6.1,49,23.5,29.8,10.0,9.5,Partly cloudy,3.1000000000000014,7,2
21.5,0.0,71,1017.0,7.9,83,16.1,23.5,10.0,16.2,Cloudy,5.399999999999999,12,1
20.7,0.2,94,1018.0,9.4,100,19.6,22.7,2.0,13.6,Patchy rain possible,1.099999999999998,7,0
22.7,0.2,91,1014.0,6.8,100,21.1,25.0,2.0,9.8,Patchy rain possible,1.599999999999998,21,0
23.4,0.1,90,1014.0,6.8,100,21.6,25.6,10.0,10.3,Patchy rain possible,1.7999999999999972,0,0
26.0,0.0,86,1006.0,9.0,25,23.4,29.0,10.0,16.5,Partly cloudy,2.6000000000000014,22,2
23.5,11.0,89,1014.0,7.9,100,21.6,25.8,10.0,13.2,Moderate or heavy rain shower,1.8999999999999984,23,4
26.6,0.0,75,1013.0,11.9,30,21.7,29.1,10.0,18.8,Partly cloudy,4.900000000000002,12,2
25.8,0.0,89,1008.0,6.1,13,23.9,29.1,10.0,12.0,Clear,1.900000000000002,0,3
29.1,1.86,78,1004.0,5.4,81,25.0,34.7,8.0,11.4,Moderate or heavy rain shower,4.100000000000001,17,4
26.6,0.0,87,1007.0,6.3,79,24.4,30.5,9.0,13.8,Cloudy,2.200000000000003,0,1
23.3,0.0,87,1012.0,8.6,43,21.1,25.5,10.0,10.5,Partly cloudy,2.1999999999999997,0,2
29.1,0.0,66,1006.0,7.2,47,22.0,32.4,10.0,8.3,Partly cloudy,7.100000000000001,8,2
26.9,0.0,90,1008.0,5.7,71,25.2,31.5,10.0,11.2,Cloudy,1.6999999999999993,19,1
25.7,0.0,86,1010.0,7.9,6,23.2,28.6,10.0,12.0,Sunny,2.5,18,8
21.9,0.0,86,1012.0,9.1,9,20.1,23.9,10.0,16.0,Clear,1.7999999999999972,0,3
21.3,0.0,83,1022.0,10.8,92,18.4,23.3,10.0,14.4,Overcast,2.900000000000002,9,7
25.9,0.0,85,1007.0,10.1,15,23.2,28.8,10.0,13.6,Clear,2.6999999999999997,4,3
19.4,0.0,83,1018.0,7.2,100,16.5,21.4,10.0,10.5,Overcast,2.8999999999999986,22,7
19.8,0.4,88,1016.0,4.2,70,17.8,21.8,10.0,9.4,Patchy rain possible,2.0,5,0
24.9,0.0,87,1008.0,7.2,12,22.7,27.5,10.0,8.9,Clear,2.1999999999999997,3,3
28.1,0.0,66,1012.0,5.0,71,21.3,30.7,10.0,14.8,Cloudy,6.800000000000001,11,1
28.4,0.0,85,1006.0,8.3,86,25.5,34.0,9.0,17.5,Overcast,2.8999999999999986,17,7
27.3,0.0,88,1009.0,10.4,56,25.1,32.0,10.0,11.3,Partly cloudy,2.1999999999999997,20,2
25.9,0.0,90,1010.0,7.6,86,23.0,29.3,9.0,16.2,Overcast,2.8999999999999986,17,7
21.7,0.0,90,1013.0,2.9,89,20.2,23.7,10.0,8.0,Overcast,1.5,22,7
24.5,0.0,86,1007.0,5.7,27,22.0,26.7,10.0,8.1,Partly cloudy,2.5,5,2
24.5,0.0,79,1016.0,13.7,79,20.6,26.4,10.0,21.9,Cloudy,3.899999999999999,13,1
17.9,0.0,86,1012.0,7.6,0,15.6,19.9,10.0,9.4,Clear,2.299999999999999,1,3
23.5,0.0,90,1009.0,8.3,43,21.8,25.8,10.0,13.6,Partly cloudy,1.6999999999999993,22,2
22.0,0.1,95,1021.0,13.7,100,21.1,24.0,10.0,18.7,Patchy rain possible,0.8999999999999986,10,0
22.4,0.0,74,1013.0,9.4,0,17.5,24.7,10.0,15.6,Sunny,4.899999999999999,10,8
26.9,0.0,71,1013.0,14.4,7,21.1,29.2,10.0,23.1,Sunny,5.799999999999997,15,8
29.6,0.2,72,1008.0,15.5,71,24.1,34.6,10.0,22.1,Patchy rain possible,5.5,14,0
22.4,0.0,93,1007.0,7.2,62,21.3,24.8,10.0,9.0,Cloudy,1.099999999999998,4,1
29.1,0.0,83,1007.0,10.1,75,24.5,34.3,9.0,17.5,Cloudy,4.600000000000001,18,1
22.7,0.4,90,1013.0,8.8,100,21.1,25.0,10.0,15.3,Patchy rain possible,1.599999999999998,18,0
23.1,0.0,92,1013.0,6.1,51,21.7,25.4,10.0,8.4,Partly cloudy,1.400000000000002,8,2
27.2,0.0,78,1014.0,11.2,88,23.1,30.4,9.0,28.8,Overcast,4.099999999999998,10,7
26.5,0.0,76,1005.0,10.1,19,21.9,29.0,10.0,13.9,Clear,4.600000000000001,3,3
27.0,0.0,84,1006.0,7.9,30,24.2,30.9,10.0,14.2,Partly cloudy,2.8000000000000007,0,2
25.3,0.0,76,1012.0,11.9,70,20.8,27.3,10.0,25.5,Cloudy,4.5,13,1
26.6,1.1,83,1010.0,13.3,74,23.5,29.8,10.0,17.3,Heavy rain at times,3.1000000000000014,13,5
24.2,0.0,84,1007.0,9.7,8,21.4,26.3,10.0,12.5,Clear,2.8000000000000007,4,3
27.8,0.2,81,1007.0,6.0,55,24.3,32.2,10.0,12.2,Patchy rain possible,3.5,14,0
21.0,0.0,84,1016.0,9.7,100,18.1,23.0,10.0,13.3,Overcast,2.8999999999999986,7,7
20.3,0.0,82,1013.0,7.6,21,17.2,22.3,10.0,8.1,Clear,3.1000000000000014,4,3
21.1,0.7,92,1016.0,3.2,94,19.7,23.1,10.0,5.1,Moderate rain at times,1.400000000000002,3,6
31.2,1.9,81,1006.0,11.5,79,25.0,38.0,7.0,17.4,Moderate or heavy rain shower,6.199999999999999,16,4
22.8,0.19,95,1013.0,5.0,51,21.9,25.2,10.0,9.3,Light rain shower,0.9000000000000021,1,9
25.2,0.0,74,1012.0,15.1,46,19.2,27.1,10.0,24.4,Partly cloudy,6.0,15,2
20.5,0.0,89,1020.0,5.4,100,18.7,22.5,10.0,8.0,Overcast,1.8000000000000007,4,7
26.8,0.4,86,1009.0,8.6,83,24.4,30.8,5.0,18.8,Patchy rain possible,2.400000000000002,17,0
20.6,0.01,84,1016.0,13.3,95,17.7,22.6,10.0,19.8,Patchy rain possible,2.900000000000002,22,0
24.4,0.1,87,1013.0,7.2,100,22.2,26.7,10.0,14.2,Patchy rain possible,2.1999999999999997,18,0
23.9,0.6,91,1010.0,5.8,100,22.3,26.3,10.0,8.6,Moderate rain at times,1.599999999999998,3,6
25.3,0.0,86,1000.0,8.8,77,22.8,27.9,10.0,17.6,Cloudy,2.5,5,1
27.0,0.0,84,1006.0,3.2,89,24.1,30.8,10.0,4.3,Overcast,2.8999999999999986,8,7
24.8,0.0,80,1006.0,5.5,25,21.1,26.9,10.0,11.7,Clear,3.6999999999999993,3,3
28.6,0.0,72,1001.0,8.4,89,23.1,32.3,10.0,16.2,Overcast,5.5,4,7
19.9,0.2,85,1016.0,8.6,100,17.3,21.9,10.0,12.5,Patchy rain possible,2.599999999999998,2,0
28.2,0.0,88,1007.0,10.0,83,22.7,34.3,10.0,21.0,Cloudy,5.5,19,1
21.3,0.0,91,1017.0,6.8,72,19.8,23.3,10.0,11.2,Cloudy,1.5,19,1
24.2,0.0,90,1011.0,7.2,14,22.5,26.6,10.0,12.1,Sunny,1.6999999999999993,6,8
28.7,0.0,81,1001.0,10.7,83,24.6,33.7,10.0,18.8,Cloudy,4.099999999999998,8,1
27.2,0.0,73,1006.0,10.1,13,22.0,29.8,10.0,13.8,Sunny,5.199999999999999,6,8
29.1,0.1,85,1007.0,11.5,85,25.3,36.0,9.0,17.9,Patchy rain possible,3.8000000000000007,17,0
19.7,0.0,79,1023.0,8.3,36,16.0,21.7,10.0,9.4,Partly cloudy,3.6999999999999993,21,2
20.2,0.0,90,1017.0,5.0,98,18.5,22.2,10.0,7.4,Overcast,1.6999999999999993,2,7
21.9,0.0,84,1015.0,7.2,66,19.1,23.9,10.0,16.6,Cloudy,2.799999999999997,20,1
27.0,0.0,84,1007.0,9.0,32,24.1,30.8,10.0,14.2,Partly cloudy,2.8999999999999986,22,2
26.8,0.0,79,1007.0,8.3,60,22.9,29.8,10.0,10.2,Cloudy,3.900000000000002,1,1
25.9,0.0,81,1007.0,8.3,19,23.3,28.5,10.0,10.5,Sunny,2.599999999999998,6,8
27.2,0.0,86,1008.0,9.0,23,24.1,31.1,10.0,11.3,Clear,3.099999999999998,22,3
30.3,0.0,85,1001.0,4.0,56,26.1,37.8,10.0,15.2,Partly cloudy,4.199999999999999,16,2
21.6,0.1,92,1018.0,8.3,100,20.2,23.6,10.0,12.3,Patchy rain possible,1.400000000000002,7,0
26.7,0.0,88,1006.0,8.1,17,24.4,30.7,10.0,11.6,Clear,2.3000000000000007,22,3
27.5,1.5,82,1009.0,10.1,79,24.1,31.5,9.0,17.9,Moderate or heavy rain shower,3.3999999999999986,14,4
25.7,0.3,77,1013.0,13.3,85,21.4,27.9,9.0,19.2,Patchy rain possible,4.300000000000001,12,0
23.3,0.1,88,1014.0,6.8,51,21.1,25.5,10.0,10.9,Patchy rain possible,2.1999999999999997,23,0
21.2,0.0,85,1013.0,4.0,74,18.6,23.2,10.0,10.3,Cloudy,2.599999999999998,1,1
20.4,0.5,75,1016.0,3.2,66,15.7,22.4,10.0,13.8,Moderate rain at times,4.699999999999999,11,6
22.1,0.0,84,1018.0,9.7,100,18.4,24.6,10.0,12.5,Overcast,3.700000000000003,10,7
21.5,0.0,89,1018.0,7.2,78,19.6,23.5,10.0,9.0,Cloudy,1.8999999999999984,21,1
23.5,0.4,91,1014.0,13.1,100,21.9,25.8,10.0,24.8,Patchy rain possible,1.6000000000000014,0,0
21.6,0.0,91,1017.0,7.6,70,20.0,23.6,10.0,10.9,Cloudy,1.6000000000000014,22,1
25.4,0.2,90,1004.0,4.5,58,23.6,28.3,10.0,9.0,Patchy rain possible,1.7999999999999972,0,0
25.0,0.0,90,1010.0,7.0,64,23.3,27.7,10.0,17.3,Cloudy,1.6999999999999993,17,1
28.1,0.0,81,1009.0,10.4,89,23.6,32.0,10.0,16.5,Overcast,4.5,14,7
25.4,0.0,89,1006.0,5.6,79,23.3,28.2,10.0,11.9,Cloudy,2.099999999999998,23,1
26.5,0.0,86,1010.0,8.6,70,23.9,30.0,10.0,13.6,Cloudy,2.6000000000000014,18,1
18.0,0.2,85,1017.0,9.0,100,15.4,20.0,10.0,10.8,Patchy rain possible,2.6,3,0
24.6,2.0,93,1003.0,6.1,59,23.4,27.4,9.0,14.4,Moderate or heavy rain shower,1.2000000000000028,16,4
26.4,0.0,89,1013.0,12.3,100,22.3,29.1,2.0,21.8,Overcast,4.099999999999998,13,7
28.8,0.0,78,1007.0,11.4,9,24.3,33.6,10.0,25.3,Sunny,4.5,15,8
26.1,0.4,82,1015.0,6.1,88,22.8,28.9,9.0,12.1,Patchy rain possible,3.3000000000000007,10,0
28.2,0.0,84,1007.0,5.4,72,23.9,32.4,10.0,10.0,Cloudy,4.300000000000001,20,1
25.0,0.0,86,1009.0,4.9,17,22.5,27.5,10.0,9.1,Sunny,2.5,6,8
22.9,0.2,85,1015.0,8.6,100,18.9,25.1,10.0,22.4,Patchy rain possible,4.0,13,0
29.8,0.6,73,1003.0,11.2,79,24.3,35.0,9.0,20.1,Moderate rain at times,5.5,13,6
25.8,0.5,88,1012.0,0.7,81,23.6,28.9,9.0,7.6,Moderate rain at times,2.1999999999999997,20,6
20.7,0.0,92,1018.0,8.6,100,19.3,22.7,10.0,13.0,Overcast,1.3999999999999986,0,7
25.4,0.0,85,1006.0,7.0,27,23.5,28.0,10.0,10.6,Partly cloudy,1.8999999999999984,2,2
23.3,0.5,81,1018.0,7.6,72,19.8,25.3,10.0,14.7,Moderate rain at times,3.5,11,6
27.5,0.6,81,1006.0,7.9,71,23.9,31.4,9.0,15.0,Moderate rain at times,3.6000000000000014,20,6
19.6,0.3,90,1018.0,11.5,100,17.9,21.6,10.0,21.9,Patchy rain possible,1.7000000000000028,14,0
28.4,0.0,78,1010.0,13.7,25,22.8,32.8,10.0,17.9,Sunny,5.599999999999998,13,8
21.4,3.5,96,1019.0,15.8,100,20.7,23.4,7.0,22.0,Moderate or heavy rain shower,0.6999999999999993,19,4
28.3,0.0,80,1005.0,6.8,87,24.6,33.1,9.0,13.8,Overcast,3.6999999999999993,18,7
20.6,0.01,84,1016.0,13.3,90,17.8,22.6,10.0,19.8,Patchy rain possible,2.8000000000000007,23,0
22.1,0.4,88,1015.0,14.0,60,20.0,24.5,10.0,20.7,Patchy rain possible,2.1000000000000014,17,0
24.1,0.8,89,1016.0,15.8,100,22.2,26.4,10.0,25.8,Moderate rain at times,1.900000000000002,8,6
30.8,0.0,75,1005.0,12.2,74,25.2,37.5,9.0,14.8,Cloudy,5.600000000000001,16,1
30.1,0.0,79,1006.0,9.0,71,23.7,35.1,9.0,20.6,Cloudy,6.400000000000002,18,1
21.0,0.0,79,1017.0,6.1,85,17.2,23.0,10.0,8.6,Overcast,3.8000000000000007,8,7
19.6,0.0,94,1014.0,5.8,59,18.6,21.6,2.0,9.5,Partly cloudy,1.0,5,2
20.7,0.2,94,1012.0,6.1,72,19.6,22.7,10.0,10.6,Patchy rain possible,1.099999999999998,3,0
24.0,0.0,89,1012.0,12.8,71,22.0,26.3,10.0,23.3,Cloudy,2.0,17,1
28.5,0.0,80,1008.0,7.2,9,23.5,32.6,10.0,10.4,Sunny,5.0,7,8
25.2,0.0,88,1003.0,5.8,81,23.1,27.9,10.0,10.1,Cloudy,2.099999999999998,3,1
26.7,0.0,89,1007.0,8.6,32,24.8,30.9,10.0,14.2,Partly cloudy,1.8999999999999984,21,2
27.2,0.0,88,1004.0,6.7,15,24.8,31.7,10.0,15.0,Clear,2.3999999999999986,22,3
23.5,1.3,92,1011.0,8.3,85,22.2,25.8,9.0,16.4,Heavy rain at times,1.3000000000000007,16,5
23.8,2.7,94,1012.0,15.1,100,22.7,26.3,7.0,25.3,Moderate or heavy rain shower,1.1000000000000014,0,4
27.7,0.0,83,1009.0,1.4,28,24.5,32.0,10.0,7.5,Partly cloudy,3.1999999999999997,8,2
27.0,0.0,87,1005.0,8.6,95,24.9,31.3,10.0,13.7,Overcast,2.1000000000000014,8,7
22.1,0.0,85,1014.0,10.8,29,19.6,24.6,10.0,13.8,Partly cloudy,2.5,22,2
17.3,0.3,87,1021.0,6.5,98,15.2,19.3,10.0,10.3,Patchy rain possible,2.1000000000000014,6,0
21.3,0.0,95,1012.0,6.5,51,20.4,23.3,2.0,10.7,Partly cloudy,0.9000000000000021,4,2
29.8,0.0,72,1011.0,7.6,6,24.3,35.0,10.0,14.3,Sunny,5.5,10,8
23.8,0.9,91,1015.0,14.3,90,22.2,26.1,10.0,27.2,Moderate rain at times,1.6000000000000014,23,6
26.9,0.0,72,1001.0,8.9,34,21.4,29.3,10.0,17.5,Partly cloudy,5.5,1,2
21.4,0.0,80,1016.0,7.9,100,17.8,23.4,10.0,16.2,Overcast,3.599999999999998,12,7
27.5,0.0,85,1007.0,5.8,12,24.8,32.1,10.0,9.9,Clear,2.6999999999999997,21,3
23.4,0.0,95,1009.0,7.2,54,22.6,25.9,2.0,11.3,Partly cloudy,0.7999999999999972,19,2
30.0,0.0,70,1009.0,8.3,86,23.8,34.9,10.0,14.3,Overcast,6.199999999999999,9,7
24.0,0.1,91,1010.0,5.8,100,22.4,26.4,10.0,8.7,Patchy rain possible,1.6000000000000014,5,0
27.7,0.0,70,1003.0,8.9,59,21.7,30.4,10.0,16.7,Partly cloudy,6.0,3,2
20.4,0.0,84,1019.0,10.4,100,17.5,22.4,10.0,16.3,Overcast,2.8999999999999986,2,7
21.7,0.0,75,1013.0,8.6,0,17.1,23.7,10.0,16.4,Sunny,4.599999999999998,16,8
26.2,6.2,85,1004.0,5.4,71,23.5,29.4,9.0,9.1,Moderate or heavy rain shower,2.6999999999999997,21,4
22.7,1.2,90,1015.0,6.9,100,20.9,25.0,10.0,11.4,Heavy rain at times,1.8000000000000007,22,5
26.5,0.0,75,1005.0,7.6,22,21.7,28.9,10.0,15.6,Clear,4.800000000000001,4,3
24.0,0.0,87,1007.0,8.6,30,21.8,26.2,10.0,10.5,Partly cloudy,2.1999999999999997,2,2
25.7,0.0,90,1008.0,6.2,12,24.1,28.9,10.0,7.8,Clear,1.599999999999998,1,3
22.8,0.0,95,1011.0,2.9,44,22.0,25.2,2.0,5.0,Partly cloudy,0.8000000000000007,22,2
31.8,0.0,76,1005.0,6.8,40,24.3,38.3,9.0,14.1,Partly cloudy,7.5,17,2
22.7,0.0,73,1012.0,10.8,81,17.6,24.9,10.0,23.7,Cloudy,5.099999999999998,14,1
24.2,3.3,91,1013.0,11.6,74,22.6,26.7,10.0,26.3,Moderate or heavy rain shower,1.599999999999998,17,4
18.2,0.0,89,1018.0,8.3,77,16.4,20.2,10.0,14.4,Cloudy,1.8000000000000007,23,1
18.2,0.0,89,1016.0,9.7,100,16.4,20.2,2.0,22.4,Overcast,1.8000000000000007,15,7
25.1,0.2,94,1005.0,9.7,55,24.0,28.3,10.0,12.7,Patchy rain possible,1.1000000000000014,0,0
26.8,0.0,80,1005.0,6.1,48,23.0,29.8,10.0,10.5,Partly cloudy,3.8000000000000007,20,2
20.3,1.0,91,1019.0,9.4,100,18.8,22.3,2.0,14.3,Heavy rain at times,1.5,7,5
24.3,1.2,88,1012.0,5.4,100,22.2,26.6,10.0,8.8,Heavy rain at times,2.1000000000000014,22,5
27.8,0.0,76,1010.0,6.5,11,23.2,31.4,10.0,8.0,Sunny,4.600000000000001,8,8
28.1,0.0,76,1000.0,7.2,49,22.0,31.1,10.0,12.5,Partly cloudy,6.100000000000001,1,2
21.9,0.16,83,1015.0,7.6,97,19.0,24.0,10.0,11.0,Light rain shower,2.8999999999999986,21,9
22.9,0.0,86,1013.0,7.6,88,20.5,25.1,10.0,12.0,Overcast,2.3999999999999986,18,7
23.2,0.3,88,1013.0,5.0,86,21.1,25.4,10.0,8.4,Patchy rain possible,2.099999999999998,4,0
30.2,0.0,67,1008.0,6.1,79,23.4,34.7,9.0,7.1,Cloudy,6.800000000000001,10,1
29.6,1.1,78,1006.0,10.4,75,25.3,35.7,9.0,22.1,Heavy rain at times,4.300000000000001,13,5
25.7,0.3,87,1011.0,13.7,83,23.4,28.6,9.0,17.7,Patchy rain possible,2.3000000000000007,16,0
20.6,0.3,86,1018.0,12.2,57,18.1,22.6,10.0,20.7,Patchy rain possible,2.5,19,0
24.1,0.0,67,1012.0,10.1,0,17.5,25.7,10.0,11.6,Sunny,6.600000000000001,13,8
25.4,0.0,84,1002.0,6.2,8,22.5,27.9,10.0,11.9,Sunny,2.8999999999999986,6,8
25.0,0.0,80,1006.0,5.9,23,21.4,27.1,10.0,11.8,Clear,3.6000000000000014,2,3
22.8,19.83,98,996.0,11.1,100,22.6,25.4,5.0,20.4,Moderate or heavy rain shower,0.1999999999999993,5,4
27.6,0.0,81,1010.0,13.0,80,24.2,31.8,9.0,23.5,Cloudy,3.400000000000002,15,1
23.7,1.8,90,1014.0,11.1,65,22.0,26.0,10.0,25.6,Moderate or heavy rain shower,1.6999999999999993,18,4
26.8,0.1,83,1010.0,10.8,100,22.1,30.3,10.0,17.8,Patchy rain possible,4.699999999999999,9,0
23.6,1.5,90,1014.0,12.7,100,21.9,25.9,10.0,23.8,Moderate or heavy rain shower,1.7000000000000028,3,4
25.5,0.0,90,1007.0,6.8,85,23.7,28.6,10.0,11.3,Cloudy,1.8000000000000007,3,1
19.9,0.0,91,1016.0,5.8,100,18.4,21.9,10.0,8.8,Overcast,1.5,5,7
24.0,0.0,92,1008.0,4.1,17,22.8,26.5,10.0,9.7,Clear,1.1999999999999993,23,3
24.8,0.1,91,1007.0,10.1,78,23.1,27.5,10.0,17.1,Patchy rain possible,1.6999999999999993,23,0
20.2,0.1,88,1018.0,9.0,100,18.1,22.2,10.0,12.7,Patchy rain possible,2.099999999999998,21,0
29.7,0.0,66,1008.0,6.7,29,23.2,33.6,10.0,14.4,Partly cloudy,6.5,8,2
26.6,0.0,75,1007.0,7.6,12,21.7,29.0,10.0,12.3,Sunny,4.900000000000002,7,8
27.9,0.0,77,1012.0,10.1,71,23.6,31.7,9.0,18.7,Cloudy,4.299999999999997,13,1
23.2,0.0,92,1006.0,4.1,21,21.7,25.4,10.0,8.3,Clear,1.5,4,3
23.2,0.1,82,1015.0,11.2,57,19.9,25.2,10.0,13.0,Patchy rain possible,3.3000000000000007,14,0
32.2,0.0,72,1002.0,13.4,76,24.8,39.3,9.0,24.3,Cloudy,7.400000000000002,15,1
22.8,0.0,88,1013.0,7.2,65,20.7,25.0,10.0,12.5,Cloudy,2.1000000000000014,0,1
21.7,0.5,94,1017.0,5.8,100,20.7,23.7,2.0,8.3,Moderate rain at times,1.0,3,6
23.7,1.9,90,1015.0,12.2,76,21.9,26.0,10.0,20.7,Moderate or heavy rain shower,1.8000000000000007,20,4
21.7,0.0,79,1020.0,14.0,99,18.0,23.7,10.0,23.5,Overcast,3.6999999999999993,22,7
22.3,1.5,88,1015.0,10.0,77,20.1,24.7,10.0,17.4,Moderate or heavy rain shower,2.1999999999999997,6,4
21.0,0.5,82,1018.0,11.5,100,17.7,23.0,10.0,19.9,Moderate rain at times,3.3000000000000007,11,6
20.0,0.6,91,1016.0,17.5,100,18.4,22.0,10.0,28.1,Moderate rain at times,1.6000000000000014,3,6
24.7,0.0,94,1008.0,5.2,26,23.7,27.6,2.0,10.6,Partly cloudy,1.0,5,2
27.1,0.2,85,1013.0,13.0,81,24.3,31.1,9.0,21.8,Patchy rain possible,2.8000000000000007,11,0
25.9,0.0,93,1007.0,7.2,14,23.9,29.6,10.0,10.7,Clear,2.0,19,3
24.3,0.0,95,1004.0,9.4,59,23.5,27.1,5.0,10.3,Partly cloudy,0.8000000000000007,3,2
23.0,0.0,88,1015.0,8.2,77,21.0,25.2,9.0,13.1,Cloudy,2.0,19,1
25.4,0.0,86,1004.0,7.2,82,22.9,28.1,2.0,8.7,Cloudy,2.5,4,1
29.0,0.4,75,1006.0,6.5,79,24.1,33.6,10.0,12.9,Patchy rain possible,4.899999999999999,11,0
22.7,0.1,86,1016.0,5.4,88,20.3,24.9,10.0,6.8,Patchy rain possible,2.3999999999999986,9,0
21.3,0.5,90,1017.0,12.8,100,19.6,23.3,10.0,25.2,Moderate rain at times,1.6999999999999993,17,6
29.4,0.0,73,1005.0,11.2,79,24.1,34.2,9.0,16.2,Cloudy,5.299999999999997,16,1
23.9,0.0,87,1012.0,2.9,2,21.5,26.0,10.0,4.9,Clear,2.3999999999999986,21,3
27.6,3.01,94,1004.0,7.6,52,24.5,32.1,7.0,12.9,Moderate or heavy rain shower,3.1000000000000014,19,4
19.9,0.1,87,1016.0,14.8,100,17.8,21.9,10.0,20.1,Patchy rain possible,2.099999999999998,19,0
25.9,0.0,83,1005.0,7.9,83,22.7,28.5,9.0,10.9,Cloudy,3.1999999999999997,2,1
19.4,0.0,89,1017.0,9.7,100,17.6,21.4,10.0,14.5,Overcast,1.7999999999999972,23,7
26.8,0.0,88,1008.0,9.0,74,24.7,30.9,10.0,10.9,Cloudy,2.1000000000000014,19,1
21.9,1.1,95,1020.0,13.0,100,21.2,23.9,10.0,18.6,Heavy rain at times,0.6999999999999993,12,5
28.9,0.0,82,1006.0,7.2,78,25.4,34.7,9.0,15.1,Cloudy,3.5,18,1
29.9,0.2,70,1002.0,17.6,84,23.7,34.7,10.0,29.5,Patchy rain possible,6.199999999999999,15,0
31.1,0.0,70,1002.0,7.9,54,24.6,37.4,10.0,19.0,Partly cloudy,6.5,12,2
22.8,0.0,82,1017.0,11.8,91,16.4,24.9,10.0,23.1,Overcast,6.400000000000002,13,7
25.1,0.0,87,1008.0,6.5,32,22.8,27.7,10.0,11.0,Partly cloudy,2.3000000000000007,6,2
27.9,0.0,92,1006.0,9.6,89,24.7,34.1,10.0,13.4,Overcast,3.1999999999999997,20,7
31.0,0.0,70,1007.0,7.2,47,24.4,37.0,10.0,15.9,Partly cloudy,6.600000000000001,15,2
23.6,0.0,93,1008.0,6.0,18,22.4,26.0,10.0,11.3,Clear,1.2000000000000028,2,3
23.1,0.0,90,1007.0,7.2,80,21.4,25.4,10.0,11.6,Cloudy,1.7000000000000028,5,1
24.6,0.2,83,1015.0,14.0,85,21.6,26.8,10.0,24.2,Patchy rain possible,3.0,10,0
27.3,0.0,71,1004.0,9.7,21,21.6,29.8,10.0,14.0,Sunny,5.699999999999999,6,8
23.1,0.0,78,1009.0,14.0,0,19.0,25.1,10.0,17.4,Sunny,4.100000000000001,16,8
26.2,0.0,81,1005.0,6.1,34,22.7,29.0,10.0,11.0,Partly cloudy,3.5,21,2
29.0,0.0,79,1004.0,9.0,61,25.5,34.9,10.0,10.2,Cloudy,3.5,22,1
25.8,0.1,85,1014.0,4.7,77,23.2,28.7,10.0,6.0,Patchy rain possible,2.6000000000000014,8,0
26.3,0.0,82,1003.0,9.0,14,22.9,29.1,10.0,12.5,Clear,3.400000000000002,4,3
24.1,9.7,92,1002.0,10.4,59,22.8,26.6,10.0,23.1,Moderate or heavy rain shower,1.3000000000000007,7,4
22.9,0.1,87,1016.0,10.4,60,20.5,25.1,10.0,16.8,Patchy rain possible,2.3999999999999986,5,0
23.9,0.0,89,1008.0,6.8,13,22.0,26.1,10.0,13.6,Clear,1.8999999999999984,20,3
24.5,0.0,95,1004.0,9.4,64,23.7,27.3,5.0,9.6,Cloudy,0.8000000000000007,2,1
18.8,0.0,92,1021.0,9.7,100,17.5,20.8,9.0,13.2,Overcast,1.3000000000000007,1,7
25.9,0.0,86,1011.0,9.4,70,23.3,28.9,10.0,14.9,Cloudy,2.599999999999998,18,1
20.6,0.0,88,1015.0,9.7,22,18.7,22.6,10.0,11.6,Sunny,1.900000000000002,6,8
21.1,0.0,82,1016.0,12.6,100,15.7,23.1,10.0,23.2,Overcast,5.400000000000002,15,7
30.6,0.0,78,1005.0,7.6,51,23.7,35.9,10.0,13.0,Partly cloudy,6.900000000000002,18,2
20.7,0.0,85,1009.0,8.3,0,18.5,22.7,10.0,16.0,Sunny,2.1999999999999997,6,8
27.6,0.0,83,1009.0,9.0,71,24.5,32.0,10.0,15.5,Cloudy,3.1000000000000014,17,1
23.1,0.0,74,1013.0,7.9,0,18.2,25.1,10.0,13.9,Sunny,4.900000000000002,10,8
19.8,0.6,90,1017.0,0.4,74,18.0,21.8,10.0,0.6,Moderate rain at times,1.8000000000000007,1,6
20.4,0.0,83,1019.0,8.8,94,17.4,22.4,10.0,14.2,Overcast,3.0,4,7
24.9,0.4,88,1014.0,9.0,100,21.6,27.1,10.0,17.9,Patchy rain possible,3.299999999999997,11,0
28.7,0.0,73,1011.0,6.8,45,23.4,32.8,10.0,7.9,Partly cloudy,5.300000000000001,9,2
23.1,0.5,91,1017.0,11.9,100,20.0,25.4,10.0,23.1,Moderate rain at times,3.1000000000000014,12,6
25.8,0.6,89,1004.0,11.5,74,23.9,29.1,10.0,15.2,Moderate rain at times,1.900000000000002,21,6
28.3,0.0,84,1008.0,4.0,11,24.8,33.2,10.0,6.9,Clear,3.5,19,3
22.9,0.0,94,1007.0,7.9,83,21.8,25.2,10.0,10.2,Cloudy,1.099999999999998,2,1
27.6,2.5,82,1005.0,13.7,71,24.2,31.7,9.0,23.9,Moderate or heavy rain shower,3.400000000000002,18,4
24.4,0.0,82,999.0,7.0,50,21.2,26.5,10.0,13.5,Partly cloudy,3.1999999999999997,3,2
19.4,0.0,87,1019.0,7.4,100,17.2,21.4,10.0,12.6,Overcast,2.1999999999999997,23,7
20.4,0.3,94,1012.0,6.5,88,19.3,22.4,10.0,11.6,Patchy rain possible,1.099999999999998,4,0
27.4,0.2,75,1014.0,1.1,54,22.7,30.5,10.0,9.1,Patchy rain possible,4.699999999999999,9,0
26.6,0.0,78,1002.0,10.1,10,22.6,29.4,10.0,14.6,Clear,4.0,2,3
30.2,0.0,64,1002.0,6.5,26,25.0,36.6,10.0,13.2,Partly cloudy,5.199999999999999,14,2
21.5,0.1,91,1018.0,9.7,100,20.1,23.5,10.0,14.4,Patchy rain possible,1.3999999999999986,22,0
23.3,0.0,82,1004.0,4.6,19,20.1,25.4,10.0,6.2,Clear,3.1999999999999997,1,3
25.7,0.0,89,1011.0,8.6,30,23.7,28.8,10.0,10.3,Partly cloudy,2.0,22,2
21.8,0.0,83,1016.0,9.0,100,17.2,23.8,10.0,19.4,Overcast,4.600000000000001,14,7
19.5,0.0,88,1015.0,5.4,83,17.4,21.5,10.0,8.2,Cloudy,2.1000000000000014,6,1
22.0,0.0,76,1011.0,10.4,1,17.6,24.0,10.0,13.0,Sunny,4.399999999999999,8,8
32.2,0.1,65,1002.0,11.0,70,24.7,39.1,9.0,25.9,Patchy rain possible,7.5000000000000036,14,0
21.6,0.0,65,1016.0,4.3,2,14.9,23.6,10.0,10.9,Sunny,6.700000000000001,11,8
28.9,0.0,79,1009.0,3.2,51,24.3,33.7,10.0,12.1,Partly cloudy,4.599999999999998,10,2
19.4,0.0,87,1016.0,5.0,100,17.2,21.4,10.0,7.6,Overcast,2.1999999999999997,5,7
25.0,1.2,91,1012.0,10.1,95,23.4,27.9,9.0,14.9,Heavy rain at times,1.6000000000000014,3,5
23.5,0.0,72,1012.0,10.8,4,18.1,25.3,10.0,18.3,Sunny,5.399999999999999,16,8
20.6,0.0,92,1018.0,3.2,100,19.2,22.6,10.0,4.9,Overcast,1.400000000000002,6,7
23.2,0.2,82,1015.0,9.0,84,20.0,25.2,10.0,18.2,Patchy rain possible,3.1999999999999997,12,0
22.1,0.02,93,1016.0,10.1,92,21.0,24.6,10.0,14.6,Patchy rain possible,1.1000000000000014,21,0
28.0,0.0,83,1009.0,7.9,89,24.8,32.8,10.0,12.0,Overcast,3.1999999999999997,21,7
23.8,0.5,87,1012.0,5.4,84,21.5,26.0,10.0,9.4,Moderate rain at times,2.3000000000000007,2,6
21.6,0.0,87,1019.0,5.0,28,18.9,23.6,10.0,8.4,Partly cloudy,2.700000000000003,20,2
17.2,0.0,88,1014.0,10.4,0,15.2,19.2,10.0,14.0,Sunny,2.0,7,8
21.6,0.0,91,1020.0,4.0,100,20.0,23.6,10.0,5.8,Overcast,1.6000000000000014,23,7
21.5,1.2,96,1021.0,14.0,100,20.8,23.5,7.0,25.1,Heavy rain at times,0.6999999999999993,20,5
24.0,0.1,89,1011.0,7.6,73,22.1,26.3,10.0,12.9,Patchy rain possible,1.8999999999999984,3,0
24.3,0.0,85,1013.0,7.9,75,21.7,26.5,10.0,10.8,Cloudy,2.6000000000000014,7,1
28.2,0.0,82,1006.0,7.2,78,24.8,33.1,5.0,13.1,Cloudy,3.3999999999999986,19,1
26.6,0.0,89,1010.0,7.9,15,23.9,30.5,10.0,16.7,Sunny,2.700000000000003,18,8
24.5,1.0,87,1012.0,15.5,71,22.3,26.9,10.0,27.0,Heavy rain at times,2.1999999999999997,17,5
23.7,0.0,88,1011.0,6.1,26,21.6,25.9,10.0,10.8,Partly cloudy,2.099999999999998,5,2
25.1,0.5,88,1014.0,1.1,86,23.0,27.8,10.0,6.3,Moderate rain at times,2.1000000000000014,21,6
23.4,4.0,90,1013.0,5.8,100,21.6,25.6,10.0,8.6,Moderate or heavy rain shower,1.7999999999999972,2,4
20.4,0.4,90,1019.0,18.9,100,18.7,22.4,9.0,30.6,Patchy rain possible,1.6999999999999993,15,0
29.3,0.2,76,1002.0,7.2,70,24.7,34.7,9.0,15.2,Patchy rain possible,4.600000000000001,16,0
22.0,0.0,95,1015.0,7.9,46,21.1,24.6,2.0,13.1,Partly cloudy,0.8999999999999986,23,2
28.6,0.0,81,1006.0,5.8,61,24.3,33.2,10.0,15.2,Cloudy,4.300000000000001,18,1
27.5,0.0,79,1005.0,5.9,21,23.6,31.1,10.0,11.2,Sunny,3.899999999999999,7,8
18.8,0.0,76,1017.0,10.4,81,15.2,20.8,10.0,12.4,Cloudy,3.6000000000000014,2,1
17.9,0.0,87,1019.0,7.2,83,15.6,19.9,10.0,12.3,Cloudy,2.299999999999999,23,1
27.6,0.0,73,1012.0,15.5,77,21.1,30.0,10.0,24.5,Cloudy,6.5,14,1
22.0,0.1,78,1016.0,9.7,61,18.0,24.0,10.0,16.3,Patchy rain possible,4.0,10,0
21.3,0.1,92,1015.0,5.8,57,20.0,23.3,10.0,10.3,Patchy rain possible,1.3000000000000007,3,0
21.8,0.3,92,1019.0,12.6,100,20.4,23.8,10.0,16.8,Patchy rain possible,1.400000000000002,9,0
20.8,1.3,84,1019.0,9.8,85,17.9,22.8,10.0,17.7,Heavy rain at times,2.900000000000002,20,5
20.3,0.0,96,1012.0,5.8,50,19.7,22.3,2.0,10.3,Partly cloudy,0.6000000000000014,22,2
28.4,0.0,70,1009.0,7.2,52,22.4,31.6,10.0,12.8,Partly cloudy,6.0,10,2
24.8,0.0,87,1004.0,6.8,83,22.5,27.2,9.0,8.0,Cloudy,2.3000000000000007,2,1
19.2,0.0,85,1017.0,13.0,100,16.6,21.2,10.0,18.1,Overcast,2.599999999999998,0,7
29.9,0.0,66,1007.0,10.1,11,22.8,34.0,10.0,12.2,Sunny,7.099999999999998,8,8
20.0,3.3,93,1017.0,12.7,100,18.8,22.0,10.0,19.7,Moderate or heavy rain shower,1.1999999999999993,4,4
22.7,0.0,77,1018.0,13.7,73,16.5,24.9,10.0,22.8,Cloudy,6.199999999999999,11,1
19.3,0.1,90,1020.0,9.0,100,17.5,21.3,10.0,12.3,Patchy rain possible,1.8000000000000007,20,0
19.8,0.0,88,1014.0,5.8,7,17.8,21.8,10.0,10.2,Clear,2.0,21,3
27.3,0.0,85,1007.0,8.6,17,24.6,31.7,10.0,11.2,Clear,2.6999999999999997,21,3
26.9,0.0,84,1007.0,9.7,47,24.0,30.6,10.0,18.0,Partly cloudy,2.8999999999999986,21,2
24.0,0.0,87,1007.0,7.9,31,21.6,26.1,10.0,10.4,Partly cloudy,2.3999999999999986,3,2
22.5,0.1,89,1012.0,10.4,72,20.5,24.8,10.0,13.7,Patchy rain possible,2.0,5,0
29.7,0.0,80,1010.0,6.1,27,24.4,35.0,10.0,8.0,Partly cloudy,5.300000000000001,9,2
22.2,0.0,84,1009.0,9.0,0,19.4,24.6,10.0,12.1,Sunny,2.8000000000000007,17,8
30.5,0.0,71,1010.0,13.7,10,24.5,36.6,10.0,17.0,Sunny,6.0,10,8
20.7,4.3,96,1017.0,18.4,100,20.2,22.7,7.0,24.9,Moderate or heavy rain shower,0.5,14,4
26.8,4.7,83,1007.0,7.2,79,23.8,30.4,10.0,13.1,Moderate or heavy rain shower,3.0,20,4
25.1,0.0,84,1015.0,2.5,100,21.1,27.1,2.0,3.4,Overcast,4.0,8,7
26.4,0.0,86,1004.0,12.2,75,23.9,29.9,9.0,21.0,Cloudy,2.5,19,1
22.9,0.0,94,1008.0,4.2,45,21.9,25.2,10.0,8.9,Partly cloudy,1.0,23,2
29.8,0.6,73,1005.0,10.1,73,24.5,35.2,9.0,17.6,Moderate rain at times,5.300000000000001,17,6
29.2,0.2,82,1001.0,8.2,86,25.8,35.5,10.0,16.9,Patchy rain possible,3.3999999999999986,15,0
24.3,0.0,82,1016.0,3.2,92,21.0,26.3,10.0,4.9,Overcast,3.3000000000000007,7,7
24.0,0.0,68,1010.0,9.7,0,17.7,25.6,10.0,16.7,Sunny,6.300000000000001,9,8
23.6,0.0,85,1018.0,6.1,79,20.0,25.7,10.0,20.2,Cloudy,3.6000000000000014,14,1
26.7,0.0,84,1005.0,5.6,77,23.8,30.3,10.0,11.1,Cloudy,2.8999999999999986,1,1
27.4,0.1,84,1009.0,10.8,82,24.4,31.7,10.0,19.2,Patchy rain possible,3.0,16,0
22.1,0.0,82,1005.0,7.0,8,19.0,24.6,10.0,9.9,Sunny,3.1000000000000014,6,8
27.4,0.0,73,1008.0,15.1,9,22.2,30.3,10.0,25.3,Sunny,5.199999999999999,13,8
24.9,0.0,87,1003.0,8.6,47,22.6,27.4,10.0,11.6,Partly cloudy,2.299999999999997,5,2
25.3,0.0,88,1007.0,9.0,31,23.1,28.0,10.0,15.8,Partly cloudy,2.1999999999999997,23,2
22.9,0.0,88,1009.0,5.4,13,20.8,25.2,10.0,5.9,Clear,2.099999999999998,3,3
27.1,0.0,77,1004.0,9.7,11,22.7,30.1,10.0,15.1,Sunny,4.400000000000002,6,8
19.5,0.0,90,1014.0,8.6,83,18.4,21.5,10.0,12.6,Cloudy,1.1000000000000014,5,1
20.9,0.4,95,1014.0,7.6,100,20.1,22.9,2.0,11.3,Patchy rain possible,0.7999999999999972,4,0
25.6,0.0,89,1006.0,6.8,82,23.6,28.7,5.0,11.7,Cloudy,2.0,1,1
30.3,0.1,73,1001.0,5.7,54,24.9,36.3,10.0,14.6,Patchy rain possible,5.400000000000002,16,0
27.8,0.0,83,1008.0,6.8,14,24.6,32.3,10.0,9.8,Sunny,3.1999999999999997,7,8
29.0,0.0,80,1006.0,7.9,76,25.2,34.7,10.0,14.7,Cloudy,3.8000000000000007,16,1
21.6,0.2,95,1013.0,5.8,61,20.8,23.6,2.0,9.6,Patchy rain possible,0.8000000000000007,22,0
23.1,0.0,93,1011.0,6.5,77,21.8,25.4,10.0,9.5,Cloudy,1.3000000000000007,18,1
24.6,0.1,85,1010.0,18.0,60,21.9,26.9,10.0,25.5,Patchy rain possible,2.700000000000003,17,0
23.5,0.0,76,1017.0,8.6,93,17.9,25.4,10.0,10.4,Overcast,5.600000000000001,9,7
25.6,0.0,91,1006.0,7.6,15,24.0,28.8,10.0,8.2,Clear,1.6000000000000014,1,3
25.6,3.3,90,1013.0,11.9,92,23.9,28.8,10.0,28.5,Moderate or heavy rain shower,1.7000000000000028,13,4
24.4,0.0,88,1010.0,6.5,88,22.3,26.8,10.0,13.2,Overcast,2.099999999999998,2,7
25.6,0.1,81,1013.0,11.5,81,22.0,28.0,10.0,18.2,Patchy rain possible,3.6000000000000014,13,0
22.2,0.0,84,1014.0,4.3,94,20.6,24.6,10.0,7.4,Overcast,1.599999999999998,5,7
22.0,0.0,88,1013.0,6.8,78,19.9,24.0,10.0,11.5,Cloudy,2.1000000000000014,1,1
25.3,0.2,84,1013.0,6.2,73,22.4,27.8,10.0,14.1,Patchy rain possible,2.900000000000002,19,0
22.3,0.1,96,1015.0,5.0,97,21.7,24.8,2.0,8.0,Patchy rain possible,0.6000000000000014,21,0
20.1,0.1,84,1016.0,4.7,83,17.4,22.1,10.0,7.1,Patchy rain possible,2.700000000000003,22,0
27.7,0.0,75,1006.0,8.6,11,22.8,31.0,10.0,12.3,Clear,4.899999999999999,0,3
25.4,1.73,89,1009.0,7.9,81,23.5,28.4,8.0,13.4,Moderate or heavy rain shower,1.8999999999999984,20,4
18.0,0.8,86,1021.0,6.8,100,15.6,20.0,10.0,9.9,Moderate rain at times,2.4000000000000004,7,6
29.4,0.0,72,1005.0,9.7,87,23.8,34.0,9.0,18.4,Overcast,5.599999999999998,11,7
18.6,0.1,79,1017.0,2.5,64,16.4,20.6,10.0,4.0,Patchy rain possible,2.200000000000003,22,0
26.8,0.1,76,1014.0,5.0,91,22.2,29.5,10.0,12.3,Patchy rain possible,4.600000000000001,8,0
26.8,0.0,90,1008.0,7.9,75,25.1,31.1,10.0,13.1,Cloudy,1.6999999999999993,19,1
25.5,0.0,86,1001.0,8.0,32,23.0,28.2,10.0,19.2,Partly cloudy,2.5,3,2
18.9,0.0,79,1017.0,11.9,72,15.1,20.9,10.0,21.1,Cloudy,3.799999999999999,6,1
31.0,0.0,72,1007.0,12.6,75,23.5,36.1,10.0,20.7,Cloudy,7.5,17,1
24.7,0.0,92,1010.0,5.0,13,23.2,27.4,10.0,9.0,Clear,1.5,0,3
24.6,0.2,88,1014.0,9.0,67,22.4,27.0,5.0,9.6,Patchy rain possible,2.200000000000003,23,0
21.7,0.0,90,1017.0,8.3,71,20.0,23.7,10.0,10.1,Cloudy,1.6999999999999993,21,1
21.1,0.4,93,1015.0,6.5,100,20.0,23.1,10.0,9.6,Patchy rain possible,1.1000000000000014,1,0
25.8,0.0,90,1010.0,2.5,82,24.0,29.1,10.0,3.6,Cloudy,1.8000000000000007,22,1
25.2,0.0,87,1003.0,6.5,81,23.0,27.9,9.0,11.8,Cloudy,2.1999999999999997,1,1
19.0,0.0,83,1016.0,8.6,98,17.0,21.0,10.0,13.0,Overcast,2.0,1,7
27.6,0.1,66,1015.0,10.8,72,20.6,29.7,10.0,17.7,Patchy rain possible,7.0,12,0
29.4,0.0,85,1004.0,12.6,73,25.1,35.4,9.0,20.3,Cloudy,4.299999999999997,19,1
28.4,0.0,75,999.0,15.1,31,21.7,31.3,10.0,23.2,Partly cloudy,6.699999999999999,5,2
25.2,0.0,88,1003.0,7.3,73,23.1,28.0,9.0,15.4,Cloudy,2.099999999999998,1,1
20.4,0.0,85,1015.0,6.1,100,17.8,22.4,10.0,8.7,Overcast,2.599999999999998,3,7
21.8,0.2,75,1018.0,9.0,71,17.2,23.8,10.0,11.4,Patchy rain possible,4.600000000000001,10,0
28.0,0.0,77,1011.0,10.8,74,23.5,31.8,9.0,20.3,Cloudy,4.5,14,1
21.1,0.0,88,1016.0,14.0,100,19.1,23.1,10.0,18.6,Overcast,2.0,12,7
23.7,0.0,92,1011.0,6.8,67,22.3,26.0,10.0,11.8,Cloudy,1.3999999999999986,0,1
22.4,0.0,75,1012.0,10.4,3,17.8,24.7,10.0,19.4,Sunny,4.599999999999998,16,8
22.2,0.5,93,1016.0,12.2,100,21.0,24.6,10.0,16.6,Moderate rain at times,1.1999999999999993,16,6
25.3,0.1,89,1012.0,8.6,100,21.3,27.5,10.0,17.7,Patchy rain possible,4.0,13,0
23.3,0.1,88,1013.0,9.3,100,21.3,25.5,10.0,14.9,Patchy rain possible,2.0,5,0
23.5,0.0,88,1014.0,6.1,91,21.5,25.7,10.0,10.3,Overcast,2.0,20,7
29.7,0.8,75,1005.0,12.2,72,24.8,35.4,5.0,22.5,Moderate rain at times,4.899999999999999,15,6
23.5,0.0,96,1014.0,10.1,100,20.7,26.0,2.0,17.1,Overcast,2.8000000000000007,13,7
30.2,0.1,71,1009.0,13.7,72,23.5,35.5,10.0,22.4,Patchy rain possible,6.699999999999999,13,0
27.7,0.5,81,1009.0,8.3,57,22.7,31.8,10.0,13.3,Moderate rain at times,5.0,12,6
21.1,0.8,88,1005.0,6.8,88,19.1,23.1,10.0,7.5,Moderate rain at times,2.0,4,6
21.6,0.9,93,1017.0,4.3,100,20.3,23.6,10.0,6.9,Moderate rain at times,1.3000000000000007,22,6
28.8,0.0,79,1006.0,10.3,82,24.8,34.0,10.0,17.8,Cloudy,4.0,18,1
24.8,0.0,89,1010.0,6.5,6,22.7,27.3,10.0,10.0,Clear,2.1000000000000014,18,3
27.6,0.1,78,1012.0,14.4,61,23.4,31.1,10.0,27.9,Patchy rain possible,4.200000000000003,12,0
27.6,0.0,80,1010.0,10.8,73,23.8,31.5,9.0,19.8,Cloudy,3.8000000000000007,15,1
26.9,0.0,87,1008.0,9.4,79,24.5,30.9,10.0,12.4,Cloudy,2.3999999999999986,21,1
26.9,0.0,82,1007.0,8.3,44,23.5,30.3,10.0,15.5,Partly cloudy,3.3999999999999986,20,2
23.6,0.0,85,1012.0,15.5,44,20.8,25.6,10.0,24.3,Partly cloudy,2.8000000000000007,18,2
25.1,0.2,90,1012.0,4.0,86,23.2,27.8,10.0,6.6,Patchy rain possible,1.900000000000002,22,0
28.5,0.0,87,1005.0,9.0,82,24.3,33.2,9.0,13.0,Cloudy,4.199999999999999,21,1
28.8,9.8,83,1002.0,10.8,84,25.6,34.8,9.0,18.3,Moderate or heavy rain shower,3.1999999999999997,18,4
20.9,0.0,85,1013.0,9.7,70,18.2,22.9,10.0,14.3,Cloudy,2.6999999999999997,18,1
29.6,2.53,86,1001.0,8.3,55,24.3,35.0,6.0,21.1,Moderate or heavy rain shower,5.300000000000001,17,4
19.9,0.4,86,1015.0,12.2,100,17.5,21.9,10.0,23.4,Patchy rain possible,2.3999999999999986,14,0
21.5,2.4,94,1016.0,11.5,100,20.5,23.5,2.0,15.5,Moderate or heavy rain shower,1.0,15,4
20.7,0.0,84,1016.0,11.2,62,17.9,22.7,10.0,25.1,Cloudy,2.8000000000000007,17,1
23.9,0.0,73,1013.0,11.5,84,17.6,25.7,10.0,18.5,Cloudy,6.299999999999997,13,1
20.9,1.4,95,1014.0,7.2,100,20.1,22.9,2.0,10.7,Heavy rain at times,0.7999999999999972,3,5
30.4,0.0,78,1004.0,14.8,72,24.5,36.3,5.0,21.8,Cloudy,5.899999999999999,19,1
20.4,0.0,88,1018.0,10.1,100,18.3,22.4,10.0,14.5,Overcast,2.099999999999998,21,7
17.9,0.0,83,1019.0,8.3,79,15.1,19.9,10.0,14.3,Cloudy,2.799999999999999,5,1
27.1,0.0,75,1006.0,7.2,45,22.2,29.9,10.0,9.5,Partly cloudy,4.900000000000002,4,2
21.4,0.3,74,1015.0,10.1,82,16.6,23.4,10.0,18.0,Patchy rain possible,4.799999999999997,14,0
24.0,0.2,75,1017.0,7.9,75,19.3,25.8,10.0,24.8,Patchy rain possible,4.699999999999999,13,0
26.6,0.0,90,1007.0,10.1,81,23.9,30.2,9.0,12.3,Cloudy,2.700000000000003,22,1
21.8,0.0,87,1012.0,7.2,71,19.6,23.8,10.0,12.5,Cloudy,2.1999999999999997,3,1
25.5,0.0,86,1002.0,7.2,86,23.1,28.3,10.0,14.0,Overcast,2.3999999999999986,1,7
19.7,0.0,81,1022.0,7.6,89,16.4,21.7,10.0,9.3,Overcast,3.3000000000000007,9,7
26.1,0.0,83,1009.0,7.2,12,22.9,28.9,10.0,11.0,Sunny,3.200000000000003,7,8
26.2,0.0,91,1008.0,7.2,16,24.6,30.0,10.0,12.3,Clear,1.599999999999998,23,3
21.7,0.0,69,1016.0,3.2,10,15.8,23.7,10.0,10.2,Sunny,5.899999999999999,11,8
22.1,0.0,73,1013.0,6.5,83,15.6,24.6,10.0,16.6,Cloudy,6.500000000000002,13,1
19.8,1.5,93,1017.0,9.3,100,18.7,21.8,10.0,19.1,Moderate or heavy rain shower,1.1000000000000014,3,4
23.0,0.2,72,1018.0,4.3,84,17.6,25.0,10.0,18.9,Patchy rain possible,5.399999999999999,11,0
29.5,0.0,82,1007.0,7.9,75,25.4,35.5,9.0,14.9,Cloudy,4.100000000000001,19,1
25.5,0.0,88,1008.0,7.8,12,24.0,28.5,10.0,10.5,Clear,1.5,21,3
26.0,0.0,93,1011.0,4.3,18,23.8,29.9,10.0,7.7,Clear,2.1999999999999997,20,3
26.0,0.0,91,1006.0,7.6,14,24.3,29.5,10.0,8.1,Clear,1.6999999999999993,0,3
22.9,0.0,89,1010.0,5.8,7,20.9,25.1,10.0,10.1,Clear,2.0,4,3
24.7,0.0,86,1005.0,7.9,42,22.3,27.1,10.0,13.6,Partly cloudy,2.3999999999999986,6,2
21.2,0.0,87,1018.0,7.9,100,18.9,23.2,10.0,11.6,Overcast,2.3000000000000007,23,7
25.7,0.1,88,1012.0,8.3,81,23.5,28.8,10.0,13.7,Patchy rain possible,2.1999999999999997,21,0
23.2,0.1,80,1019.0,5.8,80,19.5,25.2,10.0,11.3,Patchy rain possible,3.6999999999999993,10,0
18.7,0.0,87,1017.0,9.7,100,16.4,20.7,10.0,15.0,Overcast,2.3000000000000007,21,7
24.9,0.0,85,1001.0,9.0,31,22.3,27.3,10.0,12.1,Partly cloudy,2.599999999999998,4,2
26.8,0.0,76,1006.0,9.0,29,22.3,29.5,10.0,16.1,Partly cloudy,4.5,6,2
24.7,0.0,87,1006.0,8.6,13,22.3,27.1,10.0,9.8,Sunny,2.3999999999999986,6,8
29.4,0.0,83,1006.0,8.6,25,24.9,35.1,10.0,14.7,Clear,4.5,19,3
29.1,0.1,82,1007.0,7.6,78,25.1,34.7,10.0,12.8,Patchy rain possible,4.0,18,0
24.2,4.83,96,1002.0,2.9,100,23.5,26.9,5.0,11.5,Moderate or heavy rain shower,0.6999999999999993,19,4
22.6,0.1,93,1011.0,6.5,74,21.5,25.0,10.0,13.8,Patchy rain possible,1.1000000000000014,18,0
21.7,0.4,93,1018.0,9.7,100,20.4,23.7,2.0,12.9,Patchy rain possible,1.3000000000000007,12,0
25.2,0.0,86,1007.0,10.4,13,22.6,27.7,10.0,14.3,Clear,2.599999999999998,5,3
19.7,0.0,92,1011.0,6.1,6,18.3,21.7,10.0,11.2,Clear,1.3999999999999986,20,3
24.4,0.0,86,1008.0,7.9,13,21.9,26.6,10.0,9.8,Clear,2.5,5,3
23.8,0.0,92,1006.0,5.1,21,22.4,26.1,10.0,7.4,Clear,1.400000000000002,4,3
24.7,0.3,88,1014.0,4.0,78,22.5,27.1,10.0,10.4,Patchy rain possible,2.1999999999999997,8,0
21.4,0.0,81,1011.0,9.9,3,19.0,23.4,10.0,18.3,Clear,2.3999999999999986,5,3
25.9,0.0,87,1009.0,5.8,27,23.5,28.9,10.0,10.7,Partly cloudy,2.3999999999999986,23,2
26.4,0.1,87,1004.0,9.7,73,24.1,30.0,10.0,13.0,Patchy rain possible,2.299999999999997,21,0
27.1,0.0,80,1012.0,10.1,44,22.5,30.6,10.0,18.1,Partly cloudy,4.600000000000001,11,2
22.1,0.0,92,1012.0,8.6,86,20.7,24.6,10.0,10.3,Overcast,1.400000000000002,20,7
26.5,0.0,87,1008.0,6.5,17,24.1,30.1,10.0,9.5,Sunny,2.3999999999999986,7,8
24.0,0.1,90,1013.0,5.0,80,22.2,26.3,10.0,8.5,Patchy rain possible,1.8000000000000007,23,0
22.0,0.0,84,1018.0,7.9,100,19.2,24.0,10.0,9.9,Overcast,2.8000000000000007,11,7
29.4,0.0,90,1007.0,11.9,86,23.7,37.9,9.0,25.1,Overcast,5.699999999999999,19,7
23.3,0.3,73,1017.0,8.3,87,18.1,25.2,10.0,23.0,Patchy rain possible,5.199999999999999,12,0
19.4,0.5,85,1018.0,12.6,100,16.7,21.4,10.0,18.2,Moderate rain at times,2.6999999999999997,7,6
24.1,0.3,90,1011.0,3.6,100,22.4,26.4,10.0,5.4,Patchy rain possible,1.7000000000000028,6,0
25.5,0.0,90,1007.0,6.5,100,23.7,28.6,10.0,10.6,Overcast,1.8000000000000007,4,7
27.1,0.0,86,1009.0,14.0,88,23.6,30.6,10.0,26.2,Overcast,3.5,15,7
27.1,1.0,86,1005.0,2.9,80,24.6,31.3,10.0,5.0,Light rain shower,2.5,17,9
25.5,0.0,87,1004.0,7.2,34,23.2,28.3,10.0,8.4,Partly cloudy,2.3000000000000007,6,2
29.9,0.4,77,1006.0,14.8,82,25.4,36.2,10.0,17.7,Patchy rain possible,4.5,13,0
30.5,0.1,70,1003.0,11.8,70,24.5,36.2,9.0,21.0,Patchy rain possible,6.0,17,0
21.7,0.0,87,1015.0,9.7,100,16.5,23.7,10.0,19.2,Overcast,5.199999999999999,16,7
20.0,0.4,87,1020.0,16.2,98,17.7,22.0,10.0,27.4,Patchy rain possible,2.3000000000000007,22,0
25.6,0.4,91,1013.0,1.4,76,23.0,28.8,9.0,2.7,Patchy rain possible,2.6000000000000014,21,0
20.5,0.0,79,1015.0,6.5,53,16.8,22.5,10.0,14.1,Partly cloudy,3.6999999999999993,17,2
26.4,0.0,91,1012.0,9.5,74,23.8,29.8,9.0,19.1,Cloudy,2.599999999999998,21,1
20.0,0.02,88,1017.0,10.1,100,18.1,22.0,10.0,14.3,Patchy rain possible,1.8999999999999984,22,0
20.2,0.0,79,1019.0,6.5,61,16.6,22.2,10.0,8.4,Cloudy,3.599999999999998,9,1
23.6,17.37,97,996.0,9.8,100,23.1,26.2,5.0,20.2,Moderate or heavy rain shower,0.5,6,4
20.3,0.0,88,1016.0,8.3,100,18.1,22.3,10.0,11.9,Overcast,2.1999999999999997,18,7
24.2,0.1,80,1001.0,10.8,74,20.6,26.2,10.0,13.5,Patchy rain possible,3.599999999999998,17,0
20.2,0.6,88,1016.0,9.3,100,18.3,22.2,10.0,14.4,Moderate rain at times,1.8999999999999984,19,6
26.1,0.0,86,1007.0,6.5,6,23.6,29.3,10.0,11.1,Sunny,2.5,6,8
23.0,0.0,87,1010.0,6.8,10,20.8,25.2,10.0,7.9,Clear,2.1999999999999997,1,3
18.8,0.0,92,1014.0,5.8,26,17.5,20.8,10.0,9.9,Partly cloudy,1.3000000000000007,6,2
27.7,0.6,83,1007.0,6.5,73,24.6,32.2,9.0,12.3,Moderate rain at times,3.099999999999998,20,6
22.8,0.0,82,1010.0,11.2,4,19.4,24.9,10.0,14.7,Clear,3.400000000000002,22,3
29.6,0.1,72,1002.0,17.3,70,24.0,34.6,9.0,29.3,Patchy rain possible,5.600000000000001,14,0
17.4,0.0,85,1015.0,6.5,0,14.9,19.4,10.0,12.3,Clear,2.4999999999999982,22,3
29.1,0.0,83,1007.0,12.2,18,24.0,35.5,10.0,22.5,Sunny,5.100000000000001,17,8
25.2,2.5,90,1012.0,9.9,93,23.5,28.1,10.0,21.3,Moderate or heavy rain shower,1.6999999999999993,5,4
25.9,0.0,90,1005.0,5.8,64,24.2,29.4,10.0,9.0,Cloudy,1.6999999999999993,2,1
22.8,0.0,90,1009.0,7.2,11,21.1,25.1,10.0,8.4,Clear,1.6999999999999993,3,3
24.9,0.0,84,1003.0,6.5,77,22.1,27.2,9.0,12.5,Cloudy,2.799999999999997,6,1
24.4,0.0,84,1006.0,6.2,10,21.5,26.5,10.0,12.5,Clear,2.8999999999999986,4,3
21.4,0.0,84,1013.0,10.1,64,18.6,23.4,10.0,18.0,Cloudy,2.799999999999997,17,1
28.2,0.4,76,1010.0,11.5,71,23.6,32.1,9.0,21.0,Patchy rain possible,4.599999999999998,14,0
27.6,5.1,78,1011.0,16.6,79,23.4,31.2,9.0,27.8,Moderate or heavy rain shower,4.200000000000003,15,4
29.3,0.0,81,1007.0,9.7,88,23.2,35.6,10.0,18.0,Overcast,6.100000000000001,18,7
31.2,0.0,78,1005.0,10.8,79,24.6,40.2,9.0,14.0,Cloudy,6.599999999999998,16,1
29.9,0.0,71,1006.0,4.3,76,24.0,34.8,10.0,14.7,Cloudy,5.899999999999999,11,1
18.3,0.0,88,1010.0,6.1,0,16.3,20.3,10.0,12.1,Clear,2.0,2,3
19.1,0.7,86,1015.0,7.1,100,16.6,21.1,10.0,18.0,Moderate rain at times,2.5,3,6
27.2,0.1,83,1010.0,12.2,100,22.1,31.2,10.0,18.9,Patchy rain possible,5.099999999999998,10,0
31.4,0.0,72,1005.0,10.4,87,24.8,38.0,10.0,19.1,Overcast,6.599999999999998,17,7
18.0,0.0,84,1018.0,9.0,100,15.3,20.0,10.0,9.0,Overcast,2.6999999999999997,6,7
25.3,0.0,84,1012.0,7.2,14,22.5,27.8,10.0,8.6,Sunny,2.8000000000000007,8,8
21.5,0.0,96,1011.0,6.1,63,20.8,23.5,2.0,10.1,Cloudy,0.6999999999999993,5,1
22.7,0.2,68,1022.0,14.4,71,16.6,24.9,10.0,24.1,Patchy rain possible,6.099999999999998,11,0
26.7,0.0,88,1009.0,7.6,87,24.6,30.7,9.0,8.6,Overcast,2.099999999999998,19,7
24.7,0.0,89,1005.0,5.4,79,22.7,27.2,10.0,12.0,Cloudy,2.0,5,1
25.4,0.0,86,1004.0,6.1,87,22.8,28.0,10.0,10.7,Overcast,2.599999999999998,6,7
24.6,0.1,91,1013.0,6.8,78,23.1,27.3,10.0,11.1,Patchy rain possible,1.5,20,0
26.2,0.0,82,1006.0,10.4,17,22.8,29.0,10.0,14.5,Clear,3.3999999999999986,3,3
23.8,0.0,83,1012.0,9.0,100,20.7,25.8,10.0,13.6,Overcast,3.1000000000000014,4,7
26.4,0.0,81,1012.0,9.0,4,22.9,29.3,10.0,11.0,Sunny,3.5,8,8
17.0,0.6,89,1021.0,8.3,100,15.2,19.0,2.0,14.3,Moderate rain at times,1.8000000000000007,9,6
22.7,0.1,93,1016.0,2.2,83,21.5,25.1,10.0,3.0,Patchy rain possible,1.1999999999999993,8,0
20.3,0.2,87,1016.0,0.7,100,18.0,22.3,10.0,5.1,Patchy rain possible,2.3000000000000007,3,0
25.7,0.6,86,1011.0,7.2,76,23.2,28.6,9.0,12.2,Moderate rain at times,2.5,18,6
28.8,2.11,93,1005.0,15.7,75,24.1,33.8,8.0,29.7,Moderate or heavy rain shower,4.699999999999999,19,4
17.8,0.0,90,1019.0,6.1,100,16.2,19.8,10.0,8.6,Overcast,1.6000000000000014,22,7
22.0,0.0,91,1010.0,6.5,13,20.5,24.5,10.0,12.5,Clear,1.5,4,3
20.9,0.01,87,1016.0,9.4,100,18.8,22.9,10.0,13.6,Patchy rain possible,2.099999999999998,7,0
25.0,0.0,91,1008.0,9.7,38,23.4,27.8,10.0,10.9,Partly cloudy,1.6000000000000014,1,2
23.3,0.0,93,1011.0,5.0,33,22.1,25.7,10.0,8.3,Partly cloudy,1.1999999999999993,1,2
21.2,0.0,79,1016.0,8.2,100,16.8,23.2,10.0,16.3,Overcast,4.399999999999999,22,7
27.1,0.0,79,1010.0,15.1,10,22.1,30.5,10.0,23.5,Sunny,5.0,14,8
19.8,0.0,85,1020.0,10.1,100,17.3,21.8,10.0,14.9,Overcast,2.5,7,7
18.4,0.1,87,1022.0,10.4,100,16.2,20.4,10.0,15.5,Patchy rain possible,2.1999999999999997,21,0
23.7,0.0,96,1010.0,3.6,44,23.1,26.3,2.0,6.3,Partly cloudy,0.5999999999999979,0,2
20.3,0.6,93,1017.0,10.1,100,19.1,22.3,2.0,13.8,Moderate rain at times,1.1999999999999993,2,6
26.1,0.0,85,1010.0,10.1,74,23.5,29.3,10.0,11.6,Cloudy,2.6000000000000014,23,1
26.8,1.9,82,1003.0,3.6,81,23.4,30.1,10.0,9.7,Moderate or heavy rain shower,3.400000000000002,19,4
22.8,0.3,89,1015.0,7.3,100,20.9,25.1,10.0,11.7,Patchy rain possible,1.900000000000002,21,0
18.4,0.0,89,1015.0,8.9,100,16.6,20.4,10.0,16.2,Overcast,1.7999999999999972,5,7
18.5,0.0,94,1010.0,6.5,37,17.5,20.5,10.0,11.4,Partly cloudy,1.0,3,2
20.5,0.0,96,1011.0,7.5,50,19.8,22.5,2.0,13.3,Partly cloudy,0.6999999999999993,1,2
27.0,0.0,76,1009.0,5.8,29,22.3,29.8,10.0,9.1,Partly cloudy,4.699999999999999,7,2
29.8,0.1,79,1006.0,9.4,83,23.8,36.4,9.0,19.4,Patchy rain possible,6.0,17,0
26.9,0.0,79,1003.0,8.3,18,22.9,29.9,10.0,10.9,Clear,4.0,2,3
22.1,0.0,88,1018.0,5.0,85,20.0,24.6,10.0,13.3,Cloudy,2.1000000000000014,17,1
21.5,0.0,95,1011.0,4.7,56,20.7,23.5,2.0,7.9,Partly cloudy,0.8000000000000007,6,2
27.3,0.0,81,1004.0,11.9,32,23.8,31.0,10.0,21.0,Partly cloudy,3.5,19,2
26.9,0.4,85,1009.0,7.2,85,24.2,30.7,10.0,13.9,Patchy rain possible,2.6999999999999997,17,0
26.4,0.0,82,1000.0,9.7,36,23.1,29.4,10.0,19.0,Partly cloudy,3.299999999999997,1,2
23.5,0.0,92,1010.0,10.4,74,22.2,25.8,10.0,11.8,Cloudy,1.3000000000000007,20,1
23.2,0.0,92,1008.0,6.0,15,21.8,25.5,10.0,11.2,Clear,1.3999999999999986,1,3
29.3,0.1,75,1002.0,14.0,79,24.4,34.4,10.0,16.2,Patchy rain possible,4.900000000000002,15,0
17.4,0.0,92,1014.0,7.9,24,16.1,19.4,10.0,14.0,Clear,1.2999999999999972,0,3
22.4,0.0,90,1017.0,4.0,57,20.7,24.8,10.0,7.6,Partly cloudy,1.6999999999999993,23,2
23.8,0.0,81,1002.0,11.9,68,20.4,25.8,10.0,19.1,Cloudy,3.400000000000002,18,1
30.5,0.6,67,1005.0,14.0,76,23.6,35.5,10.0,22.3,Moderate rain at times,6.899999999999999,13,6
25.1,0.0,88,1005.0,7.2,70,23.1,27.9,10.0,15.2,Cloudy,2.0,3,1
20.2,0.0,92,1017.0,8.6,100,18.9,22.2,10.0,12.2,Overcast,1.3000000000000007,21,7
26.5,0.0,78,1006.0,9.0,94,22.4,29.2,10.0,11.0,Overcast,4.100000000000001,21,7
22.7,0.0,92,1015.0,5.8,78,21.4,25.1,10.0,9.6,Cloudy,1.3000000000000007,5,1
25.5,0.0,92,1008.0,9.0,44,24.1,28.8,10.0,9.7,Partly cloudy,1.3999999999999986,2,2
19.0,0.0,81,1016.0,5.4,70,15.7,21.0,10.0,8.1,Cloudy,3.3000000000000007,4,1
23.7,0.6,89,1013.0,3.6,100,21.7,25.9,10.0,6.0,Moderate rain at times,2.0,5,6
26.6,0.0,87,1011.0,7.2,89,23.7,30.0,9.0,14.5,Overcast,2.900000000000002,21,7
23.7,0.0,74,1008.0,15.5,0,18.8,25.6,10.0,22.6,Sunny,4.899999999999999,15,8
19.9,0.0,87,1016.0,6.1,100,17.6,21.9,10.0,9.3,Overcast,2.299999999999997,0,7
29.4,0.0,72,1004.0,5.8,74,23.8,34.0,9.0,11.0,Cloudy,5.599999999999998,8,1
25.3,0.0,88,1004.0,7.2,55,23.1,28.0,10.0,9.3,Partly cloudy,2.1999999999999997,4,2
24.6,1.6,89,1013.0,6.1,100,22.7,27.1,10.0,11.8,Moderate or heavy rain shower,1.900000000000002,0,4
21.1,0.01,84,1014.0,14.4,100,18.3,23.1,10.0,19.6,Patchy rain possible,2.8000000000000007,18,0
27.3,0.0,81,1007.0,7.6,28,23.7,31.0,10.0,14.1,Partly cloudy,3.6000000000000014,22,2
20.9,0.0,83,1024.0,16.6,100,17.9,22.9,10.0,21.5,Overcast,3.0,10,7
23.7,0.0,91,1008.0,5.0,49,22.2,26.0,10.0,9.5,Partly cloudy,1.5,6,2
20.8,0.0,77,1010.0,9.0,15,16.7,22.8,10.0,10.4,Clear,4.100000000000001,3,3
22.6,0.0,90,1014.0,7.9,45,21.0,24.9,10.0,10.1,Partly cloudy,1.6000000000000014,8,2
21.5,0.1,91,1015.0,6.2,60,20.0,23.5,10.0,10.9,Patchy rain possible,1.5,2,0
23.1,0.0,88,1013.0,1.8,100,21.0,25.3,10.0,2.7,Overcast,2.1000000000000014,0,7
20.5,0.3,80,1020.0,12.6,76,17.0,22.5,10.0,22.2,Patchy rain possible,3.5,12,0
21.3,0.0,87,1016.0,10.1,100,19.0,23.3,10.0,12.9,Overcast,2.3000000000000007,11,7
22.1,0.0,79,1010.0,9.4,0,18.4,24.6,10.0,13.1,Sunny,3.700000000000003,17,8
23.6,0.0,90,1009.0,5.3,15,21.8,25.8,10.0,11.7,Clear,1.8000000000000007,19,3
19.4,0.4,91,1023.0,9.7,100,18.0,21.4,2.0,12.9,Patchy rain possible,1.3999999999999986,8,0
20.2,0.0,89,1013.0,4.7,97,18.4,22.2,10.0,7.9,Overcast,1.8000000000000007,3,7
22.1,0.0,74,1018.0,2.5,83,17.3,24.6,10.0,8.6,Cloudy,4.800000000000001,9,1
30.2,0.1,77,1008.0,5.0,81,24.9,36.3,10.0,15.2,Patchy rain possible,5.300000000000001,12,0
23.6,0.0,78,1012.0,16.2,54,19.5,25.5,10.0,25.7,Partly cloudy,4.100000000000001,17,2
28.1,0.0,74,1009.0,16.2,18,22.6,31.6,10.0,23.9,Sunny,5.5,14,8
17.1,0.0,85,1015.0,8.3,13,14.5,19.1,10.0,14.6,Clear,2.6000000000000014,23,3
21.5,3.12,95,1019.0,18.0,100,20.7,23.5,7.0,24.4,Moderate or heavy rain shower,0.8000000000000007,2,4
22.7,0.2,87,1015.0,13.6,96,20.5,24.9,10.0,27.2,Patchy rain possible,2.1999999999999997,17,0
17.7,0.0,84,1015.0,5.4,0,15.1,19.7,10.0,10.2,Clear,2.6,21,3
20.3,0.1,90,1022.0,15.8,100,18.7,22.3,10.0,27.2,Patchy rain possible,1.6000000000000014,8,0
24.1,0.0,90,1012.0,5.8,19,22.3,26.5,10.0,8.3,Sunny,1.8000000000000007,7,8
25.6,0.0,88,1005.0,6.7,76,23.5,28.6,9.0,14.5,Cloudy,2.1000000000000014,23,1
26.1,0.6,86,1009.0,11.7,73,23.6,29.3,10.0,19.2,Moderate rain at times,2.5,14,6
21.6,0.0,84,1018.0,5.8,100,17.7,23.6,10.0,7.7,Overcast,3.900000000000002,9,7
26.6,0.0,81,1008.0,8.3,16,23.2,29.7,10.0,11.3,Clear,3.400000000000002,0,3
27.5,5.4,76,1002.0,12.2,100,22.9,30.7,10.0,26.1,Moderate or heavy rain shower,4.600000000000001,13,4
23.8,0.2,88,1017.0,13.0,62,21.7,26.0,10.0,24.5,Patchy rain possible,2.1000000000000014,20,0
23.6,1.5,92,1015.0,16.2,100,22.3,26.0,10.0,26.2,Moderate or heavy rain shower,1.3000000000000007,10,4
31.5,0.1,73,1004.0,13.4,73,23.9,37.4,9.0,22.4,Patchy rain possible,7.600000000000001,14,0
17.8,0.0,88,1012.0,8.6,0,15.7,19.8,10.0,9.5,Clear,2.1000000000000014,2,3
25.8,0.0,94,1008.0,6.8,33,24.7,29.6,10.0,11.2,Partly cloudy,1.1000000000000014,0,2
18.4,0.0,88,1021.0,11.2,64,16.3,20.4,10.0,16.4,Cloudy,2.099999999999998,19,1
26.1,0.0,89,1012.0,6.2,79,24.1,29.5,9.0,13.6,Cloudy,2.0,23,1
19.3,0.0,92,1014.0,6.8,22,18.1,21.3,10.0,11.4,Clear,1.1999999999999993,2,3
22.5,0.0,88,1014.0,2.5,76,20.4,24.8,10.0,4.1,Cloudy,2.1000000000000014,21,1
25.8,0.0,92,1011.0,3.6,34,23.8,29.3,10.0,6.6,Partly cloudy,2.0,21,2
32.2,0.3,74,1001.0,5.4,59,25.0,39.7,10.0,15.3,Patchy rain possible,7.200000000000003,16,0
18.7,0.0,83,1015.0,4.3,77,15.7,20.7,10.0,6.7,Cloudy,3.0,5,1
28.0,1.44,83,1004.0,4.7,80,24.9,32.8,10.0,15.4,Heavy rain at times,3.1000000000000014,18,5
28.6,0.0,80,1003.0,8.5,10,24.3,33.3,10.0,16.9,Sunny,4.300000000000001,8,8
22.4,0.0,78,1017.0,5.0,100,18.5,24.7,10.0,18.7,Overcast,3.899999999999999,11,7
25.4,0.0,87,1005.0,8.6,55,23.2,28.2,10.0,12.5,Partly cloudy,2.1999999999999997,0,2
27.5,0.0,85,1007.0,9.0,87,24.7,31.9,10.0,15.8,Overcast,2.8000000000000007,22,7
25.9,0.0,86,1010.0,11.9,74,22.1,28.9,10.0,19.3,Cloudy,3.799999999999997,16,1
28.1,0.0,83,1005.0,3.2,70,24.9,33.0,10.0,5.7,Cloudy,3.200000000000003,19,1
26.0,0.1,90,1005.0,9.0,64,24.2,29.5,10.0,15.4,Patchy rain possible,1.8000000000000007,23,0
29.6,0.9,75,1006.0,18.4,72,24.7,35.0,9.0,23.2,Moderate rain at times,4.900000000000002,17,6
28.1,0.0,86,1007.0,10.1,79,23.9,32.3,10.0,12.8,Cloudy,4.200000000000003,20,1
20.2,0.7,91,1017.0,13.7,100,18.8,22.2,10.0,22.3,Moderate rain at times,1.3999999999999986,1,6
21.9,0.0,84,1004.0,5.9,8,19.1,23.9,10.0,8.1,Clear,2.799999999999997,3,3
25.3,4.2,85,996.0,7.6,74,22.6,27.8,10.0,18.9,Moderate or heavy rain shower,2.6999999999999997,18,4
20.9,0.1,91,1016.0,11.9,85,19.4,22.9,9.0,18.9,Patchy rain possible,1.5,18,0
30.6,0.0,80,1003.0,2.5,78,24.8,36.8,9.0,11.3,Cloudy,5.800000000000001,18,1
20.2,0.0,82,1013.0,5.4,12,17.1,22.2,10.0,8.7,Clear,3.099999999999998,5,3
26.7,1.1,86,1007.0,4.7,78,24.1,30.4,10.0,6.2,Heavy rain at times,2.599999999999998,17,5
26.6,0.3,90,1011.0,0.7,74,23.2,30.8,10.0,8.3,Patchy rain possible,3.400000000000002,20,0
30.1,0.0,80,1005.0,12.6,82,25.1,36.2,9.0,21.3,Cloudy,5.0,18,1
23.3,0.0,92,1006.0,6.8,77,22.0,25.6,10.0,8.0,Cloudy,1.3000000000000007,2,1
25.2,0.2,84,1013.0,1.8,77,22.4,27.7,10.0,2.9,Patchy rain possible,2.8000000000000007,0,0
21.1,2.3,93,1020.0,11.6,100,19.8,23.1,9.0,18.8,Moderate or heavy rain shower,1.3000000000000007,3,4
21.8,0.7,88,1017.0,18.4,100,19.7,23.8,10.0,27.9,Moderate rain at times,2.1000000000000014,12,6
23.2,0.0,81,1004.0,4.6,21,19.8,25.2,10.0,6.2,Clear,3.3999999999999986,2,3
27.5,0.0,92,1008.0,8.6,72,24.2,33.2,9.0,15.1,Cloudy,3.3000000000000007,22,1
20.7,2.8,94,1021.0,16.1,100,19.6,22.7,10.0,30.0,Moderate or heavy rain shower,1.099999999999998,18,4
24.2,0.0,90,1012.0,2.2,52,22.4,26.5,10.0,3.4,Partly cloudy,1.8000000000000007,22,2
27.9,0.0,66,1008.0,18.0,4,21.0,30.3,10.0,29.3,Sunny,6.899999999999999,15,8
20.9,0.0,88,1016.0,6.1,100,18.9,22.9,10.0,14.3,Overcast,2.0,12,7
25.2,0.0,83,1006.0,5.9,31,22.2,27.6,10.0,8.1,Partly cloudy,3.0,4,2
23.4,0.0,94,1008.0,4.6,50,22.3,25.7,10.0,10.0,Partly cloudy,1.099999999999998,6,2
26.4,0.0,79,1003.0,7.2,6,23.2,29.5,10.0,15.4,Clear,3.1999999999999997,3,3
26.9,0.0,90,1007.0,4.7,67,24.9,31.3,10.0,7.7,Cloudy,2.0,20,1
28.7,0.39,84,1005.0,9.7,84,25.8,34.8,10.0,13.1,Patchy light rain with thunder,2.8999999999999986,17,15
22.1,0.0,88,1015.0,7.2,100,18.6,24.6,10.0,19.6,Overcast,3.5,13,7
20.5,0.1,94,1017.0,9.7,100,19.5,22.5,10.0,18.7,Patchy rain possible,1.0,4,0
22.8,0.1,89,1012.0,9.4,100,21.0,25.1,10.0,18.4,Patchy rain possible,1.8000000000000007,15,0
24.1,0.0,89,1012.0,7.9,68,22.1,26.4,10.0,9.7,Cloudy,2.0,4,1
19.9,0.0,77,1015.0,5.0,54,15.7,21.9,10.0,7.2,Partly cloudy,4.199999999999999,22,2
21.9,0.9,95,1014.0,2.2,100,21.1,23.9,2.0,3.1,Moderate rain at times,0.7999999999999972,3,6
27.2,0.0,73,1013.0,7.2,79,22.0,29.9,10.0,17.3,Cloudy,5.199999999999999,11,1
25.8,0.0,82,1004.0,6.6,27,22.6,28.4,10.0,14.0,Partly cloudy,3.1999999999999997,3,2
23.2,0.9,85,1017.0,13.3,87,20.5,25.3,10.0,18.5,Moderate rain at times,2.6999999999999997,9,6
25.7,0.1,94,1011.0,5.4,78,23.8,28.9,10.0,9.0,Patchy rain possible,1.8999999999999984,20,0
31.4,0.0,66,1009.0,1.8,12,23.9,37.0,10.0,8.2,Sunny,7.5,9,8
18.0,0.2,90,1016.0,3.6,100,16.3,20.0,10.0,5.3,Patchy rain possible,1.6999999999999993,1,0
20.4,0.0,96,1012.0,5.4,49,19.8,22.4,2.0,9.6,Partly cloudy,0.5999999999999979,21,2
26.6,0.0,83,1002.0,7.9,83,23.4,29.8,10.0,15.1,Cloudy,3.200000000000003,23,1
27.9,0.0,74,1007.0,9.4,13,22.8,31.2,10.0,13.0,Sunny,5.099999999999998,7,8
24.0,0.9,88,1013.0,15.5,100,21.9,26.2,10.0,26.7,Moderate rain at times,2.1000000000000014,2,6
22.4,0.0,93,1016.0,6.5,38,21.3,24.8,10.0,10.9,Partly cloudy,1.099999999999998,21,2
22.9,0.0,89,1010.0,5.8,8,21.0,25.1,10.0,10.0,Clear,1.8999999999999984,5,3
22.9,2.26,96,1013.0,12.6,100,22.2,25.4,7.0,20.3,Moderate or heavy rain shower,0.6999999999999993,7,4
25.6,0.0,89,1006.0,7.9,84,23.7,28.7,9.0,14.6,Cloudy,1.900000000000002,23,1
20.5,1.9,90,1020.0,15.5,100,18.8,22.5,10.0,22.0,Moderate or heavy rain shower,1.6999999999999993,9,4
22.3,0.0,72,1015.0,9.0,78,17.0,24.7,10.0,10.7,Cloudy,5.300000000000001,12,1
19.2,0.4,79,1017.0,8.6,100,15.5,21.2,10.0,13.6,Patchy rain possible,3.6999999999999993,22,0
18.8,0.0,83,1018.0,7.6,75,15.9,20.8,10.0,12.5,Cloudy,2.9000000000000004,19,1
21.1,1.1,92,1016.0,3.6,81,19.8,23.1,10.0,5.7,Heavy rain at times,1.3000000000000007,2,5
26.9,0.1,87,1009.0,10.4,84,24.6,31.0,10.0,16.0,Patchy rain possible,2.299999999999997,18,0
29.4,0.0,83,1007.0,11.2,70,23.9,36.2,10.0,17.8,Cloudy,5.5,18,1
20.1,0.0,81,1016.0,6.1,66,16.7,22.1,10.0,10.2,Cloudy,3.400000000000002,6,1
24.7,0.0,91,1008.0,8.3,20,23.2,27.4,10.0,10.0,Clear,1.5,4,3
24.1,0.0,80,1010.0,12.6,63,20.4,26.0,10.0,22.2,Cloudy,3.700000000000003,14,1
25.9,0.0,81,1004.0,7.1,20,22.4,28.5,10.0,14.6,Clear,3.5,4,3
19.8,0.2,87,1017.0,8.6,90,17.5,21.8,10.0,13.6,Patchy rain possible,2.3000000000000007,1,0
26.0,0.0,86,1006.0,10.4,82,23.6,29.2,9.0,18.9,Cloudy,2.3999999999999986,21,1
24.2,0.0,90,1010.0,6.8,91,22.5,26.6,10.0,11.3,Overcast,1.6999999999999993,2,7
25.2,0.0,85,1013.0,4.3,27,22.5,27.7,10.0,6.2,Partly cloudy,2.6999999999999997,7,2
19.1,0.0,80,1020.0,6.5,65,15.7,21.1,10.0,9.8,Cloudy,3.400000000000002,7,1
23.5,0.2,80,1014.0,8.6,71,19.9,25.5,10.0,22.8,Patchy rain possible,3.6000000000000014,16,0
26.8,0.1,88,1006.0,14.0,88,24.6,30.9,9.0,22.9,Patchy rain possible,2.1999999999999997,19,0
26.9,1.43,81,1014.0,11.7,88,23.3,30.1,7.0,26.9,Heavy rain at times,3.599999999999998,9,5
28.1,0.0,78,1012.0,7.6,6,23.9,32.3,10.0,8.7,Sunny,4.200000000000003,9,8
25.3,26.3,88,1003.0,14.9,100,23.2,28.1,10.0,26.0,Moderate or heavy rain shower,2.1000000000000014,10,4
24.4,0.0,88,1008.0,4.7,79,22.3,26.8,10.0,6.1,Cloudy,2.099999999999998,21,1
26.2,1.11,84,1008.0,7.2,75,23.4,29.3,10.0,12.6,Light rain shower,2.8000000000000007,13,9
23.4,0.0,88,1014.0,7.6,51,21.2,25.6,10.0,11.9,Partly cloudy,2.1999999999999997,22,2
29.6,0.2,77,1003.0,11.2,72,25.2,35.6,9.0,19.4,Patchy rain possible,4.400000000000002,14,0
29.1,0.0,83,1004.0,7.6,17,25.6,35.2,10.0,14.5,Clear,3.5,20,3
21.1,0.1,81,1017.0,10.8,99,17.6,23.1,10.0,21.5,Patchy rain possible,3.5,12,0
30.4,0.2,81,1004.0,4.3,87,25.5,37.2,10.0,7.8,Patchy rain possible,4.899999999999999,20,0
19.1,0.0,85,1007.0,6.6,11,16.5,21.1,10.0,9.2,Clear,2.6000000000000014,2,3
21.4,0.0,91,1017.0,7.6,75,20.0,23.4,10.0,11.0,Cloudy,1.3999999999999986,23,1
25.4,0.1,77,1013.0,6.5,79,21.0,27.4,10.0,13.6,Patchy rain possible,4.399999999999999,9,0
23.8,0.0,94,1010.0,3.6,83,22.8,26.3,2.0,10.0,Cloudy,1.0,18,1
26.6,0.0,89,1009.0,8.1,53,24.5,30.5,10.0,13.5,Partly cloudy,2.1000000000000014,0,2
22.0,0.5,87,1021.0,4.3,93,19.8,24.5,2.0,17.8,Moderate rain at times,2.1999999999999997,11,6
19.8,0.0,79,1017.0,3.2,59,16.0,21.8,10.0,5.1,Partly cloudy,3.8000000000000007,21,2
24.7,0.2,90,1014.0,7.9,100,22.9,27.2,10.0,12.4,Patchy rain possible,1.8000000000000007,20,0
24.6,0.0,85,1006.0,6.3,20,21.9,26.8,10.0,8.0,Clear,2.700000000000003,4,3
26.9,0.0,92,1010.0,6.1,65,24.9,31.2,9.0,8.7,Cloudy,2.0,8,1
27.8,0.0,78,1011.0,12.2,49,22.7,31.8,10.0,19.3,Partly cloudy,5.100000000000001,12,2
28.7,0.0,66,999.0,8.4,48,21.6,31.6,10.0,14.8,Partly cloudy,7.099999999999998,20,2
26.4,0.0,87,1006.0,7.6,83,24.1,30.0,9.0,13.5,Cloudy,2.299999999999997,21,1
27.7,0.1,75,1011.0,17.6,78,22.8,30.9,9.0,30.3,Patchy rain possible,4.899999999999999,13,0
22.9,0.0,83,1012.0,6.8,35,19.9,25.1,10.0,12.2,Partly cloudy,3.0,6,2
25.9,0.0,86,1005.0,9.4,33,23.4,28.9,10.0,13.2,Partly cloudy,2.5,1,2
25.5,0.0,84,1015.0,1.4,100,21.5,27.6,2.0,7.9,Overcast,4.0,9,7
23.9,1.0,86,1015.0,9.9,86,21.4,26.1,9.0,19.0,Heavy rain at times,2.5,8,5
25.1,0.0,90,1007.0,7.9,85,23.4,27.9,10.0,10.0,Overcast,1.7000000000000028,5,7
30.8,0.0,67,1003.0,16.6,76,24.1,36.3,10.0,23.7,Cloudy,6.699999999999999,15,1
22.9,0.0,88,1004.0,6.5,12,20.8,25.1,10.0,17.6,Sunny,2.099999999999998,18,8
26.2,0.2,88,1009.0,2.2,86,24.2,29.8,10.0,8.1,Patchy rain possible,2.0,17,0
21.3,1.1,95,1018.0,10.1,100,20.4,23.3,10.0,14.2,Heavy rain at times,0.9000000000000021,6,5
20.6,0.0,91,1014.0,9.0,100,19.2,22.6,2.0,12.6,Overcast,1.400000000000002,17,7
19.4,0.0,87,1017.0,4.3,89,17.2,21.4,10.0,5.6,Overcast,2.1999999999999997,8,7
30.0,0.0,70,1005.0,3.2,26,24.0,35.1,10.0,12.9,Partly cloudy,6.0,11,2
24.6,0.0,82,1008.0,7.2,9,21.4,26.7,10.0,9.1,Sunny,3.200000000000003,6,8
23.4,0.2,92,1010.0,10.8,100,22.0,25.7,10.0,15.6,Patchy rain possible,1.3999999999999986,3,0
22.1,0.06,84,1016.0,9.0,100,19.3,24.6,10.0,11.4,Patchy rain possible,2.8000000000000007,11,0
30.5,0.0,77,1000.0,10.8,89,24.3,36.1,10.0,22.8,Overcast,6.199999999999999,18,7
27.6,0.3,83,1005.0,4.7,71,24.4,31.9,10.0,8.2,Patchy rain possible,3.200000000000003,19,0
27.9,0.0,85,1006.0,6.1,70,25.1,32.8,10.0,11.0,Cloudy,2.799999999999997,20,1
23.4,0.4,94,1020.0,13.3,100,20.7,25.9,10.0,22.6,Patchy rain possible,2.6999999999999997,11,0
22.3,0.0,96,1010.0,8.3,62,21.6,24.8,2.0,14.2,Cloudy,0.6999999999999993,5,1
20.5,0.3,91,1016.0,6.5,100,19.0,22.5,2.0,9.8,Patchy rain possible,1.5,3,0
27.0,8.34,98,1003.0,6.5,100,24.7,31.3,5.0,18.4,Moderate or heavy rain shower,2.3000000000000007,10,4
23.4,0.6,83,1015.0,10.6,75,20.4,25.5,10.0,16.9,Moderate rain at times,3.0,2,6
23.2,0.0,87,1011.0,9.0,14,20.8,25.3,10.0,11.3,Clear,2.3999999999999986,1,3
25.0,0.0,90,1011.0,7.9,35,23.3,27.7,10.0,9.2,Partly cloudy,1.6999999999999993,22,2
23.9,1.73,91,1014.0,13.7,87,22.3,26.2,7.0,28.0,Moderate or heavy rain shower,1.599999999999998,4,4
31.7,0.0,75,999.0,14.4,80,24.2,38.0,10.0,25.8,Cloudy,7.5,17,1
26.7,0.5,92,1004.0,6.1,75,24.4,30.6,10.0,13.8,Moderate rain at times,2.3000000000000007,9,6
23.1,0.0,75,1017.0,14.0,91,16.4,25.0,10.0,23.0,Overcast,6.700000000000003,12,7
23.2,0.7,94,1010.0,8.9,100,22.1,25.5,10.0,14.1,Moderate rain at times,1.099999999999998,4,6
21.4,3.3,94,1017.0,11.9,100,20.4,23.4,9.0,16.1,Moderate or heavy rain shower,1.0,16,4
26.2,0.0,89,1009.0,7.6,27,24.2,29.8,10.0,11.3,Partly cloudy,2.0,7,2
20.7,0.0,91,1015.0,2.5,100,19.2,22.7,10.0,3.8,Overcast,1.5,19,7
27.6,0.0,82,1005.0,11.9,43,24.3,31.8,10.0,15.6,Partly cloudy,3.3000000000000007,19,2
24.1,0.5,86,1016.0,11.5,67,21.6,26.3,10.0,15.4,Moderate rain at times,2.5,10,6
21.3,0.0,87,1005.0,5.8,59,19.1,23.3,10.0,9.6,Partly cloudy,2.1999999999999997,3,2
25.6,0.0,91,1006.0,5.0,38,24.0,28.8,10.0,8.6,Partly cloudy,1.6000000000000014,3,2
18.7,0.0,87,1018.0,6.8,54,16.5,20.7,10.0,11.7,Partly cloudy,2.1999999999999997,22,2
23.1,0.0,86,1011.0,9.4,29,20.7,25.2,10.0,11.5,Partly cloudy,2.400000000000002,2,2
23.5,0.1,90,1015.0,13.7,100,21.7,25.8,10.0,30.4,Patchy rain possible,1.8000000000000007,1,0
24.9,0.5,89,1012.0,13.0,74,22.9,27.5,9.0,19.1,Moderate rain at times,2.0,17,6
23.8,0.5,86,1015.0,11.2,69,21.4,26.0,9.0,19.6,Moderate rain at times,2.400000000000002,5,6
23.4,0.4,82,1015.0,9.7,80,18.7,25.3,9.0,21.2,Patchy rain possible,4.699999999999999,15,0
24.5,0.0,87,1010.0,9.7,14,22.2,26.9,10.0,13.2,Sunny,2.3000000000000007,8,8
26.3,0.1,83,1008.0,6.8,85,23.2,29.3,10.0,11.8,Patchy rain possible,3.1000000000000014,21,0
25.7,0.4,84,1015.0,6.6,100,22.0,28.1,10.0,13.0,Patchy rain possible,3.6999999999999993,10,0
26.0,0.0,86,1007.0,7.1,17,23.4,29.0,10.0,14.5,Clear,2.6000000000000014,3,3
26.6,10.2,98,1002.0,9.7,100,24.3,30.5,5.0,15.3,Moderate or heavy rain shower,2.3000000000000007,9,4
23.2,0.1,77,1014.0,11.5,78,19.0,25.2,10.0,18.0,Patchy rain possible,4.199999999999999,14,0
24.6,0.2,90,1011.0,7.6,69,22.8,27.1,10.0,12.2,Patchy rain possible,1.8000000000000007,0,0
25.5,0.1,82,1012.0,10.4,77,22.2,27.9,10.0,13.5,Patchy rain possible,3.3000000000000007,8,0
27.4,0.0,74,1004.0,10.4,10,22.4,30.3,10.0,14.1,Clear,5.0,2,3
22.5,0.1,89,1013.0,6.8,67,20.6,24.9,10.0,12.0,Patchy rain possible,1.8999999999999984,1,0
23.1,4.0,95,1011.0,16.9,100,22.2,25.5,7.0,28.7,Moderate or heavy rain shower,0.9000000000000021,17,4
21.9,0.1,79,1014.0,9.7,75,18.2,23.9,10.0,18.0,Patchy rain possible,3.6999999999999993,13,0
20.9,0.0,79,1010.0,8.3,16,17.2,22.9,10.0,8.9,Clear,3.6999999999999993,5,3
26.3,0.0,83,1006.0,7.1,45,23.1,29.3,10.0,14.4,Partly cloudy,3.1999999999999997,4,2
21.4,0.0,96,1014.0,12.2,74,20.7,23.4,2.0,14.3,Cloudy,0.6999999999999993,0,1
25.8,0.0,87,1003.0,4.7,85,23.6,29.0,9.0,9.0,Cloudy,2.1999999999999997,19,1
20.4,0.0,83,1019.0,9.6,100,17.4,22.4,10.0,15.8,Overcast,3.0,3,7
25.4,0.86,87,1011.0,8.3,68,23.0,28.1,10.0,12.3,Light rain shower,2.3999999999999986,10,9
27.5,0.0,73,999.0,8.2,59,22.3,30.4,10.0,15.5,Partly cloudy,5.199999999999999,0,2
29.6,0.1,75,1002.0,8.9,70,24.7,35.2,9.0,15.6,Patchy rain possible,4.900000000000002,15,0
31.7,1.0,69,1003.0,11.8,70,25.4,39.0,10.0,18.9,Heavy rain at times,6.300000000000001,16,5
23.1,0.0,82,1010.0,9.4,6,19.9,25.2,10.0,16.7,Clear,3.200000000000003,20,3
21.1,0.6,87,1017.0,10.4,100,18.9,23.1,10.0,15.0,Moderate rain at times,2.200000000000003,1,6
20.1,0.5,91,1018.0,11.9,100,18.6,22.1,10.0,14.8,Moderate rain at times,1.5,6,6
21.9,0.0,83,1013.0,8.6,58,18.9,23.9,10.0,14.9,Partly cloudy,3.0,0,2
27.7,0.3,82,1007.0,9.0,88,24.4,32.1,9.0,14.1,Patchy rain possible,3.3000000000000007,19,0
31.7,0.1,70,1003.0,9.9,70,24.2,37.8,9.0,17.0,Patchy rain possible,7.5,15,0
22.5,0.0,80,1005.0,4.2,20,18.9,24.8,10.0,5.4,Clear,3.6000000000000014,23,3
26.7,0.0,83,1007.0,9.4,84,23.4,29.9,10.0,11.6,Cloudy,3.3000000000000007,19,1
21.5,0.0,67,1012.0,10.8,0,15.0,23.5,10.0,12.6,Sunny,6.5,15,8
21.0,0.1,88,1014.0,17.3,100,18.2,23.0,10.0,22.6,Patchy rain possible,2.8000000000000007,15,0
28.7,5.3,75,1008.0,8.6,52,23.9,33.1,10.0,23.4,Moderate or heavy rain shower,4.800000000000001,13,4
21.6,0.9,91,1017.0,3.2,58,20.0,23.6,10.0,5.3,Moderate rain at times,1.6000000000000014,19,6
21.8,0.0,82,1020.0,13.0,94,18.7,23.8,10.0,22.8,Overcast,3.1000000000000014,11,7
27.3,0.0,72,1014.0,15.1,11,21.8,29.8,10.0,22.5,Sunny,5.5,12,8
25.1,1.1,92,1008.0,12.2,85,23.6,28.0,10.0,20.2,Heavy rain at times,1.5,22,5
25.3,0.2,90,1004.0,5.4,74,23.6,28.3,10.0,11.6,Patchy rain possible,1.6999999999999993,23,0
21.9,1.4,95,1021.0,14.0,100,21.1,23.9,2.0,19.1,Heavy rain at times,0.7999999999999972,9,5
25.1,0.0,88,1001.0,8.3,63,23.0,27.8,10.0,10.4,Cloudy,2.1000000000000014,3,1
18.8,0.0,75,1016.0,2.2,22,14.3,20.8,10.0,7.3,Sunny,4.5,7,8
24.7,0.0,85,1004.0,7.9,9,22.1,27.0,10.0,17.0,Clear,2.599999999999998,3,3
23.2,0.0,82,1015.0,11.9,81,19.9,25.3,10.0,14.4,Cloudy,3.3000000000000007,22,1
22.9,0.2,91,1016.0,4.3,80,21.2,25.1,10.0,7.9,Patchy rain possible,1.6999999999999993,20,0
25.8,0.1,86,1008.0,10.4,75,23.2,28.7,10.0,19.7,Patchy rain possible,2.6000000000000014,22,0
25.3,0.0,79,1011.0,12.6,69,21.4,27.4,10.0,21.5,Cloudy,3.900000000000002,15,1
21.0,0.2,89,1014.0,6.1,100,19.1,23.0,10.0,14.9,Patchy rain possible,1.8999999999999984,15,0
22.9,2.6,90,1014.0,10.1,52,22.1,25.2,10.0,16.8,Moderate or heavy rain shower,0.7999999999999972,5,4
26.9,0.0,86,1007.0,2.9,48,24.4,30.8,10.0,5.2,Partly cloudy,2.5,19,2
19.7,0.0,87,1017.0,5.5,100,17.5,21.7,10.0,8.7,Overcast,2.1999999999999997,5,7
25.2,0.0,85,998.0,4.0,56,22.6,27.7,10.0,7.0,Partly cloudy,2.599999999999998,20,2
29.6,0.1,75,1006.0,13.7,82,24.8,35.2,10.0,16.7,Patchy rain possible,4.800000000000001,16,0
26.6,0.0,88,1010.0,7.6,18,23.3,30.5,10.0,13.5,Clear,3.3000000000000007,19,3
21.2,0.2,94,1017.0,9.4,100,20.2,23.2,10.0,11.2,Patchy rain possible,1.0,3,0
22.6,0.0,94,1007.0,5.5,18,21.6,25.0,2.0,7.3,Clear,1.0,5,3
28.0,0.0,79,1006.0,9.0,17,23.5,31.8,10.0,12.3,Clear,4.5,0,3
19.3,0.1,89,1022.0,12.9,100,17.6,21.3,2.0,19.7,Patchy rain possible,1.6999999999999993,21,0
20.4,0.1,84,1015.0,5.3,100,17.6,22.4,10.0,8.0,Patchy rain possible,2.799999999999997,4,0
29.2,0.0,69,1007.0,6.1,48,23.0,33.1,10.0,8.5,Partly cloudy,6.199999999999999,7,2
24.9,0.0,89,1004.0,9.4,83,23.0,27.6,10.0,17.7,Cloudy,1.8999999999999984,23,1
24.1,1.3,88,1015.0,16.0,100,22.0,26.3,10.0,30.7,Heavy rain at times,2.1000000000000014,22,5
25.8,0.0,89,1008.0,7.2,35,23.8,29.0,10.0,11.7,Partly cloudy,2.0,6,2
25.9,0.0,90,1009.0,6.8,12,24.2,29.2,10.0,8.2,Clear,1.6999999999999993,0,3
25.8,0.0,82,1006.0,8.3,35,22.4,28.3,10.0,10.4,Partly cloudy,3.400000000000002,23,2
28.7,0.0,91,1006.0,11.5,79,23.9,36.2,9.0,18.8,Cloudy,4.800000000000001,20,1
25.9,0.0,88,1008.0,5.9,21,23.4,29.1,10.0,8.6,Clear,2.5,23,3
26.0,0.1,82,1011.0,14.4,67,22.7,28.7,10.0,22.9,Patchy rain possible,3.3000000000000007,14,0
22.1,0.0,74,1018.0,6.5,77,15.2,24.6,10.0,13.7,Cloudy,6.900000000000002,11,1
19.9,0.0,90,1020.0,15.5,100,18.3,21.9,10.0,24.0,Overcast,1.599999999999998,12,7
25.2,0.0,94,1010.0,9.4,58,24.1,28.3,10.0,10.6,Partly cloudy,1.099999999999998,0,2
25.2,0.2,86,1015.0,11.5,86,22.7,27.7,10.0,18.8,Patchy rain possible,2.5,20,0
28.3,0.3,80,1011.0,11.5,89,24.5,33.1,9.0,26.6,Patchy rain possible,3.8000000000000007,11,0
22.4,0.0,94,1007.0,4.4,48,21.4,24.9,10.0,10.0,Partly cloudy,1.0,2,2
28.3,0.0,74,1006.0,4.0,83,23.2,32.0,10.0,10.9,Cloudy,5.100000000000001,9,1
25.0,0.0,86,1008.0,6.8,8,22.5,27.4,10.0,8.7,Sunny,2.5,6,8
22.7,0.0,88,1014.0,6.8,73,20.6,25.0,10.0,11.1,Cloudy,2.099999999999998,19,1
26.6,0.08,87,1006.0,5.8,58,24.2,30.3,10.0,10.9,Patchy rain possible,2.400000000000002,18,0
20.8,0.0,90,1022.0,6.1,100,19.2,22.8,10.0,8.6,Overcast,1.6000000000000014,7,7
24.7,0.0,77,1014.0,13.3,64,20.4,26.6,5.0,21.3,Cloudy,4.300000000000001,15,1
26.9,0.0,83,1005.0,6.2,70,23.8,30.5,10.0,12.6,Cloudy,3.099999999999998,23,1
27.4,0.9,78,1013.0,6.5,76,23.2,30.7,10.0,14.3,Moderate rain at times,4.199999999999999,9,6
24.9,0.7,87,1012.0,9.0,100,22.6,27.4,10.0,16.3,Moderate rain at times,2.299999999999997,7,6
23.9,0.0,93,1009.0,9.0,73,22.6,26.4,9.0,14.0,Cloudy,1.2999999999999972,18,1
21.1,0.0,94,1012.0,4.3,80,20.1,23.1,2.0,7.3,Cloudy,1.0,3,1
27.1,0.0,88,1005.0,6.8,15,24.9,31.5,10.0,11.3,Clear,2.200000000000003,23,3
24.3,0.1,85,1016.0,4.7,72,21.5,26.4,10.0,10.9,Patchy rain possible,2.8000000000000007,10,0
26.6,0.0,77,1002.0,10.1,9,22.2,29.2,10.0,15.4,Clear,4.400000000000002,4,3
23.6,0.1,79,1015.0,10.8,67,19.8,25.5,10.0,12.4,Patchy rain possible,3.8000000000000007,9,0
29.0,0.0,73,1005.0,9.7,48,23.6,33.3,10.0,20.8,Partly cloudy,5.399999999999999,16,2
27.1,0.1,84,1012.0,13.7,62,24.2,31.0,10.0,26.5,Patchy rain possible,2.900000000000002,12,0
25.4,0.1,85,1008.0,10.1,76,22.8,28.1,10.0,19.9,Patchy rain possible,2.599999999999998,23,0
24.5,0.0,94,1007.0,4.9,60,23.3,27.3,10.0,10.2,Partly cloudy,1.1999999999999993,19,2
29.2,0.2,75,1008.0,14.8,75,24.2,34.1,10.0,17.3,Patchy rain possible,5.0,15,0
25.9,0.0,89,1009.0,6.9,9,24.1,29.2,10.0,8.6,Clear,1.7999999999999972,23,3
24.2,0.0,87,1011.0,5.4,38,21.9,26.5,10.0,9.1,Partly cloudy,2.3000000000000007,6,2
24.2,0.0,92,1011.0,5.7,10,22.7,26.7,10.0,10.3,Clear,1.5,20,3
26.1,0.0,83,1009.0,9.4,84,23.0,29.0,10.0,11.9,Cloudy,3.1000000000000014,16,1
23.1,2.4,90,1011.0,7.9,70,21.3,25.3,10.0,13.1,Moderate or heavy rain shower,1.8000000000000007,1,4
26.0,0.0,89,1006.0,10.1,29,24.1,29.5,10.0,12.0,Partly cloudy,1.8999999999999984,23,2
24.0,0.0,89,1013.0,5.4,37,22.0,26.2,10.0,11.9,Partly cloudy,2.0,9,2
29.9,0.1,73,1012.0,11.9,79,23.6,35.4,10.0,18.1,Patchy rain possible,6.299999999999997,10,0
23.6,0.32,85,1013.0,9.4,65,20.9,25.7,5.0,11.4,Patchy light drizzle,2.700000000000003,16,12
25.9,0.1,80,1011.0,14.8,78,22.1,28.3,10.0,17.6,Patchy rain possible,3.799999999999997,12,0
24.4,2.8,94,1001.0,10.1,100,23.4,27.1,7.0,22.3,Moderate or heavy rain shower,1.0,18,4
30.1,0.1,76,1003.0,11.5,80,25.4,36.5,9.0,15.1,Patchy rain possible,4.700000000000003,16,0
23.8,0.3,88,1012.0,2.9,100,21.6,26.0,10.0,8.6,Patchy rain possible,2.1999999999999997,3,0
25.0,0.8,88,1012.0,12.1,75,22.7,27.5,10.0,24.0,Moderate rain at times,2.3000000000000007,14,6
25.7,1.5,81,1002.0,3.6,62,22.1,28.1,10.0,10.0,Moderate or heavy rain shower,3.599999999999998,5,4
24.8,0.0,88,1007.0,5.5,29,23.1,27.3,10.0,8.5,Partly cloudy,1.6999999999999993,23,2
23.4,0.0,91,1013.0,5.4,24,21.8,25.7,10.0,9.9,Clear,1.599999999999998,22,3
28.5,0.0,73,1001.0,9.3,89,23.2,32.2,10.0,18.5,Overcast,5.300000000000001,3,7
23.1,0.7,89,1014.0,7.6,73,21.2,25.3,10.0,12.0,Moderate rain at times,1.900000000000002,0,6
25.2,0.0,88,1008.0,6.5,21,23.0,27.8,10.0,11.4,Sunny,2.1999999999999997,6,8
19.8,0.0,87,1006.0,5.4,14,17.6,21.8,10.0,7.5,Sunny,2.1999999999999997,6,8
25.6,0.0,82,1006.0,7.6,20,22.3,28.0,10.0,14.1,Sunny,3.3000000000000007,6,8
23.2,0.0,90,1007.0,7.2,79,21.6,25.5,10.0,11.5,Cloudy,1.599999999999998,6,1
24.5,0.0,85,1010.0,4.3,96,21.8,26.7,10.0,6.4,Overcast,2.6999999999999997,22,7
26.9,0.0,85,1002.0,8.3,22,24.2,30.8,10.0,10.8,Clear,2.6999999999999997,2,3
26.5,0.0,92,1008.0,2.2,85,25.1,30.8,10.0,7.3,Overcast,1.3999999999999986,20,7
29.9,0.0,66,1006.0,9.0,15,22.8,33.8,10.0,10.8,Sunny,7.099999999999998,8,8
24.8,0.0,88,1014.0,7.6,82,22.7,27.4,10.0,11.0,Cloudy,2.1000000000000014,7,1
23.1,0.0,88,1012.0,2.9,81,20.9,25.3,10.0,4.4,Cloudy,2.200000000000003,4,1
25.7,0.3,86,1011.0,15.1,85,23.1,28.5,9.0,23.9,Patchy rain possible,2.599999999999998,17,0
29.6,0.0,72,999.0,9.6,44,23.0,33.7,10.0,17.9,Partly cloudy,6.600000000000001,8,2
27.6,1.5,85,1003.0,8.3,53,24.9,32.3,10.0,14.0,Moderate or heavy rain shower,2.700000000000003,17,4
24.2,0.0,89,1011.0,3.6,5,22.2,26.5,10.0,5.8,Clear,2.0,20,3
26.1,0.0,76,1016.0,15.1,70,20.1,27.9,10.0,26.2,Cloudy,6.0,12,1
30.2,0.0,87,1006.0,9.7,18,23.3,40.0,10.0,16.2,Sunny,6.899999999999999,17,8
25.5,0.0,89,1007.0,8.6,73,23.5,28.5,10.0,22.5,Cloudy,2.0,20,1
29.7,0.4,76,1003.0,5.6,77,25.1,35.7,9.0,18.0,Patchy rain possible,4.599999999999998,13,0
20.3,0.0,91,1017.0,8.6,100,18.8,22.3,10.0,12.3,Overcast,1.5,22,7
26.1,1.4,86,1012.0,14.0,75,23.6,29.3,9.0,21.9,Heavy rain at times,2.5,13,5
27.8,1.1,78,1014.0,8.6,76,23.5,31.5,10.0,20.8,Heavy rain at times,4.300000000000001,10,5
27.7,0.0,68,997.0,10.0,58,21.4,30.2,10.0,18.0,Partly cloudy,6.300000000000001,4,2
19.6,0.0,90,1014.0,3.6,70,18.4,21.6,10.0,5.7,Cloudy,1.2000000000000028,2,1
24.5,0.0,90,1011.0,5.8,75,22.9,27.1,10.0,9.6,Cloudy,1.6000000000000014,3,1
22.6,0.4,91,1017.0,3.6,80,21.0,24.9,10.0,6.8,Patchy rain possible,1.6000000000000014,21,0
19.9,0.0,89,1015.0,5.0,22,18.1,21.9,10.0,7.2,Sunny,1.7999999999999972,7,8
29.3,0.0,72,1009.0,0.7,21,23.7,33.8,10.0,9.6,Sunny,5.600000000000001,9,8
21.6,0.2,96,1018.0,7.4,100,20.9,23.6,10.0,10.9,Patchy rain possible,0.7000000000000028,4,0
22.4,0.1,84,1017.0,7.2,73,19.6,24.7,10.0,14.8,Patchy rain possible,2.799999999999997,12,0
27.1,0.0,87,1009.0,6.8,57,25.0,31.7,10.0,11.2,Partly cloudy,2.1000000000000014,7,2
26.3,0.0,77,1010.0,8.6,76,22.0,28.8,10.0,16.8,Cloudy,4.300000000000001,16,1
23.5,0.6,93,1015.0,16.6,100,22.3,25.9,9.0,28.4,Moderate rain at times,1.1999999999999993,11,6
24.9,0.0,86,1006.0,9.0,9,22.4,27.4,10.0,11.0,Clear,2.5,3,3
24.1,1.0,89,1015.0,15.0,100,22.2,26.5,10.0,25.7,Heavy rain at times,1.900000000000002,20,5
23.7,0.4,87,1016.0,12.0,71,21.4,25.9,10.0,24.4,Patchy rain possible,2.3000000000000007,6,0
20.8,0.7,82,1019.0,13.0,100,17.6,22.8,10.0,17.6,Moderate rain at times,3.1999999999999997,10,6
24.9,0.0,94,1008.0,10.1,43,23.6,28.0,2.0,15.6,Partly cloudy,1.2999999999999972,18,2
24.1,0.0,91,1010.0,6.8,82,22.5,26.5,10.0,11.7,Cloudy,1.6000000000000014,18,1
26.4,0.0,64,1014.0,10.4,6,18.9,27.8,10.0,18.4,Sunny,7.5,12,8
21.0,1.2,92,1018.0,11.5,100,19.6,23.0,10.0,15.8,Heavy rain at times,1.3999999999999986,9,5
22.4,0.0,80,1015.0,10.4,18,18.8,24.7,10.0,23.5,Clear,3.599999999999998,19,3
19.6,0.1,90,1022.0,9.7,100,17.9,21.6,2.0,12.9,Patchy rain possible,1.7000000000000028,9,0
24.2,8.3,89,1011.0,5.3,100,22.3,26.5,10.0,17.2,Moderate or heavy rain shower,1.8999999999999984,18,4
26.4,0.0,91,1012.0,2.9,80,22.9,30.4,9.0,9.2,Cloudy,3.5,19,1
25.8,0.4,90,1009.0,5.0,77,24.1,29.2,10.0,7.3,Patchy rain possible,1.6999999999999993,18,0
24.4,0.0,90,1010.0,5.4,16,22.7,26.8,10.0,9.9,Clear,1.6999999999999993,0,3
21.4,0.0,84,1021.0,11.2,84,18.5,23.4,10.0,20.2,Cloudy,2.8999999999999986,10,1
17.6,0.0,86,1018.0,10.4,5,15.4,19.6,10.0,19.5,Clear,2.200000000000001,1,3
28.2,0.0,74,1009.0,10.1,29,23.2,31.9,10.0,12.6,Partly cloudy,5.0,9,2
20.1,0.0,81,1015.0,7.9,30,16.7,22.1,10.0,13.9,Partly cloudy,3.400000000000002,6,2
20.5,0.1,87,1016.0,11.9,100,18.2,22.5,10.0,16.8,Patchy rain possible,2.3000000000000007,18,0
19.8,0.5,84,1019.0,18.7,100,16.9,21.8,10.0,29.5,Moderate rain at times,2.900000000000002,13,6
25.7,3.09,88,1008.0,9.0,70,23.6,28.8,8.0,15.8,Moderate or heavy rain shower,2.099999999999998,19,4
27.4,0.0,85,1007.0,6.8,22,24.7,31.9,10.0,12.9,Clear,2.6999999999999997,21,3
27.0,3.73,95,1005.0,9.7,81,24.4,31.0,8.0,15.5,Moderate or heavy rain shower,2.6000000000000014,20,4
27.9,0.0,76,1006.0,4.7,45,23.3,31.6,10.0,5.9,Partly cloudy,4.599999999999998,8,2
26.4,0.8,94,1006.0,7.9,78,24.6,30.4,9.0,10.5,Moderate rain at times,1.7999999999999972,15,6
22.2,0.1,74,1017.0,3.6,86,17.5,24.6,10.0,9.3,Patchy rain possible,4.699999999999999,9,0
22.3,0.1,83,1014.0,10.8,74,19.2,24.7,10.0,14.0,Patchy rain possible,3.1000000000000014,17,0
23.5,0.3,76,1019.0,0.7,89,18.9,25.4,10.0,8.0,Patchy rain possible,4.600000000000001,9,0
26.0,0.0,84,1005.0,6.5,88,23.0,28.8,10.0,9.2,Overcast,3.0,7,7
22.8,0.1,73,1019.0,7.6,79,17.8,24.9,10.0,12.6,Patchy rain possible,5.0,9,0
25.7,0.0,86,1006.0,5.2,16,23.1,28.5,10.0,11.3,Clear,2.599999999999998,2,3
24.4,0.0,78,1011.0,7.6,5,20.3,26.2,10.0,10.4,Sunny,4.099999999999998,8,8
25.3,0.0,70,1006.0,15.5,2,19.5,27.0,10.0,18.4,Sunny,5.800000000000001,15,8
25.0,0.0,84,1008.0,10.1,78,22.2,27.3,10.0,18.2,Cloudy,2.8000000000000007,17,1
22.1,0.0,96,1013.0,11.9,100,21.5,24.6,2.0,15.9,Overcast,0.6000000000000014,16,7
21.9,0.0,89,1016.0,4.6,69,20.0,23.9,10.0,7.6,Cloudy,1.8999999999999984,19,1
25.3,0.95,88,1007.0,15.5,81,23.1,28.0,10.0,25.5,Light rain shower,2.1999999999999997,17,9
23.6,1.1,92,1015.0,15.8,100,22.3,26.0,9.0,25.7,Heavy rain at times,1.3000000000000007,9,5
20.0,0.0,94,1014.0,7.6,54,19.1,22.0,2.0,11.9,Partly cloudy,0.8999999999999986,2,2
26.3,0.0,78,1013.0,16.9,68,22.3,28.9,10.0,28.5,Cloudy,4.0,12,1
30.0,1.2,72,1005.0,10.5,84,24.5,35.6,10.0,17.4,Heavy rain at times,5.5,15,5
21.8,0.0,97,1015.0,6.4,100,21.2,23.8,2.0,15.1,Overcast,0.6000000000000014,19,7
23.5,0.0,93,1011.0,5.4,72,22.3,25.9,10.0,9.4,Cloudy,1.1999999999999993,19,1
20.4,0.2,90,1018.0,9.4,100,18.6,22.4,10.0,19.1,Patchy rain possible,1.7999999999999972,10,0
27.0,0.0,91,1009.0,6.8,70,24.3,31.0,10.0,13.8,Cloudy,2.6999999999999997,21,1
27.2,0.0,71,1002.0,8.2,22,21.3,29.5,10.0,17.2,Clear,5.899999999999999,22,3
23.7,0.1,89,1008.0,7.9,55,21.7,25.9,10.0,9.4,Patchy rain possible,2.0,1,0
20.1,0.3,84,1016.0,9.7,100,17.3,22.1,10.0,13.9,Patchy rain possible,2.8000000000000007,3,0
19.5,0.5,90,1018.0,11.5,100,17.8,21.5,10.0,20.2,Moderate rain at times,1.6999999999999993,15,6
25.8,0.0,85,1001.0,7.7,26,23.0,28.6,10.0,16.2,Partly cloudy,2.8000000000000007,4,2
23.0,0.9,91,1015.0,9.4,100,20.0,25.3,10.0,27.4,Moderate rain at times,3.0,14,6
21.4,0.6,94,1019.0,8.3,100,20.3,23.4,10.0,12.0,Moderate rain at times,1.099999999999998,0,6
28.9,1.7,84,1001.0,11.5,69,26.0,35.3,10.0,18.1,Moderate or heavy rain shower,2.8999999999999986,16,4
21.9,0.0,70,1016.0,7.2,9,16.1,23.9,10.0,12.8,Sunny,5.799999999999997,12,8
31.2,3.99,82,1004.0,15.8,52,24.5,37.6,6.0,23.8,Moderate or heavy rain shower,6.699999999999999,17,4
25.3,0.0,88,1006.0,6.1,44,23.1,28.0,10.0,11.5,Partly cloudy,2.1999999999999997,1,2
21.9,0.12,82,1014.0,10.8,100,18.8,23.9,10.0,15.9,Patchy rain possible,3.099999999999998,18,0
27.2,0.0,81,1004.0,7.9,13,23.7,30.9,10.0,10.5,Clear,3.5,0,3
22.3,0.2,85,1015.0,6.5,64,19.6,24.7,10.0,16.0,Patchy rain possible,2.6999999999999997,14,0
24.3,0.0,70,1010.0,13.7,0,18.6,26.0,10.0,20.5,Sunny,5.699999999999999,13,8
26.0,0.0,93,1008.0,5.3,17,24.6,29.8,10.0,11.0,Clear,1.3999999999999986,0,3
25.6,0.0,83,1011.0,10.3,75,22.6,28.2,10.0,21.9,Cloudy,3.0,17,1
22.4,0.2,87,1015.0,10.3,92,20.1,24.7,10.0,16.5,Patchy rain possible,2.299999999999997,3,0
23.0,0.0,86,1011.0,6.8,5,20.6,25.2,10.0,12.0,Sunny,2.3999999999999986,6,8
27.6,0.1,87,1009.0,15.8,73,25.4,32.7,5.0,22.6,Patchy rain possible,2.200000000000003,19,0
21.7,0.0,85,1019.0,5.0,100,17.1,23.7,10.0,11.6,Overcast,4.599999999999998,10,7
27.4,0.0,83,1009.0,7.6,22,24.3,31.5,10.0,8.9,Sunny,3.099999999999998,8,8
27.3,0.0,81,1008.0,7.2,15,23.8,31.0,10.0,12.1,Clear,3.5,21,3
20.0,1.3,92,1020.0,17.6,100,18.7,22.0,9.0,23.9,Heavy rain at times,1.3000000000000007,3,5
20.5,0.0,92,1016.0,9.0,100,19.2,22.5,2.0,12.8,Overcast,1.3000000000000007,20,7
20.9,0.1,89,1016.0,7.6,100,18.9,22.9,10.0,11.3,Patchy rain possible,2.0,2,0
21.9,0.0,95,1014.0,2.5,100,21.1,23.9,2.0,3.7,Overcast,0.7999999999999972,5,7
25.2,0.0,88,1008.0,4.0,74,23.2,28.0,10.0,6.5,Cloudy,2.0,0,1
21.8,0.3,92,1015.0,16.2,100,20.5,23.8,10.0,26.2,Patchy rain possible,1.3000000000000007,22,0
26.5,0.0,87,1006.0,8.2,17,24.3,30.1,10.0,12.7,Clear,2.1999999999999997,23,3
23.7,0.0,90,1017.0,6.8,71,21.9,26.0,10.0,9.6,Cloudy,1.8000000000000007,7,1
25.1,0.0,89,1006.0,8.2,82,23.2,27.8,10.0,16.5,Cloudy,1.900000000000002,2,1
27.9,0.4,92,1008.0,4.6,75,25.2,33.1,10.0,14.4,Patchy rain possible,2.6999999999999997,20,0
22.4,0.1,94,1010.0,6.4,60,21.4,24.8,2.0,11.9,Patchy rain possible,1.0,1,0
18.3,0.0,79,1015.0,3.6,8,14.5,20.3,10.0,6.2,Clear,3.8000000000000007,21,3
26.2,0.6,71,999.0,8.6,83,20.4,28.1,10.0,22.9,Moderate rain at times,5.800000000000001,14,6
28.4,0.0,87,1006.0,5.4,89,24.6,33.4,9.0,16.1,Overcast,3.799999999999997,19,7
21.7,0.0,91,1016.0,8.6,86,20.1,23.7,10.0,13.4,Overcast,1.599999999999998,18,7
26.7,0.0,69,1006.0,8.6,4,20.6,28.7,10.0,17.4,Sunny,6.099999999999998,8,8
24.6,0.0,69,1015.0,13.7,2,18.6,26.2,10.0,20.5,Sunny,6.0,14,8
22.4,0.0,86,1015.0,11.5,32,19.9,24.7,10.0,14.4,Partly cloudy,2.5,21,2
20.8,0.0,88,1014.0,9.4,74,18.8,22.8,10.0,11.6,Cloudy,2.0,3,1
28.6,0.0,67,1000.0,10.9,74,21.9,31.6,10.0,19.8,Cloudy,6.700000000000003,21,1
29.0,0.0,78,1001.0,13.7,88,24.8,34.4,9.0,16.4,Overcast,4.199999999999999,15,7
24.9,0.0,84,1006.0,9.0,26,22.0,27.2,10.0,11.4,Partly cloudy,2.8999999999999986,5,2
27.8,0.0,88,1009.0,9.0,28,24.7,32.4,9.0,10.0,Partly cloudy,3.1000000000000014,21,2
20.5,0.6,85,1019.0,14.0,75,17.9,22.5,10.0,23.7,Moderate rain at times,2.6000000000000014,20,6
21.9,0.0,94,1016.0,9.4,100,20.9,23.9,10.0,13.8,Overcast,1.0,22,7
29.5,0.0,75,1000.0,6.1,86,23.9,34.2,10.0,12.0,Overcast,5.600000000000001,18,7
26.0,0.0,87,1004.0,7.9,30,23.7,29.2,10.0,10.1,Partly cloudy,2.3000000000000007,1,2
24.7,0.2,90,1005.0,8.3,87,22.9,27.3,10.0,14.7,Patchy rain possible,1.8000000000000007,4,0
20.0,0.5,84,1017.0,9.4,100,17.2,22.0,10.0,14.6,Moderate rain at times,2.8000000000000007,6,6
25.6,2.8,90,1014.0,12.2,92,23.9,28.8,10.0,28.5,Moderate or heavy rain shower,1.7000000000000028,12,4
25.3,0.4,88,1014.0,8.3,100,23.1,28.1,10.0,15.8,Patchy rain possible,2.1999999999999997,10,0
27.6,0.0,85,1005.0,6.5,26,24.8,32.2,10.0,13.4,Partly cloudy,2.8000000000000007,0,2
29.1,0.1,74,1009.0,12.2,83,24.1,33.8,10.0,19.1,Patchy rain possible,5.0,14,0
25.6,0.0,92,1012.0,0.7,30,23.2,28.9,10.0,5.1,Partly cloudy,2.400000000000002,21,2
23.5,0.1,97,1010.0,6.5,62,23.1,26.1,2.0,11.2,Patchy rain possible,0.3999999999999986,3,0
26.6,0.0,88,1009.0,4.0,79,24.3,30.4,9.0,7.3,Cloudy,2.3000000000000007,21,1
26.5,0.1,75,1016.0,10.8,80,21.7,28.9,10.0,18.6,Patchy rain possible,4.800000000000001,10,0
23.1,0.0,94,1007.0,8.3,95,22.0,25.4,10.0,10.5,Overcast,1.1000000000000014,3,7
22.6,0.1,97,1010.0,8.6,72,22.1,25.1,2.0,14.0,Patchy rain possible,0.5,2,0
21.7,0.0,82,1012.0,9.1,82,18.5,23.7,10.0,16.0,Cloudy,3.1999999999999997,3,1
24.6,0.0,87,1009.0,8.3,15,22.3,26.9,10.0,10.1,Clear,2.3000000000000007,5,3
23.1,0.0,97,1011.0,5.8,78,22.5,25.6,2.0,9.2,Cloudy,0.6000000000000014,23,1
24.7,0.0,85,1010.0,4.7,4,22.1,27.0,10.0,7.7,Clear,2.599999999999998,18,3
30.0,0.2,82,1009.0,5.8,50,24.9,36.1,10.0,14.9,Patchy rain possible,5.100000000000001,10,0
24.3,0.5,85,1015.0,13.3,84,21.6,26.4,9.0,17.4,Moderate rain at times,2.6999999999999997,9,6
24.0,2.5,89,1013.0,15.5,79,22.1,26.3,10.0,29.3,Moderate or heavy rain shower,1.8999999999999984,18,4
25.8,0.0,90,1008.0,5.4,19,24.0,29.2,10.0,8.7,Clear,1.8000000000000007,1,3
24.2,0.1,86,1016.0,14.3,88,21.7,26.4,9.0,21.9,Patchy rain possible,2.5,7,0
27.1,0.0,77,1004.0,8.8,37,23.9,30.9,10.0,18.6,Partly cloudy,3.200000000000003,23,2
23.3,0.1,89,1014.0,9.7,97,21.3,25.5,10.0,11.5,Patchy rain possible,2.0,21,0
23.2,2.3,93,1011.0,10.1,50,22.1,25.6,5.0,14.5,Moderate or heavy rain shower,1.099999999999998,15,4
19.0,0.0,85,1014.0,7.6,64,16.5,21.0,10.0,13.1,Cloudy,2.5,4,1
19.6,0.1,86,1015.0,4.3,100,17.1,21.6,10.0,6.5,Patchy rain possible,2.5,4,0
29.7,0.0,83,1005.0,1.8,60,24.9,35.5,10.0,7.3,Cloudy,4.800000000000001,20,1
31.2,0.0,69,1005.0,12.6,88,23.6,36.4,10.0,17.1,Overcast,7.599999999999998,15,7
27.8,0.0,90,1009.0,7.9,58,24.7,32.5,10.0,10.3,Partly cloudy,3.1000000000000014,9,2
25.2,0.4,90,1012.0,13.7,87,23.5,28.1,10.0,23.3,Patchy rain possible,1.6999999999999993,6,0
26.0,0.0,88,1004.0,8.6,19,23.8,29.3,10.0,11.6,Clear,2.1999999999999997,2,3
24.2,0.0,89,1012.0,8.3,64,22.2,26.5,10.0,10.1,Cloudy,2.0,5,1
29.2,0.2,76,1001.0,7.8,61,24.7,34.5,10.0,15.8,Patchy rain possible,4.5,15,0
21.4,0.0,83,1018.0,4.0,100,18.4,23.4,10.0,5.1,Overcast,3.0,8,7
21.5,0.01,86,1014.0,13.3,100,19.1,23.5,10.0,19.2,Patchy rain possible,2.3999999999999986,19,0
23.3,0.1,83,1015.0,8.3,68,20.1,25.3,10.0,17.0,Patchy rain possible,3.1999999999999997,16,0
25.3,0.2,76,1013.0,16.6,78,20.8,27.3,10.0,19.0,Patchy rain possible,4.5,12,0
22.5,0.0,93,1006.0,7.2,66,21.3,24.9,10.0,13.7,Cloudy,1.1999999999999993,4,1
29.0,0.1,80,1003.0,11.5,79,25.1,34.6,10.0,15.0,Patchy rain possible,3.899999999999999,14,0
28.2,0.0,86,1006.0,7.3,73,25.6,33.9,9.0,18.0,Cloudy,2.599999999999998,17,1
26.9,0.0,85,1008.0,5.8,29,24.1,30.7,10.0,8.1,Partly cloudy,2.799999999999997,7,2
23.0,0.7,88,1012.0,0.7,97,21.0,25.2,10.0,6.5,Moderate rain at times,2.0,2,6
24.1,0.9,87,1013.0,14.7,99,21.8,26.3,10.0,30.3,Moderate rain at times,2.3000000000000007,18,6
23.8,0.0,90,1007.0,7.6,17,22.1,26.1,10.0,9.8,Clear,1.6999999999999993,1,3
32.0,0.0,71,1007.0,11.2,12,25.2,40.3,10.0,20.0,Sunny,6.800000000000001,13,8
27.3,0.0,74,1010.0,6.8,8,22.2,30.1,10.0,12.6,Sunny,5.100000000000001,8,8
27.5,0.0,78,1004.0,7.2,26,23.3,31.0,10.0,13.4,Partly cloudy,4.199999999999999,0,2
30.4,0.3,70,1006.0,18.0,81,24.4,36.1,9.0,25.8,Patchy rain possible,6.0,16,0
22.9,0.3,87,1013.0,2.2,96,20.6,25.1,10.0,3.6,Patchy rain possible,2.299999999999997,23,0
20.1,0.0,83,1017.0,13.7,52,17.1,22.1,10.0,18.5,Partly cloudy,3.0,17,2
21.6,0.0,88,1016.0,3.2,74,19.5,23.6,10.0,8.3,Cloudy,2.1000000000000014,8,1
21.3,0.2,85,1017.0,8.3,100,18.7,23.3,2.0,16.2,Patchy rain possible,2.6000000000000014,23,0
26.9,0.0,84,1008.0,8.5,14,23.3,30.6,10.0,13.3,Clear,3.599999999999998,20,3
27.9,0.0,93,1005.0,6.1,17,25.2,33.0,10.0,10.3,Clear,2.6999999999999997,19,3
22.7,0.1,85,1017.0,18.7,100,20.0,24.9,2.0,27.8,Patchy rain possible,2.6999999999999997,5,0
26.6,0.0,75,1013.0,16.9,78,21.7,29.0,10.0,27.8,Cloudy,4.900000000000002,12,1
18.4,0.0,88,1012.0,6.5,3,16.3,20.4,10.0,12.3,Clear,2.099999999999998,23,3
25.0,0.3,91,1011.0,7.1,99,23.7,27.9,2.0,11.5,Patchy rain possible,1.3000000000000007,21,0
27.0,0.0,85,1003.0,6.8,70,24.2,30.9,9.0,14.0,Cloudy,2.8000000000000007,19,1
25.3,4.6,85,1014.0,9.4,99,22.6,27.8,10.0,15.6,Moderate or heavy rain shower,2.6999999999999997,19,4
27.2,0.0,76,1007.0,6.7,11,22.7,30.2,10.0,14.0,Clear,4.5,1,3
26.2,0.0,81,1006.0,9.7,15,22.6,28.9,10.0,14.0,Clear,3.599999999999998,4,3
25.8,0.0,88,1005.0,7.2,86,23.7,28.9,9.0,9.5,Overcast,2.1000000000000014,2,7
21.8,0.0,94,1015.0,8.6,100,20.8,23.9,10.0,12.7,Overcast,1.0,23,7
24.1,0.0,92,1007.0,5.0,45,22.7,26.6,10.0,10.0,Partly cloudy,1.400000000000002,1,2
26.5,0.0,90,1008.0,6.1,17,24.7,30.5,10.0,13.9,Clear,1.8000000000000007,19,3
21.1,0.0,76,1015.0,9.0,0,16.7,23.1,10.0,10.5,Sunny,4.400000000000002,9,8
25.0,3.1,90,1012.0,10.1,68,23.3,27.7,10.0,16.8,Moderate or heavy rain shower,1.6999999999999993,20,4
27.7,2.3,84,1004.0,6.1,73,24.8,32.3,10.0,13.7,Moderate or heavy rain shower,2.8999999999999986,18,4
27.8,0.0,75,1003.0,10.7,37,23.1,31.3,10.0,18.8,Partly cloudy,4.699999999999999,7,2
20.1,0.5,91,1017.0,15.8,100,18.6,22.1,10.0,25.2,Moderate rain at times,1.5,2,6
20.7,2.1,93,1022.0,16.1,100,19.6,22.7,9.0,27.6,Moderate or heavy rain shower,1.099999999999998,19,4
23.8,3.65,96,1011.0,16.2,76,22.3,26.1,7.0,22.9,Moderate or heavy rain shower,1.5,13,4
24.8,0.0,94,1003.0,4.0,87,23.7,27.7,10.0,6.9,Overcast,1.1000000000000014,5,7
25.2,1.13,89,1012.0,6.5,74,23.3,28.1,9.0,10.8,Heavy rain at times,1.8999999999999984,20,5
24.8,0.2,86,1004.0,7.2,51,22.2,27.1,10.0,12.6,Patchy rain possible,2.6000000000000014,5,0
24.8,0.0,90,1007.0,6.8,82,23.3,27.5,10.0,13.5,Cloudy,1.5,19,1
30.1,0.0,79,1006.0,10.8,73,24.4,35.7,10.0,20.6,Cloudy,5.700000000000003,18,1
24.5,0.0,89,1012.0,7.6,86,22.5,26.9,10.0,13.1,Overcast,2.0,23,7
25.3,5.0,86,1013.0,10.8,98,22.8,27.9,10.0,22.4,Moderate or heavy rain shower,2.5,18,4
21.1,0.4,89,1017.0,1.4,85,19.2,23.1,10.0,2.2,Patchy rain possible,1.900000000000002,2,0
18.5,0.1,83,1018.0,7.9,100,15.6,20.5,2.0,18.7,Patchy rain possible,2.9000000000000004,13,0
20.2,0.5,89,1018.0,4.0,69,18.3,22.2,10.0,6.5,Moderate rain at times,1.8999999999999984,0,6
17.5,0.0,86,1018.0,10.8,92,15.2,19.5,10.0,19.7,Overcast,2.3000000000000007,5,7
24.7,1.8,89,1002.0,7.6,100,22.7,27.2,2.0,11.8,Moderate or heavy rain shower,2.0,3,4
25.0,0.49,89,1008.0,11.2,100,23.0,27.7,2.0,16.3,Light drizzle,2.0,17,11
28.1,0.1,82,1003.0,10.4,59,24.8,32.9,10.0,15.5,Patchy rain possible,3.3000000000000007,13,0
27.1,1.8,83,1004.0,9.0,76,23.9,30.9,10.0,16.8,Moderate or heavy rain shower,3.200000000000003,21,4
19.4,0.3,90,1019.0,8.7,100,17.8,21.4,10.0,13.3,Patchy rain possible,1.599999999999998,5,0
20.6,0.8,93,1016.0,10.0,100,19.3,22.6,10.0,15.9,Moderate rain at times,1.3000000000000007,6,6
19.3,1.3,91,1022.0,10.4,100,17.9,21.3,9.0,14.0,Heavy rain at times,1.400000000000002,7,5
30.7,0.0,81,1003.0,5.0,53,25.1,37.3,10.0,8.6,Partly cloudy,5.599999999999998,19,2
19.3,0.0,93,1012.0,6.1,27,18.2,21.3,10.0,10.5,Partly cloudy,1.1000000000000014,23,2
26.8,0.5,80,1008.0,7.2,64,23.1,29.9,10.0,8.5,Moderate rain at times,3.6999999999999993,14,6
27.9,0.1,82,1011.0,9.4,71,24.5,32.4,9.0,17.4,Patchy rain possible,3.3999999999999986,11,0
23.9,0.0,67,1014.0,6.5,0,16.5,25.5,10.0,12.0,Sunny,7.399999999999999,12,8
26.0,0.0,82,1008.0,10.1,47,22.7,28.7,10.0,13.1,Partly cloudy,3.3000000000000007,23,2
24.2,10.3,88,1016.0,13.7,93,22.0,26.4,10.0,20.1,Moderate or heavy rain shower,2.1999999999999997,9,4
25.2,0.0,88,1008.0,5.5,19,23.1,27.9,10.0,10.2,Clear,2.099999999999998,0,3
25.3,0.0,87,1007.0,7.6,16,23.1,28.0,10.0,10.2,Clear,2.1999999999999997,3,3
25.9,0.0,88,1006.0,7.2,76,23.8,29.2,10.0,9.8,Cloudy,2.099999999999998,21,1
24.4,0.0,83,1006.0,7.0,16,21.4,26.5,10.0,14.2,Clear,3.0,5,3
20.6,0.0,80,1013.0,9.0,20,17.0,22.6,10.0,15.3,Clear,3.6000000000000014,3,3
19.3,0.0,87,1019.0,16.7,100,17.1,21.3,10.0,25.8,Overcast,2.1999999999999997,3,7
25.5,0.0,77,1005.0,6.2,36,21.2,27.6,10.0,13.0,Partly cloudy,4.300000000000001,4,2
20.0,0.0,78,1016.0,5.0,57,16.0,22.0,10.0,7.7,Partly cloudy,4.0,19,2
24.3,0.0,89,1006.0,5.9,22,22.3,26.6,10.0,7.4,Clear,2.0,3,3
30.5,0.0,73,1006.0,17.3,70,25.2,36.9,10.0,24.4,Cloudy,5.300000000000001,15,1
28.3,0.2,82,1002.0,8.6,86,24.9,33.4,2.0,12.0,Patchy rain possible,3.400000000000002,17,0
26.5,0.0,89,1006.0,6.0,15,24.0,30.1,10.0,11.9,Clear,2.5,2,3
24.6,0.3,89,1015.0,6.4,70,22.6,27.1,10.0,16.1,Patchy rain possible,2.0,22,0
21.2,0.1,89,1017.0,9.4,100,19.3,23.2,10.0,16.9,Patchy rain possible,1.8999999999999984,20,0
25.8,0.0,80,1005.0,8.6,45,22.1,28.2,10.0,10.2,Partly cloudy,3.6999999999999993,6,2
28.4,1.2,72,1003.0,7.6,78,22.9,32.0,10.0,13.9,Heavy rain at times,5.5,21,5
21.7,0.4,88,1015.0,13.0,67,19.6,23.7,10.0,20.1,Patchy rain possible,2.099999999999998,18,0
19.2,0.0,85,1016.0,10.8,100,16.6,21.2,10.0,15.2,Overcast,2.599999999999998,3,7
23.4,2.8,95,1014.0,18.6,100,22.5,25.9,7.0,27.3,Moderate or heavy rain shower,0.8999999999999986,9,4
22.0,0.0,83,1004.0,7.7,38,19.0,24.5,10.0,14.0,Partly cloudy,3.0,23,2
26.3,0.0,78,1003.0,6.5,31,22.1,28.8,10.0,10.4,Partly cloudy,4.199999999999999,4,2
21.6,0.9,95,1019.0,8.7,100,20.8,23.6,10.0,13.8,Moderate rain at times,0.8000000000000007,20,6
19.4,0.1,85,1022.0,7.6,100,16.9,21.4,10.0,10.7,Patchy rain possible,2.5,6,0
19.2,0.0,81,1023.0,8.6,27,15.9,21.2,10.0,14.6,Partly cloudy,3.299999999999999,22,2
22.6,0.1,96,1014.0,6.5,65,21.9,25.1,2.0,9.9,Patchy rain possible,0.7000000000000028,19,0
22.0,0.0,69,1019.0,15.8,60,16.1,24.0,10.0,25.0,Partly cloudy,5.899999999999999,11,2
22.0,0.3,91,1019.0,9.0,100,20.4,24.5,10.0,12.5,Patchy rain possible,1.6000000000000014,8,0
19.4,0.5,92,1017.0,9.7,100,18.1,21.4,10.0,14.4,Moderate rain at times,1.2999999999999972,18,6
19.7,0.0,84,1015.0,3.2,100,16.9,21.7,10.0,8.8,Overcast,2.8000000000000007,2,7
22.5,0.2,95,1013.0,3.2,80,21.7,25.0,10.0,6.0,Light rain shower,0.8000000000000007,3,9
21.6,0.07,79,1017.0,5.0,78,17.9,23.6,10.0,6.6,Patchy rain possible,3.700000000000003,8,0
28.9,0.0,77,1008.0,16.9,2,23.3,33.7,10.0,20.7,Sunny,5.599999999999998,16,8
30.4,0.0,71,1004.0,10.5,22,24.0,35.5,10.0,18.2,Sunny,6.399999999999999,8,8
23.5,0.0,85,1012.0,8.6,77,20.8,25.6,10.0,12.7,Cloudy,2.6999999999999997,17,1
26.9,0.5,83,1005.0,10.1,84,23.8,30.5,10.0,19.9,Moderate rain at times,3.099999999999998,22,6
21.0,0.0,84,1004.0,6.1,47,18.1,23.0,10.0,9.7,Partly cloudy,2.8999999999999986,3,2
24.7,0.0,87,1007.0,7.9,81,22.4,27.1,9.0,10.2,Cloudy,2.3000000000000007,4,1
17.7,0.0,83,1016.0,6.5,81,15.7,19.7,10.0,11.8,Cloudy,2.0,6,1
27.6,0.7,81,1009.0,7.2,58,22.9,31.6,10.0,12.5,Moderate rain at times,4.700000000000003,13,6
28.2,6.8,87,1002.0,11.9,87,25.8,33.9,10.0,20.0,Moderate or heavy rain shower,2.3999999999999986,17,4
24.5,0.0,85,1006.0,7.4,18,21.8,26.7,10.0,15.4,Clear,2.6999999999999997,4,3
27.7,0.0,75,1006.0,6.5,18,23.0,31.1,10.0,9.0,Sunny,4.699999999999999,7,8
25.4,0.5,79,1014.0,10.8,84,21.6,27.6,9.0,14.6,Moderate rain at times,3.799999999999997,11,6
23.7,0.5,88,1017.0,12.3,83,21.6,25.9,10.0,22.7,Moderate rain at times,2.099999999999998,23,6
18.2,0.0,90,1012.0,7.9,7,16.6,20.2,10.0,13.5,Sunny,1.599999999999998,7,8
23.0,0.7,91,1013.0,9.7,100,21.5,25.3,10.0,11.1,Moderate rain at times,1.5,7,6
20.8,0.0,95,1010.0,6.1,40,20.0,22.8,2.0,10.5,Partly cloudy,0.8000000000000007,19,2
21.9,0.4,85,1017.0,13.7,79,19.3,23.9,10.0,21.5,Patchy rain possible,2.599999999999998,14,0
22.0,0.0,86,1020.0,9.7,100,16.7,24.0,10.0,18.2,Overcast,5.300000000000001,10,7
22.2,0.18,82,1013.0,11.5,100,19.0,24.6,10.0,15.5,Light rain shower,3.1999999999999997,16,9
21.5,0.0,88,1018.0,6.5,77,19.4,23.5,10.0,10.4,Cloudy,2.1000000000000014,22,1
19.4,0.6,78,1016.0,0.7,68,15.4,21.4,10.0,6.4,Moderate rain at times,3.9999999999999982,9,6
23.2,0.0,76,1008.0,13.3,0,18.8,25.2,10.0,16.8,Sunny,4.399999999999999,16,8
21.1,0.1,79,1019.0,13.7,80,17.4,23.1,10.0,19.0,Patchy rain possible,3.700000000000003,9,0
26.1,0.0,84,1005.0,7.6,22,23.3,29.2,10.0,9.5,Sunny,2.8000000000000007,6,8
25.6,0.1,86,1011.0,12.6,71,23.1,28.4,10.0,21.5,Patchy rain possible,2.5,15,0
20.9,0.0,78,1015.0,7.2,89,16.9,22.9,10.0,9.7,Overcast,4.0,7,7
22.2,0.4,87,1013.0,6.5,86,19.9,24.6,10.0,11.6,Patchy rain possible,2.3000000000000007,5,0
30.0,3.7,72,1005.0,13.0,82,24.5,35.5,9.0,22.9,Moderate or heavy rain shower,5.5,15,4
27.4,0.0,80,1008.0,9.4,13,23.6,31.0,10.0,12.3,Clear,3.799999999999997,23,3
26.6,0.0,80,1006.0,9.7,15,22.9,29.5,10.0,12.9,Clear,3.700000000000003,2,3
20.9,0.2,90,1015.0,7.6,100,19.2,22.9,10.0,10.3,Patchy rain possible,1.6999999999999993,17,0
21.6,0.1,91,1018.0,9.0,90,20.0,23.6,10.0,13.3,Patchy rain possible,1.6000000000000014,21,0
29.0,0.1,84,1010.0,4.7,54,24.8,35.5,10.0,19.2,Patchy rain possible,4.199999999999999,13,0
29.8,0.0,75,1001.0,8.6,15,24.1,34.8,10.0,16.3,Sunny,5.699999999999999,18,8
21.7,0.0,82,1016.0,9.6,30,18.4,23.7,10.0,16.3,Partly cloudy,3.3000000000000007,21,2
25.3,0.0,89,1007.0,4.3,34,23.4,28.2,10.0,7.9,Partly cloudy,1.900000000000002,0,2
27.5,0.0,85,1009.0,9.2,62,24.7,31.9,10.0,14.2,Cloudy,2.8000000000000007,20,1
24.2,0.1,83,1014.0,5.4,80,21.1,26.3,10.0,10.5,Patchy rain possible,3.099999999999998,8,0
20.5,0.4,83,1020.0,8.4,91,17.4,22.5,10.0,12.9,Patchy rain possible,3.1000000000000014,6,0
24.0,0.0,90,1010.0,7.6,82,22.3,26.4,10.0,12.3,Cloudy,1.6999999999999993,5,1
30.9,0.2,67,1003.0,11.3,72,24.0,36.3,10.0,21.9,Patchy rain possible,6.899999999999999,14,0
22.4,0.0,94,1006.0,4.3,72,21.3,24.8,10.0,8.6,Cloudy,1.099999999999998,3,1
17.5,0.0,86,1017.0,10.8,72,15.1,19.5,10.0,16.0,Cloudy,2.4000000000000004,4,1
27.8,0.0,84,1006.0,6.5,81,24.9,32.5,10.0,12.0,Cloudy,2.900000000000002,21,1
19.6,0.1,87,1023.0,10.6,52,17.3,21.6,10.0,20.7,Patchy rain possible,2.3000000000000007,20,0
24.1,0.0,88,1008.0,9.0,29,22.0,26.4,10.0,10.7,Partly cloudy,2.1000000000000014,1,2
28.6,0.0,90,1008.0,7.9,51,24.5,33.5,10.0,16.5,Partly cloudy,4.100000000000001,12,2
20.5,1.06,92,1004.0,11.7,100,19.1,22.5,9.0,18.5,Heavy rain at times,1.3999999999999986,4,5
27.2,1.5,87,1002.0,7.6,81,24.9,31.7,10.0,18.5,Moderate or heavy rain shower,2.3000000000000007,17,4
24.1,0.0,90,1010.0,5.4,15,22.5,26.5,10.0,9.2,Clear,1.6000000000000014,4,3
23.1,0.9,90,1011.0,12.6,100,21.5,25.4,10.0,17.2,Moderate rain at times,1.6000000000000014,16,6
21.3,0.2,92,1019.0,10.4,100,20.0,23.3,2.0,20.8,Patchy rain possible,1.3000000000000007,15,0
25.7,0.0,81,1007.0,8.3,24,22.3,28.2,10.0,10.1,Clear,3.3999999999999986,4,3
29.6,1.7,73,1005.0,9.4,74,24.3,34.8,10.0,18.7,Moderate or heavy rain shower,5.300000000000001,12,4
20.2,0.0,79,1017.0,9.4,100,16.4,22.2,10.0,17.0,Overcast,3.8000000000000007,23,7
24.3,0.0,91,1011.0,4.3,29,22.8,26.8,10.0,7.1,Partly cloudy,1.5,3,2
26.1,0.0,90,1007.0,7.8,9,24.7,29.9,10.0,14.0,Clear,1.400000000000002,0,3
19.0,0.0,93,1012.0,4.7,33,17.8,21.0,10.0,8.6,Partly cloudy,1.1999999999999993,4,2
26.1,0.0,89,1007.0,8.3,75,24.4,29.6,9.0,12.7,Cloudy,1.7000000000000028,23,1
27.7,0.0,88,1009.0,7.2,74,24.8,33.0,9.0,13.0,Cloudy,2.8999999999999986,18,1
25.8,0.0,92,1008.0,8.5,54,24.2,29.2,5.0,15.2,Partly cloudy,1.6000000000000014,9,2
20.0,0.0,84,1018.0,7.2,56,17.3,22.0,10.0,15.0,Partly cloudy,2.6999999999999997,19,2
24.2,6.0,92,1014.0,12.2,100,22.7,26.6,7.0,30.7,Moderate or heavy rain shower,1.5,6,4
20.4,0.0,85,1017.0,5.8,86,17.8,22.4,10.0,8.9,Overcast,2.599999999999998,23,7
21.2,0.0,95,1009.0,6.5,38,20.3,23.2,2.0,10.6,Partly cloudy,0.8999999999999986,18,2
18.0,0.2,90,1017.0,4.0,100,16.2,20.0,10.0,6.0,Patchy rain possible,1.8000000000000007,0,0
29.2,0.0,87,1007.0,10.3,89,23.9,36.6,7.0,15.0,Overcast,5.300000000000001,18,7
20.7,0.2,91,1018.0,9.4,73,19.1,22.7,10.0,17.4,Patchy rain possible,1.599999999999998,22,0
31.8,0.0,72,1005.0,13.7,83,25.1,40.0,10.0,24.1,Cloudy,6.699999999999999,14,1
25.0,0.1,89,1010.0,9.7,57,23.0,27.6,10.0,11.2,Patchy rain possible,2.0,0,0
21.9,0.0,80,1013.0,18.7,100,17.7,23.9,10.0,27.3,Overcast,4.199999999999999,17,7
26.9,1.32,94,1006.0,7.2,73,24.6,31.1,8.0,11.9,Heavy rain at times,2.299999999999997,21,5
25.3,0.4,89,1012.0,10.8,80,23.3,28.1,10.0,15.7,Patchy rain possible,2.0,21,0
27.3,0.0,85,1005.0,6.0,30,24.6,31.7,10.0,12.6,Partly cloudy,2.6999999999999997,1,2
21.5,0.0,85,1016.0,15.4,100,18.8,23.5,10.0,30.0,Overcast,2.6999999999999997,17,7
27.7,0.0,85,1009.0,1.8,14,24.5,32.1,10.0,3.2,Clear,3.1999999999999997,21,3
20.1,1.6,92,1022.0,17.7,100,18.7,22.1,10.0,29.8,Moderate or heavy rain shower,1.400000000000002,22,4
27.9,0.0,86,1008.0,6.0,74,24.4,32.4,10.0,12.1,Cloudy,3.5,22,1
18.2,0.0,93,1011.0,9.4,25,17.1,20.2,10.0,11.4,Partly cloudy,1.099999999999998,6,2
25.1,0.1,88,1001.0,10.8,57,23.0,27.8,10.0,17.7,Patchy rain possible,2.1000000000000014,19,0
23.5,0.0,95,1012.0,1.8,94,22.7,26.0,2.0,2.8,Overcast,0.8000000000000007,21,7
27.6,0.0,70,1013.0,6.8,94,21.6,30.1,10.0,14.7,Overcast,6.0,10,7
26.7,0.0,85,1004.0,5.8,50,24.0,30.4,10.0,11.4,Partly cloudy,2.6999999999999997,19,2
21.4,0.0,79,1015.0,15.5,100,17.4,23.4,10.0,19.9,Overcast,4.0,19,7
25.7,0.1,89,1004.0,6.9,88,23.7,28.9,10.0,12.0,Patchy rain possible,2.0,23,0
26.5,0.0,87,1008.0,6.8,72,24.1,30.1,5.0,12.2,Cloudy,2.3999999999999986,21,1
23.9,0.1,91,1012.0,5.8,78,22.3,26.2,10.0,10.0,Patchy rain possible,1.599999999999998,1,0
24.8,0.0,88,1004.0,7.6,76,22.7,27.3,10.0,8.9,Cloudy,2.1000000000000014,1,1
24.8,0.0,84,1012.0,7.6,55,22.0,27.1,10.0,12.6,Partly cloudy,2.8000000000000007,19,2
30.7,0.0,68,1010.0,14.0,23,24.2,36.2,10.0,17.6,Sunny,6.5,10,8
23.0,0.0,92,1007.0,4.1,19,21.6,25.3,10.0,8.5,Clear,1.3999999999999986,5,3
31.2,0.2,70,1000.0,5.8,72,25.0,37.9,10.0,14.0,Patchy rain possible,6.199999999999999,16,0
30.7,0.0,72,1005.0,10.1,72,25.2,37.3,10.0,18.2,Cloudy,5.5,17,1
20.3,0.0,90,1016.0,4.7,90,18.5,22.3,10.0,6.8,Overcast,1.8000000000000007,3,7
22.5,0.8,89,1017.0,9.8,94,20.6,24.8,10.0,17.2,Moderate rain at times,1.8999999999999984,19,6
22.7,1.0,91,1012.0,5.0,100,21.1,25.0,10.0,8.7,Heavy rain at times,1.599999999999998,4,5
24.0,0.4,90,1014.0,3.2,70,22.3,26.4,10.0,5.3,Patchy rain possible,1.6999999999999993,19,0
24.3,0.1,96,1011.0,6.1,77,23.8,27.1,2.0,10.6,Patchy rain possible,0.5,1,0
29.7,0.0,74,1008.0,14.8,2,23.1,35.0,10.0,22.6,Sunny,6.599999999999998,15,8
18.3,0.0,87,1016.0,6.1,97,16.2,20.3,10.0,10.3,Overcast,2.1000000000000014,2,7
19.9,0.0,88,1018.0,13.3,100,17.2,21.9,10.0,18.3,Overcast,2.6999999999999997,18,7
29.4,0.1,76,1004.0,12.6,87,24.8,34.9,9.0,22.1,Patchy rain possible,4.599999999999998,12,0
20.9,0.0,88,1016.0,7.6,100,18.9,22.9,10.0,11.3,Overcast,2.0,3,7
28.3,0.1,72,1014.0,5.0,77,22.8,31.8,10.0,13.3,Patchy rain possible,5.5,10,0
24.2,2.5,91,1014.0,10.1,100,22.6,26.6,10.0,21.0,Moderate or heavy rain shower,1.599999999999998,0,4
19.9,1.0,88,1016.0,5.0,63,17.7,21.9,10.0,8.7,Heavy rain at times,2.1999999999999997,4,5
23.4,0.4,92,1013.0,15.5,100,22.0,25.7,10.0,21.6,Patchy rain possible,1.3999999999999986,5,0
31.2,0.0,78,1005.0,14.8,88,24.5,40.1,9.0,20.0,Overcast,6.699999999999999,14,7
23.2,1.2,93,1011.0,11.5,100,22.1,25.6,10.0,24.3,Heavy rain at times,1.099999999999998,5,5
22.3,0.0,85,1016.0,7.2,70,19.6,24.7,10.0,16.8,Cloudy,2.6999999999999997,13,1
21.8,0.0,88,1009.0,8.6,25,20.4,23.8,10.0,10.8,Partly cloudy,1.400000000000002,0,2
20.7,0.0,94,1012.0,7.9,39,19.7,22.7,10.0,9.7,Partly cloudy,1.0,0,2
31.5,0.0,73,1005.0,10.2,70,25.3,38.5,10.0,17.6,Cloudy,6.199999999999999,14,1
24.0,0.0,87,1009.0,5.0,60,21.8,26.2,10.0,7.3,Cloudy,2.1999999999999997,7,1
24.6,0.0,73,1011.0,13.7,12,19.6,26.4,10.0,19.7,Sunny,5.0,15,8
22.0,0.0,95,1014.0,4.7,38,21.1,24.6,2.0,7.7,Partly cloudy,0.8999999999999986,22,2
29.3,0.0,81,1002.0,7.6,78,25.7,35.6,10.0,12.3,Cloudy,3.6000000000000014,16,1
22.4,0.0,88,1012.0,4.7,78,20.3,24.8,9.0,8.2,Cloudy,2.099999999999998,2,1
21.9,1.9,93,1020.0,17.3,100,20.8,23.9,7.0,26.7,Moderate or heavy rain shower,1.099999999999998,22,4
26.2,0.0,87,1007.0,9.0,13,23.9,29.6,10.0,10.7,Clear,2.3000000000000007,0,3
18.9,0.1,86,1017.0,9.7,100,16.6,20.9,10.0,14.7,Patchy rain possible,2.299999999999997,4,0
20.2,0.0,87,1018.0,6.8,79,18.0,22.2,10.0,10.1,Cloudy,2.1999999999999997,20,1
27.3,0.0,86,1008.0,8.6,88,24.8,31.8,9.0,15.0,Overcast,2.5,18,7
26.0,2.6,82,1000.0,8.3,56,22.7,28.7,10.0,15.2,Moderate or heavy rain shower,3.3000000000000007,18,4
28.0,0.0,89,1010.0,8.8,71,23.5,32.0,9.0,18.0,Cloudy,4.5,19,1
24.4,0.0,81,1008.0,9.0,11,20.9,26.4,10.0,11.4,Sunny,3.5,6,8
19.8,0.0,91,1012.0,7.2,10,18.3,21.8,10.0,12.5,Clear,1.5,20,3
29.4,0.3,78,1006.0,7.6,83,25.1,35.2,10.0,16.4,Patchy rain possible,4.299999999999997,16,0
26.8,0.0,77,1003.0,9.4,18,22.4,29.6,10.0,12.0,Clear,4.400000000000002,3,3
16.4,0.0,91,1010.0,7.9,8,15.3,18.4,10.0,10.2,Clear,1.099999999999998,4,3
28.3,0.0,67,998.0,10.0,38,21.6,31.0,10.0,16.1,Partly cloudy,6.699999999999999,5,2
24.0,0.0,85,1012.0,7.9,100,21.4,26.2,10.0,8.6,Overcast,2.6000000000000014,4,7
26.2,0.0,89,1005.0,6.6,23,24.2,29.8,10.0,13.3,Clear,2.0,0,3
23.3,0.3,87,1020.0,5.8,84,20.0,25.5,10.0,18.0,Patchy rain possible,3.3000000000000007,12,0
25.1,0.0,87,1012.0,4.3,28,22.8,27.7,10.0,5.7,Partly cloudy,2.3000000000000007,7,2
24.6,0.0,93,1006.0,7.9,29,23.3,27.3,10.0,13.2,Partly cloudy,1.3000000000000007,4,2
16.8,0.4,90,1020.0,9.7,100,15.2,18.8,2.0,12.8,Patchy rain possible,1.6000000000000014,8,0
21.9,0.1,88,1016.0,7.6,65,19.8,23.9,10.0,9.4,Patchy rain possible,2.099999999999998,0,0
24.9,0.0,93,1008.0,8.3,31,23.7,27.8,10.0,9.7,Partly cloudy,1.1999999999999993,5,2
23.0,0.22,76,1017.0,10.8,96,18.5,25.0,10.0,13.0,Light rain shower,4.5,10,9
26.6,0.0,75,1008.0,5.6,29,21.7,29.1,10.0,11.9,Partly cloudy,4.900000000000002,7,2
28.2,0.0,83,1008.0,8.3,21,24.9,33.1,10.0,11.8,Clear,3.3000000000000007,20,3
31.4,0.0,73,1006.0,9.4,29,25.2,38.3,10.0,12.9,Partly cloudy,6.199999999999999,16,2
21.8,0.1,97,1014.0,9.0,100,21.2,23.8,2.0,13.0,Patchy rain possible,0.6000000000000014,19,0
29.9,0.0,82,1004.0,4.7,72,25.8,36.7,10.0,7.9,Cloudy,4.099999999999998,20,1
25.6,0.0,92,1011.0,7.6,37,23.4,29.0,10.0,12.6,Partly cloudy,2.200000000000003,23,2
29.9,0.0,67,1004.0,9.6,93,23.2,34.2,10.0,16.2,Overcast,6.699999999999999,10,7
27.2,0.0,85,1007.0,6.1,22,24.5,31.5,10.0,10.8,Clear,2.6999999999999997,21,3
23.8,0.5,89,1013.0,13.3,100,21.9,26.0,10.0,21.2,Moderate rain at times,1.900000000000002,11,6
26.9,0.0,77,1007.0,15.8,9,22.4,29.7,10.0,25.5,Sunny,4.5,14,8
23.4,0.0,90,1008.0,5.7,30,21.6,25.7,10.0,8.8,Partly cloudy,1.7999999999999972,4,2
27.2,0.0,75,1005.0,7.6,54,22.4,30.1,10.0,10.3,Partly cloudy,4.800000000000001,20,2
26.2,0.0,88,1009.0,10.4,88,24.0,29.6,10.0,13.2,Overcast,2.1999999999999997,22,7
24.4,0.0,86,1008.0,6.5,32,22.0,26.7,10.0,11.4,Partly cloudy,2.3999999999999986,6,2
26.9,0.0,76,1006.0,7.6,68,22.2,29.7,10.0,14.2,Cloudy,4.699999999999999,7,1
25.0,1.9,86,1002.0,11.5,79,22.4,27.4,10.0,20.8,Moderate or heavy rain shower,2.6000000000000014,20,4
23.7,0.0,88,1008.0,4.7,78,21.7,25.9,9.0,7.4,Cloudy,2.0,3,1
26.3,0.1,87,1004.0,8.6,70,23.9,29.7,10.0,15.2,Patchy rain possible,2.400000000000002,22,0
20.7,0.0,80,1015.0,10.1,98,17.1,22.7,10.0,21.9,Overcast,3.599999999999998,17,7
27.5,0.3,81,1008.0,9.7,89,24.0,31.4,9.0,11.8,Patchy rain possible,3.5,15,0
26.0,0.0,87,1011.0,2.9,85,23.6,29.1,10.0,4.5,Overcast,2.3999999999999986,19,7
20.1,1.23,94,1004.0,13.6,72,19.1,22.1,9.0,20.9,Heavy rain at times,1.0,5,5
20.3,0.0,88,1017.0,9.8,100,17.8,22.3,2.0,15.9,Overcast,2.5,8,7
20.9,4.4,92,1023.0,14.8,100,19.5,22.9,9.0,26.5,Moderate or heavy rain shower,1.3999999999999986,21,4
29.5,0.8,79,1004.0,9.4,51,25.4,35.7,9.0,13.8,Moderate rain at times,4.100000000000001,17,6
25.4,0.2,87,1012.0,6.1,100,23.1,28.2,10.0,15.7,Patchy rain possible,2.299999999999997,12,0
26.1,0.0,84,1006.0,4.9,20,23.1,29.0,10.0,10.1,Sunny,3.0,6,8
22.1,0.3,93,1007.0,6.8,100,21.0,24.6,9.0,10.1,Patchy rain possible,1.1000000000000014,20,0
22.2,0.0,94,1009.0,7.6,13,21.1,24.7,10.0,8.1,Clear,1.099999999999998,23,3
18.2,0.0,88,1012.0,7.6,4,16.2,20.2,10.0,9.7,Clear,2.0,0,3
27.8,0.0,72,1008.0,9.0,47,22.4,30.8,10.0,12.0,Partly cloudy,5.400000000000002,7,2
21.8,0.09,85,1013.0,13.3,100,19.2,23.8,10.0,17.7,Patchy rain possible,2.6000000000000014,16,0
17.6,0.0,89,1011.0,6.5,5,15.9,19.6,10.0,11.4,Clear,1.700000000000001,5,3
19.6,0.0,87,1006.0,5.3,16,17.4,21.6,10.0,8.1,Clear,2.200000000000003,5,3
29.3,0.0,77,1010.0,13.3,78,23.3,34.7,10.0,27.6,Cloudy,6.0,16,1
22.4,0.1,92,1015.0,15.5,97,21.1,24.8,10.0,25.5,Patchy rain possible,1.2999999999999972,21,0
24.8,0.0,93,1006.0,7.9,28,23.5,27.6,10.0,13.1,Partly cloudy,1.3000000000000007,3,2
21.6,0.0,83,1012.0,11.9,51,18.6,23.6,10.0,19.6,Partly cloudy,3.0,16,2
20.7,0.0,92,1018.0,3.6,100,19.3,22.7,10.0,5.6,Overcast,1.3999999999999986,2,7
26.3,0.0,84,1006.0,8.3,20,23.4,29.5,10.0,13.1,Sunny,2.900000000000002,7,8
24.4,0.0,80,1013.0,5.4,50,20.7,26.3,10.0,7.7,Partly cloudy,3.6999999999999993,7,2
20.5,0.4,82,1018.0,7.2,100,17.3,22.5,10.0,12.3,Patchy rain possible,3.1999999999999997,7,0
22.6,0.2,84,1019.0,8.6,87,19.8,24.9,10.0,11.5,Patchy rain possible,2.8000000000000007,10,0
27.5,1.3,84,1010.0,6.5,76,24.4,31.7,9.0,7.5,Heavy rain at times,3.1000000000000014,8,5
24.4,0.0,86,1009.0,5.8,53,22.0,26.7,10.0,8.3,Partly cloudy,2.3999999999999986,23,2
24.8,0.7,90,1005.0,9.0,72,23.1,27.5,10.0,15.8,Moderate rain at times,1.6999999999999993,3,6
20.5,0.05,87,1015.0,9.7,100,18.3,22.5,10.0,14.0,Patchy rain possible,2.1999999999999997,4,0
24.8,36.4,90,1003.0,10.1,74,23.1,27.4,10.0,17.3,Moderate or heavy rain shower,1.6999999999999993,9,4
21.2,0.0,84,1012.0,6.8,8,18.5,23.2,10.0,10.7,Sunny,2.6999999999999997,18,8
20.7,0.01,87,1015.0,10.1,100,18.5,22.7,10.0,14.9,Patchy rain possible,2.1999999999999997,6,0
21.6,0.2,97,1016.0,6.5,100,21.1,23.6,10.0,9.1,Patchy rain possible,0.5,22,0
23.5,0.0,91,1008.0,7.2,17,21.9,25.8,10.0,10.3,Clear,1.6000000000000014,5,3
25.9,0.0,85,1008.0,12.6,80,23.2,28.9,10.0,18.6,Cloudy,2.6999999999999997,17,1
21.2,0.0,91,1015.0,17.6,100,19.7,23.2,10.0,28.3,Overcast,1.5,23,7
24.7,0.2,87,1012.0,5.8,86,22.4,27.1,10.0,9.6,Patchy rain possible,2.3000000000000007,1,0
31.8,0.0,73,1001.0,9.4,77,24.4,38.2,5.0,21.0,Cloudy,7.400000000000002,15,1
24.8,0.0,89,1007.0,7.9,20,22.9,27.4,10.0,10.0,Clear,1.900000000000002,3,3
18.2,0.0,89,1014.0,7.9,24,16.3,20.2,10.0,15.0,Clear,1.8999999999999984,2,3
25.4,0.7,84,1016.0,8.7,90,22.5,27.9,10.0,20.4,Moderate rain at times,2.8999999999999986,10,6
27.6,0.0,70,998.0,9.0,41,21.6,30.2,10.0,16.1,Partly cloudy,6.0,3,2
25.1,0.0,85,1006.0,11.2,54,22.4,27.5,10.0,14.9,Partly cloudy,2.700000000000003,3,2
22.4,0.2,87,1016.0,5.0,92,20.1,24.7,10.0,8.6,Patchy rain possible,2.299999999999997,22,0
30.6,1.9,71,1003.0,10.8,81,24.8,36.6,9.0,14.0,Moderate or heavy rain shower,5.800000000000001,16,4
21.9,0.05,88,1013.0,15.8,100,19.8,23.9,10.0,21.1,Patchy rain possible,2.099999999999998,17,0
23.9,0.0,89,1011.0,4.3,47,21.9,26.1,10.0,7.1,Partly cloudy,2.0,5,2
22.7,0.0,77,1012.0,9.4,21,18.4,24.8,10.0,16.3,Sunny,4.300000000000001,17,8
24.4,0.0,87,1008.0,6.8,7,22.1,26.7,10.0,14.8,Clear,2.299999999999997,0,3
27.7,0.0,83,1004.0,7.6,15,24.6,32.1,10.0,14.6,Clear,3.099999999999998,21,3
20.0,0.0,88,1019.0,8.8,100,17.5,22.0,10.0,14.0,Overcast,2.5,21,7
19.1,0.0,93,1013.0,5.8,67,17.9,21.1,10.0,10.6,Cloudy,1.2000000000000028,5,1
27.5,0.2,82,1006.0,12.6,78,24.2,31.6,10.0,18.6,Patchy rain possible,3.3000000000000007,19,0
20.7,0.1,84,1016.0,5.4,81,18.0,22.7,10.0,7.0,Patchy rain possible,2.6999999999999997,8,0
23.5,0.0,89,1011.0,5.0,5,21.7,25.8,10.0,8.6,Clear,1.8000000000000007,22,3
24.7,1.1,90,1013.0,9.4,100,22.9,27.2,10.0,23.9,Heavy rain at times,1.8000000000000007,10,5
23.1,0.5,94,1014.0,2.5,50,22.1,25.5,10.0,4.6,Moderate rain at times,1.0,23,6
27.0,0.0,76,1006.0,8.6,13,22.3,29.8,10.0,15.8,Sunny,4.699999999999999,6,8
20.1,0.0,95,1009.0,6.0,29,19.2,22.1,2.0,12.1,Partly cloudy,0.9000000000000021,4,2
24.4,0.0,89,1012.0,8.3,100,22.4,26.8,10.0,19.5,Overcast,2.0,17,7
19.5,0.0,87,1006.0,5.9,18,17.2,21.5,10.0,9.0,Clear,2.3000000000000007,4,3
20.7,0.1,87,1016.0,1.4,56,18.5,22.7,10.0,6.3,Patchy rain possible,2.1999999999999997,2,0
28.5,0.0,67,997.0,10.0,82,21.7,31.4,10.0,15.9,Cloudy,6.800000000000001,2,1
28.8,2.7,81,1004.0,8.6,80,25.2,34.3,9.0,11.2,Moderate or heavy rain shower,3.6000000000000014,17,4
19.9,0.1,83,1017.0,16.2,99,17.0,21.9,10.0,23.0,Patchy rain possible,2.8999999999999986,16,0
28.7,0.0,67,1007.0,9.0,7,22.1,31.9,10.0,15.6,Sunny,6.599999999999998,8,8
28.6,0.0,82,1005.0,8.3,80,24.2,33.2,9.0,15.8,Cloudy,4.400000000000002,19,1
25.3,0.0,73,1015.0,10.1,2,18.7,27.1,10.0,11.6,Sunny,6.600000000000001,11,8
28.0,0.0,88,1005.0,9.0,43,24.3,32.5,10.0,12.8,Partly cloudy,3.6999999999999993,22,2
23.5,0.6,90,1012.0,10.4,100,21.8,25.7,10.0,15.8,Moderate rain at times,1.6999999999999993,23,6
29.8,1.0,71,1009.0,14.0,84,23.9,34.6,10.0,21.4,Heavy rain at times,5.900000000000002,13,5
23.0,0.0,81,1010.0,12.2,4,19.6,25.1,10.0,15.1,Clear,3.3999999999999986,21,3
19.3,0.1,87,1016.0,15.5,100,17.0,21.3,10.0,29.1,Patchy rain possible,2.3000000000000007,0,0
22.0,0.0,67,1016.0,16.2,83,15.5,24.0,10.0,25.2,Cloudy,6.5,13,1
24.6,0.0,89,1006.0,8.6,21,22.7,27.1,10.0,10.7,Clear,1.900000000000002,5,3
26.4,0.0,82,1009.0,12.2,22,23.1,29.4,10.0,15.5,Sunny,3.299999999999997,9,8
24.6,0.0,88,1009.0,8.3,17,22.4,27.0,10.0,9.9,Clear,2.200000000000003,4,3
20.6,0.2,90,1016.0,5.0,63,18.8,22.6,10.0,8.3,Patchy rain possible,1.8000000000000007,21,0
19.5,0.5,88,1021.0,15.9,100,17.5,21.5,10.0,28.4,Moderate rain at times,2.0,18,6
24.8,0.2,87,1012.0,10.6,72,22.6,27.3,10.0,27.8,Patchy rain possible,2.1999999999999997,15,0
18.1,0.0,86,1013.0,7.6,0,15.6,20.1,10.0,13.8,Clear,2.5000000000000018,0,3
20.0,0.2,85,1014.0,9.4,100,17.5,22.0,10.0,12.7,Patchy rain possible,2.5,16,0
23.7,0.0,90,1009.0,6.0,21,22.0,26.0,10.0,8.7,Clear,1.6999999999999993,22,3
20.7,0.1,88,1014.0,13.9,100,18.2,22.7,10.0,24.0,Patchy rain possible,2.5,16,0
28.9,0.0,74,1008.0,5.4,7,23.7,33.2,10.0,6.6,Sunny,5.199999999999999,8,8
19.2,0.0,85,1022.0,7.9,100,16.7,21.2,2.0,11.2,Overcast,2.5,5,7
24.4,1.29,88,1013.0,7.2,58,22.3,26.7,10.0,13.7,Heavy rain at times,2.099999999999998,1,5
23.9,0.8,96,1006.0,6.5,97,23.2,26.5,9.0,9.5,Moderate rain at times,0.6999999999999993,5,6
22.1,0.1,84,1017.0,7.9,99,17.6,24.6,10.0,15.6,Patchy rain possible,4.5,12,0
20.5,2.1,96,1020.0,13.7,100,19.9,22.5,9.0,18.9,Moderate or heavy rain shower,0.6000000000000014,11,4
20.4,0.0,87,1016.0,7.9,100,18.2,22.4,10.0,15.1,Overcast,2.1999999999999997,17,7
20.5,0.3,84,1022.0,14.8,100,17.8,22.5,2.0,25.7,Patchy rain possible,2.6999999999999997,11,0
22.9,0.0,95,1008.0,7.4,37,22.1,25.3,2.0,13.1,Partly cloudy,0.7999999999999972,4,2
20.6,0.03,84,1016.0,14.0,100,17.7,22.6,10.0,20.2,Patchy rain possible,2.900000000000002,21,0
24.9,0.0,79,1017.0,2.2,84,21.0,26.9,10.0,3.1,Cloudy,3.899999999999999,8,1
30.2,0.0,81,1005.0,9.4,43,25.9,37.4,9.0,13.3,Partly cloudy,4.300000000000001,18,2
17.7,0.0,87,1016.0,5.8,100,15.7,19.7,10.0,9.0,Overcast,2.0,3,7
26.3,0.0,86,1011.0,10.4,70,23.8,29.6,10.0,12.1,Cloudy,2.5,22,1
24.6,0.0,83,1006.0,6.2,27,21.5,26.7,10.0,13.5,Partly cloudy,3.1000000000000014,2,2
21.4,0.0,92,1013.0,7.2,19,20.1,23.4,10.0,11.9,Clear,1.2999999999999972,21,3
28.1,0.0,77,1006.0,4.7,9,23.9,32.2,10.0,9.1,Clear,4.200000000000003,22,3
23.9,2.1,92,1012.0,12.2,100,22.6,26.4,10.0,23.7,Moderate or heavy rain shower,1.2999999999999972,7,4
25.6,0.0,86,1007.0,9.0,11,23.0,28.3,10.0,12.5,Clear,2.6000000000000014,0,3
25.1,0.1,87,1012.0,6.1,60,22.9,27.8,10.0,8.4,Patchy rain possible,2.200000000000003,7,0
28.5,0.0,72,1011.0,7.9,14,22.9,32.0,10.0,9.5,Sunny,5.600000000000001,9,8
26.3,0.1,90,1011.0,3.6,89,23.3,30.1,10.0,10.2,Patchy rain possible,3.0,21,0
28.1,0.1,83,1011.0,17.3,57,23.6,32.0,10.0,27.8,Patchy rain possible,4.5,12,0
26.0,0.6,87,1006.0,7.6,79,23.7,29.3,10.0,12.9,Moderate rain at times,2.3000000000000007,21,6
31.1,0.0,71,1001.0,7.2,22,24.2,36.9,10.0,12.0,Sunny,6.900000000000002,17,8
26.3,0.0,74,1005.0,7.2,50,21.3,28.5,10.0,14.2,Partly cloudy,5.0,6,2
27.7,0.0,81,1007.0,6.1,84,24.1,31.8,9.0,11.3,Cloudy,3.599999999999998,21,1
21.8,0.0,87,1013.0,7.2,89,19.6,23.8,10.0,12.5,Overcast,2.1999999999999997,5,7
24.8,0.4,89,1003.0,7.2,100,22.9,27.4,2.0,10.8,Patchy rain possible,1.900000000000002,1,0
21.9,0.0,87,1012.0,7.2,73,19.7,23.9,10.0,12.3,Cloudy,2.1999999999999997,2,1
22.9,0.1,89,1014.0,1.4,100,21.1,25.2,10.0,2.3,Patchy rain possible,1.7999999999999972,20,0
30.3,0.1,78,1008.0,13.7,82,25.1,37.8,9.0,17.9,Patchy rain possible,5.199999999999999,14,0
26.7,0.47,80,1008.0,6.8,72,23.0,29.7,10.0,8.5,Light rain shower,3.6999999999999993,11,9
21.7,0.0,97,1016.0,5.8,100,21.1,23.7,2.0,8.4,Overcast,0.5999999999999979,22,7
26.9,0.0,72,1001.0,9.1,17,21.6,29.3,10.0,17.0,Clear,5.299999999999997,5,3
23.5,0.0,84,1011.0,12.2,22,20.6,25.6,10.0,19.8,Sunny,2.8999999999999986,17,8
23.2,2.3,94,1012.0,17.6,100,22.2,25.6,9.0,30.2,Moderate or heavy rain shower,1.0,15,4
22.8,0.2,87,1015.0,10.5,59,20.5,25.0,10.0,17.6,Patchy rain possible,2.3000000000000007,1,0
27.0,0.0,77,1006.0,7.6,51,22.7,30.0,10.0,9.7,Partly cloudy,4.300000000000001,2,2
27.3,0.2,80,1012.0,4.0,82,23.6,30.9,10.0,10.0,Patchy rain possible,3.6999999999999993,9,0
22.2,1.0,87,1012.0,5.8,74,20.0,24.6,10.0,10.3,Heavy rain at times,2.1999999999999997,4,5
23.0,0.0,71,1020.0,4.7,60,17.5,25.0,10.0,11.9,Partly cloudy,5.5,11,2
19.5,0.3,90,1017.0,11.5,100,17.8,21.5,10.0,12.2,Patchy rain possible,1.6999999999999993,22,0
21.0,0.0,84,1016.0,1.8,100,18.2,23.0,10.0,2.5,Overcast,2.8000000000000007,2,7
19.0,0.0,81,1016.0,5.8,74,15.7,21.0,10.0,8.6,Cloudy,3.3000000000000007,5,1
26.3,0.0,79,1001.0,8.5,82,22.3,28.9,10.0,18.3,Cloudy,4.0,1,1
28.0,0.0,71,1008.0,5.4,20,22.3,31.0,10.0,7.9,Sunny,5.699999999999999,7,8
26.4,0.0,87,1009.0,4.3,81,24.0,29.9,9.0,9.0,Cloudy,2.3999999999999986,22,1
27.0,1.3,86,1011.0,16.9,61,24.4,30.9,10.0,28.5,Heavy rain at times,2.6000000000000014,15,5
16.7,0.0,90,1019.0,7.2,100,15.2,18.7,10.0,10.1,Overcast,1.5,5,7
25.6,0.0,79,1012.0,18.0,87,21.6,27.8,10.0,23.8,Overcast,4.0,16,7
24.9,0.0,89,1009.0,5.8,39,23.1,27.6,10.0,9.3,Partly cloudy,1.7999999999999972,1,2
26.7,0.0,75,1006.0,9.0,14,21.9,29.2,10.0,12.4,Clear,4.800000000000001,4,3
23.0,0.0,88,1007.0,6.8,48,20.8,25.2,10.0,15.9,Partly cloudy,2.1999999999999997,19,2
21.6,0.0,90,1016.0,8.6,55,20.0,23.6,10.0,10.6,Partly cloudy,1.6000000000000014,8,2
19.4,0.0,85,1016.0,10.1,100,17.1,21.4,10.0,13.9,Overcast,2.299999999999997,0,7
23.7,0.1,93,1013.0,15.5,100,22.4,26.1,9.0,23.5,Patchy rain possible,1.3000000000000007,23,0
25.7,0.0,67,1007.0,13.4,2,19.1,27.3,10.0,20.9,Sunny,6.599999999999998,14,8
29.5,0.1,78,1004.0,6.1,79,24.3,34.6,10.0,8.9,Patchy rain possible,5.199999999999999,17,0
22.8,0.2,87,1017.0,11.9,89,20.6,25.0,10.0,18.8,Patchy rain possible,2.1999999999999997,21,0
23.8,0.0,86,1010.0,9.7,88,21.3,25.9,10.0,19.0,Overcast,2.5,17,7
28.9,0.0,78,1008.0,13.3,80,23.2,34.0,10.0,18.5,Cloudy,5.699999999999999,17,1
17.8,0.0,90,1018.0,5.4,100,16.1,19.8,10.0,7.6,Overcast,1.6999999999999993,23,7
26.6,0.0,84,1011.0,15.1,81,23.6,29.9,9.0,27.1,Cloudy,3.0,17,1
21.5,0.0,86,1018.0,1.1,100,19.1,23.5,10.0,1.5,Overcast,2.3999999999999986,22,7
28.3,0.0,73,1007.0,7.2,21,23.0,31.9,10.0,9.9,Sunny,5.300000000000001,8,8
26.5,0.0,81,1008.0,6.3,17,23.1,29.5,10.0,13.1,Sunny,3.3999999999999986,6,8
24.5,0.3,87,1017.0,16.5,94,22.1,26.8,10.0,26.0,Patchy rain possible,2.3999999999999986,8,0
20.9,0.2,78,1019.0,14.4,66,17.1,22.9,10.0,20.7,Patchy rain possible,3.799999999999997,13,0
21.7,0.0,75,1014.0,9.0,86,17.0,23.7,10.0,17.0,Overcast,4.699999999999999,17,7
21.5,0.0,88,1015.0,8.3,100,19.4,23.5,10.0,18.3,Overcast,2.1000000000000014,17,7
22.7,0.0,89,1011.0,4.7,22,20.7,24.9,10.0,8.3,Clear,2.0,1,3
26.0,0.0,92,1008.0,7.9,9,24.6,29.8,10.0,14.0,Clear,1.3999999999999986,22,3
25.4,0.0,88,1008.0,6.5,73,23.2,28.2,9.0,8.3,Cloudy,2.1999999999999997,2,1
25.9,0.0,90,1010.0,7.6,15,24.1,29.3,10.0,9.0,Clear,1.7999999999999972,21,3
20.5,0.0,82,1016.0,9.7,91,17.2,22.5,10.0,14.9,Overcast,3.3000000000000007,23,7
28.1,5.78,83,1004.0,11.5,50,25.0,33.1,8.0,22.1,Moderate or heavy rain shower,3.1000000000000014,17,4
25.2,1.19,91,1008.0,7.6,84,23.6,28.1,10.0,9.3,Heavy rain at times,1.599999999999998,6,5
26.7,0.0,72,1008.0,8.3,14,21.1,28.9,10.0,11.3,Sunny,5.599999999999998,7,8
23.4,0.0,90,1009.0,5.3,32,21.6,25.7,10.0,7.5,Partly cloudy,1.7999999999999972,5,2
28.6,0.0,69,1001.0,11.9,30,22.4,31.9,10.0,17.3,Partly cloudy,6.200000000000003,8,2
20.7,0.1,86,1016.0,1.4,51,18.4,22.7,10.0,6.2,Patchy rain possible,2.3000000000000007,3,0
23.0,0.0,89,1013.0,6.5,86,21.1,25.3,10.0,9.2,Overcast,1.8999999999999984,20,7
26.0,0.0,85,1006.0,8.3,12,23.4,29.1,10.0,10.4,Clear,2.6000000000000014,2,3
20.3,0.18,87,1018.0,9.4,100,18.1,22.3,10.0,13.2,Light rain shower,2.1999999999999997,20,9
25.8,0.0,87,1010.0,11.5,81,23.5,28.8,10.0,16.8,Cloudy,2.3000000000000007,18,1
19.6,0.0,87,1019.0,10.5,100,17.4,21.6,10.0,17.3,Overcast,2.200000000000003,2,7
25.0,0.0,91,1009.0,6.2,71,23.4,27.9,9.0,11.6,Cloudy,1.6000000000000014,21,1
26.9,0.0,79,1012.0,10.4,5,22.9,29.9,10.0,13.1,Sunny,4.0,9,8
29.3,0.0,75,1009.0,4.0,57,24.3,34.3,10.0,15.6,Partly cloudy,5.0,11,2
27.9,0.0,84,1005.0,5.0,35,25.0,32.8,10.0,9.3,Partly cloudy,2.8999999999999986,20,2
21.6,0.0,85,1015.0,7.2,70,19.0,23.6,10.0,9.0,Cloudy,2.6000000000000014,22,1
23.4,0.3,90,1013.0,9.5,59,21.6,25.6,10.0,18.4,Patchy rain possible,1.7999999999999972,19,0
23.0,0.1,87,1013.0,1.4,74,20.7,25.2,10.0,2.4,Patchy rain possible,2.3000000000000007,22,0
25.2,0.0,71,1007.0,11.5,19,19.5,26.8,10.0,13.4,Sunny,5.699999999999999,9,8
24.0,0.1,88,1009.0,5.0,73,22.0,26.3,10.0,8.6,Patchy rain possible,2.0,4,0
28.5,0.0,73,1012.0,4.7,28,23.1,32.2,10.0,10.8,Partly cloudy,5.399999999999999,10,2
24.8,0.2,82,1014.0,11.9,78,21.5,27.0,10.0,15.8,Patchy rain possible,3.3000000000000007,11,0
16.2,0.0,91,1012.0,7.6,7,15.1,18.2,10.0,10.7,Clear,1.0999999999999996,6,3
24.2,5.29,97,1002.0,8.6,100,23.7,27.0,3.0,18.0,Moderate or heavy rain shower,0.5,7,4
20.0,0.0,75,1018.0,10.8,75,15.6,22.0,10.0,17.2,Cloudy,4.4,0,1
20.4,0.2,84,1021.0,12.6,100,17.6,22.4,10.0,20.1,Patchy rain possible,2.799999999999997,19,0
21.7,0.0,97,1016.0,9.0,100,21.2,23.7,2.0,12.6,Overcast,0.5,20,7
20.3,0.1,87,1017.0,7.1,100,18.1,22.3,10.0,10.5,Patchy rain possible,2.1999999999999997,7,0
29.9,0.0,66,1008.0,5.0,15,23.0,34.1,10.0,9.6,Sunny,6.899999999999999,9,8
26.0,1.28,95,1006.0,11.0,72,24.0,29.5,10.0,25.3,Heavy rain at times,2.0,19,5
26.6,0.0,79,1005.0,9.0,15,22.7,29.5,10.0,11.9,Clear,3.900000000000002,1,3
22.2,0.0,97,1012.0,4.7,89,21.6,24.7,2.0,12.5,Overcast,0.5999999999999979,18,7
20.5,0.0,89,1014.0,9.4,100,18.7,22.5,2.0,13.3,Overcast,1.8000000000000007,3,7
21.4,0.1,95,1012.0,6.5,80,20.5,23.4,2.0,10.8,Patchy rain possible,0.8999999999999986,3,0
23.5,1.7,88,1013.0,11.7,100,21.4,25.7,10.0,24.3,Moderate or heavy rain shower,2.1000000000000014,4,4
26.3,0.1,86,1011.0,9.0,74,23.7,29.6,10.0,14.4,Patchy rain possible,2.6000000000000014,19,0
27.6,1.8,83,1009.0,15.8,83,24.4,31.8,9.0,25.7,Moderate or heavy rain shower,3.200000000000003,14,4
19.2,0.0,84,1007.0,5.5,9,16.5,21.2,10.0,7.5,Clear,2.6999999999999997,1,3
23.7,3.4,90,1015.0,14.0,100,21.9,26.0,10.0,28.8,Moderate or heavy rain shower,1.8000000000000007,6,4
28.5,0.0,72,1012.0,6.8,67,21.7,31.3,10.0,16.9,Cloudy,6.800000000000001,12,1
21.4,0.9,92,1020.0,18.0,100,20.1,23.4,10.0,23.7,Moderate rain at times,1.2999999999999972,11,6
23.6,0.2,89,1014.0,13.9,100,21.7,25.9,10.0,24.0,Patchy rain possible,1.900000000000002,3,0
26.6,0.0,91,1009.0,6.5,89,24.9,30.8,10.0,7.3,Overcast,1.7000000000000028,20,7
27.4,0.0,84,1009.0,6.1,31,24.5,31.6,10.0,10.7,Partly cloudy,2.8999999999999986,23,2
25.9,0.0,87,1001.0,9.7,17,23.7,29.1,10.0,12.7,Clear,2.1999999999999997,2,3
27.3,0.0,76,1007.0,8.8,100,22.8,30.4,10.0,16.0,Overcast,4.5,9,7
27.9,0.0,81,1008.0,15.8,85,23.6,32.2,10.0,20.7,Overcast,4.299999999999997,17,7
31.0,0.0,66,1008.0,11.5,77,24.0,36.4,9.0,17.8,Cloudy,7.0,10,1
25.0,0.0,90,1010.0,6.8,45,23.2,27.7,10.0,11.0,Partly cloudy,1.8000000000000007,0,2
23.6,0.0,90,1007.0,7.9,17,21.9,25.9,10.0,10.6,Clear,1.7000000000000028,2,3
24.3,0.0,90,1012.0,2.2,51,22.6,26.7,10.0,3.4,Partly cloudy,1.6999999999999993,21,2
25.4,0.2,90,1003.0,8.6,54,23.5,28.3,10.0,10.0,Patchy rain possible,1.8999999999999984,1,0
24.1,4.19,92,1009.0,7.9,91,22.7,26.5,7.0,12.2,Moderate rain,1.400000000000002,21,13
25.3,0.0,89,1013.0,5.0,15,23.3,28.1,10.0,7.0,Sunny,2.0,7,8
18.1,0.0,86,1019.0,6.1,91,15.7,20.1,10.0,10.4,Overcast,2.400000000000002,22,7
29.1,0.0,66,1003.0,5.8,38,22.2,32.5,10.0,6.7,Partly cloudy,6.900000000000002,8,2
30.3,0.0,82,1004.0,9.7,86,24.0,38.5,9.0,17.8,Overcast,6.300000000000001,15,7
24.1,0.9,95,1007.0,6.2,78,23.3,26.8,10.0,10.1,Moderate rain at times,0.8000000000000007,7,6
30.7,0.0,81,1006.0,7.2,86,24.4,36.7,9.0,11.7,Overcast,6.300000000000001,18,7
25.5,0.0,87,1011.0,9.4,88,23.3,28.3,10.0,13.7,Overcast,2.1999999999999997,20,7
24.5,0.0,86,1014.0,6.5,100,22.0,26.7,10.0,9.5,Overcast,2.5,20,7
28.1,0.0,74,1001.0,7.7,79,23.0,31.6,10.0,15.5,Cloudy,5.100000000000001,5,1
18.7,0.1,86,1022.0,8.6,100,16.3,20.7,10.0,13.7,Patchy rain possible,2.3999999999999986,22,0
25.2,0.0,88,1013.0,3.6,75,23.1,27.9,9.0,10.9,Cloudy,2.099999999999998,20,1
25.2,0.0,89,1007.0,7.6,23,23.2,28.0,10.0,9.2,Clear,2.0,4,3
22.1,0.9,95,1021.0,13.0,100,21.2,24.6,2.0,22.4,Moderate rain at times,0.9000000000000021,11,6
22.9,0.0,92,1010.0,4.7,25,21.5,25.2,10.0,8.0,Partly cloudy,1.3999999999999986,5,2
21.2,0.0,79,1017.0,11.5,100,17.5,23.2,10.0,21.7,Overcast,3.6999999999999993,11,7
23.4,0.4,92,1011.0,6.1,77,22.0,25.7,10.0,10.4,Patchy rain possible,1.3999999999999986,3,0
27.3,0.0,87,1003.0,7.9,86,24.5,31.6,10.0,11.3,Overcast,2.8000000000000007,1,7
30.2,0.0,77,1006.0,16.2,16,24.6,36.9,10.0,24.0,Sunny,5.599999999999998,13,8
24.0,0.0,87,1012.0,5.8,27,21.7,26.2,10.0,9.9,Partly cloudy,2.3000000000000007,6,2
25.0,0.0,88,1006.0,6.3,10,22.9,27.6,10.0,13.4,Clear,2.1000000000000014,2,3
19.4,0.0,84,1016.0,7.6,100,16.7,21.4,10.0,10.9,Overcast,2.6999999999999997,6,7
22.6,0.0,89,1010.0,7.2,7,20.7,24.9,10.0,9.2,Clear,1.900000000000002,4,3
29.2,0.02,76,1004.0,15.8,80,24.6,34.4,10.0,22.1,Patchy rain possible,4.599999999999998,8,0
23.4,0.3,91,1012.0,16.9,100,21.8,25.6,10.0,22.2,Patchy rain possible,1.599999999999998,23,0
23.4,0.0,93,1010.0,10.8,36,22.3,25.8,10.0,17.0,Partly cloudy,1.099999999999998,20,2
25.2,0.0,88,1013.0,3.2,86,23.1,27.9,9.0,5.2,Overcast,2.099999999999998,20,7
23.8,0.0,82,1012.0,6.8,19,20.7,25.9,10.0,9.5,Sunny,3.1000000000000014,8,8
25.7,0.0,79,1012.0,14.8,19,21.7,27.9,10.0,22.1,Sunny,4.0,16,8
27.6,0.0,87,1010.0,9.1,74,25.2,32.5,10.0,15.7,Cloudy,2.400000000000002,21,1
21.1,0.0,86,1012.0,5.4,74,18.7,23.1,10.0,8.3,Cloudy,2.400000000000002,2,1
30.4,0.0,82,1004.0,6.1,23,24.5,36.3,10.0,11.1,Clear,5.899999999999999,19,3
24.2,0.0,86,1011.0,2.5,4,21.7,26.3,10.0,4.2,Clear,2.5,20,3
19.5,0.0,83,1018.0,8.6,100,16.5,21.5,10.0,12.5,Overcast,3.0,21,7
21.6,2.4,95,1018.0,16.5,100,20.7,23.6,7.0,27.6,Moderate or heavy rain shower,0.9000000000000021,3,4
20.1,0.2,92,1021.0,16.2,100,18.7,22.1,2.0,22.2,Patchy rain possible,1.400000000000002,7,0
24.2,0.0,88,1012.0,6.5,14,22.1,26.5,10.0,9.0,Sunny,2.099999999999998,7,8
18.6,0.2,86,1021.0,8.5,100,16.3,20.6,10.0,13.9,Patchy rain possible,2.3000000000000007,23,0
23.4,0.3,96,1011.0,1.4,52,22.9,25.9,2.0,7.9,Patchy rain possible,0.5,6,0
26.4,0.0,90,1005.0,9.4,20,23.8,30.4,10.0,18.5,Sunny,2.599999999999998,17,8
21.3,0.1,89,1018.0,0.7,86,19.4,23.3,10.0,1.1,Patchy rain possible,1.900000000000002,0,0
21.8,0.1,74,1015.0,4.7,52,16.1,23.8,10.0,15.8,Patchy rain possible,5.699999999999999,12,0
24.7,0.1,87,1011.0,9.7,75,22.4,27.1,10.0,17.1,Patchy rain possible,2.3000000000000007,8,0
28.2,0.0,89,1007.0,5.8,17,24.9,33.2,10.0,10.7,Clear,3.3000000000000007,20,3
23.8,0.6,92,1014.0,9.9,74,22.5,26.3,10.0,19.4,Moderate rain at times,1.3000000000000007,20,6
23.5,0.1,90,1015.0,7.3,100,21.7,25.7,10.0,15.4,Patchy rain possible,1.8000000000000007,9,0
21.8,0.1,88,1019.0,12.7,100,19.7,23.8,10.0,23.0,Patchy rain possible,2.1000000000000014,9,0
24.1,0.1,81,1015.0,3.2,89,20.7,26.1,10.0,8.3,Patchy rain possible,3.400000000000002,8,0
23.9,0.0,66,1013.0,8.6,0,17.2,25.5,10.0,9.9,Sunny,6.699999999999999,12,8
31.3,0.1,66,1003.0,7.1,89,24.1,37.0,10.0,16.0,Patchy rain possible,7.199999999999999,11,0
26.3,0.0,84,1005.0,2.5,93,23.4,29.4,10.0,4.2,Overcast,2.900000000000002,22,7
23.5,0.3,94,1018.0,10.1,100,20.9,25.9,10.0,25.9,Patchy rain possible,2.6000000000000014,13,0
24.1,0.0,92,1012.0,5.0,81,22.7,26.6,10.0,7.5,Cloudy,1.400000000000002,0,1
31.1,0.7,73,1008.0,8.3,62,24.9,37.7,10.0,18.1,Moderate rain at times,6.200000000000003,13,6
23.7,1.4,92,1009.0,10.2,62,22.4,26.0,5.0,17.7,Heavy rain at times,1.3000000000000007,23,5
24.3,0.0,89,1011.0,2.2,9,22.4,26.7,10.0,3.8,Clear,1.900000000000002,19,3
27.9,0.1,83,1006.0,10.8,84,24.7,32.6,9.0,13.9,Patchy rain possible,3.1999999999999997,17,0
20.5,0.2,92,1013.0,5.8,55,19.2,22.5,10.0,10.7,Patchy rain possible,1.3000000000000007,6,0
19.3,0.0,92,1014.0,6.1,77,18.1,21.3,10.0,11.1,Cloudy,1.1999999999999993,6,1
29.4,10.8,64,1002.0,7.6,82,24.4,34.6,10.0,20.3,Moderate or heavy rain shower,5.0,13,4
23.7,0.1,89,1012.0,5.4,77,21.8,25.9,10.0,9.0,Patchy rain possible,1.8999999999999984,3,0
23.1,3.2,91,1013.0,9.4,75,21.6,25.4,10.0,17.2,Moderate or heavy rain shower,1.5,19,4
23.1,0.0,90,1006.0,7.2,56,21.3,25.3,10.0,11.8,Partly cloudy,1.8000000000000007,3,2
28.8,0.0,82,1005.0,5.8,16,24.9,34.1,10.0,11.1,Clear,3.900000000000002,22,3
24.9,0.0,85,1004.0,6.4,20,22.1,27.2,10.0,12.5,Sunny,2.799999999999997,6,8
23.1,0.2,95,1012.0,10.8,55,22.3,25.5,2.0,13.2,Patchy rain possible,0.8000000000000007,4,0
30.4,0.1,65,1002.0,7.5,83,23.2,35.0,10.0,15.7,Patchy rain possible,7.199999999999999,16,0
28.4,0.0,74,1006.0,7.6,12,23.4,32.3,10.0,10.8,Sunny,5.0,7,8
19.6,0.1,88,1020.0,11.9,100,17.5,21.6,10.0,18.6,Patchy rain possible,2.1000000000000014,1,0
28.1,0.0,86,1009.0,5.8,67,25.3,33.3,10.0,8.1,Cloudy,2.8000000000000007,8,1
21.4,0.0,90,1017.0,18.4,100,18.2,23.4,2.0,24.3,Overcast,3.1999999999999997,11,7
25.3,0.0,90,1006.0,6.5,14,23.5,28.3,10.0,13.8,Clear,1.8000000000000007,3,3
20.8,0.3,85,1021.0,9.7,78,18.2,22.8,10.0,15.6,Patchy rain possible,2.6000000000000014,0,0
29.4,0.0,87,1004.0,11.5,80,23.8,37.3,10.0,25.9,Cloudy,5.599999999999998,18,1
30.1,0.0,82,1004.0,6.5,86,25.0,36.2,10.0,11.2,Overcast,5.100000000000001,18,7
23.6,0.8,93,1014.0,7.5,93,22.4,26.0,10.0,16.4,Moderate rain at times,1.2000000000000028,23,6
26.2,0.0,77,1007.0,7.6,27,21.8,28.5,10.0,14.1,Partly cloudy,4.399999999999999,3,2
25.6,0.0,90,1006.0,6.8,67,23.9,28.8,10.0,11.2,Cloudy,1.7000000000000028,2,1
20.8,0.0,81,1017.0,5.8,76,17.5,22.8,10.0,8.5,Cloudy,3.3000000000000007,7,1
25.0,0.0,89,1009.0,6.1,77,23.1,27.7,10.0,9.4,Cloudy,1.8999999999999984,20,1
19.0,0.0,89,1017.0,6.8,100,17.2,21.0,10.0,10.8,Overcast,1.8000000000000007,23,7
22.5,0.0,83,1015.0,11.2,100,19.5,24.8,10.0,29.3,Overcast,3.0,13,7
22.4,2.88,93,1005.0,15.0,100,18.2,24.7,7.0,22.8,Moderate or heavy rain shower,4.199999999999999,8,4
24.4,0.0,88,1006.0,5.2,21,22.3,26.7,10.0,6.2,Clear,2.099999999999998,4,3
25.4,0.0,85,1006.0,7.9,100,22.6,28.0,10.0,10.2,Overcast,2.799999999999997,0,7
19.3,0.1,81,1022.0,14.0,70,16.0,21.3,10.0,22.5,Patchy rain possible,3.3000000000000007,3,0
19.8,0.0,76,1017.0,5.4,24,15.4,21.8,10.0,6.3,Sunny,4.4,9,8
28.3,0.0,74,1009.0,4.0,40,23.2,32.0,10.0,4.6,Partly cloudy,5.100000000000001,8,2
22.9,0.0,71,1015.0,7.9,79,16.6,24.9,10.0,13.4,Cloudy,6.299999999999997,13,1
20.8,0.0,91,1014.0,4.7,100,19.4,22.8,10.0,6.8,Overcast,1.400000000000002,18,7
25.6,0.0,74,1013.0,5.0,86,19.0,27.1,10.0,12.8,Overcast,6.600000000000001,11,7
26.1,0.1,89,1012.0,14.6,100,22.4,28.7,10.0,25.6,Patchy rain possible,3.700000000000003,14,0
23.0,0.3,88,1013.0,4.3,82,20.9,25.2,10.0,7.2,Patchy rain possible,2.1000000000000014,0,0
23.0,1.5,86,1017.0,9.3,86,20.5,25.2,10.0,15.1,Moderate or heavy rain shower,2.5,8,4
30.5,0.0,82,1004.0,6.5,86,24.6,36.6,10.0,14.6,Overcast,5.899999999999999,19,7
21.8,0.0,82,1018.0,5.4,100,18.7,23.8,10.0,6.7,Overcast,3.1000000000000014,9,7
28.2,0.0,81,1009.0,12.6,88,23.4,32.1,10.0,19.5,Overcast,4.800000000000001,13,7
29.3,0.0,81,1006.0,13.0,83,25.7,35.6,9.0,17.3,Cloudy,3.6000000000000014,16,1
25.4,0.0,74,1011.0,10.8,76,20.5,27.2,10.0,21.0,Cloudy,4.899999999999999,14,1
26.7,3.2,94,1006.0,4.7,79,25.6,31.5,10.0,7.7,Moderate or heavy rain shower,1.099999999999998,20,4
23.0,10.44,98,1014.0,13.0,100,22.6,25.5,5.0,18.4,Moderate or heavy rain shower,0.3999999999999986,9,4
23.7,1.9,90,1015.0,12.4,69,22.0,26.0,10.0,25.8,Moderate or heavy rain shower,1.6999999999999993,19,4
21.9,0.0,83,1018.0,6.8,100,18.9,23.9,10.0,8.5,Overcast,3.0,10,7
24.9,0.0,92,1008.0,7.9,72,23.5,27.8,10.0,8.8,Cloudy,1.3999999999999986,4,1
18.2,0.0,83,1015.0,4.0,0,15.2,20.2,10.0,7.2,Clear,3.0,20,3
31.2,0.0,70,1010.0,3.2,44,23.9,36.8,10.0,9.5,Partly cloudy,7.300000000000001,10,2
23.2,0.1,89,1013.0,5.9,100,21.2,25.4,10.0,9.2,Patchy rain possible,2.0,1,0
23.2,0.0,85,1014.0,7.9,72,20.5,25.3,10.0,14.8,Cloudy,2.6999999999999997,16,1
19.7,0.0,78,1022.0,4.3,16,15.8,21.7,10.0,7.4,Clear,3.899999999999999,21,3
27.3,0.0,75,1005.0,9.7,13,22.5,30.3,10.0,13.5,Sunny,4.800000000000001,6,8
23.7,0.2,86,1012.0,5.8,73,21.3,25.9,10.0,10.4,Patchy rain possible,2.3999999999999986,5,0
26.7,0.0,78,1006.0,7.9,16,22.5,29.5,10.0,9.9,Clear,4.199999999999999,4,3
30.8,1.27,67,1003.0,7.6,100,24.0,36.3,10.0,10.7,Light rain shower,6.800000000000001,13,9
22.3,0.1,97,1015.0,9.7,100,21.8,24.8,2.0,12.8,Patchy rain possible,0.5,12,0
21.2,0.2,88,1015.0,16.9,100,18.5,23.2,10.0,26.2,Patchy rain possible,2.6999999999999997,13,0
29.5,0.8,78,1004.0,7.9,82,25.4,35.7,9.0,20.4,Moderate rain at times,4.100000000000001,16,6
23.2,0.0,85,1010.0,4.9,11,20.5,25.3,10.0,5.4,Clear,2.6999999999999997,5,3
30.5,2.7,73,1005.0,14.5,84,25.0,36.8,9.0,24.2,Moderate or heavy rain shower,5.5,16,4
23.6,2.5,95,1013.0,18.4,100,22.8,26.1,7.0,24.9,Moderate or heavy rain shower,0.8000000000000007,10,4
21.1,0.6,93,1023.0,16.5,100,20.0,23.1,9.0,30.7,Moderate rain at times,1.1000000000000014,8,6
31.3,0.0,71,1007.0,11.3,48,24.2,38.5,10.0,24.2,Partly cloudy,7.100000000000001,12,2
28.3,0.0,80,1009.0,10.8,10,24.6,33.1,10.0,18.6,Sunny,3.6999999999999993,10,8
30.7,0.0,64,1007.0,10.1,22,23.2,35.4,10.0,12.6,Sunny,7.5,10,8
25.7,0.2,87,1006.0,6.8,78,23.4,28.6,10.0,12.5,Patchy rain possible,2.3000000000000007,22,0
25.3,0.1,94,1009.0,9.4,66,23.1,28.6,8.0,11.7,Patchy rain possible,2.1999999999999997,19,0
25.4,0.0,87,1009.0,7.6,14,23.2,28.2,10.0,9.9,Clear,2.1999999999999997,0,3
19.0,0.0,92,1011.0,6.5,10,17.8,21.0,10.0,7.9,Clear,1.1999999999999993,23,3
29.1,0.1,77,1000.0,13.0,63,24.7,34.4,10.0,18.4,Patchy rain possible,4.400000000000002,16,0
28.9,5.9,78,1002.0,6.6,51,24.7,34.1,5.0,14.3,Moderate or heavy rain shower,4.199999999999999,16,4
27.0,2.3,91,1003.0,10.4,100,25.0,31.5,2.0,14.7,Moderate or heavy rain shower,2.0,12,4
19.6,0.1,89,1019.0,3.2,63,17.7,21.6,10.0,5.4,Patchy rain possible,1.900000000000002,23,0
24.8,0.0,89,1008.0,5.9,10,22.8,27.4,10.0,7.4,Clear,2.0,23,3
29.4,0.3,77,1001.0,9.9,88,24.9,34.9,9.0,18.5,Patchy rain possible,4.5,13,0
25.9,0.0,80,1004.0,10.1,21,22.1,28.4,10.0,13.4,Clear,3.799999999999997,5,3
27.8,0.4,83,1009.0,6.5,83,24.6,32.4,10.0,11.8,Patchy rain possible,3.1999999999999997,21,0
24.4,0.2,86,1014.0,6.8,79,21.9,26.6,10.0,11.3,Patchy rain possible,2.5,23,0
26.2,0.1,85,1010.0,6.5,82,23.3,29.2,10.0,9.9,Patchy rain possible,2.8999999999999986,18,0
30.1,0.0,76,1007.0,13.6,12,24.0,36.4,10.0,26.3,Sunny,6.100000000000001,15,8
23.3,0.6,75,1016.0,10.4,69,18.7,25.2,10.0,26.8,Moderate rain at times,4.600000000000001,13,6
27.4,0.2,71,1012.0,7.9,73,21.6,29.9,10.0,15.7,Patchy rain possible,5.799999999999997,12,0
22.6,0.0,93,1010.0,6.1,17,21.4,25.0,10.0,7.4,Clear,1.2000000000000028,21,3
19.2,0.0,74,1017.0,2.9,14,14.5,21.2,10.0,7.8,Sunny,4.699999999999999,8,8
26.3,0.0,80,1003.0,8.3,7,23.4,29.5,10.0,16.9,Clear,2.900000000000002,2,3
27.5,0.0,82,1005.0,11.9,7,23.6,31.4,10.0,16.9,Sunny,3.899999999999999,17,8
26.7,0.0,77,1006.0,9.0,14,22.3,29.4,10.0,11.2,Clear,4.399999999999999,5,3
19.4,0.1,90,1017.0,10.1,100,17.6,21.4,10.0,14.9,Patchy rain possible,1.7999999999999972,19,0
24.2,4.74,93,1008.0,11.5,100,23.0,26.8,7.0,22.3,Moderate or heavy rain shower,1.1999999999999993,1,4
24.9,0.1,88,1012.0,0.4,96,22.8,27.5,10.0,4.4,Patchy rain possible,2.099999999999998,8,0
29.4,0.1,77,1004.0,11.5,72,23.7,34.0,9.0,20.7,Patchy rain possible,5.699999999999999,18,0
24.3,0.0,88,1006.0,5.2,19,22.2,26.7,10.0,6.2,Clear,2.1000000000000014,5,3
22.3,0.0,96,1014.0,5.0,95,21.6,24.8,2.0,8.0,Overcast,0.6999999999999993,22,7
20.6,0.4,84,1018.0,7.8,90,17.8,22.6,10.0,13.8,Patchy rain possible,2.8000000000000007,22,0
26.5,0.0,81,1010.0,16.9,84,23.0,29.5,9.0,25.9,Cloudy,3.5,16,1
23.4,0.3,89,1012.0,9.0,87,21.5,25.6,9.0,14.4,Patchy rain possible,1.8999999999999984,18,0
23.3,0.1,89,1014.0,9.7,88,21.4,25.5,9.0,11.6,Patchy rain possible,1.900000000000002,20,0
25.1,0.0,90,1007.0,7.9,81,23.4,27.9,10.0,15.5,Cloudy,1.7000000000000028,23,1
24.6,0.0,88,1010.0,7.2,39,22.5,27.1,10.0,11.9,Partly cloudy,2.1000000000000014,23,2
25.5,0.0,86,1013.0,14.4,87,20.8,27.5,10.0,19.2,Overcast,4.699999999999999,14,7
21.1,0.0,85,1016.0,1.8,95,18.5,23.1,10.0,2.5,Overcast,2.6000000000000014,5,7
22.4,0.0,88,1014.0,8.3,100,18.9,24.8,10.0,17.2,Overcast,3.5,15,7
21.6,0.0,86,1018.0,2.5,89,19.2,23.6,10.0,3.2,Overcast,2.400000000000002,8,7
21.8,0.0,75,1015.0,13.7,88,17.1,23.8,10.0,22.1,Overcast,4.699999999999999,14,7
24.8,0.0,93,1004.0,8.6,78,23.5,27.6,9.0,10.4,Cloudy,1.3000000000000007,0,1
25.3,0.0,87,1003.0,9.2,52,23.0,28.0,10.0,19.1,Partly cloudy,2.3000000000000007,1,2
23.3,0.0,93,1011.0,4.3,29,22.2,25.7,10.0,7.5,Partly cloudy,1.1000000000000014,20,2
20.5,0.0,81,1017.0,10.8,100,17.2,22.5,10.0,15.7,Overcast,3.3000000000000007,20,7
25.5,0.4,83,1013.0,16.1,69,22.4,28.0,10.0,26.1,Patchy rain possible,3.1000000000000014,14,0
28.2,0.0,73,1008.0,14.4,7,22.9,31.7,10.0,19.9,Sunny,5.300000000000001,12,8
23.9,0.0,90,1015.0,2.2,73,22.1,26.2,10.0,8.1,Cloudy,1.7999999999999972,20,1
23.1,0.0,88,1012.0,5.4,100,21.0,25.3,10.0,10.3,Overcast,2.1000000000000014,18,7
19.2,0.1,90,1019.0,9.7,100,17.5,21.2,10.0,13.2,Patchy rain possible,1.6999999999999993,18,0
25.3,0.0,82,1006.0,9.4,50,21.9,27.6,10.0,12.7,Partly cloudy,3.400000000000002,5,2
17.5,0.3,88,1021.0,5.0,100,15.4,19.5,2.0,6.8,Patchy rain possible,2.1,8,0
26.3,0.0,86,1008.0,5.8,14,23.6,29.6,10.0,11.9,Clear,2.6999999999999997,23,3
22.2,0.6,95,1020.0,9.0,100,21.4,24.7,10.0,12.4,Moderate rain at times,0.8000000000000007,10,6
26.0,1.7,86,1004.0,7.2,72,23.5,29.1,10.0,12.2,Moderate or heavy rain shower,2.5,22,4
23.8,0.3,76,1016.0,9.0,75,19.4,25.7,10.0,26.7,Patchy rain possible,4.400000000000002,14,0
30.6,0.1,66,1004.0,2.5,56,23.4,35.3,10.0,12.6,Patchy rain possible,7.200000000000003,11,0
24.9,0.8,85,1016.0,12.6,90,22.3,27.3,10.0,24.7,Moderate rain at times,2.599999999999998,9,6
24.5,0.1,85,1017.0,14.5,97,21.9,26.8,10.0,23.9,Patchy rain possible,2.6000000000000014,8,0
21.1,0.1,88,1020.0,8.4,100,19.1,23.1,10.0,15.4,Patchy rain possible,2.0,20,0
25.9,0.0,94,1010.0,6.1,33,24.0,29.9,2.0,10.1,Partly cloudy,1.8999999999999984,19,2
24.1,0.0,88,1010.0,5.0,23,22.1,26.4,10.0,8.1,Clear,2.0,3,3
26.8,0.0,87,1004.0,6.8,88,24.3,30.7,10.0,13.0,Overcast,2.5,22,7
29.7,0.0,67,1008.0,4.3,10,22.5,33.4,10.0,5.0,Sunny,7.199999999999999,8,8
21.9,0.1,95,1015.0,2.5,91,21.1,23.9,2.0,3.7,Patchy rain possible,0.7999999999999972,6,0
24.8,0.6,91,1011.0,9.0,89,23.2,27.5,10.0,15.2,Moderate rain at times,1.6000000000000014,18,6
25.3,0.0,87,1002.0,6.9,76,23.1,28.0,10.0,14.4,Cloudy,2.1999999999999997,3,1
23.6,0.4,92,1015.0,14.8,100,22.2,25.9,10.0,20.5,Patchy rain possible,1.400000000000002,8,0
28.7,0.0,65,1005.0,9.4,10,21.5,31.6,10.0,12.2,Sunny,7.199999999999999,7,8
28.0,0.0,84,1003.0,11.2,20,23.8,32.1,10.0,16.9,Clear,4.199999999999999,21,3
27.1,1.3,87,1007.0,7.2,53,24.8,31.5,10.0,10.4,Heavy rain at times,2.3000000000000007,18,5
28.3,0.1,78,1005.0,11.9,82,24.2,32.7,5.0,17.1,Patchy rain possible,4.100000000000001,18,0
23.1,0.0,82,1017.0,8.3,52,19.9,25.2,10.0,13.4,Partly cloudy,3.200000000000003,20,2
27.4,0.2,78,1014.0,4.3,70,23.2,30.9,10.0,5.0,Patchy rain possible,4.199999999999999,9,0
20.3,0.0,85,1017.0,1.8,82,17.8,22.3,10.0,6.5,Cloudy,2.5,5,1
23.6,0.0,88,1014.0,5.4,82,21.6,25.8,10.0,9.0,Cloudy,2.0,19,1
25.5,2.0,94,1002.0,15.1,94,24.4,28.9,10.0,25.1,Moderate or heavy rain shower,1.1000000000000014,13,4
27.4,0.0,85,1008.0,10.1,13,23.5,31.7,10.0,14.6,Clear,3.899999999999999,19,3
26.4,0.3,92,1008.0,3.2,82,24.9,30.5,10.0,5.5,Patchy rain possible,1.5,22,0
28.4,0.0,70,1009.0,8.3,23,22.4,31.7,10.0,15.1,Sunny,6.0,8,8
25.7,0.0,87,1006.0,9.4,9,23.3,28.6,10.0,12.3,Clear,2.3999999999999986,1,3
28.2,0.3,83,1006.0,8.3,63,24.6,33.0,10.0,10.6,Patchy rain possible,3.599999999999998,15,0
27.5,0.1,80,1010.0,11.9,79,23.7,31.2,9.0,22.7,Patchy rain possible,3.8000000000000007,16,0
20.8,1.1,81,1024.0,16.1,98,17.4,22.8,10.0,30.5,Heavy rain at times,3.400000000000002,10,5
20.9,0.0,84,1017.0,9.0,100,18.0,22.9,10.0,16.8,Overcast,2.8999999999999986,11,7
29.8,0.0,67,998.0,7.6,100,25.0,35.8,10.0,18.4,Overcast,4.800000000000001,18,7
22.4,0.0,95,1013.0,11.2,100,21.6,24.9,2.0,19.0,Overcast,0.7999999999999972,17,7
21.5,0.1,86,1006.0,5.8,100,19.1,23.5,10.0,9.4,Patchy rain possible,2.3999999999999986,0,0
22.1,0.1,84,1018.0,0.7,100,19.3,24.6,10.0,6.4,Patchy rain possible,2.8000000000000007,8,0
31.1,0.0,68,1008.0,8.7,47,23.9,37.3,10.0,18.3,Partly cloudy,7.200000000000003,11,2
25.6,0.0,82,1012.0,6.8,73,22.3,28.0,10.0,11.4,Cloudy,3.3000000000000007,19,1
19.6,0.2,89,1015.0,9.3,100,17.7,21.6,2.0,15.0,Patchy rain possible,1.900000000000002,5,0
25.6,0.0,87,1010.0,11.9,81,23.4,28.6,10.0,12.3,Cloudy,2.200000000000003,19,1
29.6,0.2,72,1011.0,11.9,83,23.9,34.3,10.0,17.6,Patchy rain possible,5.700000000000003,11,0
25.9,0.0,90,1004.0,6.8,24,23.7,29.1,10.0,11.6,Clear,2.1999999999999997,0,3
27.6,0.0,75,1003.0,8.3,25,22.7,30.8,10.0,17.4,Sunny,4.900000000000002,7,8
23.9,0.0,94,1006.0,4.7,19,22.8,26.4,10.0,6.3,Clear,1.099999999999998,2,3
26.7,0.0,83,1007.0,4.7,60,23.5,30.1,10.0,8.7,Partly cloudy,3.1999999999999997,20,2
19.3,0.1,82,1019.0,10.4,61,16.2,21.3,10.0,16.3,Patchy rain possible,3.1000000000000014,0,0
23.2,0.0,87,1010.0,6.5,9,20.9,25.4,10.0,11.6,Clear,2.3000000000000007,0,3
27.8,0.1,75,1013.0,11.2,85,23.0,31.2,9.0,19.6,Patchy rain possible,4.800000000000001,11,0
25.0,0.0,87,1009.0,12.2,95,22.6,27.5,2.0,20.0,Overcast,2.3999999999999986,16,7
24.7,0.4,79,1015.0,8.6,89,20.8,26.6,10.0,17.3,Patchy rain possible,3.899999999999999,11,0
30.7,0.0,73,1007.0,7.6,46,24.5,36.7,10.0,17.7,Partly cloudy,6.199999999999999,14,2
21.9,0.0,94,1008.0,8.3,21,20.8,23.9,10.0,10.5,Clear,1.099999999999998,6,3
20.5,0.0,73,1018.0,2.9,56,15.5,22.5,10.0,8.2,Partly cloudy,5.0,9,2
26.6,0.0,77,1007.0,5.7,6,22.2,29.3,10.0,13.1,Sunny,4.400000000000002,7,8
26.6,1.7,84,1005.0,3.2,50,23.7,30.0,10.0,12.1,Moderate or heavy rain shower,2.900000000000002,19,4
25.9,0.0,88,1007.0,5.0,37,23.8,29.2,10.0,8.5,Partly cloudy,2.099999999999998,23,2
29.5,0.6,74,1004.0,5.6,71,23.8,34.3,10.0,11.5,Moderate rain at times,5.699999999999999,8,6
30.3,0.1,73,1009.0,11.5,75,24.9,36.3,10.0,13.2,Patchy rain possible,5.400000000000002,12,0
25.3,0.0,90,1008.0,9.4,61,23.6,28.2,10.0,11.0,Cloudy,1.6999999999999993,3,1
21.4,0.0,86,1005.0,9.6,100,19.0,23.4,2.0,16.7,Overcast,2.3999999999999986,2,7
20.3,0.0,89,1014.0,2.5,91,18.4,22.3,10.0,4.3,Overcast,1.900000000000002,6,7
26.7,0.0,84,1008.0,13.3,70,22.3,30.2,10.0,22.3,Cloudy,4.399999999999999,16,1
24.7,0.2,88,1012.0,3.2,75,22.6,27.1,10.0,5.1,Patchy rain possible,2.099999999999998,20,0
20.6,0.1,93,1017.0,11.5,100,19.4,22.6,10.0,16.7,Patchy rain possible,1.2000000000000028,2,0
22.6,0.0,94,1006.0,5.3,12,21.5,25.0,10.0,6.9,Clear,1.1000000000000014,4,3
25.5,0.0,85,1013.0,14.8,81,20.9,27.5,10.0,19.4,Cloudy,4.600000000000001,13,1
20.0,0.2,86,1015.0,8.0,100,17.4,22.0,10.0,20.4,Patchy rain possible,2.6000000000000014,2,0
21.5,0.8,97,1017.0,11.9,100,20.9,23.5,9.0,21.9,Moderate rain at times,0.6000000000000014,5,6
20.5,0.1,82,1017.0,10.1,88,17.2,22.5,10.0,11.7,Patchy rain possible,3.3000000000000007,22,0
31.1,0.0,71,1003.0,11.9,9,25.2,37.9,10.0,15.9,Sunny,5.900000000000002,17,8
26.4,0.0,83,1008.0,8.3,74,23.2,29.5,10.0,14.6,Cloudy,3.1999999999999997,16,1
20.1,0.0,89,1016.0,9.4,82,18.9,22.1,10.0,13.2,Cloudy,1.2000000000000028,7,1
26.4,2.8,85,1005.0,1.8,81,23.7,29.7,10.0,7.9,Moderate or heavy rain shower,2.6999999999999997,20,4
22.9,0.2,83,1016.0,10.8,54,20.0,25.0,10.0,12.9,Patchy rain possible,2.8999999999999986,13,0
23.5,0.4,88,1013.0,5.8,93,21.4,25.6,10.0,9.5,Patchy rain possible,2.1000000000000014,23,0
27.2,0.0,71,1001.0,9.4,37,21.4,29.6,10.0,17.0,Partly cloudy,5.800000000000001,3,2
24.5,0.0,96,1011.0,5.0,41,24.0,27.5,2.0,8.5,Partly cloudy,0.5,0,2
18.6,0.0,79,1021.0,6.8,95,14.9,20.6,10.0,11.2,Overcast,3.700000000000001,3,7
26.0,0.0,91,1003.0,6.8,81,24.3,29.6,9.0,8.0,Cloudy,1.6999999999999993,1,1
25.2,0.2,81,1015.0,12.6,88,21.6,27.4,10.0,21.4,Patchy rain possible,3.599999999999998,9,0
20.5,0.3,92,1018.0,14.0,95,19.1,22.5,10.0,16.6,Patchy rain possible,1.3999999999999986,23,0
22.4,0.0,92,1008.0,6.8,49,21.0,24.8,10.0,13.2,Partly cloudy,1.3999999999999986,6,2
27.5,0.0,74,1009.0,5.3,13,22.4,30.5,10.0,13.5,Sunny,5.100000000000001,7,8
19.6,0.0,89,1017.0,13.0,100,17.9,21.6,10.0,15.4,Overcast,1.7000000000000028,1,7
19.5,0.3,87,1017.0,10.1,100,17.4,21.5,10.0,14.8,Patchy rain possible,2.1000000000000014,20,0
24.1,0.1,90,1013.0,5.0,71,22.3,26.4,10.0,8.4,Patchy rain possible,1.8000000000000007,22,0
24.0,0.0,83,1012.0,10.8,96,20.9,26.0,10.0,16.3,Overcast,3.1000000000000014,2,7
25.7,0.0,88,1006.0,6.2,17,23.5,28.8,10.0,12.0,Clear,2.1999999999999997,0,3
23.4,0.1,92,1011.0,7.6,80,22.0,25.7,10.0,8.2,Patchy rain possible,1.3999999999999986,3,0
28.2,0.1,77,1012.0,7.2,76,23.7,32.2,10.0,13.8,Patchy rain possible,4.5,9,0
28.9,0.4,71,999.0,9.5,82,23.1,32.7,10.0,26.5,Patchy rain possible,5.799999999999997,17,0
16.7,0.1,90,1019.0,6.1,100,15.1,18.7,10.0,8.7,Patchy rain possible,1.5999999999999996,6,0
26.8,0.0,79,1005.0,10.4,14,22.7,29.7,10.0,15.2,Clear,4.100000000000001,1,3
22.3,0.0,88,1011.0,7.9,20,20.2,24.7,10.0,13.4,Sunny,2.1000000000000014,7,8
26.1,0.0,85,1007.0,8.3,22,23.3,29.1,10.0,15.6,Clear,2.8000000000000007,23,3
20.6,2.0,88,1020.0,14.8,100,18.6,22.6,10.0,24.1,Moderate or heavy rain shower,2.0,11,4
22.5,1.6,88,1013.0,10.7,76,21.2,24.8,10.0,21.5,Moderate or heavy rain shower,1.3000000000000007,3,4
21.2,0.8,92,1023.0,17.1,100,19.9,23.2,9.0,29.3,Moderate rain at times,1.3000000000000007,9,6
29.2,0.0,72,1002.0,13.0,6,23.6,33.6,10.0,18.0,Sunny,5.599999999999998,15,8
22.6,0.0,83,1004.0,8.0,44,19.5,24.8,10.0,13.5,Partly cloudy,3.1000000000000014,21,2
23.3,0.3,90,1014.0,3.6,100,21.6,25.5,10.0,5.4,Patchy rain possible,1.6999999999999993,6,0
19.6,0.0,88,1014.0,7.9,88,17.6,21.6,10.0,11.8,Overcast,2.0,5,7
19.6,0.1,81,1023.0,15.3,69,16.3,21.6,10.0,25.3,Patchy rain possible,3.3000000000000007,1,0
25.8,0.0,80,1006.0,6.8,25,22.0,28.2,10.0,8.7,Clear,3.8000000000000007,2,3
28.6,0.1,80,1007.0,14.0,78,24.9,33.7,9.0,24.4,Patchy rain possible,3.700000000000003,18,0
25.7,0.0,88,1012.0,4.3,16,23.6,28.7,10.0,5.9,Sunny,2.099999999999998,7,8
22.2,0.4,95,1016.0,3.6,100,21.3,24.7,2.0,9.6,Patchy rain possible,0.8999999999999986,10,0
27.8,0.0,67,1013.0,6.8,1,21.2,30.2,10.0,7.9,Sunny,6.600000000000001,9,8
25.4,0.0,89,1012.0,4.7,70,23.4,28.3,10.0,7.8,Cloudy,2.0,21,1
21.8,0.1,95,1020.0,9.6,100,21.0,23.8,10.0,18.3,Patchy rain possible,0.8000000000000007,8,0
26.9,0.0,75,1009.0,10.8,5,22.1,29.6,10.0,13.9,Sunny,4.799999999999997,17,8
23.9,0.3,90,1014.0,14.0,90,22.2,26.2,10.0,29.4,Patchy rain possible,1.6999999999999993,1,0
22.9,0.6,86,1015.0,18.7,100,20.5,25.1,10.0,30.0,Moderate rain at times,2.3999999999999986,15,6
21.9,0.0,88,1018.0,6.1,100,18.5,23.9,2.0,17.0,Overcast,3.3999999999999986,11,7
27.8,0.0,90,1006.0,8.8,88,25.0,33.6,10.0,13.5,Overcast,2.8000000000000007,21,7
25.2,0.0,89,1011.0,8.6,100,21.2,27.3,10.0,17.5,Overcast,4.0,14,7
27.3,0.0,86,1009.0,4.0,85,23.3,31.7,9.0,11.6,Overcast,4.0,18,7
23.7,0.2,90,1013.0,15.0,100,22.1,26.0,10.0,29.0,Patchy rain possible,1.599999999999998,5,0
28.7,0.0,70,1008.0,11.9,85,22.7,32.2,10.0,14.4,Overcast,6.0,11,7
24.5,0.0,80,1013.0,14.8,98,20.7,26.4,10.0,22.0,Overcast,3.8000000000000007,19,7
28.9,0.0,91,1006.0,10.3,79,24.1,37.0,9.0,19.3,Cloudy,4.799999999999997,19,1
23.5,0.2,81,1015.0,9.4,63,20.1,25.5,10.0,17.6,Patchy rain possible,3.3999999999999986,15,0
30.0,0.0,67,1009.0,5.0,12,23.1,34.3,10.0,12.3,Sunny,6.899999999999999,9,8
21.5,0.7,94,1018.0,5.3,100,20.6,23.5,10.0,9.2,Moderate rain at times,0.8999999999999986,22,6
21.6,0.4,93,1016.0,11.9,100,20.4,23.6,10.0,17.1,Patchy rain possible,1.2000000000000028,19,0
28.2,0.1,77,1012.0,2.2,88,23.8,32.3,9.0,10.8,Patchy rain possible,4.399999999999999,10,0
18.9,0.0,89,1013.0,7.9,3,17.1,20.9,10.0,14.5,Clear,1.7999999999999972,23,3
25.1,0.0,86,1004.0,7.6,84,22.7,27.6,10.0,14.4,Cloudy,2.400000000000002,3,1
29.1,0.0,73,1005.0,2.2,28,23.7,33.5,10.0,11.2,Partly cloudy,5.400000000000002,10,2
24.6,0.0,87,1013.0,6.5,100,22.4,27.0,10.0,10.0,Overcast,2.200000000000003,0,7
24.3,0.0,86,1006.0,7.6,11,21.8,26.5,10.0,10.1,Clear,2.5,4,3
21.5,0.1,80,1016.0,4.0,82,18.0,23.5,10.0,11.1,Patchy rain possible,3.5,11,0
27.3,0.2,83,1003.0,6.5,88,24.2,31.2,10.0,10.9,Patchy rain possible,3.1000000000000014,20,0
20.0,0.0,76,1015.0,5.4,58,15.7,22.0,10.0,7.7,Partly cloudy,4.300000000000001,21,2
30.5,0.0,69,1009.0,9.0,15,24.2,36.0,10.0,10.4,Sunny,6.300000000000001,11,8
20.3,0.0,80,1015.0,8.6,100,16.6,22.3,10.0,13.5,Overcast,3.6999999999999993,5,7
26.6,0.0,93,1006.0,12.5,50,24.1,30.2,5.0,24.2,Partly cloudy,2.5,20,2
17.5,0.0,86,1017.0,10.8,2,15.2,19.5,10.0,20.4,Clear,2.3000000000000007,2,3
29.8,0.1,66,1003.0,2.5,50,22.8,33.7,10.0,13.9,Patchy rain possible,7.0,10,0
18.3,0.0,87,1014.0,7.6,38,16.0,20.3,10.0,14.5,Partly cloudy,2.3000000000000007,4,2
17.8,0.1,89,1015.0,4.0,91,16.0,19.8,10.0,6.3,Patchy rain possible,1.8000000000000007,4,0
24.5,0.0,95,1010.0,4.3,53,23.5,27.3,2.0,6.9,Partly cloudy,1.0,20,2
19.0,0.0,76,1016.0,4.3,0,14.6,21.0,10.0,5.9,Sunny,4.4,8,8
20.8,0.0,91,1014.0,9.4,100,19.3,22.8,2.0,12.8,Overcast,1.5,16,7
23.3,0.0,88,1014.0,9.1,95,21.2,25.5,10.0,14.3,Overcast,2.1000000000000014,6,7
21.1,0.0,80,1013.0,10.8,71,17.6,23.1,10.0,14.8,Cloudy,3.5,17,1
25.0,0.5,80,1014.0,6.1,75,21.3,27.0,10.0,11.1,Moderate rain at times,3.6999999999999993,8,6
21.5,0.0,90,1012.0,5.4,95,19.9,23.5,10.0,9.0,Overcast,1.6000000000000014,5,7
26.8,0.0,82,1004.0,9.0,66,23.6,30.3,10.0,11.9,Cloudy,3.1999999999999997,4,1
23.7,0.5,90,1015.0,14.3,100,21.9,26.0,10.0,29.4,Moderate rain at times,1.8000000000000007,1,6
18.9,0.1,85,1017.0,9.0,75,16.4,20.9,10.0,13.8,Patchy rain possible,2.5,3,0
24.0,0.0,92,1007.0,7.6,49,22.6,26.4,10.0,8.9,Partly cloudy,1.3999999999999986,2,2
24.4,0.2,87,1012.0,10.4,100,22.2,26.7,10.0,16.1,Patchy rain possible,2.1999999999999997,1,0
20.3,1.5,87,1017.0,18.0,100,18.1,22.3,10.0,29.6,Moderate or heavy rain shower,2.1999999999999997,15,4
27.6,0.4,86,1002.0,4.3,53,24.4,31.9,10.0,13.0,Patchy rain possible,3.200000000000003,18,0
24.9,0.0,94,1003.0,5.8,68,23.9,27.9,10.0,9.9,Cloudy,1.0,4,1
28.3,2.91,87,1006.0,9.0,89,25.3,33.7,7.0,14.8,Moderate or heavy rain shower,3.0,18,4
20.1,1.5,92,1020.0,14.2,100,18.8,22.1,9.0,24.7,Moderate or heavy rain shower,1.3000000000000007,2,4
24.0,0.1,94,1005.0,5.0,83,23.0,26.6,9.0,7.6,Patchy rain possible,1.0,3,0
23.2,0.0,74,1017.0,9.7,85,18.3,25.1,10.0,18.8,Overcast,4.899999999999999,15,7
28.4,0.0,70,1001.0,10.4,46,22.4,31.6,10.0,20.8,Partly cloudy,6.0,19,2
24.7,0.0,86,1004.0,5.9,21,22.2,27.1,10.0,12.0,Clear,2.5,5,3
16.8,0.9,91,1019.0,14.2,100,15.3,18.8,10.0,25.5,Moderate rain at times,1.5,4,6
25.4,0.1,90,1010.0,5.0,69,23.7,28.5,10.0,8.0,Patchy rain possible,1.6999999999999993,20,0
22.6,0.5,89,1012.0,5.0,100,20.7,24.9,10.0,7.6,Moderate rain at times,1.900000000000002,3,6
26.2,0.0,88,1009.0,7.6,23,24.0,29.6,10.0,10.1,Sunny,2.1999999999999997,7,8
28.2,0.0,74,1012.0,10.4,31,22.4,31.8,10.0,18.6,Partly cloudy,5.800000000000001,11,2
25.1,0.2,88,1014.0,9.0,83,22.9,27.7,9.0,14.8,Patchy rain possible,2.200000000000003,22,0
18.9,0.3,83,1021.0,7.2,90,15.9,20.9,10.0,15.9,Patchy rain possible,2.9999999999999982,11,0
20.6,0.1,79,1015.0,8.3,84,16.8,22.6,10.0,13.4,Patchy rain possible,3.8000000000000007,18,0
22.1,0.5,86,1016.0,7.9,70,19.7,24.6,10.0,11.2,Moderate rain at times,2.400000000000002,17,6
19.0,0.0,92,1021.0,10.4,100,17.8,21.0,10.0,14.0,Overcast,1.1999999999999993,0,7
20.9,0.0,74,1018.0,5.6,76,16.1,22.9,10.0,11.0,Cloudy,4.799999999999997,19,1
29.4,0.2,76,1000.0,13.7,72,24.7,34.9,9.0,18.4,Patchy rain possible,4.699999999999999,17,0
26.4,0.0,79,1006.0,7.9,5,22.6,29.2,10.0,14.5,Sunny,3.799999999999997,6,8
23.8,0.0,90,1013.0,5.0,26,22.0,26.0,10.0,9.1,Partly cloudy,1.8000000000000007,21,2
24.7,0.3,82,1015.0,9.0,89,21.5,26.9,9.0,11.8,Patchy rain possible,3.1999999999999997,9,0
20.0,0.0,86,1014.0,7.2,100,17.6,22.0,10.0,10.8,Overcast,2.3999999999999986,4,7
23.9,0.0,90,1009.0,8.3,52,22.1,26.2,10.0,13.1,Partly cloudy,1.7999999999999972,21,2
21.6,0.3,90,1019.0,4.3,100,20.0,23.6,10.0,6.9,Patchy rain possible,1.6000000000000014,22,0
23.2,0.0,87,1007.0,5.4,43,21.0,25.4,10.0,18.4,Partly cloudy,2.1999999999999997,18,2
31.2,0.0,80,1003.0,4.0,53,24.7,37.8,10.0,7.0,Partly cloudy,6.5,18,2
27.1,2.0,79,1011.0,3.6,62,23.2,30.4,10.0,9.1,Moderate or heavy rain shower,3.900000000000002,8,4
29.4,0.0,66,1008.0,7.2,18,22.4,33.0,10.0,9.6,Sunny,7.0,7,8
27.0,0.3,83,1003.0,6.8,52,24.0,30.7,10.0,12.0,Patchy rain possible,3.0,18,0
19.1,0.0,92,1013.0,5.4,22,17.8,21.1,10.0,9.2,Clear,1.3000000000000007,3,3
29.9,0.0,69,1010.0,6.5,12,23.2,34.2,10.0,7.5,Sunny,6.699999999999999,8,8
23.4,0.7,91,1013.0,5.6,85,21.9,25.7,10.0,9.5,Moderate rain at times,1.5,21,6
21.2,0.7,94,1017.0,9.7,100,20.3,23.2,10.0,13.6,Moderate rain at times,0.8999999999999986,5,6
24.3,0.0,91,1012.0,5.8,17,22.7,26.8,10.0,9.4,Sunny,1.6000000000000014,6,8
25.7,0.0,85,1004.0,10.1,26,23.1,28.6,10.0,13.6,Partly cloudy,2.599999999999998,4,2
27.4,0.0,79,1010.0,9.4,11,23.5,31.0,10.0,11.7,Sunny,3.899999999999999,8,8
24.8,0.0,78,1013.0,8.6,17,20.8,26.8,10.0,9.9,Sunny,4.0,9,8
24.8,0.1,87,1012.0,9.0,73,22.6,27.3,10.0,15.5,Patchy rain possible,2.1999999999999997,8,0
25.0,0.0,90,1006.0,5.8,59,23.3,27.7,10.0,12.5,Partly cloudy,1.6999999999999993,0,2
23.8,0.1,75,1018.0,5.0,72,19.2,25.6,10.0,23.4,Patchy rain possible,4.600000000000001,12,0
20.6,0.0,76,1020.0,8.2,73,16.3,22.6,10.0,17.9,Cloudy,4.300000000000001,18,1
28.8,0.0,84,1002.0,10.8,74,23.9,33.3,9.0,15.6,Cloudy,4.900000000000002,20,1
20.3,0.0,85,1014.0,9.7,100,17.7,22.3,10.0,13.7,Overcast,2.6000000000000014,4,7
21.2,0.2,87,1019.0,7.9,100,19.0,23.2,10.0,11.5,Patchy rain possible,2.1999999999999997,21,0
23.9,12.6,82,1015.0,18.3,75,20.6,25.9,10.0,26.3,Moderate or heavy rain shower,3.299999999999997,12,4
26.7,0.0,73,1012.0,6.5,3,21.4,29.0,10.0,12.3,Sunny,5.300000000000001,8,8
24.8,0.0,85,1009.0,6.8,93,22.0,27.0,10.0,10.2,Overcast,2.8000000000000007,20,7
24.3,0.02,88,1009.0,7.6,60,22.3,26.6,10.0,10.7,Patchy rain possible,2.0,8,0
25.6,0.0,88,1003.0,9.7,23,23.6,28.6,10.0,12.7,Clear,2.0,3,3
19.4,0.0,85,1019.0,17.7,100,16.8,21.4,10.0,30.1,Overcast,2.599999999999998,6,7
23.1,0.0,80,1013.0,8.3,16,19.4,25.1,10.0,15.2,Sunny,3.700000000000003,10,8
29.2,0.2,85,1009.0,6.1,59,25.0,34.8,10.0,14.6,Patchy rain possible,4.199999999999999,9,0
24.9,0.2,91,1011.0,7.2,87,23.6,27.8,2.0,10.8,Patchy rain possible,1.2999999999999972,22,0
27.0,0.3,81,1014.0,9.4,76,23.5,30.4,10.0,21.7,Patchy rain possible,3.5,10,0
22.1,0.0,81,1017.0,7.9,100,18.7,24.6,10.0,15.7,Overcast,3.400000000000002,9,7
16.8,0.0,86,1019.0,6.8,100,14.5,18.8,10.0,9.7,Overcast,2.3000000000000007,0,7
23.8,0.0,92,1008.0,6.2,12,22.5,26.2,10.0,7.7,Clear,1.3000000000000007,21,3
23.5,0.1,89,1014.0,8.8,63,21.6,25.7,10.0,14.7,Patchy rain possible,1.8999999999999984,21,0
19.1,0.0,89,1016.0,6.1,86,17.3,21.1,10.0,10.2,Overcast,1.8000000000000007,4,7
28.1,0.0,91,1009.0,7.6,79,24.0,34.6,9.0,10.8,Cloudy,4.100000000000001,19,1
25.3,0.0,90,1002.0,9.7,71,23.5,28.2,9.0,11.0,Cloudy,1.8000000000000007,4,1
18.0,0.0,87,1019.0,4.7,88,15.7,20.0,10.0,7.3,Overcast,2.3000000000000007,23,7
24.3,0.76,90,1008.0,10.8,52,22.5,26.7,10.0,18.7,Light rain shower,1.8000000000000007,19,9
20.4,1.0,84,1023.0,17.3,100,17.6,22.4,10.0,28.0,Heavy rain at times,2.799999999999997,8,5
18.6,0.0,87,1016.0,12.2,100,16.5,20.6,10.0,18.0,Overcast,2.1000000000000014,7,7
22.8,0.0,67,1022.0,15.1,77,16.3,24.9,10.0,30.5,Cloudy,6.5,12,1
20.3,0.1,86,1016.0,5.5,100,17.9,22.3,10.0,8.2,Patchy rain possible,2.400000000000002,6,0
26.0,0.2,82,1015.0,7.2,61,22.2,28.8,10.0,14.5,Patchy rain possible,3.8000000000000007,11,0
27.1,0.0,75,1010.0,5.8,43,22.3,29.9,10.0,10.7,Partly cloudy,4.800000000000001,9,2
19.7,0.0,93,1015.0,8.3,24,18.5,21.7,10.0,13.7,Clear,1.1999999999999993,0,3
23.8,0.1,68,1018.0,7.2,74,17.6,25.5,10.0,14.4,Patchy rain possible,6.199999999999999,10,0
24.2,2.2,86,1013.0,6.5,81,21.8,26.4,9.0,13.3,Moderate or heavy rain shower,2.3999999999999986,6,4
21.9,0.6,92,1019.0,11.9,99,20.5,23.9,10.0,20.0,Moderate rain at times,1.3999999999999986,10,6
26.8,1.2,91,1007.0,8.7,100,25.3,31.5,10.0,14.4,Heavy rain at times,1.5,21,5
17.9,0.0,84,1019.0,9.4,75,15.1,19.9,10.0,15.7,Cloudy,2.799999999999999,3,1
24.3,0.0,69,1011.0,9.4,0,16.7,25.7,10.0,14.9,Sunny,7.600000000000001,14,8
26.2,0.0,76,1013.0,6.1,1,21.7,28.6,10.0,7.1,Sunny,4.5,8,8
29.1,0.1,74,1012.0,9.0,83,24.0,33.7,10.0,14.4,Patchy rain possible,5.100000000000001,10,0
24.3,0.5,89,1013.0,5.8,73,22.4,26.7,9.0,9.3,Moderate rain at times,1.900000000000002,18,6
21.5,0.8,86,1019.0,13.4,100,19.0,23.5,9.0,20.2,Moderate rain at times,2.5,8,6
28.8,0.0,69,1003.0,12.2,22,22.5,32.2,10.0,25.2,Clear,6.300000000000001,20,3
32.4,0.0,70,1006.0,10.6,89,25.1,39.8,9.0,17.9,Overcast,7.299999999999997,13,7
20.3,0.3,86,1023.0,13.0,100,17.8,22.3,10.0,21.9,Patchy rain possible,2.5,12,0
24.6,0.0,90,1012.0,5.0,15,22.8,27.1,10.0,8.2,Sunny,1.8000000000000007,6,8
24.2,0.0,80,1011.0,9.4,80,20.6,26.1,10.0,15.4,Cloudy,3.599999999999998,13,1
26.7,1.8,86,1005.0,6.1,84,24.1,30.4,10.0,11.6,Moderate or heavy rain shower,2.599999999999998,22,4
21.4,0.0,84,1016.0,4.7,16,18.5,23.4,10.0,5.6,Sunny,2.8999999999999986,8,8
26.6,0.0,88,1010.0,9.4,41,24.5,30.5,10.0,14.8,Partly cloudy,2.1000000000000014,19,2
23.2,0.0,73,1013.0,8.3,2,16.6,25.1,10.0,14.3,Sunny,6.599999999999998,14,8
20.1,0.0,86,1015.0,11.5,73,17.7,22.1,10.0,15.9,Cloudy,2.400000000000002,17,1
19.0,0.0,81,1013.0,4.0,0,15.6,21.0,10.0,6.8,Clear,3.4000000000000004,18,3
21.0,0.5,94,1019.0,11.5,100,19.9,23.0,10.0,19.6,Moderate rain at times,1.1000000000000014,16,6
29.2,0.4,79,1002.0,5.0,59,25.2,35.0,10.0,12.0,Patchy rain possible,4.0,14,0
24.3,0.0,88,1011.0,7.2,42,22.1,26.6,10.0,8.5,Partly cloudy,2.1999999999999997,1,2
19.8,0.0,94,1013.0,6.1,56,18.9,21.8,2.0,9.9,Partly cloudy,0.9000000000000021,3,2
25.3,0.0,89,1006.0,6.4,13,23.5,28.2,10.0,12.2,Clear,1.8000000000000007,4,3
22.0,0.1,87,1019.0,17.6,100,19.8,24.5,10.0,24.8,Patchy rain possible,2.1999999999999997,10,0
25.4,0.0,86,1005.0,8.3,71,22.9,28.1,9.0,9.9,Cloudy,2.5,5,1
27.9,0.0,91,1006.0,12.5,63,24.6,32.5,10.0,26.2,Cloudy,3.299999999999997,19,1
26.4,0.0,76,1002.0,9.7,17,21.9,28.8,10.0,13.8,Clear,4.5,4,3
28.0,0.0,84,1004.0,7.9,72,24.6,32.6,10.0,16.6,Cloudy,3.3999999999999986,23,1
21.4,0.7,86,1018.0,14.0,100,19.0,23.4,10.0,21.3,Moderate rain at times,2.3999999999999986,7,6
22.6,0.1,90,1013.0,8.6,100,20.9,24.9,10.0,14.0,Patchy rain possible,1.7000000000000028,18,0
24.0,0.1,94,1011.0,8.3,83,23.3,26.5,2.0,15.2,Patchy rain possible,0.6999999999999993,5,0
26.3,0.0,89,1009.0,8.5,53,24.1,29.9,10.0,15.1,Partly cloudy,2.1999999999999997,21,2
27.1,0.0,84,1007.0,9.0,27,24.2,31.0,10.0,15.8,Partly cloudy,2.900000000000002,21,2
27.9,0.0,77,1002.0,10.8,21,23.6,31.7,10.0,14.1,Clear,4.299999999999997,0,3
25.5,2.8,90,1012.0,10.1,53,23.8,28.6,10.0,17.1,Moderate or heavy rain shower,1.6999999999999993,16,4
26.8,0.0,81,1007.0,8.3,47,23.2,30.0,10.0,13.4,Partly cloudy,3.6000000000000014,7,2
23.7,1.17,91,1013.0,17.3,100,22.1,26.0,10.0,29.1,Heavy rain at times,1.599999999999998,6,5
23.0,1.1,85,1018.0,6.8,100,20.4,25.2,2.0,13.7,Heavy rain at times,2.6000000000000014,11,5
25.2,0.0,82,1012.0,9.0,54,21.9,27.5,10.0,16.1,Partly cloudy,3.3000000000000007,17,2
21.6,0.0,95,1012.0,6.8,46,20.7,23.6,2.0,11.4,Partly cloudy,0.9000000000000021,2,2
24.2,0.1,80,1010.0,14.4,70,20.6,26.2,10.0,16.8,Patchy rain possible,3.599999999999998,16,0
29.1,0.0,67,1008.0,7.9,41,22.4,32.6,10.0,14.1,Partly cloudy,6.700000000000003,8,2
21.4,0.0,79,1015.0,7.9,40,17.5,23.4,10.0,11.7,Partly cloudy,3.899999999999999,7,2
22.9,0.2,85,1016.0,6.8,67,20.2,25.1,10.0,14.1,Patchy rain possible,2.6999999999999997,17,0
19.6,4.1,90,1019.0,18.0,90,17.8,21.6,10.0,28.3,Moderate or heavy rain shower,1.8000000000000007,22,4
27.8,0.1,82,1004.0,4.7,53,24.4,32.1,10.0,14.2,Patchy rain possible,3.400000000000002,11,0
26.0,1.45,93,1009.0,5.0,52,24.8,30.0,7.0,7.8,Heavy rain at times,1.1999999999999993,20,5
19.7,0.4,91,1016.0,8.3,100,18.2,21.7,10.0,11.6,Patchy rain possible,1.5,17,0
26.0,0.0,84,1007.0,9.7,33,23.1,29.0,10.0,13.2,Partly cloudy,2.8999999999999986,2,2
26.1,0.1,86,1011.0,14.4,78,23.6,29.2,9.0,22.1,Patchy rain possible,2.5,14,0
21.8,0.0,94,1008.0,6.5,25,20.9,23.8,2.0,8.7,Clear,0.9000000000000021,5,3
31.1,0.0,67,1004.0,14.4,70,24.4,37.1,10.0,20.6,Cloudy,6.700000000000003,16,1
22.3,0.0,74,1021.0,16.9,51,17.4,24.7,10.0,25.9,Partly cloudy,4.900000000000002,9,2
25.4,0.0,89,1008.0,6.1,27,23.4,28.4,10.0,10.1,Partly cloudy,2.0,6,2
28.2,0.0,80,1007.0,9.4,20,23.6,32.2,10.0,12.2,Clear,4.599999999999998,23,3
26.5,0.0,89,1007.0,9.0,24,24.6,30.5,10.0,15.0,Clear,1.8999999999999984,22,3
25.2,0.0,72,1009.0,13.0,0,19.8,27.0,10.0,19.7,Sunny,5.399999999999999,13,8
19.7,0.1,91,1022.0,11.5,100,18.2,21.7,2.0,14.7,Patchy rain possible,1.5,10,0
19.3,0.2,84,1020.0,8.9,98,16.5,21.3,10.0,14.5,Patchy rain possible,2.8000000000000007,21,0
27.9,0.1,79,1012.0,11.2,73,23.8,31.8,9.0,20.2,Patchy rain possible,4.099999999999998,11,0
24.8,1.1,90,1012.0,4.9,85,23.1,27.4,10.0,11.5,Heavy rain at times,1.6999999999999993,21,5
22.6,0.1,83,1015.0,14.4,87,19.6,24.8,9.0,23.9,Patchy rain possible,3.0,16,0
29.6,1.8,78,1005.0,11.9,82,25.5,35.9,10.0,19.8,Moderate or heavy rain shower,4.100000000000001,15,4
25.2,1.6,88,1014.0,12.2,78,23.0,27.9,9.0,19.7,Moderate or heavy rain shower,2.1999999999999997,21,4
27.4,0.0,84,1009.0,14.4,70,23.4,31.5,10.0,23.5,Cloudy,4.0,15,1
22.6,0.3,90,1013.0,9.4,100,20.9,24.9,10.0,14.0,Patchy rain possible,1.7000000000000028,17,0
24.9,0.0,91,1013.0,11.8,91,23.3,27.6,10.0,19.0,Overcast,1.599999999999998,20,7
27.7,0.0,74,1014.0,1.4,21,22.6,30.9,10.0,8.4,Sunny,5.099999999999998,9,8
21.0,0.1,82,1014.0,9.7,100,17.7,23.0,10.0,19.8,Patchy rain possible,3.3000000000000007,14,0
29.3,0.0,81,1007.0,5.0,31,24.0,34.0,10.0,9.3,Partly cloudy,5.300000000000001,21,2
30.2,0.0,70,1011.0,9.2,5,24.3,35.4,10.0,17.3,Sunny,5.899999999999999,11,8
21.8,0.0,95,1012.0,5.8,57,21.0,23.8,2.0,9.3,Partly cloudy,0.8000000000000007,3,2
25.8,0.0,88,1004.0,10.1,31,23.7,29.0,10.0,14.0,Partly cloudy,2.1000000000000014,2,2
20.4,0.0,77,1014.0,7.2,84,16.2,22.4,10.0,10.2,Cloudy,4.199999999999999,5,1
22.3,0.3,82,1019.0,14.8,93,19.0,24.6,10.0,21.5,Patchy rain possible,3.3000000000000007,12,0
23.6,0.0,94,1012.0,1.8,86,22.7,26.1,2.0,2.8,Overcast,0.9000000000000021,20,7
25.4,0.1,84,1002.0,6.5,75,22.5,27.9,10.0,11.8,Patchy rain possible,2.8999999999999986,2,0
23.6,0.1,91,1014.0,13.8,100,22.0,25.9,10.0,26.6,Patchy rain possible,1.6000000000000014,1,0
21.5,0.4,93,1019.0,9.0,100,20.3,23.5,2.0,12.2,Patchy rain possible,1.1999999999999993,10,0
23.8,2.7,90,1011.0,7.2,52,22.0,26.1,10.0,17.6,Moderate or heavy rain shower,1.8000000000000007,5,4
28.9,0.3,75,1007.0,9.7,74,24.0,33.5,10.0,17.5,Patchy rain possible,4.899999999999999,13,0
28.6,0.2,80,1001.0,10.8,70,24.8,33.7,9.0,14.6,Patchy rain possible,3.8000000000000007,16,0
25.6,0.0,88,1009.0,9.7,89,23.4,28.5,10.0,17.7,Overcast,2.200000000000003,1,7
26.1,0.0,85,1011.0,5.8,44,23.5,29.2,10.0,11.2,Partly cloudy,2.6000000000000014,23,2
16.8,0.0,84,1019.0,1.4,69,15.2,18.8,10.0,7.1,Cloudy,1.6000000000000014,0,1
19.9,0.3,89,1017.0,5.8,64,18.1,21.9,10.0,9.7,Patchy rain possible,1.7999999999999972,1,0
24.6,0.0,79,1011.0,9.7,88,20.8,26.6,10.0,17.6,Overcast,3.8000000000000007,16,7
31.0,0.0,66,997.0,12.2,83,23.8,36.3,10.0,17.6,Cloudy,7.199999999999999,17,1
29.8,0.1,78,1002.0,5.0,58,25.1,35.8,10.0,13.5,Patchy rain possible,4.699999999999999,13,0
20.0,0.0,82,1017.0,3.6,100,16.9,22.0,10.0,5.5,Overcast,3.1000000000000014,0,7
22.9,0.4,87,1017.0,18.3,100,20.7,25.1,10.0,29.4,Patchy rain possible,2.1999999999999997,1,0
28.3,0.0,72,1007.0,8.6,8,22.8,31.7,10.0,12.0,Sunny,5.5,7,8
30.9,0.0,73,999.0,4.7,71,24.2,36.5,10.0,14.8,Cloudy,6.699999999999999,16,1
28.3,0.0,79,1009.0,10.8,89,24.3,32.8,10.0,18.3,Overcast,4.0,16,7
22.9,1.1,87,1013.0,5.4,58,20.8,25.1,10.0,14.9,Heavy rain at times,2.099999999999998,23,5
26.7,0.0,84,1014.0,16.9,61,22.3,29.5,10.0,28.3,Cloudy,4.399999999999999,11,1
26.9,0.51,90,1007.0,8.6,75,25.1,31.4,9.0,14.8,Patchy rain possible,1.7999999999999972,19,0
27.2,0.0,90,1004.0,7.7,15,24.9,31.7,10.0,15.6,Clear,2.3000000000000007,21,3
24.3,0.0,90,1010.0,7.2,71,22.6,26.8,10.0,11.1,Cloudy,1.6999999999999993,5,1
26.6,0.0,84,1007.0,7.9,26,23.6,29.9,10.0,10.8,Partly cloudy,3.0,23,2
28.9,0.0,67,999.0,9.5,56,22.1,32.2,10.0,18.7,Partly cloudy,6.799999999999997,19,2
25.2,0.0,89,1006.0,7.2,20,23.3,28.0,10.0,8.9,Clear,1.8999999999999984,4,3
20.4,0.7,91,1018.0,14.8,100,18.9,22.4,10.0,23.5,Moderate rain at times,1.5,23,6
24.4,0.2,95,1012.0,4.7,63,23.6,27.2,2.0,7.3,Patchy rain possible,0.7999999999999972,22,0
21.5,0.2,81,1016.0,9.0,74,18.2,23.5,10.0,14.7,Patchy rain possible,3.3000000000000007,9,0
25.6,0.0,91,1005.0,5.8,79,24.0,28.9,9.0,9.1,Cloudy,1.6000000000000014,3,1
21.6,0.6,94,1017.0,8.6,100,20.7,23.6,10.0,9.0,Moderate rain at times,0.9000000000000021,23,6
26.7,0.0,75,1003.0,6.1,20,21.9,29.2,10.0,12.7,Clear,4.800000000000001,4,3
28.2,0.1,68,1012.0,7.9,76,21.7,31.0,10.0,17.5,Patchy rain possible,6.5,12,0
21.1,0.1,88,1015.0,17.6,100,18.2,23.1,10.0,27.0,Patchy rain possible,2.900000000000002,14,0
29.1,4.0,79,1003.0,8.3,73,25.2,34.9,9.0,17.3,Moderate or heavy rain shower,3.900000000000002,15,4
30.4,0.0,70,1008.0,9.7,22,23.8,35.9,10.0,16.2,Sunny,6.599999999999998,10,8
21.2,1.1,96,1017.0,13.3,100,20.5,23.2,9.0,19.0,Heavy rain at times,0.6999999999999993,1,5
27.5,0.0,76,1014.0,9.0,82,22.9,30.7,9.0,16.2,Cloudy,4.600000000000001,10,1
28.2,0.1,73,1013.0,3.6,77,22.9,31.6,10.0,12.0,Patchy rain possible,5.300000000000001,10,0
23.8,1.73,91,1014.0,13.4,89,22.3,26.1,7.0,27.7,Moderate or heavy rain shower,1.5,5,4
19.8,0.2,90,1015.0,13.3,100,18.2,21.8,10.0,22.1,Patchy rain possible,1.6000000000000014,15,0
23.5,0.0,88,1013.0,6.5,88,21.4,25.7,9.0,11.2,Overcast,2.1000000000000014,21,7
17.6,0.0,85,1019.0,7.2,63,15.1,19.6,10.0,12.4,Cloudy,2.5000000000000018,2,1
21.4,0.0,95,1012.0,5.8,54,20.6,23.4,2.0,9.6,Partly cloudy,0.7999999999999972,5,2
24.0,1.5,90,1012.0,9.1,93,22.1,26.3,10.0,17.1,Moderate or heavy rain shower,1.8999999999999984,2,4
23.7,0.3,89,1008.0,6.1,86,21.7,25.9,9.0,9.9,Patchy rain possible,2.0,2,0
22.9,0.0,88,1009.0,6.5,10,20.8,25.1,10.0,7.4,Clear,2.099999999999998,2,3
20.2,0.1,91,1018.0,13.7,100,18.8,22.2,10.0,22.6,Patchy rain possible,1.3999999999999986,22,0
25.1,0.0,87,1006.0,7.6,12,22.8,27.7,10.0,9.3,Clear,2.3000000000000007,4,3
28.5,6.3,78,1004.0,2.2,76,24.2,33.1,10.0,13.1,Moderate or heavy rain shower,4.300000000000001,11,4
23.7,0.2,83,1005.0,5.8,100,20.2,25.6,2.0,11.9,Patchy rain possible,3.5,12,0
21.7,0.5,97,1014.0,5.8,100,21.3,23.7,0.0,8.6,Moderate rain at times,0.3999999999999986,4,6
27.4,0.0,84,1006.0,8.3,74,24.6,31.8,9.0,11.7,Cloudy,2.799999999999997,19,1
19.1,0.2,91,1021.0,10.8,100,17.7,21.1,2.0,14.6,Patchy rain possible,1.400000000000002,5,0
25.6,0.0,88,1004.0,9.4,49,23.4,28.5,10.0,11.0,Partly cloudy,2.200000000000003,3,2
29.4,1.3,74,1007.0,12.9,84,24.4,34.5,9.0,23.8,Heavy rain at times,5.0,15,5
26.9,0.1,80,1014.0,1.8,76,23.1,30.1,10.0,9.3,Patchy rain possible,3.799999999999997,9,0
28.8,0.0,70,1007.0,6.8,29,22.7,32.3,10.0,12.6,Partly cloudy,6.100000000000001,8,2
28.1,0.0,93,1008.0,9.7,100,24.1,32.6,10.0,15.6,Overcast,4.0,19,7
22.6,0.0,78,1016.0,4.4,92,17.6,24.8,10.0,10.5,Overcast,5.0,8,7
28.2,0.0,83,1008.0,8.6,76,25.0,33.2,9.0,12.3,Cloudy,3.1999999999999997,17,1
23.4,0.7,91,1011.0,7.2,68,21.9,25.6,10.0,13.7,Moderate rain at times,1.5,18,6
28.6,0.6,78,1002.0,5.4,63,24.4,33.3,10.0,15.4,Moderate rain at times,4.200000000000003,18,6
20.9,0.0,85,1018.0,6.6,100,18.3,22.9,10.0,13.5,Overcast,2.599999999999998,9,7
25.8,0.0,90,1010.0,7.9,70,24.0,29.1,10.0,9.1,Cloudy,1.8000000000000007,23,1
28.4,0.1,83,1007.0,13.0,74,25.3,33.8,9.0,18.5,Patchy rain possible,3.099999999999998,17,0
25.3,0.0,85,1006.0,6.5,25,23.4,27.8,10.0,10.1,Clear,1.900000000000002,3,3
25.8,0.0,86,1009.0,7.9,18,23.2,28.7,10.0,11.8,Sunny,2.6000000000000014,7,8
18.5,0.0,80,1021.0,7.6,80,14.9,20.5,10.0,12.6,Cloudy,3.6,2,1
24.9,0.0,92,1005.0,8.3,25,23.5,27.7,10.0,10.2,Partly cloudy,1.3999999999999986,2,2
28.2,0.0,67,999.0,11.0,40,21.6,30.9,10.0,19.6,Partly cloudy,6.599999999999998,23,2
29.6,0.0,74,1009.0,5.8,13,24.2,34.6,10.0,6.8,Sunny,5.400000000000002,8,8
19.7,0.0,91,1017.0,4.7,21,18.2,21.7,10.0,7.9,Clear,1.5,23,3
26.1,1.29,86,1008.0,8.3,94,23.5,29.2,10.0,11.1,Light rain shower,2.6000000000000014,14,9
22.6,0.1,87,1014.0,8.3,100,18.9,24.9,10.0,21.6,Patchy rain possible,3.700000000000003,14,0
20.6,0.0,93,1007.0,6.9,100,19.5,22.6,9.0,11.1,Overcast,1.1000000000000014,23,7
19.3,0.0,90,1015.0,4.0,88,17.7,21.3,10.0,6.8,Overcast,1.6000000000000014,23,7
22.7,0.3,88,1008.0,7.2,77,20.6,24.9,10.0,12.1,Patchy rain possible,2.099999999999998,22,0
20.8,1.0,92,1018.0,13.3,100,19.4,22.8,2.0,15.0,Heavy rain at times,1.400000000000002,8,5
24.4,0.0,90,1013.0,5.4,34,22.6,26.8,10.0,9.7,Partly cloudy,1.7999999999999972,23,2
24.8,0.0,88,1005.0,5.2,22,22.7,27.3,10.0,10.8,Sunny,2.1000000000000014,6,8
20.1,0.0,87,1015.0,11.5,100,17.9,22.1,10.0,16.7,Overcast,2.200000000000003,0,7
22.7,0.0,93,1010.0,4.7,24,21.6,25.1,10.0,8.4,Clear,1.099999999999998,3,3
19.0,0.0,82,1024.0,14.1,100,15.9,21.0,10.0,26.0,Overcast,3.1,18,7
19.9,0.0,88,1017.0,6.8,100,17.9,21.9,10.0,9.6,Overcast,2.0,7,7
25.8,0.0,83,1005.0,6.8,73,22.6,28.4,10.0,13.0,Cloudy,3.1999999999999997,3,1
24.9,0.0,88,1005.0,8.6,84,22.9,27.5,9.0,12.2,Cloudy,2.0,4,1
19.9,0.1,83,1021.0,17.0,100,17.0,21.9,10.0,30.5,Patchy rain possible,2.8999999999999986,10,0
21.2,0.0,93,1020.0,16.9,100,20.1,23.2,10.0,22.7,Overcast,1.099999999999998,9,7
21.7,0.0,79,1014.0,9.4,96,17.9,23.7,10.0,17.5,Overcast,3.8000000000000007,14,7
24.4,0.0,91,1012.0,4.0,52,22.8,26.9,10.0,6.1,Partly cloudy,1.599999999999998,20,2
22.9,0.2,84,1017.0,9.7,64,20.1,25.1,10.0,11.6,Patchy rain possible,2.799999999999997,12,0
22.4,0.0,91,1016.0,7.6,89,20.9,24.8,2.0,11.0,Overcast,1.5,23,7
26.4,0.0,80,1007.0,9.0,10,22.8,29.2,10.0,11.5,Sunny,3.599999999999998,6,8
23.3,0.0,89,1014.0,11.2,77,21.3,25.5,10.0,16.4,Cloudy,2.0,7,1
30.0,10.7,75,1004.0,9.4,55,25.1,36.2,5.0,21.8,Moderate or heavy rain shower,4.899999999999999,15,4
27.0,0.0,86,1009.0,15.1,76,24.5,31.0,9.0,21.7,Cloudy,2.5,16,1
21.9,0.8,94,1017.0,11.9,100,20.9,23.9,2.0,16.2,Moderate rain at times,1.0,17,6
30.0,0.0,72,1009.0,13.3,89,24.4,35.4,5.0,19.9,Overcast,5.600000000000001,11,7
29.0,0.0,73,1005.0,10.4,45,23.7,33.3,10.0,19.4,Partly cloudy,5.300000000000001,15,2
22.6,0.1,85,1017.0,6.8,88,20.0,24.8,10.0,19.7,Patchy rain possible,2.6000000000000014,15,0
25.8,0.0,72,1014.0,11.9,2,18.9,27.6,10.0,13.7,Sunny,6.900000000000002,12,8
26.8,0.7,88,1003.0,2.5,82,24.2,30.6,10.0,8.2,Moderate rain at times,2.6000000000000014,19,6
30.2,0.1,65,1010.0,6.8,85,22.9,34.4,10.0,14.7,Patchy rain possible,7.300000000000001,10,0
26.7,0.0,91,1008.0,7.1,12,24.6,31.2,10.0,8.7,Clear,2.099999999999998,21,3
28.6,0.0,94,1007.0,11.1,70,24.1,33.4,10.0,28.7,Cloudy,4.5,18,1
22.8,0.2,88,1008.0,8.6,83,20.7,25.0,10.0,14.5,Patchy rain possible,2.1000000000000014,20,0
26.9,0.0,76,1007.0,7.9,12,22.2,29.5,10.0,14.3,Sunny,4.699999999999999,6,8
23.0,0.0,93,1012.0,13.0,80,21.9,25.4,10.0,21.5,Cloudy,1.1000000000000014,14,1
23.0,0.4,87,1017.0,13.8,77,20.7,25.2,10.0,21.3,Patchy rain possible,2.3000000000000007,7,0
25.7,0.3,90,1015.0,11.9,74,24.0,29.0,10.0,26.6,Patchy rain possible,1.6999999999999993,11,0
24.9,0.0,88,1007.0,7.2,39,22.9,27.6,10.0,12.2,Partly cloudy,2.0,4,2
26.2,0.0,86,1008.0,8.6,17,23.6,29.4,10.0,11.8,Clear,2.599999999999998,1,3
20.3,0.1,89,1017.0,10.4,100,18.5,22.3,10.0,13.8,Patchy rain possible,1.8000000000000007,11,0
23.0,0.0,92,1011.0,7.2,19,21.6,25.3,10.0,8.7,Clear,1.3999999999999986,5,3
26.7,0.0,85,1006.0,7.9,88,24.0,30.4,9.0,9.9,Overcast,2.6999999999999997,0,7
29.2,0.0,70,1006.0,1.4,46,23.1,33.1,10.0,6.6,Partly cloudy,6.099999999999998,9,2
23.5,0.4,92,1014.0,14.8,100,22.2,25.8,9.0,20.6,Patchy rain possible,1.3000000000000007,7,0
23.4,0.0,91,1014.0,7.6,68,21.9,25.7,10.0,11.8,Cloudy,1.5,0,1
24.7,0.7,92,1015.0,5.0,78,23.3,27.4,10.0,14.7,Moderate rain at times,1.3999999999999986,9,6
21.0,0.2,90,1018.0,13.9,100,19.3,23.0,9.0,24.9,Patchy rain possible,1.6999999999999993,11,0
23.5,0.0,83,1010.0,7.9,7,20.5,25.5,10.0,14.6,Sunny,3.0,6,8
22.9,0.0,95,1011.0,6.5,86,22.1,25.3,2.0,19.7,Overcast,0.7999999999999972,17,7
24.1,0.0,83,1014.0,5.7,11,21.1,26.1,10.0,11.7,Sunny,3.0,9,8
24.2,0.0,86,1007.0,6.6,8,21.7,26.4,10.0,13.7,Clear,2.5,2,3
26.9,0.0,69,1003.0,10.4,10,20.8,29.0,10.0,14.9,Clear,6.099999999999998,3,3
24.0,0.2,90,1012.0,4.3,56,22.2,26.3,10.0,7.5,Patchy rain possible,1.8000000000000007,3,0
21.0,1.6,92,1018.0,13.7,100,19.6,23.0,10.0,18.4,Moderate or heavy rain shower,1.3999999999999986,10,4
23.1,0.3,82,1018.0,7.9,63,19.9,25.2,10.0,15.1,Patchy rain possible,3.200000000000003,12,0
27.6,0.0,76,1012.0,11.3,7,21.9,30.9,10.0,17.4,Sunny,5.700000000000003,12,8
27.2,0.0,75,1004.0,7.6,13,22.5,30.1,10.0,10.8,Clear,4.699999999999999,3,3
24.8,0.0,87,1006.0,6.8,24,22.5,27.3,10.0,14.5,Clear,2.3000000000000007,2,3
22.0,0.0,82,1004.0,8.2,53,19.7,24.0,10.0,13.1,Partly cloudy,2.3000000000000007,20,2
22.7,0.0,71,1020.0,16.6,74,17.1,24.8,10.0,26.4,Cloudy,5.599999999999998,10,1
28.7,0.0,70,1008.0,4.3,19,22.7,32.2,10.0,9.1,Sunny,6.0,8,8
26.4,0.0,76,1012.0,15.5,19,21.8,28.9,10.0,22.6,Sunny,4.599999999999998,15,8
24.9,0.0,89,1007.0,5.3,16,22.9,27.5,10.0,10.1,Clear,2.0,1,3
26.3,0.0,89,1009.0,6.8,32,24.4,30.0,10.0,8.7,Partly cloudy,1.900000000000002,7,2
22.1,0.07,84,1015.0,10.4,100,19.3,24.6,10.0,13.3,Patchy rain possible,2.8000000000000007,12,0
25.2,0.0,88,1011.0,7.6,100,21.1,27.3,10.0,16.2,Overcast,4.099999999999998,15,7
25.1,0.1,87,1010.0,9.0,86,22.9,27.7,10.0,21.4,Patchy rain possible,2.200000000000003,17,0
22.5,0.0,89,1012.0,10.8,78,20.5,24.8,10.0,17.9,Cloudy,2.0,4,1
25.5,0.0,82,1009.0,6.5,4,22.3,28.0,10.0,9.7,Sunny,3.1999999999999997,17,8
29.9,0.0,83,1005.0,7.2,16,24.8,35.6,10.0,13.1,Clear,5.099999999999998,20,3
25.8,0.0,89,1009.0,5.4,27,23.9,29.1,10.0,10.7,Partly cloudy,1.900000000000002,2,2
19.8,0.5,91,1016.0,7.6,100,18.2,21.8,10.0,15.4,Moderate rain at times,1.6000000000000014,16,6
24.0,0.0,87,1012.0,8.6,93,21.7,26.2,10.0,9.7,Overcast,2.3000000000000007,2,7
26.9,0.0,89,1009.0,10.1,37,24.9,31.3,10.0,11.9,Partly cloudy,2.0,21,2
22.4,1.5,86,1017.0,14.4,94,19.9,24.7,10.0,22.9,Moderate or heavy rain shower,2.5,13,4
22.8,0.1,92,1012.0,8.6,100,21.4,25.1,2.0,18.7,Patchy rain possible,1.400000000000002,3,0
20.5,0.0,85,1015.0,6.8,100,17.9,22.5,10.0,10.6,Overcast,2.6000000000000014,6,7
26.8,0.0,81,1006.0,5.0,18,23.2,30.0,10.0,9.8,Clear,3.6000000000000014,2,3
19.6,0.3,87,1016.0,9.4,100,17.3,21.6,10.0,13.7,Patchy rain possible,2.3000000000000007,19,0
21.4,0.0,86,1015.0,5.8,56,18.9,23.4,10.0,8.4,Partly cloudy,2.5,23,2
19.5,0.0,82,1018.0,5.5,100,16.4,21.5,10.0,13.5,Overcast,3.1000000000000014,19,7
20.9,0.1,86,1015.0,13.0,100,18.5,22.9,10.0,21.4,Patchy rain possible,2.3999999999999986,17,0
24.5,0.0,89,1009.0,5.7,19,22.6,26.9,10.0,10.7,Clear,1.8999999999999984,3,3
28.1,0.0,76,1000.0,4.0,59,22.0,31.0,10.0,12.8,Partly cloudy,6.100000000000001,2,2
27.7,0.3,81,1009.0,11.9,59,24.1,31.7,5.0,20.6,Patchy rain possible,3.599999999999998,15,0
21.3,0.2,94,1018.0,7.9,100,20.3,23.3,10.0,11.9,Patchy rain possible,1.0,1,0
26.5,0.0,83,1008.0,7.9,13,23.3,29.6,10.0,14.0,Clear,3.1999999999999997,23,3
22.4,1.2,87,1015.0,9.8,88,20.1,24.7,10.0,16.3,Heavy rain at times,2.299999999999997,4,5
23.4,0.0,86,1011.0,9.7,15,21.0,25.5,10.0,12.7,Sunny,2.3999999999999986,8,8
25.8,0.0,86,1005.0,9.4,12,23.3,28.8,10.0,11.1,Clear,2.5,3,3
22.2,0.0,88,1012.0,9.4,84,20.2,24.6,10.0,15.0,Cloudy,2.0,18,1
28.3,0.0,74,1009.0,4.3,7,23.3,32.1,10.0,9.2,Sunny,5.0,8,8
20.4,0.0,94,1011.0,8.3,43,19.4,22.4,10.0,8.6,Partly cloudy,1.0,4,2
24.4,6.4,93,1002.0,9.4,75,23.2,27.1,10.0,18.6,Moderate or heavy rain shower,1.1999999999999993,5,4
29.1,1.5,80,1003.0,11.2,70,25.2,34.9,9.0,14.3,Moderate or heavy rain shower,3.900000000000002,16,4
20.7,1.8,89,1020.0,14.8,100,18.8,22.7,10.0,22.8,Moderate or heavy rain shower,1.8999999999999984,10,4
24.9,0.0,87,1005.0,12.2,10,22.6,27.4,10.0,20.9,Clear,2.299999999999997,1,3
19.7,0.5,87,1016.0,7.6,100,17.4,21.7,10.0,11.3,Moderate rain at times,2.3000000000000007,2,6
23.9,0.0,89,1009.0,7.9,13,22.0,26.2,10.0,9.0,Clear,1.8999999999999984,2,3
27.2,0.0,84,1010.0,12.6,77,24.3,31.3,10.0,22.1,Cloudy,2.8999999999999986,16,1
22.9,0.0,88,1012.0,9.7,32,20.8,25.1,10.0,12.2,Partly cloudy,2.099999999999998,5,2
26.6,0.0,80,1008.0,9.0,16,22.9,29.6,10.0,12.5,Sunny,3.700000000000003,7,8
25.0,0.0,89,1009.0,9.4,28,23.1,27.7,10.0,16.7,Partly cloudy,1.8999999999999984,3,2
17.7,0.0,89,1011.0,7.2,3,15.9,19.7,10.0,8.2,Clear,1.799999999999999,4,3
30.4,2.1,74,1003.0,14.0,50,24.4,36.1,5.0,18.6,Moderate or heavy rain shower,6.0,15,4
25.1,0.0,84,1007.0,10.1,33,22.3,27.6,10.0,12.2,Partly cloudy,2.8000000000000007,6,2
24.0,0.0,73,1019.0,8.6,54,18.1,25.8,10.0,14.7,Partly cloudy,5.899999999999999,12,2
23.7,0.0,69,1010.0,11.2,0,17.7,25.4,10.0,13.8,Sunny,6.0,15,8
20.6,0.4,89,1018.0,0.7,88,18.8,22.6,10.0,1.1,Patchy rain possible,1.8000000000000007,7,0
27.4,0.0,76,1010.0,9.7,25,22.7,30.5,10.0,12.2,Sunny,4.699999999999999,8,8
23.1,2.5,94,1012.0,17.6,100,22.1,25.5,10.0,28.3,Moderate or heavy rain shower,1.0,16,4
19.0,0.0,84,1018.0,9.0,53,16.3,21.0,10.0,14.0,Partly cloudy,2.6999999999999997,2,2
22.4,0.2,86,1016.0,15.1,96,19.8,24.7,10.0,19.3,Patchy rain possible,2.599999999999998,14,0
25.5,1.22,93,1007.0,9.2,100,24.2,28.8,10.0,14.9,Heavy rain at times,1.3000000000000007,22,5
26.5,0.0,85,1007.0,7.6,81,23.8,30.0,9.0,14.1,Cloudy,2.6999999999999997,22,1
28.5,0.0,88,1006.0,8.7,75,24.7,35.2,9.0,20.3,Cloudy,3.8000000000000007,18,1
20.2,0.0,90,1016.0,5.8,100,18.5,22.2,10.0,8.5,Overcast,1.6999999999999993,4,7
27.0,0.0,87,1004.0,5.4,71,24.6,31.2,10.0,10.2,Cloudy,2.3999999999999986,20,1
29.5,0.0,67,998.0,10.0,31,22.8,33.4,10.0,16.9,Partly cloudy,6.699999999999999,8,2
22.9,0.17,94,1014.0,4.7,100,21.8,25.2,10.0,8.2,Light rain shower,1.099999999999998,6,9
21.9,0.0,90,1013.0,4.3,85,20.2,23.9,10.0,7.2,Overcast,1.6999999999999993,23,7
25.0,0.0,86,1006.0,9.0,9,22.6,27.5,10.0,11.3,Clear,2.3999999999999986,2,3
28.4,1.6,87,1006.0,12.7,81,24.3,33.0,7.0,28.4,Moderate or heavy rain shower,4.099999999999998,18,4
27.1,0.0,77,1010.0,11.2,10,22.8,30.2,10.0,18.4,Sunny,4.300000000000001,10,8
28.9,0.0,78,1005.0,17.9,72,24.7,33.9,10.0,28.8,Cloudy,4.199999999999999,17,1
28.8,0.0,85,1005.0,10.1,71,23.9,33.3,10.0,21.0,Cloudy,4.900000000000002,10,1
20.1,0.0,87,1015.0,11.2,100,17.9,22.1,10.0,15.9,Overcast,2.200000000000003,1,7
20.9,0.0,78,1019.0,10.6,51,16.8,22.9,10.0,18.7,Partly cloudy,4.099999999999998,5,2
27.5,0.0,81,1007.0,8.0,54,24.0,31.4,9.0,11.6,Partly cloudy,3.5,19,2
20.4,0.0,85,1014.0,9.0,100,17.8,22.4,10.0,12.3,Overcast,2.599999999999998,3,7
26.7,0.0,87,1010.0,11.1,89,23.7,30.2,10.0,21.4,Overcast,3.0,20,7
21.5,0.0,80,1010.0,11.5,1,18.7,23.5,10.0,13.6,Clear,2.8000000000000007,0,3
25.0,0.0,85,1005.0,8.6,23,22.4,27.4,10.0,10.7,Sunny,2.6000000000000014,6,8
26.2,0.0,78,1005.0,6.7,16,22.0,28.7,10.0,13.3,Sunny,4.199999999999999,6,8
20.9,0.1,80,1015.0,14.8,96,17.3,22.9,10.0,21.2,Patchy rain possible,3.599999999999998,16,0
24.8,0.1,79,1014.0,9.7,81,20.9,26.8,10.0,18.5,Patchy rain possible,3.900000000000002,12,0
31.5,0.1,64,1001.0,8.3,87,24.0,37.2,10.0,12.2,Patchy rain possible,7.5,14,0
24.7,0.0,68,1011.0,10.8,0,18.6,26.3,10.0,12.7,Sunny,6.099999999999998,12,8
30.9,0.0,70,1006.0,6.5,89,24.6,36.9,10.0,16.4,Overcast,6.299999999999997,11,7
20.0,1.0,92,1021.0,16.3,100,18.6,22.0,9.0,29.0,Heavy rain at times,1.3999999999999986,23,5
20.8,0.1,80,1017.0,15.5,55,17.1,22.8,10.0,23.5,Patchy rain possible,3.6999999999999993,15,0
19.3,0.4,87,1020.0,16.7,100,17.1,21.3,10.0,28.7,Patchy rain possible,2.1999999999999997,0,0
28.4,0.0,70,1004.0,13.7,24,22.5,31.7,10.0,28.0,Clear,5.899999999999999,21,3
22.0,0.2,91,1016.0,9.7,56,20.5,24.0,10.0,14.7,Patchy rain possible,1.5,18,0
25.2,0.2,86,1011.0,15.1,75,22.6,27.8,10.0,24.0,Patchy rain possible,2.599999999999998,16,0
24.0,0.0,85,1014.0,6.1,85,21.4,26.2,9.0,8.6,Overcast,2.6000000000000014,8,7
21.1,0.1,91,1019.0,2.9,97,19.5,23.1,10.0,4.0,Patchy rain possible,1.6000000000000014,7,0
21.5,0.0,82,1011.0,10.9,5,19.2,23.5,10.0,19.6,Clear,2.3000000000000007,4,3
28.2,0.0,81,1009.0,14.4,19,23.5,32.9,10.0,22.3,Sunny,4.699999999999999,14,8
20.1,0.0,86,1018.0,5.4,74,17.7,22.1,10.0,7.8,Cloudy,2.400000000000002,7,1
19.6,0.1,89,1015.0,10.4,100,17.7,21.6,10.0,16.5,Patchy rain possible,1.900000000000002,3,0
22.0,0.0,92,1009.0,7.9,25,20.5,24.0,10.0,11.9,Clear,1.5,3,3
25.8,0.0,89,1009.0,7.9,29,23.9,29.0,10.0,10.0,Partly cloudy,1.900000000000002,23,2
27.7,0.0,84,1007.0,10.0,88,24.8,32.4,9.0,15.5,Overcast,2.8999999999999986,19,7
25.1,0.0,88,1007.0,7.6,81,23.1,27.9,10.0,9.8,Cloudy,2.0,2,1
31.1,0.0,70,1002.0,9.7,24,25.1,37.8,10.0,23.5,Sunny,6.0,16,8
24.1,0.0,89,1010.0,13.7,70,22.1,26.4,10.0,21.8,Cloudy,2.0,15,1
27.5,0.01,86,1007.0,4.0,75,24.9,32.2,10.0,6.6,Patchy rain possible,2.6000000000000014,18,0
26.0,0.5,88,1010.0,4.7,75,23.9,29.3,10.0,7.5,Moderate rain at times,2.1000000000000014,18,6
19.7,0.0,76,1016.0,9.7,52,15.4,21.7,10.0,16.0,Partly cloudy,4.299999999999999,4,2
23.0,0.0,74,1017.0,7.2,86,16.1,25.0,10.0,12.2,Overcast,6.899999999999999,11,7
16.8,0.0,85,1015.0,8.3,10,14.4,18.8,10.0,14.7,Clear,2.4000000000000004,0,3
24.3,0.0,88,1005.0,6.9,88,22.2,26.7,10.0,9.8,Overcast,2.1000000000000014,4,7
19.3,0.0,91,1017.0,6.1,87,17.7,21.3,10.0,10.1,Overcast,1.6000000000000014,2,7
22.8,1.5,95,1013.0,12.0,100,22.0,25.2,7.0,22.3,Moderate or heavy rain shower,0.8000000000000007,20,4
26.5,0.1,80,1013.0,7.9,88,22.8,29.3,9.0,18.7,Patchy rain possible,3.6999999999999993,12,0
24.5,0.1,90,1012.0,1.1,100,22.7,27.0,10.0,1.5,Patchy rain possible,1.8000000000000007,7,0
26.0,0.0,89,1008.0,5.4,83,24.0,29.4,10.0,8.5,Cloudy,2.0,22,1
29.5,0.2,76,1004.0,11.5,88,24.9,35.2,9.0,18.9,Patchy rain possible,4.600000000000001,15,0
24.1,0.0,83,1007.0,9.0,14,21.1,26.2,10.0,11.0,Clear,3.0,5,3
25.2,0.0,88,1005.0,8.6,35,23.1,27.9,10.0,10.6,Partly cloudy,2.099999999999998,1,2
23.0,0.0,73,1012.0,7.9,0,16.6,25.0,10.0,14.9,Sunny,6.399999999999999,15,8
24.6,0.0,90,1009.0,7.9,66,22.9,27.2,10.0,12.0,Cloudy,1.7000000000000028,3,1
25.7,0.0,84,1003.0,5.0,25,22.8,28.4,10.0,9.3,Clear,2.8999999999999986,0,3
20.5,0.0,94,1011.0,4.5,42,19.5,22.5,10.0,8.1,Partly cloudy,1.0,2,2
27.3,0.0,86,1008.0,10.1,13,23.9,31.7,10.0,16.0,Clear,3.400000000000002,22,3
32.0,0.0,75,1005.0,7.5,14,25.7,40.4,10.0,26.5,Sunny,6.300000000000001,13,8
19.2,0.0,91,1011.0,6.0,9,17.7,21.2,10.0,11.5,Sunny,1.5,7,8
22.1,0.0,93,1008.0,6.1,28,21.0,24.6,10.0,6.9,Partly cloudy,1.1000000000000014,1,2
23.8,0.0,87,1009.0,4.7,20,21.5,25.9,10.0,5.9,Clear,2.3000000000000007,0,3
26.0,0.2,80,1003.0,3.2,80,22.2,28.5,9.0,5.3,Patchy rain possible,3.8000000000000007,6,0
25.7,0.1,79,1013.0,13.3,76,21.8,28.0,10.0,19.6,Patchy rain possible,3.899999999999999,11,0
22.8,0.0,94,1008.0,5.9,31,21.8,25.2,2.0,10.5,Partly cloudy,1.0,1,2
29.2,0.1,82,1004.0,4.7,79,24.8,34.6,10.0,14.5,Patchy rain possible,4.399999999999999,10,0
29.0,3.41,79,1003.0,5.0,55,24.9,34.4,8.0,13.3,Moderate or heavy rain shower,4.100000000000001,17,4
27.6,0.4,82,1012.0,17.6,56,24.4,31.9,10.0,28.5,Patchy rain possible,3.200000000000003,13,0
21.0,0.0,91,1014.0,4.0,100,19.5,23.0,10.0,10.5,Overcast,1.5,17,7
25.2,0.0,89,1012.0,3.6,40,23.2,28.0,10.0,6.0,Partly cloudy,2.0,23,2
23.5,0.0,83,1013.0,6.5,100,20.6,25.6,10.0,9.8,Overcast,2.8999999999999986,5,7
24.4,0.2,85,1013.0,5.0,87,21.8,26.6,9.0,8.4,Patchy rain possible,2.599999999999998,20,0
23.8,0.5,91,1014.0,13.0,93,22.2,26.2,10.0,23.1,Moderate rain at times,1.6000000000000014,2,6
22.3,0.0,85,1015.0,6.8,100,19.6,24.7,10.0,20.5,Overcast,2.6999999999999997,14,7
28.3,0.1,80,1006.0,4.7,83,24.4,32.9,10.0,8.2,Patchy rain possible,3.900000000000002,20,0
19.4,0.0,85,1008.0,7.9,9,16.8,21.4,10.0,10.7,Clear,2.599999999999998,0,3
25.2,0.8,89,1006.0,7.2,88,23.3,28.0,10.0,8.6,Moderate rain at times,1.8999999999999984,1,6
21.6,0.3,93,1016.0,9.4,100,20.4,23.6,2.0,17.8,Patchy rain possible,1.2000000000000028,16,0
27.2,0.0,89,1009.0,8.6,80,24.7,31.5,10.0,10.7,Cloudy,2.5,22,1
24.3,4.7,94,1002.0,12.2,100,23.3,27.0,7.0,17.8,Moderate or heavy rain shower,1.0,4,4
28.4,0.0,81,1004.0,8.3,11,24.9,33.4,10.0,11.8,Clear,3.5,23,3
22.9,0.1,94,1020.0,13.3,100,20.8,25.2,10.0,18.0,Patchy rain possible,2.099999999999998,10,0
29.8,0.0,85,1006.0,6.8,77,24.7,35.6,9.0,12.0,Cloudy,5.100000000000001,19,1
20.7,0.0,94,1013.0,7.9,28,19.6,22.7,10.0,8.9,Partly cloudy,1.099999999999998,6,2
23.7,0.0,90,1011.0,5.4,15,22.1,26.0,10.0,9.4,Clear,1.599999999999998,2,3
23.5,2.1,93,1010.0,11.9,62,22.4,25.8,5.0,18.9,Moderate or heavy rain shower,1.1000000000000014,22,4
27.6,0.0,81,1004.0,7.4,68,24.1,31.6,10.0,13.6,Cloudy,3.5,8,1
26.3,0.2,89,1005.0,9.0,67,24.3,29.9,10.0,15.3,Patchy rain possible,2.0,22,0
30.8,0.1,67,1000.0,8.1,89,24.0,36.3,10.0,23.5,Patchy rain possible,6.800000000000001,15,0
22.4,0.3,87,1015.0,9.5,88,20.1,24.7,10.0,14.9,Patchy rain possible,2.299999999999997,2,0
24.2,0.0,68,1012.0,8.3,0,16.8,25.7,10.0,9.6,Sunny,7.399999999999999,13,8
20.3,0.0,83,1013.0,6.1,33,17.4,22.3,10.0,9.6,Partly cloudy,2.900000000000002,3,2
20.9,0.0,84,1015.0,5.7,83,18.1,22.9,10.0,9.0,Cloudy,2.799999999999997,20,1
25.6,0.0,85,1006.0,9.4,39,22.9,28.4,10.0,12.2,Partly cloudy,2.700000000000003,6,2
27.5,0.1,66,1014.0,13.0,89,20.6,29.7,10.0,19.8,Patchy rain possible,6.899999999999999,13,0
24.2,0.0,88,1013.0,7.6,83,22.1,26.5,10.0,12.9,Cloudy,2.099999999999998,22,1
25.6,0.0,81,1004.0,8.9,11,21.6,28.0,10.0,16.8,Sunny,4.0,17,8
28.3,0.0,67,999.0,9.4,36,21.7,31.1,10.0,17.0,Partly cloudy,6.600000000000001,21,2
25.4,0.0,85,1001.0,10.5,91,22.7,28.0,10.0,20.8,Overcast,2.6999999999999997,3,7
29.2,1.1,76,1004.0,10.0,76,24.6,34.5,5.0,23.9,Heavy rain at times,4.599999999999998,17,5
27.7,0.0,75,1002.0,12.6,17,22.8,30.9,10.0,20.6,Clear,4.899999999999999,23,3
24.4,0.0,85,1014.0,7.2,100,21.8,26.6,10.0,10.9,Overcast,2.599999999999998,22,7
24.6,1.9,86,1002.0,7.7,82,22.2,26.9,10.0,17.2,Moderate or heavy rain shower,2.400000000000002,22,4
26.5,0.4,87,1007.0,5.4,81,24.2,30.2,10.0,7.3,Patchy rain possible,2.3000000000000007,18,0
30.5,0.0,69,1008.0,7.2,8,23.2,35.1,10.0,8.5,Sunny,7.300000000000001,8,8
29.1,0.1,78,1008.0,4.9,81,24.9,34.6,9.0,15.4,Patchy rain possible,4.200000000000003,18,0
25.1,0.0,88,1013.0,2.2,52,23.0,27.8,10.0,3.5,Partly cloudy,2.1000000000000014,21,2
24.5,0.6,89,1014.0,2.2,65,22.5,26.9,10.0,14.0,Moderate rain at times,2.0,9,6
20.9,0.0,80,1016.0,9.0,79,17.4,22.9,10.0,16.3,Cloudy,3.5,14,1
20.1,0.2,84,1016.0,11.5,100,17.4,22.1,10.0,16.8,Patchy rain possible,2.700000000000003,4,0
30.8,0.0,69,1009.0,3.2,23,24.2,36.6,10.0,9.3,Sunny,6.600000000000001,9,8
24.9,0.0,84,1004.0,10.1,10,22.1,27.3,10.0,14.3,Clear,2.799999999999997,4,3
27.2,0.0,74,1008.0,10.1,76,22.2,29.9,10.0,16.4,Cloudy,5.0,15,1
22.0,0.1,97,1013.0,11.5,100,21.4,24.0,2.0,19.3,Patchy rain possible,0.6000000000000014,17,0
16.7,0.7,91,1019.0,16.9,100,15.2,18.7,10.0,24.0,Moderate rain at times,1.5,5,6
25.3,0.1,88,1006.0,7.6,80,23.2,28.1,10.0,10.2,Patchy rain possible,2.1000000000000014,23,0
21.9,0.0,93,1010.0,8.3,11,20.6,23.9,10.0,11.6,Clear,1.2999999999999972,5,3
18.3,0.0,88,1011.0,6.2,0,16.3,20.3,10.0,8.7,Clear,2.0,1,3
30.5,0.3,67,1010.0,6.9,73,23.7,35.5,10.0,13.7,Patchy rain possible,6.800000000000001,11,0
17.8,0.0,91,1019.0,6.1,100,16.2,19.8,10.0,8.6,Overcast,1.6000000000000014,21,7
28.8,0.0,81,1008.0,10.1,78,25.1,34.2,9.0,18.1,Cloudy,3.6999999999999993,16,1
22.2,0.0,91,1011.0,6.5,36,20.7,24.6,10.0,11.1,Partly cloudy,1.5,19,2
28.6,0.0,88,1007.0,6.1,77,24.1,35.2,10.0,15.0,Cloudy,4.5,20,1
31.5,1.8,68,1003.0,15.5,84,24.7,37.9,10.0,22.4,Moderate or heavy rain shower,6.800000000000001,16,4
26.3,0.0,82,1008.0,4.3,46,22.9,29.2,10.0,7.4,Partly cloudy,3.400000000000002,23,2
25.5,0.3,84,1003.0,5.8,86,22.6,28.1,10.0,10.7,Patchy rain possible,2.8999999999999986,1,0
17.9,0.2,90,1015.0,5.4,76,16.2,19.9,10.0,8.2,Patchy rain possible,1.6999999999999993,3,0
24.2,8.6,91,1013.0,8.8,100,22.7,26.6,7.0,22.3,Moderate or heavy rain shower,1.5,1,4
26.6,0.0,80,1007.0,8.6,13,23.0,29.7,10.0,12.4,Sunny,3.6000000000000014,7,8
25.8,0.0,87,1004.0,10.4,29,23.4,28.8,10.0,14.5,Partly cloudy,2.400000000000002,3,2
22.2,0.0,92,1010.0,6.8,8,20.8,24.7,10.0,12.8,Clear,1.3999999999999986,3,3
26.6,0.0,77,1003.0,11.7,5,21.5,29.2,10.0,20.0,Sunny,5.100000000000001,16,8
30.0,0.0,67,1003.0,9.7,52,23.3,34.5,10.0,19.8,Partly cloudy,6.699999999999999,13,2
21.5,2.2,95,1022.0,18.7,100,20.7,23.5,9.0,26.0,Moderate or heavy rain shower,0.8000000000000007,23,4
22.0,0.8,96,1017.0,2.9,100,21.4,24.6,2.0,4.2,Moderate rain at times,0.6000000000000014,23,6
25.8,0.0,79,1006.0,9.0,26,21.9,28.2,10.0,10.5,Partly cloudy,3.900000000000002,3,2
26.3,0.0,79,1012.0,15.1,72,22.3,28.9,10.0,25.1,Cloudy,4.0,10,1
25.0,0.1,89,1013.0,5.8,78,23.0,27.6,10.0,9.3,Patchy rain possible,2.0,23,0
19.6,0.3,91,1016.0,8.6,100,18.2,21.6,10.0,16.9,Patchy rain possible,1.400000000000002,6,0
22.4,0.2,88,1012.0,6.8,76,20.3,24.7,10.0,12.1,Patchy rain possible,2.099999999999998,2,0
25.3,0.0,91,1007.0,8.4,50,23.7,28.3,10.0,15.2,Partly cloudy,1.6000000000000014,0,2
28.4,0.3,86,1002.0,9.0,77,24.3,33.1,10.0,17.0,Patchy rain possible,4.099999999999998,19,0
26.8,0.0,91,1009.0,9.4,32,25.2,31.3,10.0,9.8,Partly cloudy,1.6000000000000014,20,2
19.6,0.0,90,1017.0,7.4,100,18.0,21.6,10.0,12.6,Overcast,1.6000000000000014,2,7
24.2,0.0,90,1010.0,7.2,87,22.4,26.6,10.0,9.0,Overcast,1.8000000000000007,3,7
24.0,2.4,93,1010.0,15.5,100,22.9,26.5,9.0,23.7,Moderate or heavy rain shower,1.1000000000000014,2,4
28.4,0.0,63,1011.0,13.7,14,20.8,30.8,10.0,15.7,Sunny,7.599999999999998,11,8
19.9,0.3,88,1020.0,15.6,99,17.8,21.9,10.0,18.6,Patchy rain possible,2.099999999999998,20,0
23.9,0.0,90,1008.0,6.2,100,22.2,26.2,2.0,12.1,Overcast,1.6999999999999993,5,7
22.1,0.0,88,1012.0,6.1,53,20.1,24.6,10.0,10.9,Partly cloudy,2.0,3,2
23.4,0.1,91,1011.0,10.1,100,21.9,25.7,10.0,14.8,Patchy rain possible,1.5,2,0
18.8,0.0,86,1015.0,5.8,100,16.5,20.8,10.0,9.2,Overcast,2.3000000000000007,5,7
28.0,0.0,71,998.0,10.3,74,22.3,31.1,10.0,17.2,Cloudy,5.699999999999999,7,1
19.4,0.0,90,1018.0,10.4,100,17.7,21.4,2.0,15.8,Overcast,1.6999999999999993,1,7
29.2,0.1,74,1006.0,11.5,82,24.2,34.1,10.0,13.2,Patchy rain possible,5.0,14,0
26.6,0.1,81,1011.0,10.1,61,23.1,29.7,10.0,17.1,Patchy rain possible,3.5,12,0
30.5,0.0,82,1000.0,9.4,53,25.8,37.7,5.0,16.4,Partly cloudy,4.699999999999999,15,2
25.2,0.0,91,1005.0,7.2,76,23.7,28.2,10.0,8.6,Cloudy,1.5,6,1
24.7,0.2,90,1014.0,7.6,100,23.0,27.3,2.0,11.7,Patchy rain possible,1.6999999999999993,21,0
28.1,0.0,78,1008.0,3.6,24,24.0,32.3,10.0,10.0,Sunny,4.100000000000001,8,8
25.9,0.0,81,1006.0,9.0,63,22.3,28.4,10.0,17.3,Cloudy,3.599999999999998,23,1
19.2,0.4,83,1020.0,9.4,69,16.3,21.2,10.0,19.7,Patchy rain possible,2.8999999999999986,13,0
28.1,0.0,87,1010.0,13.7,87,24.4,32.6,9.0,26.1,Overcast,3.700000000000003,19,7
23.4,0.1,90,1015.0,6.7,100,21.6,25.6,10.0,14.1,Patchy rain possible,1.7999999999999972,8,0
21.0,0.0,79,1016.0,7.6,93,16.8,23.0,10.0,12.6,Overcast,4.199999999999999,23,7
21.5,0.2,90,1014.0,5.8,74,19.9,23.5,10.0,9.5,Patchy rain possible,1.6000000000000014,7,0
25.2,0.0,92,1012.0,6.5,23,23.3,28.2,10.0,11.2,Clear,1.8999999999999984,0,3
23.6,0.4,89,1014.0,11.2,66,21.6,25.8,10.0,18.3,Patchy rain possible,2.0,12,0
23.1,0.8,89,1014.0,5.0,81,21.2,25.3,10.0,8.5,Moderate rain at times,1.900000000000002,2,6
21.1,0.0,72,1017.0,8.9,72,15.9,23.1,10.0,16.7,Cloudy,5.200000000000001,18,1
22.8,0.1,87,1016.0,5.8,100,20.6,25.0,10.0,12.9,Patchy rain possible,2.1999999999999997,13,0
29.8,0.2,72,1008.0,8.6,77,24.2,35.0,9.0,18.3,Patchy rain possible,5.600000000000001,13,0
30.3,0.0,67,1010.0,9.4,9,23.4,35.0,10.0,15.6,Sunny,6.900000000000002,9,8
23.1,0.0,79,1014.0,12.2,14,19.3,25.1,10.0,15.4,Sunny,3.8000000000000007,17,8
23.7,3.29,95,1011.0,16.5,100,22.8,26.2,7.0,27.1,Moderate or heavy rain shower,0.8999999999999986,6,4
26.4,0.0,94,1007.0,5.8,28,25.3,30.7,10.0,9.5,Partly cloudy,1.099999999999998,22,2
31.1,0.0,70,1008.0,18.0,7,23.7,37.8,10.0,24.6,Sunny,7.400000000000002,13,8
29.3,1.3,79,1002.0,7.2,74,25.2,35.2,9.0,13.5,Heavy rain at times,4.100000000000001,14,5
22.0,0.0,96,1013.0,5.4,95,21.4,24.6,2.0,8.3,Overcast,0.6000000000000014,22,7
23.5,1.2,88,1011.0,11.2,100,21.5,25.7,10.0,18.8,Heavy rain at times,2.0,14,5
21.0,0.0,85,1017.0,4.7,100,18.3,23.0,10.0,6.4,Overcast,2.6999999999999997,7,7
27.8,0.0,73,1008.0,14.8,5,22.4,30.9,10.0,17.4,Sunny,5.400000000000002,16,8
25.3,0.0,93,1008.0,7.9,37,24.0,28.5,10.0,8.3,Partly cloudy,1.3000000000000007,3,2
21.0,0.0,88,1020.0,12.6,100,17.1,23.0,10.0,22.5,Overcast,3.899999999999999,16,7
24.6,0.1,87,1010.0,3.2,82,22.3,26.9,10.0,4.6,Patchy rain possible,2.3000000000000007,7,0
30.5,0.4,72,1003.0,10.2,85,25.0,36.8,9.0,18.9,Patchy rain possible,5.5,15,0
21.3,0.1,87,1020.0,5.0,77,18.8,23.3,10.0,8.5,Patchy rain possible,2.5,21,0
27.8,5.1,85,1005.0,10.1,86,25.0,32.6,9.0,17.5,Moderate or heavy rain shower,2.8000000000000007,18,4
30.7,0.1,69,1007.0,7.2,73,24.2,36.3,10.0,15.5,Patchy rain possible,6.5,11,0
23.3,1.3,89,1013.0,8.5,80,22.3,25.5,10.0,16.5,Heavy rain at times,1.0,4,5
30.3,0.2,75,1002.0,10.1,76,25.4,36.8,9.0,21.3,Patchy rain possible,4.900000000000002,16,0
20.4,0.0,83,1021.0,9.5,100,17.5,22.4,10.0,15.8,Overcast,2.8999999999999986,0,7
27.3,0.0,86,1007.0,9.0,87,24.7,31.7,10.0,11.5,Overcast,2.6000000000000014,22,7
19.2,0.0,92,1011.0,6.5,36,17.8,21.2,10.0,11.2,Partly cloudy,1.3999999999999986,1,2
23.2,0.6,91,1013.0,10.1,100,21.7,25.5,10.0,11.9,Moderate rain at times,1.5,22,6
25.3,0.3,81,1012.0,3.2,88,21.9,27.6,10.0,4.1,Patchy rain possible,3.400000000000002,7,0
23.3,0.0,93,1009.0,4.3,44,22.2,25.7,10.0,8.9,Partly cloudy,1.1000000000000014,21,2
28.6,0.0,74,1011.0,7.6,73,23.5,32.6,9.0,15.2,Cloudy,5.100000000000001,11,1
26.6,0.0,81,1006.0,7.2,31,23.1,29.6,10.0,9.4,Partly cloudy,3.5,7,2
26.3,0.0,76,999.0,13.0,72,21.7,28.6,10.0,19.2,Cloudy,4.600000000000001,6,1
28.3,0.0,73,1010.0,15.8,22,22.7,31.8,10.0,22.1,Sunny,5.600000000000001,13,8
28.5,0.1,81,1006.0,15.1,89,25.0,33.7,9.0,21.7,Patchy rain possible,3.5,17,0
29.6,0.0,81,1004.0,5.8,12,25.9,36.4,10.0,11.1,Clear,3.700000000000003,19,3
26.6,0.0,84,1005.0,9.7,27,23.7,30.1,10.0,12.0,Partly cloudy,2.900000000000002,2,2
21.4,0.3,92,1016.0,9.7,100,20.1,23.4,2.0,18.4,Patchy rain possible,1.2999999999999972,17,0
23.3,0.0,93,1011.0,9.7,63,22.1,25.6,10.0,24.7,Cloudy,1.1999999999999993,16,1
21.3,0.0,90,1018.0,6.8,80,19.6,23.3,10.0,7.6,Cloudy,1.6999999999999993,20,1
26.5,0.0,89,1010.0,2.9,77,23.3,30.4,10.0,11.1,Cloudy,3.1999999999999997,19,1
30.7,0.1,75,1007.0,13.7,87,24.5,36.7,10.0,20.8,Patchy rain possible,6.199999999999999,14,0
23.1,21.09,99,1013.0,9.9,100,22.9,25.7,5.0,17.6,Moderate or heavy rain shower,0.2000000000000028,11,4
27.6,0.1,76,1012.0,4.7,76,23.1,31.0,10.0,9.9,Patchy rain possible,4.5,9,0
23.2,5.6,96,997.0,17.1,100,22.6,25.7,7.0,30.3,Moderate or heavy rain shower,0.5999999999999979,8,4
27.7,0.0,84,1007.0,5.0,12,24.8,32.4,10.0,9.1,Clear,2.8999999999999986,21,3
24.1,0.0,86,1009.0,6.1,18,21.6,26.3,10.0,13.1,Clear,2.5,5,3
27.6,0.0,78,1002.0,8.2,26,23.4,31.2,10.0,14.9,Partly cloudy,4.200000000000003,1,2
21.6,0.1,92,1022.0,9.4,100,20.2,23.6,10.0,18.8,Patchy rain possible,1.400000000000002,12,0
21.0,0.27,87,1016.0,12.6,100,18.8,23.0,2.0,18.2,Light drizzle,2.1999999999999997,23,11
27.3,0.0,87,1005.0,7.6,14,25.0,31.8,10.0,12.7,Clear,2.3000000000000007,22,3
24.3,0.0,87,1005.0,7.6,13,22.1,26.6,10.0,10.4,Clear,2.1999999999999997,3,3
22.6,0.15,95,1013.0,4.0,60,21.8,25.1,2.0,7.3,Mist,0.8000000000000007,2,16
26.2,0.1,82,1013.0,9.4,78,22.9,29.1,10.0,16.8,Patchy rain possible,3.3000000000000007,9,0
25.6,1.34,88,1005.0,5.0,78,23.4,28.5,7.0,9.0,Heavy rain at times,2.200000000000003,23,5
22.2,0.3,88,1012.0,6.1,82,20.2,24.7,10.0,10.9,Patchy rain possible,2.0,3,0
26.2,0.3,85,1005.0,6.1,78,23.6,29.4,10.0,10.6,Patchy rain possible,2.599999999999998,21,0
30.0,0.0,72,1007.0,8.9,9,24.6,35.3,10.0,20.8,Sunny,5.399999999999999,12,8
26.2,0.0,84,1008.0,7.6,77,23.3,29.3,10.0,13.8,Cloudy,2.8999999999999986,23,1
19.4,0.0,83,1013.0,2.9,2,16.5,21.4,10.0,4.9,Clear,2.8999999999999986,19,3
20.6,0.0,86,1018.0,2.5,70,18.1,22.6,10.0,7.9,Cloudy,2.5,7,1
20.2,0.0,85,1016.0,6.8,100,17.6,22.2,10.0,10.5,Overcast,2.599999999999998,7,7
29.5,0.0,83,1006.0,10.1,46,25.7,36.1,9.0,11.6,Partly cloudy,3.8000000000000007,19,2
24.8,0.0,90,1005.0,8.6,32,23.0,27.4,10.0,10.5,Partly cloudy,1.8000000000000007,4,2
24.6,8.46,92,1007.0,17.6,100,23.2,27.3,5.0,29.9,Heavy rain,1.400000000000002,3,14
27.6,0.0,78,1004.0,7.9,18,23.4,31.2,10.0,11.3,Clear,4.200000000000003,0,3
23.7,0.4,89,1015.0,13.8,100,21.7,25.9,10.0,27.5,Patchy rain possible,2.0,4,0
26.4,0.0,83,1006.0,6.3,14,23.3,29.6,10.0,11.7,Clear,3.099999999999998,2,3
29.4,0.0,73,1008.0,4.0,12,24.1,34.2,10.0,4.6,Sunny,5.299999999999997,9,8
18.3,0.1,82,1016.0,3.6,66,16.4,20.3,10.0,5.7,Patchy rain possible,1.900000000000002,23,0
19.5,0.1,90,1021.0,9.4,100,17.8,21.5,10.0,12.7,Patchy rain possible,1.6999999999999993,8,0
24.4,0.0,79,1008.0,12.3,0,20.5,26.3,10.0,19.5,Sunny,3.899999999999999,15,8
20.6,0.0,81,1017.0,6.1,85,17.2,22.6,10.0,8.3,Overcast,3.400000000000002,8,7
26.9,0.0,86,1003.0,8.6,18,24.4,30.9,10.0,11.2,Clear,2.5,1,3
26.8,0.0,93,1011.0,5.7,80,24.6,31.8,9.0,7.3,Cloudy,2.1999999999999997,20,1
27.5,0.2,76,1010.0,18.4,86,22.8,30.7,9.0,23.1,Patchy rain possible,4.699999999999999,14,0
21.2,0.3,88,1016.0,18.0,100,18.3,23.2,10.0,23.4,Patchy rain possible,2.8999999999999986,12,0
25.6,0.0,87,1011.0,6.1,12,23.2,28.4,10.0,8.3,Sunny,2.400000000000002,7,8
20.4,1.8,90,1019.0,15.8,100,18.8,22.4,10.0,26.4,Moderate or heavy rain shower,1.599999999999998,8,4
24.6,3.81,95,1000.0,11.5,100,23.8,27.5,7.0,21.2,Moderate or heavy rain shower,0.8000000000000007,16,4
31.6,0.0,64,1002.0,13.5,5,24.0,37.4,10.0,27.4,Sunny,7.600000000000001,13,8
20.9,0.1,81,1014.0,10.1,100,17.5,22.9,10.0,13.3,Patchy rain possible,3.3999999999999986,16,0
20.9,0.0,94,1012.0,6.1,89,19.9,22.9,2.0,10.6,Overcast,1.0,4,7
19.3,0.0,87,1016.0,10.3,100,17.1,21.3,10.0,15.1,Overcast,2.1999999999999997,7,7
30.5,0.0,77,1005.0,6.8,73,23.8,37.8,9.0,16.5,Cloudy,6.699999999999999,17,1
20.3,0.0,89,1013.0,2.5,83,18.4,22.3,10.0,4.3,Cloudy,1.900000000000002,5,1
24.4,0.0,89,1009.0,6.1,36,22.5,26.8,10.0,12.0,Partly cloudy,1.8999999999999984,0,2
25.3,0.0,84,1007.0,6.9,21,23.3,27.7,10.0,13.3,Clear,2.0,1,3
27.3,0.0,84,1006.0,11.2,77,24.4,31.4,9.0,12.9,Cloudy,2.900000000000002,20,1
19.5,0.2,82,1018.0,8.1,100,16.4,21.5,10.0,17.7,Patchy rain possible,3.1000000000000014,18,0
18.9,0.0,83,1018.0,5.8,100,16.0,20.9,10.0,8.2,Overcast,2.8999999999999986,18,7
26.0,0.0,80,1003.0,9.7,40,22.3,28.6,10.0,13.0,Partly cloudy,3.6999999999999993,2,2
22.7,0.4,91,1012.0,8.3,100,21.2,25.0,10.0,12.0,Patchy rain possible,1.5,4,0
22.8,0.1,89,1015.0,7.2,100,20.9,25.1,10.0,12.1,Patchy rain possible,1.900000000000002,20,0
25.7,0.1,85,1011.0,17.6,53,21.5,28.0,10.0,28.9,Patchy rain possible,4.199999999999999,15,0
25.1,0.0,93,1009.0,9.7,70,23.9,28.2,10.0,11.1,Cloudy,1.2000000000000028,1,1
21.9,0.0,65,1015.0,6.8,0,15.0,23.9,10.0,12.2,Sunny,6.899999999999999,12,8
26.0,0.0,82,1006.0,8.6,63,22.7,28.7,10.0,12.9,Cloudy,3.3000000000000007,2,1
27.5,4.7,97,1003.0,10.4,100,24.8,32.2,3.0,20.1,Moderate or heavy rain shower,2.6999999999999997,11,4
28.6,0.0,72,1003.0,5.4,32,23.1,32.3,10.0,9.8,Partly cloudy,5.5,20,2
21.3,0.2,88,1017.0,9.0,95,19.1,23.3,10.0,13.4,Patchy rain possible,2.1999999999999997,17,0
27.0,9.1,85,1004.0,6.5,59,24.2,30.8,10.0,11.7,Moderate or heavy rain shower,2.8000000000000007,18,4
27.6,0.0,76,1007.0,8.9,84,22.9,30.8,10.0,16.2,Cloudy,4.700000000000003,10,1
22.8,0.0,89,1013.0,7.9,59,20.9,25.1,10.0,12.6,Partly cloudy,1.900000000000002,18,2
27.7,0.0,72,1003.0,9.0,61,22.2,30.6,10.0,11.2,Cloudy,5.5,6,1
23.6,0.0,83,1013.0,5.4,19,20.5,25.6,10.0,6.2,Sunny,3.1000000000000014,8,8
28.1,0.2,79,1006.0,7.2,82,24.1,32.4,9.0,12.2,Patchy rain possible,4.0,18,0
23.5,0.4,94,1012.0,2.5,81,22.5,25.9,2.0,4.2,Patchy rain possible,1.0,19,0
26.9,0.2,88,1010.0,8.2,65,24.8,31.2,10.0,16.6,Patchy rain possible,2.099999999999998,22,0
29.7,0.0,68,1006.0,3.6,51,23.2,34.0,10.0,10.5,Partly cloudy,6.5,10,2
21.7,0.5,93,1017.0,5.4,100,20.6,23.7,2.0,7.7,Moderate rain at times,1.099999999999998,2,6
21.8,0.0,85,1014.0,5.8,25,19.2,23.8,10.0,9.1,Clear,2.6000000000000014,21,3
27.2,0.0,83,1009.0,13.7,74,24.1,31.0,10.0,16.5,Cloudy,3.099999999999998,14,1
22.6,0.0,86,1014.0,12.6,42,20.2,24.9,10.0,15.5,Partly cloudy,2.400000000000002,20,2
25.0,0.0,90,1002.0,5.3,79,23.2,27.7,10.0,10.3,Cloudy,1.8000000000000007,3,1
22.9,0.1,95,1012.0,4.2,84,22.1,25.3,2.0,8.8,Patchy rain possible,0.7999999999999972,22,0
22.0,0.0,84,1013.0,2.2,16,19.1,24.0,10.0,3.4,Clear,2.8999999999999986,19,3
22.0,1.0,95,1016.0,1.4,100,21.1,24.0,2.0,2.1,Heavy rain at times,0.8999999999999986,1,5
24.7,0.0,78,1016.0,11.5,22,20.5,26.6,10.0,13.2,Sunny,4.199999999999999,11,8
20.4,0.0,88,1015.0,9.7,100,18.4,22.4,10.0,11.5,Overcast,2.0,1,7
22.5,0.16,76,1017.0,7.6,93,18.1,24.7,10.0,8.9,Light rain shower,4.399999999999999,9,9
26.2,0.0,87,1006.0,9.0,85,23.8,29.5,9.0,11.1,Overcast,2.3999999999999986,1,7
25.9,0.0,90,1011.0,5.8,53,24.1,29.3,10.0,9.0,Partly cloudy,1.7999999999999972,23,2
25.3,0.0,84,1012.0,9.4,7,22.4,27.8,10.0,12.3,Sunny,2.900000000000002,8,8
23.3,0.8,94,1014.0,2.9,72,22.3,25.7,9.0,5.1,Moderate rain at times,1.0,21,6
19.8,0.0,72,1017.0,4.7,7,14.7,21.8,10.0,9.3,Sunny,5.100000000000001,9,8
23.1,0.2,94,1012.0,2.9,76,22.1,25.5,2.0,9.5,Patchy rain possible,1.0,7,0
32.1,0.0,68,1006.0,13.7,19,24.9,39.6,10.0,23.8,Sunny,7.200000000000003,13,8
20.9,0.0,96,1013.0,9.7,74,20.3,22.9,2.0,15.0,Cloudy,0.5999999999999979,2,1
26.2,0.0,78,1007.0,10.8,14,22.0,28.7,10.0,14.3,Sunny,4.199999999999999,8,8
25.1,0.0,87,1009.0,10.1,20,22.8,27.7,10.0,13.5,Sunny,2.3000000000000007,8,8
20.8,0.0,90,1018.0,7.9,100,19.2,22.8,10.0,11.3,Overcast,1.6000000000000014,23,7
18.6,1.4,87,1015.0,10.7,100,16.5,20.6,9.0,21.7,Heavy rain at times,2.1000000000000014,1,5
21.6,0.0,80,1018.0,6.5,25,17.9,23.6,10.0,7.9,Sunny,3.700000000000003,8,8
26.2,0.0,86,1007.0,5.8,64,23.7,29.5,5.0,7.9,Cloudy,2.5,7,1
22.7,0.0,73,1012.0,11.2,11,17.6,24.9,10.0,24.7,Sunny,5.099999999999998,15,8
20.7,0.0,90,1016.0,3.2,100,19.0,22.7,10.0,5.0,Overcast,1.6999999999999993,21,7
23.1,0.1,94,1012.0,2.2,79,22.1,25.5,2.0,3.4,Patchy rain possible,1.0,21,0
28.2,4.3,81,1004.0,6.8,85,24.6,32.9,9.0,11.6,Moderate or heavy rain shower,3.599999999999998,18,4
20.2,0.0,88,1017.0,7.6,100,18.1,22.2,10.0,11.0,Overcast,2.099999999999998,19,7
18.4,0.0,86,1017.0,9.7,100,16.0,20.4,2.0,21.0,Overcast,2.3999999999999986,14,7
24.1,0.0,89,1010.0,7.2,23,22.1,26.3,10.0,8.8,Clear,2.0,3,3
23.0,0.0,69,1018.0,18.0,60,17.0,25.0,10.0,27.4,Partly cloudy,6.0,12,2
28.9,0.0,66,1009.0,7.9,14,22.0,32.1,10.0,10.8,Sunny,6.899999999999999,8,8
27.1,0.0,71,1001.0,10.2,19,21.5,29.5,10.0,18.1,Clear,5.600000000000001,4,3
26.0,0.0,93,1010.0,5.0,40,23.6,29.2,10.0,12.1,Partly cloudy,2.3999999999999986,19,2
27.8,0.0,82,1009.0,7.6,21,24.8,32.5,10.0,15.2,Clear,3.0,22,3
22.3,0.1,94,1016.0,2.5,87,21.3,24.7,2.0,3.6,Patchy rain possible,1.0,7,0
21.3,0.2,92,1017.0,9.4,100,20.0,23.3,2.0,17.6,Patchy rain possible,1.3000000000000007,18,0
26.9,0.0,89,1011.0,9.7,73,23.7,30.5,9.0,20.5,Cloudy,3.1999999999999997,20,1
28.1,0.0,89,1007.0,9.6,84,23.9,34.3,9.0,22.8,Cloudy,4.200000000000003,21,1
31.4,1.5,65,1003.0,16.6,78,24.0,37.1,10.0,23.5,Moderate or heavy rain shower,7.399999999999999,14,4
23.5,0.0,91,1010.0,5.0,33,22.0,25.8,10.0,8.3,Partly cloudy,1.5,4,2
21.3,0.0,80,1011.0,7.2,14,17.8,23.3,10.0,7.7,Sunny,3.5,6,8
28.0,0.0,86,1007.0,3.6,51,25.6,33.4,10.0,6.2,Partly cloudy,2.3999999999999986,20,2
25.7,0.1,83,1012.0,11.2,85,22.7,28.4,10.0,19.8,Patchy rain possible,3.0,9,0
24.6,0.0,86,1006.0,5.6,9,22.0,26.8,10.0,12.3,Clear,2.6000000000000014,2,3
26.2,0.0,89,1009.0,6.8,20,24.2,29.8,10.0,12.0,Clear,2.0,0,3
20.3,0.2,87,1017.0,10.4,100,18.2,22.4,10.0,14.5,Light rain shower,2.1000000000000014,19,9
24.5,0.35,90,1016.0,7.6,96,22.7,27.0,10.0,11.2,Light rain shower,1.8000000000000007,10,9
21.8,0.0,76,1021.0,16.6,81,17.5,23.8,10.0,22.8,Cloudy,4.300000000000001,8,1
31.0,0.0,71,1006.0,12.0,14,24.9,37.6,10.0,25.4,Sunny,6.100000000000001,12,8
19.6,0.3,89,1016.0,9.1,100,17.7,21.6,10.0,14.8,Patchy rain possible,1.900000000000002,7,0
22.7,0.0,92,1011.0,5.8,14,21.3,25.1,10.0,10.3,Clear,1.3999999999999986,1,3
31.1,0.0,68,1007.0,8.3,12,24.5,37.2,10.0,9.5,Sunny,6.600000000000001,11,8
21.6,0.1,94,1018.0,11.2,96,20.5,23.6,10.0,16.3,Patchy rain possible,1.1000000000000014,19,0
24.8,1.2,85,1015.0,13.1,93,22.1,27.1,10.0,22.0,Heavy rain at times,2.6999999999999997,8,5
19.3,0.3,90,1018.0,9.0,100,17.6,21.3,2.0,13.4,Patchy rain possible,1.6999999999999993,20,0
24.8,0.0,94,1004.0,9.0,65,23.9,27.9,10.0,11.0,Cloudy,0.9000000000000021,1,1
25.4,0.0,91,1007.0,7.9,15,24.2,28.7,10.0,15.9,Clear,1.1999999999999993,0,3
24.0,0.0,83,1012.0,10.4,99,20.9,26.0,10.0,12.0,Overcast,3.1000000000000014,3,7
27.7,0.0,71,1009.0,10.8,6,22.1,30.6,10.0,18.0,Sunny,5.599999999999998,13,8
25.3,0.0,87,1006.0,8.6,12,23.0,28.0,10.0,9.6,Clear,2.3000000000000007,4,3
26.6,0.0,82,1007.0,9.4,16,23.3,29.8,10.0,11.5,Clear,3.3000000000000007,1,3
20.7,0.0,81,1017.0,5.7,97,17.3,22.7,10.0,8.8,Overcast,3.3999999999999986,21,7
22.3,0.1,85,1016.0,1.4,53,19.6,24.7,10.0,7.2,Patchy rain possible,2.6999999999999997,9,0
21.3,0.4,88,1018.0,0.7,85,19.3,23.3,10.0,5.0,Patchy rain possible,2.0,8,0
24.5,0.1,86,1013.0,6.5,100,22.1,26.8,10.0,9.4,Patchy rain possible,2.3999999999999986,19,0
19.6,0.4,90,1016.0,1.4,100,17.9,21.6,10.0,2.4,Patchy rain possible,1.7000000000000028,2,0
25.6,0.0,92,1007.0,5.5,11,24.3,29.0,10.0,12.6,Clear,1.3000000000000007,23,3
24.6,0.2,87,1016.0,15.5,100,22.3,27.0,10.0,29.4,Patchy rain possible,2.3000000000000007,9,0
25.6,0.0,81,1007.0,7.9,19,22.1,28.0,10.0,9.7,Clear,3.5,5,3
27.0,0.3,93,1007.0,8.5,63,23.3,32.1,7.0,23.2,Patchy rain possible,3.6999999999999993,16,0
30.9,0.0,69,1006.0,14.4,31,24.5,36.9,9.0,25.8,Partly cloudy,6.399999999999999,17,2
25.7,0.0,91,1007.0,5.8,63,24.1,29.0,10.0,8.9,Cloudy,1.599999999999998,0,1
24.3,0.0,84,999.0,6.9,52,21.3,26.3,10.0,14.0,Partly cloudy,3.0,2,2
28.3,0.0,66,1009.0,15.5,2,21.5,31.0,10.0,17.8,Sunny,6.800000000000001,15,8
23.4,0.0,82,1003.0,12.6,63,20.2,25.4,10.0,20.7,Cloudy,3.1999999999999997,19,1
22.9,0.0,85,1011.0,8.3,22,20.4,25.1,10.0,10.6,Clear,2.5,3,3
24.5,0.0,79,1013.0,11.4,52,20.6,26.4,10.0,19.1,Partly cloudy,3.899999999999999,8,2
31.8,0.0,72,1005.0,13.0,15,25.3,39.1,10.0,23.0,Sunny,6.5,16,8
21.6,0.0,72,1021.0,1.8,72,16.4,23.6,10.0,7.5,Cloudy,5.200000000000003,9,1
27.4,0.0,75,1000.0,12.2,47,22.5,30.4,10.0,20.4,Partly cloudy,4.899999999999999,0,2
20.6,0.2,84,1019.0,8.6,92,17.8,22.6,10.0,14.8,Patchy rain possible,2.8000000000000007,21,0
26.7,0.0,87,1007.0,9.0,22,24.1,30.3,10.0,11.1,Clear,2.599999999999998,23,3
21.5,0.1,86,1006.0,5.8,53,19.1,23.5,10.0,9.5,Patchy rain possible,2.3999999999999986,1,0
28.3,0.0,84,1006.0,10.1,87,25.3,33.7,10.0,14.1,Overcast,3.0,17,7
26.3,0.0,76,1007.0,6.8,32,21.8,28.7,10.0,12.2,Partly cloudy,4.5,4,2
24.6,0.0,92,1006.0,8.6,22,23.1,27.2,10.0,14.4,Clear,1.5,5,3
23.4,0.2,96,1009.0,6.6,100,22.7,25.9,10.0,14.6,Patchy rain possible,0.6999999999999993,0,0
25.1,0.0,87,1002.0,7.6,76,22.8,27.6,10.0,13.6,Cloudy,2.3000000000000007,4,1
23.1,0.0,85,1011.0,11.5,91,20.4,25.2,10.0,16.1,Overcast,2.700000000000003,17,7
27.7,0.0,85,1008.0,8.6,24,24.3,31.9,10.0,11.0,Clear,3.3999999999999986,21,3
25.2,0.0,90,1008.0,6.1,73,23.5,28.1,9.0,11.9,Cloudy,1.6999999999999993,22,1
24.7,13.4,90,1012.0,9.4,100,23.0,27.3,10.0,23.8,Moderate or heavy rain shower,1.6999999999999993,11,4
20.5,0.0,87,1018.0,6.5,100,18.2,22.5,10.0,14.0,Overcast,2.3000000000000007,8,7
27.7,0.0,73,1009.0,6.4,30,22.5,30.9,10.0,13.9,Partly cloudy,5.199999999999999,7,2
21.8,0.0,82,1012.0,12.6,72,18.7,23.8,10.0,15.1,Cloudy,3.1000000000000014,1,1
21.9,0.9,87,1022.0,3.6,100,19.6,23.9,10.0,16.8,Moderate rain at times,2.299999999999997,10,6
26.8,0.0,81,1007.0,5.9,49,23.3,30.0,10.0,11.7,Partly cloudy,3.5,0,2
24.9,0.0,90,1010.0,6.5,12,23.1,27.5,10.0,10.7,Sunny,1.7999999999999972,6,8
29.7,0.0,81,1006.0,2.2,30,24.2,34.9,10.0,3.9,Partly cloudy,5.5,20,2
23.7,0.8,90,1014.0,13.6,100,21.9,25.9,10.0,23.1,Moderate rain at times,1.8000000000000007,2,6
19.2,0.0,81,1018.0,5.4,46,15.8,21.2,10.0,7.4,Partly cloudy,3.3999999999999986,8,2
28.1,0.0,88,1007.0,5.1,84,25.0,33.1,9.0,11.4,Cloudy,3.1000000000000014,18,1
19.7,0.1,90,1017.0,9.0,100,18.0,21.7,10.0,14.4,Patchy rain possible,1.6999999999999993,23,0
23.3,0.1,88,1014.0,6.5,100,21.3,25.5,10.0,10.2,Patchy rain possible,2.0,20,0
25.8,0.0,90,1010.0,9.4,31,24.1,29.1,10.0,16.9,Partly cloudy,1.6999999999999993,22,2
30.7,0.0,77,1007.0,14.0,53,24.7,36.9,10.0,21.1,Partly cloudy,6.0,13,2
25.7,0.0,89,1006.0,9.4,70,23.9,28.9,10.0,10.9,Cloudy,1.8000000000000007,21,1
22.8,0.0,67,1020.0,13.7,71,16.3,24.9,10.0,29.1,Cloudy,6.5,14,1
23.4,0.0,90,1006.0,10.8,76,21.6,25.7,10.0,17.5,Cloudy,1.7999999999999972,1,1
23.5,0.0,83,1010.0,12.6,76,20.5,25.6,10.0,21.6,Cloudy,3.0,16,1
21.3,0.7,94,1019.0,9.4,100,20.3,23.3,2.0,13.1,Moderate rain at times,1.0,8,6
23.3,0.0,92,1009.0,8.6,17,22.0,25.6,10.0,9.8,Clear,1.3000000000000007,5,3
27.6,0.0,81,1009.0,11.9,55,24.2,31.8,10.0,20.2,Partly cloudy,3.400000000000002,14,2
30.3,0.0,70,1004.0,5.4,71,24.2,35.7,9.0,11.8,Cloudy,6.100000000000001,9,1
23.1,0.0,94,1010.0,8.6,38,22.1,25.5,10.0,14.3,Partly cloudy,1.0,21,2
29.5,0.0,82,1004.0,2.2,72,24.8,35.1,9.0,8.5,Cloudy,4.699999999999999,19,1
26.5,0.1,85,1005.0,7.6,87,23.7,29.9,10.0,12.7,Patchy rain possible,2.8000000000000007,20,0
22.0,0.0,84,1004.0,7.3,6,19.1,24.0,10.0,10.0,Clear,2.8999999999999986,5,3
27.8,0.0,86,1005.0,10.4,63,24.7,32.4,10.0,16.7,Cloudy,3.1000000000000014,9,1
20.5,0.1,92,1016.0,7.2,100,19.2,22.5,9.0,10.8,Patchy rain possible,1.3000000000000007,5,0
21.7,0.7,88,1017.0,9.0,73,19.7,23.7,10.0,13.4,Moderate rain at times,2.0,19,6
25.5,0.0,70,1013.0,11.9,2,19.2,27.2,10.0,18.7,Sunny,6.300000000000001,14,8
24.0,0.0,89,1009.0,5.8,52,22.1,26.3,10.0,9.9,Partly cloudy,1.8999999999999984,3,2
24.7,0.2,91,1010.0,10.1,62,23.4,27.4,10.0,11.2,Patchy rain possible,1.3000000000000007,23,0
24.2,0.0,90,1010.0,5.4,16,22.6,26.7,10.0,9.1,Clear,1.599999999999998,3,3
24.1,0.0,86,1015.0,7.6,81,19.8,26.2,10.0,14.1,Cloudy,4.300000000000001,15,1
19.8,0.2,89,1017.0,12.6,100,17.9,21.8,10.0,15.1,Patchy rain possible,1.900000000000002,8,0
25.9,0.1,86,1015.0,3.2,100,22.1,28.4,2.0,13.9,Patchy rain possible,3.799999999999997,11,0
25.8,0.5,87,1006.0,7.6,82,23.5,28.8,9.0,12.9,Moderate rain at times,2.3000000000000007,22,6
30.5,0.7,75,1002.0,7.9,87,23.9,35.7,9.0,18.4,Moderate rain at times,6.600000000000001,17,6
25.1,0.0,89,1005.0,6.2,30,23.2,27.8,10.0,11.7,Partly cloudy,1.900000000000002,0,2
25.5,0.0,86,1000.0,8.7,60,23.0,28.3,10.0,18.5,Partly cloudy,2.5,4,2
25.8,0.0,83,1007.0,10.1,73,22.7,28.5,10.0,13.5,Cloudy,3.1000000000000014,1,1
24.8,0.0,87,1006.0,7.4,23,22.5,27.2,10.0,16.8,Clear,2.3000000000000007,2,3
27.0,0.2,79,1008.0,8.6,79,23.2,30.3,2.0,14.3,Patchy rain possible,3.8000000000000007,15,0
22.1,0.0,87,1011.0,5.4,15,19.9,24.6,10.0,9.9,Clear,2.200000000000003,5,3
26.5,0.0,81,1008.0,16.2,10,22.9,29.4,10.0,22.4,Sunny,3.6000000000000014,16,8
18.5,0.0,85,1015.0,6.8,69,16.0,20.5,10.0,12.7,Cloudy,2.5,5,1
27.1,0.1,84,1002.0,11.5,83,24.2,31.0,10.0,21.4,Patchy rain possible,2.900000000000002,18,0
19.0,0.2,83,1023.0,14.9,69,16.2,21.0,10.0,24.7,Patchy rain possible,2.8000000000000007,5,0
20.9,0.0,68,1017.0,4.3,0,14.8,22.9,10.0,10.6,Sunny,6.099999999999998,10,8
21.3,0.0,77,1020.0,10.9,67,17.2,23.3,10.0,16.8,Cloudy,4.100000000000001,7,1
23.8,0.0,89,1013.0,5.8,77,21.9,26.0,10.0,9.5,Cloudy,1.900000000000002,6,1
24.6,0.0,89,1010.0,7.2,15,22.7,27.1,10.0,13.2,Clear,1.900000000000002,20,3
29.9,0.0,72,1008.0,16.9,4,22.4,33.8,10.0,27.0,Sunny,7.5,15,8
24.7,0.0,83,1006.0,9.0,11,21.6,26.8,10.0,11.1,Clear,3.099999999999998,4,3
20.7,0.0,93,1018.0,12.2,100,19.6,22.7,10.0,16.9,Overcast,1.099999999999998,6,7
30.1,4.6,71,1007.0,12.3,75,24.2,35.3,9.0,22.1,Moderate or heavy rain shower,5.900000000000002,13,4
20.9,0.0,83,1008.0,11.9,0,18.7,22.9,10.0,14.6,Clear,2.1999999999999997,4,3
20.4,0.47,88,1016.0,12.6,100,18.3,22.4,10.0,17.1,Light rain shower,2.099999999999998,17,9
22.6,0.0,85,1014.0,11.2,71,20.0,24.9,10.0,14.3,Cloudy,2.6000000000000014,17,1
26.4,0.0,88,1009.0,8.6,23,24.3,30.1,10.0,11.4,Sunny,2.099999999999998,7,8
27.3,0.3,90,1004.0,7.6,100,24.4,31.4,10.0,15.4,Patchy rain possible,2.900000000000002,10,0
21.7,0.1,97,1016.0,7.6,100,21.2,23.7,2.0,10.6,Patchy rain possible,0.5,21,0
20.1,0.0,85,1015.0,6.8,100,17.6,22.1,10.0,10.4,Overcast,2.5,6,7
23.5,0.5,89,1014.0,3.6,59,21.6,25.8,10.0,6.0,Moderate rain at times,1.8999999999999984,23,6
25.9,0.0,82,1005.0,7.6,47,22.6,28.6,10.0,9.9,Partly cloudy,3.299999999999997,4,2
23.9,0.0,92,1012.0,5.8,74,22.5,26.3,10.0,11.9,Cloudy,1.3999999999999986,21,1
20.4,0.0,87,1018.0,4.7,100,18.2,22.4,10.0,6.3,Overcast,2.1999999999999997,9,7
25.0,0.1,86,1003.0,5.6,70,22.5,27.4,10.0,11.8,Patchy rain possible,2.5,1,0
22.3,0.2,96,1014.0,5.8,83,21.6,24.8,2.0,9.3,Patchy rain possible,0.6999999999999993,20,0
23.7,10.39,97,996.0,14.4,100,22.5,26.1,5.0,22.5,Moderate or heavy rain shower,1.1999999999999993,2,4
25.3,0.0,82,1004.0,10.1,48,21.9,27.5,10.0,12.5,Partly cloudy,3.400000000000002,4,2
21.7,0.7,95,1020.0,13.0,100,20.9,23.7,10.0,14.0,Moderate rain at times,0.8000000000000007,7,6
24.4,0.3,93,1005.0,7.2,100,23.1,27.0,10.0,11.2,Patchy rain possible,1.2999999999999972,1,0
22.3,0.0,80,1013.0,9.1,0,18.7,24.7,10.0,16.5,Sunny,3.6000000000000014,6,8
26.4,0.0,84,1004.0,6.5,70,23.5,29.6,10.0,12.1,Cloudy,2.8999999999999986,19,1
24.2,1.9,90,1016.0,14.0,94,22.5,26.6,7.0,24.3,Moderate or heavy rain shower,1.6999999999999993,20,4
27.6,0.0,80,1006.0,5.4,29,23.7,31.3,10.0,7.3,Partly cloudy,3.900000000000002,7,2
25.6,0.0,90,1007.0,6.8,55,23.9,28.8,10.0,11.2,Partly cloudy,1.7000000000000028,1,2
27.2,0.0,89,1008.0,7.9,22,24.4,31.2,10.0,9.7,Clear,2.8000000000000007,0,3
20.4,0.9,87,1018.0,18.4,100,18.1,22.4,10.0,29.2,Moderate rain at times,2.299999999999997,14,6
26.8,0.0,77,1003.0,8.1,9,22.4,29.6,10.0,15.5,Sunny,4.400000000000002,6,8
23.9,0.9,89,1014.0,11.1,100,21.9,26.1,10.0,23.3,Moderate rain at times,2.0,22,6
17.4,0.0,85,1012.0,5.8,33,14.9,19.4,10.0,9.5,Partly cloudy,2.4999999999999982,4,2
22.3,0.1,86,1007.0,6.1,50,19.9,24.7,10.0,8.7,Patchy rain possible,2.400000000000002,7,0
31.1,0.0,72,1006.0,13.0,10,24.0,36.8,10.0,21.1,Sunny,7.100000000000001,16,8
28.2,0.0,84,1005.0,15.1,80,25.2,33.4,9.0,21.3,Cloudy,3.0,18,1
26.3,0.0,89,1009.0,5.8,71,24.4,30.0,9.0,11.3,Cloudy,1.900000000000002,19,1
27.5,0.0,74,1000.0,11.2,78,22.4,30.4,10.0,18.6,Cloudy,5.100000000000001,7,1
22.9,0.0,82,1009.0,13.0,4,19.8,25.1,10.0,19.3,Sunny,3.099999999999998,7,8
23.8,0.1,86,1013.0,6.5,79,21.3,25.9,10.0,11.5,Patchy rain possible,2.5,6,0
21.8,0.5,90,1019.0,5.0,100,20.0,23.8,10.0,7.9,Moderate rain at times,1.8000000000000007,23,6
20.7,0.09,84,1015.0,11.5,100,17.9,22.7,10.0,16.5,Patchy rain possible,2.8000000000000007,2,0
24.0,2.6,88,1014.0,13.8,100,21.9,26.3,10.0,29.2,Moderate or heavy rain shower,2.1000000000000014,19,4
18.3,0.0,89,1016.0,8.3,100,16.5,20.3,10.0,13.2,Overcast,1.8000000000000007,1,7
27.2,0.0,84,1010.0,11.9,69,24.1,31.1,5.0,14.3,Cloudy,3.099999999999998,13,1
23.2,0.0,93,1008.0,6.1,17,22.1,25.6,10.0,6.9,Clear,1.099999999999998,23,3
19.0,0.0,80,1017.0,5.4,70,15.6,21.0,10.0,8.1,Cloudy,3.4000000000000004,2,1
27.7,0.1,84,1010.0,14.0,84,24.7,32.3,9.0,19.9,Patchy rain possible,3.0,13,0
24.8,0.0,92,1009.0,8.3,39,23.4,27.6,10.0,8.6,Partly cloudy,1.400000000000002,5,2
26.5,0.1,82,1007.0,9.7,71,23.2,29.6,10.0,18.8,Patchy rain possible,3.3000000000000007,23,0
21.6,0.1,96,1018.0,6.9,100,20.9,23.6,10.0,10.4,Patchy rain possible,0.7000000000000028,3,0
26.2,0.0,83,1005.0,6.8,20,23.1,29.1,10.0,9.0,Clear,3.099999999999998,5,3
20.1,0.2,90,1022.0,7.6,100,18.3,22.1,10.0,11.3,Patchy rain possible,1.8000000000000007,0,0
22.5,0.2,70,1016.0,10.1,75,16.8,24.8,10.0,12.3,Patchy rain possible,5.699999999999999,12,0
23.1,0.0,88,1011.0,4.9,87,20.9,25.3,10.0,12.0,Overcast,2.200000000000003,18,7
25.0,0.0,87,1010.0,8.3,20,22.7,27.5,10.0,9.0,Sunny,2.3000000000000007,6,8
29.1,0.42,80,1006.0,12.6,84,25.3,35.0,10.0,18.0,Patchy light rain with thunder,3.8000000000000007,15,15
19.9,0.0,86,1015.0,6.8,100,17.6,21.9,10.0,10.3,Overcast,2.299999999999997,1,7
25.5,0.0,91,1008.0,6.1,23,23.9,28.7,10.0,9.7,Clear,1.6000000000000014,2,3
30.6,1.1,70,1004.0,14.8,74,24.5,36.4,9.0,18.5,Heavy rain at times,6.100000000000001,14,5
24.5,0.0,90,1011.0,5.0,79,22.7,27.0,10.0,8.5,Cloudy,1.8000000000000007,5,1
27.4,0.0,83,1006.0,10.8,77,24.4,31.6,10.0,18.7,Cloudy,3.0,20,1
25.8,0.1,87,1009.0,10.7,70,23.5,28.9,10.0,19.9,Patchy rain possible,2.3000000000000007,15,0
26.8,0.3,86,1011.0,10.1,71,23.4,30.5,10.0,20.8,Patchy rain possible,3.400000000000002,14,0
24.6,0.0,94,1008.0,9.4,69,23.6,27.4,10.0,9.8,Cloudy,1.0,6,1
21.4,0.0,90,1010.0,6.6,23,19.7,23.4,10.0,9.4,Clear,1.6999999999999993,5,3
27.6,0.0,82,1009.0,10.1,88,23.5,31.3,10.0,12.5,Overcast,4.100000000000001,15,7
28.4,0.0,84,1007.0,10.5,75,25.4,34.0,8.0,21.4,Cloudy,3.0,17,1
21.0,0.0,91,1013.0,9.7,100,19.4,23.0,2.0,12.9,Overcast,1.6000000000000014,15,7
24.6,0.0,73,1014.0,12.2,6,19.4,26.3,10.0,15.5,Sunny,5.200000000000003,8,8
19.3,0.0,88,1018.0,4.4,100,17.4,21.3,10.0,8.2,Overcast,1.900000000000002,0,7
29.4,2.6,76,1004.0,7.4,58,24.8,34.9,9.0,19.5,Moderate or heavy rain shower,4.599999999999998,17,4
21.1,0.0,84,1004.0,6.5,67,18.3,23.1,10.0,10.5,Cloudy,2.8000000000000007,0,1
24.8,0.0,89,1010.0,7.9,59,22.9,27.4,10.0,12.6,Partly cloudy,1.900000000000002,21,2
17.6,0.6,85,1020.0,6.5,100,15.1,19.6,2.0,15.7,Moderate rain at times,2.5000000000000018,11,6
23.9,0.4,86,1015.0,10.9,76,21.3,26.0,10.0,20.3,Patchy rain possible,2.599999999999998,22,0
25.8,0.0,92,1011.0,2.9,23,23.0,29.3,10.0,5.0,Clear,2.8000000000000007,20,3
22.4,0.0,92,1010.0,6.1,11,21.1,24.8,10.0,11.2,Clear,1.2999999999999972,2,3
20.9,0.0,85,1010.0,9.0,4,18.9,22.9,10.0,11.6,Sunny,2.0,6,8
20.5,1.0,94,1018.0,9.1,100,19.5,22.5,10.0,14.6,Heavy rain at times,1.0,7,5
25.5,0.0,88,1007.0,10.1,47,23.3,28.4,10.0,13.6,Partly cloudy,2.1999999999999997,0,2
25.2,2.2,94,1002.0,13.7,100,24.2,28.4,7.0,17.7,Moderate or heavy rain shower,1.0,14,4
27.6,0.0,72,1002.0,8.6,48,22.0,30.4,10.0,11.2,Partly cloudy,5.600000000000001,5,2
20.1,0.2,91,1021.0,16.2,100,18.6,22.1,10.0,24.3,Patchy rain possible,1.5,6,0
21.0,0.0,85,1016.0,0.7,98,18.4,23.0,10.0,1.0,Overcast,2.6000000000000014,4,7
19.6,0.3,91,1016.0,13.7,100,18.1,21.6,10.0,19.2,Patchy rain possible,1.5,5,0
24.3,0.0,87,1006.0,5.3,9,22.0,26.6,10.0,7.1,Clear,2.3000000000000007,0,3
27.7,0.0,84,1006.0,13.3,83,24.0,32.2,10.0,23.6,Cloudy,3.6999999999999993,15,1
26.3,0.4,94,1006.0,6.5,80,24.6,30.3,9.0,14.4,Patchy rain possible,1.6999999999999993,14,0
19.7,0.0,89,1016.0,7.2,100,17.8,21.7,10.0,10.3,Overcast,1.8999999999999984,6,7
17.3,0.8,87,1021.0,7.2,100,15.2,19.3,10.0,13.2,Moderate rain at times,2.1000000000000014,10,6
26.1,0.0,91,1007.0,1.8,13,24.6,29.8,10.0,3.0,Clear,1.5,0,3
25.3,0.0,71,1010.0,11.9,0,19.6,27.0,10.0,14.1,Sunny,5.699999999999999,12,8
27.4,0.9,90,1005.0,7.2,100,25.4,32.4,2.0,15.6,Moderate rain at times,2.0,11,6
25.4,0.0,86,1004.0,10.1,89,22.9,28.2,10.0,12.7,Overcast,2.5,5,7
23.7,1.3,91,1012.0,14.6,100,22.1,26.0,10.0,27.2,Heavy rain at times,1.599999999999998,4,5
22.3,0.0,84,1016.0,7.6,100,19.4,24.7,10.0,15.7,Overcast,2.900000000000002,13,7
19.4,0.2,88,1022.0,13.6,100,17.5,21.4,10.0,20.7,Patchy rain possible,1.8999999999999984,20,0
26.8,2.0,88,995.0,15.5,100,24.4,30.7,10.0,26.4,Moderate or heavy rain shower,2.400000000000002,16,4
23.9,0.1,88,1008.0,5.8,70,21.8,26.1,10.0,9.0,Patchy rain possible,2.099999999999998,4,0
17.7,0.0,92,1015.0,7.6,32,16.4,19.7,10.0,13.2,Partly cloudy,1.3000000000000007,23,2
21.7,0.0,91,1014.0,8.3,60,20.1,23.7,10.0,13.5,Cloudy,1.599999999999998,21,1
24.1,0.0,91,1012.0,3.6,28,22.5,26.5,10.0,5.8,Partly cloudy,1.6000000000000014,21,2
19.6,0.5,86,1018.0,12.6,100,17.2,21.6,10.0,16.9,Moderate rain at times,2.400000000000002,10,6
20.5,0.0,89,1017.0,5.0,15,18.7,22.5,10.0,8.4,Clear,1.8000000000000007,21,3
26.0,0.0,87,1008.0,8.6,12,24.0,29.3,10.0,12.9,Clear,2.0,20,3
19.9,0.3,84,1016.0,3.6,71,17.2,21.9,10.0,5.9,Patchy rain possible,2.6999999999999997,22,0
25.6,0.0,86,1006.0,5.9,73,23.1,28.4,10.0,12.8,Cloudy,2.5,1,1
26.0,0.0,91,1010.0,5.4,9,22.9,29.6,10.0,9.3,Clear,3.1000000000000014,19,3
28.9,0.0,76,1009.0,7.6,14,24.3,33.8,10.0,13.4,Sunny,4.599999999999998,9,8
24.3,0.0,81,1008.0,5.0,9,20.8,26.3,10.0,7.3,Clear,3.5,1,3
21.6,0.0,68,1015.0,15.5,87,15.6,23.6,10.0,24.6,Overcast,6.000000000000002,14,7
26.4,1.5,88,1010.0,10.4,68,24.2,30.0,10.0,19.3,Moderate or heavy rain shower,2.1999999999999997,15,4
27.3,0.0,78,1001.0,8.3,81,23.3,30.8,9.0,16.2,Cloudy,4.0,2,1
27.0,3.1,84,999.0,10.4,88,24.0,30.7,10.0,20.9,Moderate or heavy rain shower,3.0,16,4
26.4,0.1,84,1015.0,2.5,84,23.5,29.6,9.0,9.1,Patchy rain possible,2.8999999999999986,8,0
19.2,0.0,81,1015.0,8.3,98,16.9,21.2,10.0,12.6,Overcast,2.3000000000000007,4,7
24.5,0.0,82,999.0,6.4,46,21.2,26.6,10.0,13.0,Partly cloudy,3.3000000000000007,4,2
25.4,0.0,88,1008.0,9.0,23,23.4,28.3,10.0,10.9,Clear,2.0,1,3
24.8,0.0,90,1013.0,5.0,68,23.0,27.4,10.0,8.2,Cloudy,1.8000000000000007,23,1
24.3,0.1,95,1012.0,4.3,57,23.5,27.1,2.0,6.7,Patchy rain possible,0.8000000000000007,23,0
25.4,0.0,83,1006.0,10.4,89,22.2,27.8,10.0,13.6,Overcast,3.1999999999999997,3,7
26.3,0.6,95,1006.0,9.0,88,24.6,30.2,9.0,12.0,Moderate rain at times,1.6999999999999993,16,6
27.0,0.1,73,1013.0,9.4,73,21.7,29.5,10.0,18.6,Patchy rain possible,5.300000000000001,11,0
21.1,0.0,95,1012.0,6.5,50,20.3,23.1,2.0,10.8,Partly cloudy,0.8000000000000007,5,2
26.4,0.0,88,1009.0,9.7,75,24.3,30.1,9.0,11.1,Cloudy,2.099999999999998,20,1
21.0,0.3,90,1015.0,7.6,100,19.3,23.0,10.0,9.9,Patchy rain possible,1.6999999999999993,16,0
25.2,3.2,85,1015.0,14.1,99,22.4,27.6,10.0,30.2,Moderate or heavy rain shower,2.8000000000000007,10,4
24.9,0.1,87,999.0,7.6,81,22.6,27.4,10.0,13.6,Patchy rain possible,2.299999999999997,21,0
30.5,0.0,77,1005.0,11.5,80,25.3,37.1,9.0,14.0,Cloudy,5.199999999999999,13,1
25.5,0.0,92,1008.0,4.7,31,24.2,28.7,10.0,10.2,Partly cloudy,1.3000000000000007,0,2
27.4,0.0,66,1012.0,9.0,17,20.4,29.4,10.0,10.4,Sunny,7.0,9,8
31.2,0.0,74,1001.0,7.9,77,24.3,37.1,9.0,20.2,Cloudy,6.899999999999999,16,1
21.6,1.2,93,1017.0,5.0,100,20.4,23.6,10.0,9.0,Heavy rain at times,1.2000000000000028,21,5
19.2,0.0,85,1018.0,5.0,57,16.6,21.2,10.0,8.5,Partly cloudy,2.599999999999998,21,2
30.2,0.0,67,1009.0,5.4,17,22.9,34.4,10.0,13.1,Sunny,7.300000000000001,9,8
20.6,0.3,79,1023.0,5.8,76,16.8,22.6,10.0,7.8,Patchy rain possible,3.8000000000000007,8,0
23.8,2.54,95,1010.0,16.5,100,22.8,26.3,7.0,26.8,Moderate or heavy rain shower,1.0,5,4
24.8,0.0,90,1011.0,6.8,34,22.9,27.4,10.0,11.3,Partly cloudy,1.900000000000002,23,2
19.3,0.0,84,1018.0,13.0,100,16.5,21.3,2.0,15.8,Overcast,2.8000000000000007,14,7
19.4,0.1,77,1018.0,9.4,82,15.4,21.4,10.0,14.8,Patchy rain possible,3.9999999999999982,20,0
26.8,5.8,86,1006.0,3.6,78,24.2,30.7,10.0,5.7,Moderate or heavy rain shower,2.6000000000000014,19,4
29.9,0.0,65,1010.0,12.2,11,22.5,33.7,10.0,15.9,Sunny,7.399999999999999,9,8
26.0,0.0,86,1003.0,7.2,86,23.5,29.2,9.0,13.8,Overcast,2.5,20,7
24.2,0.0,87,1006.0,5.3,16,22.0,26.5,10.0,13.3,Clear,2.1999999999999997,5,3
20.6,0.23,85,1014.0,10.1,100,18.1,22.6,2.0,14.1,Light drizzle,2.5,3,11
18.3,0.0,82,1018.0,5.8,57,16.1,20.3,10.0,9.5,Partly cloudy,2.1999999999999997,23,2
20.0,0.0,85,1010.0,6.4,3,17.3,22.0,10.0,12.3,Sunny,2.6999999999999997,7,8
27.0,1.37,82,1007.0,9.7,70,23.7,30.5,10.0,15.0,Light rain shower,3.3000000000000007,13,9
25.8,0.0,84,1007.0,9.7,21,23.0,28.7,10.0,13.4,Clear,2.8000000000000007,0,3
26.9,0.1,86,1003.0,7.6,71,24.4,30.8,10.0,14.5,Patchy rain possible,2.5,0,0
27.2,0.0,75,1004.0,6.9,12,22.2,30.0,10.0,14.7,Clear,5.0,3,3
20.3,0.1,89,1021.0,7.9,100,18.5,22.3,10.0,12.1,Patchy rain possible,1.8000000000000007,2,0
31.0,0.0,77,1004.0,11.4,13,25.5,38.5,10.0,23.9,Sunny,5.5,14,8
28.2,0.0,75,1001.0,9.9,88,23.2,31.8,10.0,20.0,Overcast,5.0,2,7
26.7,0.0,70,1003.0,7.7,12,20.7,28.7,10.0,16.1,Clear,6.0,5,3
22.4,0.1,96,1014.0,6.1,98,21.7,24.9,2.0,9.5,Patchy rain possible,0.6999999999999993,23,0
20.3,0.1,86,1017.0,0.4,92,17.9,22.3,10.0,5.7,Patchy rain possible,2.400000000000002,4,0
25.4,0.0,82,1010.0,7.6,10,22.2,27.9,10.0,9.5,Sunny,3.1999999999999997,7,8
29.4,0.2,79,1011.0,9.0,63,24.3,35.4,10.0,12.8,Patchy rain possible,5.099999999999998,11,0
25.5,0.0,87,1006.0,6.5,13,23.2,28.4,10.0,11.5,Clear,2.3000000000000007,2,3
30.7,0.0,77,1003.0,10.1,11,25.7,37.8,10.0,17.1,Sunny,5.0,18,8
27.5,0.0,90,1006.0,7.9,17,24.9,32.0,10.0,16.8,Clear,2.6000000000000014,23,3
26.1,0.0,88,1005.0,6.7,22,24.0,29.5,10.0,12.6,Clear,2.1000000000000014,1,3
21.4,0.1,88,1016.0,13.7,52,19.4,23.4,10.0,21.4,Patchy rain possible,2.0,19,0
23.2,0.5,94,1014.0,2.5,88,22.2,25.6,9.0,4.6,Moderate rain at times,1.0,22,6
24.5,0.0,88,1014.0,9.4,100,22.3,26.8,10.0,11.4,Overcast,2.1999999999999997,23,7
18.6,0.1,91,1017.0,6.8,100,17.1,20.6,10.0,9.8,Patchy rain possible,1.5,23,0
26.2,0.0,77,1012.0,13.3,32,21.9,28.6,10.0,20.4,Partly cloudy,4.300000000000001,15,2
26.0,0.0,86,1005.0,9.4,30,23.3,29.0,10.0,13.4,Partly cloudy,2.6999999999999997,23,2
18.7,0.0,90,1015.0,6.8,48,17.0,20.7,10.0,11.4,Partly cloudy,1.6999999999999993,21,2
25.5,0.0,87,1009.0,8.3,6,23.2,28.3,10.0,11.7,Sunny,2.3000000000000007,17,8
27.1,0.0,76,1007.0,8.0,87,22.6,30.1,10.0,14.3,Overcast,4.5,8,7
19.4,0.0,85,1018.0,16.8,100,16.8,21.4,10.0,28.5,Overcast,2.599999999999998,5,7
25.8,0.8,87,1012.0,9.1,77,23.5,28.9,10.0,20.4,Moderate rain at times,2.3000000000000007,17,6
22.5,0.0,88,1011.0,4.0,23,20.4,24.8,10.0,7.1,Clear,2.1000000000000014,2,3
25.8,0.0,90,1007.0,7.2,76,24.0,29.1,10.0,11.5,Cloudy,1.8000000000000007,23,1
25.1,1.9,91,1012.0,12.2,94,23.5,28.0,10.0,23.3,Moderate or heavy rain shower,1.6000000000000014,4,4
23.1,2.8,94,1013.0,17.3,100,22.0,25.4,9.0,29.3,Moderate or heavy rain shower,1.1000000000000014,17,4
24.4,0.0,87,1006.0,4.9,10,22.1,26.7,10.0,6.8,Clear,2.299999999999997,1,3
20.7,1.2,92,1017.0,9.8,100,19.4,22.7,10.0,15.1,Heavy rain at times,1.3000000000000007,7,5
28.7,2.7,81,1002.0,10.1,90,25.1,34.2,10.0,16.0,Moderate or heavy rain shower,3.599999999999998,16,4
29.9,0.0,89,1006.0,14.0,56,24.4,35.5,10.0,21.8,Partly cloudy,5.5,17,2
27.4,0.0,81,1005.0,4.3,31,23.8,31.2,10.0,5.5,Partly cloudy,3.599999999999998,8,2
25.7,0.1,79,1016.0,9.0,78,21.7,28.0,10.0,16.5,Patchy rain possible,4.0,9,0
24.7,0.0,94,1005.0,4.5,88,23.6,27.5,10.0,9.1,Overcast,1.099999999999998,5,7
32.2,0.0,73,1002.0,12.2,72,25.0,39.5,9.0,18.2,Cloudy,7.200000000000003,17,1
19.3,0.1,89,1018.0,9.0,100,17.5,21.3,10.0,13.5,Patchy rain possible,1.8000000000000007,21,0
25.6,0.0,92,1007.0,8.6,96,24.3,29.0,10.0,9.6,Overcast,1.3000000000000007,0,7
25.1,0.0,77,1011.0,7.6,5,20.7,27.1,10.0,11.4,Sunny,4.400000000000002,7,8
28.5,0.0,86,1009.0,1.4,15,24.1,33.1,10.0,2.6,Clear,4.399999999999999,20,3
25.1,0.0,91,1009.0,7.6,72,23.0,28.0,10.0,10.9,Cloudy,2.1000000000000014,17,1
22.6,0.0,84,1014.0,9.5,70,19.8,24.9,10.0,15.4,Cloudy,2.8000000000000007,7,1
25.7,1.25,87,1007.0,9.4,86,23.5,28.7,9.0,12.2,Light rain,2.1999999999999997,15,10
25.7,0.0,89,1008.0,8.9,45,23.8,28.8,10.0,15.8,Partly cloudy,1.8999999999999984,22,2
24.8,0.0,90,1012.0,6.5,62,23.1,27.5,10.0,10.7,Cloudy,1.6999999999999993,0,1
25.4,0.0,83,1006.0,8.3,44,22.2,27.8,10.0,9.6,Partly cloudy,3.1999999999999997,3,2
24.8,0.0,87,1004.0,9.0,9,22.4,27.2,10.0,18.3,Clear,2.400000000000002,2,3
26.2,0.0,86,1011.0,7.2,76,23.7,29.4,10.0,9.9,Cloudy,2.5,7,1
23.9,0.0,70,1011.0,9.4,0,17.0,25.5,10.0,15.5,Sunny,6.899999999999999,15,8
25.0,0.3,76,1014.0,14.8,71,20.6,26.9,10.0,17.0,Patchy rain possible,4.399999999999999,11,0
23.6,12.43,97,995.0,12.3,100,22.3,26.0,5.0,19.7,Moderate or heavy rain shower,1.3000000000000007,3,4
22.7,0.4,91,1014.0,9.0,70,21.1,25.0,10.0,14.5,Patchy rain possible,1.599999999999998,1,0
21.4,1.2,95,1018.0,10.4,100,20.5,23.4,10.0,14.6,Heavy rain at times,0.8999999999999986,7,5
21.5,0.0,74,1020.0,13.3,83,16.7,23.5,10.0,24.3,Cloudy,4.800000000000001,16,1
20.1,0.1,90,1021.0,8.6,100,18.4,22.1,10.0,13.1,Patchy rain possible,1.7000000000000028,1,0
27.0,4.3,79,1002.0,13.5,100,22.9,30.1,10.0,30.5,Moderate or heavy rain shower,4.100000000000001,12,4
24.3,0.5,86,1015.0,13.0,89,21.8,26.5,10.0,26.7,Moderate rain at times,2.5,7,6
24.5,5.6,90,1002.0,11.5,100,22.7,27.0,10.0,19.7,Moderate or heavy rain shower,1.8000000000000007,2,4
25.0,0.0,83,1008.0,9.7,64,21.9,27.2,10.0,14.4,Cloudy,3.1000000000000014,19,1
30.4,4.0,63,1005.0,16.2,70,24.8,36.4,10.0,23.6,Moderate or heavy rain shower,5.599999999999998,14,4
24.9,0.0,89,1007.0,5.8,89,23.0,27.6,10.0,11.5,Overcast,1.8999999999999984,19,7
26.5,0.0,77,1005.0,7.9,25,22.1,29.1,10.0,14.5,Partly cloudy,4.399999999999999,5,2
25.6,0.0,88,1009.0,8.6,80,23.5,28.6,9.0,11.5,Cloudy,2.1000000000000014,0,1
19.8,0.0,88,1015.0,4.0,80,17.9,21.8,10.0,6.8,Cloudy,1.900000000000002,21,1
23.5,0.0,90,1011.0,6.1,17,21.9,25.8,10.0,10.6,Clear,1.6000000000000014,3,3
23.2,0.1,90,1017.0,2.5,81,21.6,25.5,10.0,8.9,Patchy rain possible,1.599999999999998,9,0
27.8,0.0,78,1011.0,14.8,70,23.5,31.5,9.0,27.3,Cloudy,4.300000000000001,13,1
28.3,0.0,67,1002.0,8.5,44,21.7,31.1,10.0,19.8,Partly cloudy,6.600000000000001,20,2
27.4,0.0,73,1006.0,7.6,13,22.0,30.1,10.0,9.8,Clear,5.399999999999999,5,3
24.1,0.0,87,1011.0,6.5,37,21.9,26.4,10.0,11.5,Partly cloudy,2.200000000000003,2,2
23.5,0.0,82,1005.0,6.1,23,20.3,25.5,10.0,7.7,Clear,3.1999999999999997,23,3
26.8,0.0,85,1009.0,14.4,75,24.1,30.5,10.0,18.2,Cloudy,2.6999999999999997,16,1
25.4,0.0,85,1001.0,8.3,10,22.8,28.1,10.0,11.9,Clear,2.599999999999998,4,3
23.2,0.9,84,1015.0,11.0,77,20.4,25.3,2.0,17.6,Moderate rain at times,2.8000000000000007,3,6
21.0,2.7,92,1020.0,10.2,100,19.8,23.0,10.0,17.0,Moderate or heavy rain shower,1.1999999999999993,4,4
29.4,0.2,78,1003.0,11.9,87,25.1,35.1,9.0,21.5,Patchy rain possible,4.299999999999997,13,0
20.7,0.69,94,1019.0,12.2,100,19.6,22.7,2.0,16.7,Light drizzle,1.099999999999998,8,11
19.6,0.0,89,1016.0,7.1,100,17.7,21.6,10.0,15.4,Overcast,1.900000000000002,18,7
24.0,0.01,83,1012.0,15.5,74,20.8,26.0,10.0,17.9,Patchy rain possible,3.1999999999999997,15,0
24.4,9.2,85,1016.0,12.3,100,21.7,26.6,10.0,18.7,Moderate or heavy rain shower,2.6999999999999997,10,4
21.7,1.0,89,1016.0,18.4,100,19.8,23.7,10.0,28.9,Heavy rain at times,1.8999999999999984,13,5
25.6,0.0,91,1007.0,6.8,79,24.0,28.9,10.0,7.4,Cloudy,1.6000000000000014,1,1
19.2,0.3,84,1020.0,11.9,99,16.5,21.2,10.0,18.3,Patchy rain possible,2.6999999999999997,23,0
17.5,0.0,83,1017.0,1.1,84,14.5,19.5,10.0,1.8,Cloudy,3.0,4,1
19.3,0.0,78,1021.0,4.0,11,15.5,21.3,10.0,6.7,Clear,3.8000000000000007,23,3
24.2,0.2,85,1015.0,13.0,70,21.5,26.4,10.0,16.9,Patchy rain possible,2.6999999999999997,11,0
25.7,0.0,75,1011.0,16.6,75,20.9,27.7,10.0,28.4,Cloudy,4.800000000000001,16,1
21.5,0.1,86,1015.0,10.8,100,19.0,23.5,10.0,13.5,Patchy rain possible,2.5,12,0
27.7,0.4,77,1011.0,14.8,61,23.3,31.2,10.0,29.2,Patchy rain possible,4.399999999999999,13,0
26.8,0.0,83,1007.0,10.4,20,23.6,30.3,10.0,18.5,Clear,3.1999999999999997,20,3
25.0,0.1,87,1013.0,6.1,77,22.6,27.5,10.0,10.5,Patchy rain possible,2.3999999999999986,21,0
21.2,0.0,86,1017.0,2.2,98,18.7,23.2,10.0,3.0,Overcast,2.5,6,7
22.6,0.0,93,1007.0,7.9,38,21.4,25.0,10.0,9.1,Partly cloudy,1.2000000000000028,1,2
24.1,0.1,84,1017.0,10.8,64,18.9,25.8,10.0,15.5,Patchy rain possible,5.200000000000003,12,0
20.9,0.0,90,1005.0,10.1,100,19.2,22.9,9.0,16.4,Overcast,1.6999999999999993,3,7
25.2,0.0,85,1011.0,0.7,85,22.5,27.7,10.0,6.8,Overcast,2.6999999999999997,8,7
23.9,0.0,87,1014.0,9.0,6,21.5,26.0,10.0,15.0,Sunny,2.3999999999999986,18,8
25.8,0.0,65,1015.0,8.6,16,18.7,27.3,10.0,17.2,Sunny,7.100000000000001,11,8
29.2,0.0,71,1010.0,5.0,11,23.5,33.5,10.0,11.7,Sunny,5.699999999999999,9,8
25.5,0.0,90,1005.0,7.6,89,23.8,28.6,9.0,9.2,Overcast,1.6999999999999993,2,7
28.5,0.1,73,1011.0,1.1,84,23.2,32.2,5.0,7.8,Patchy rain possible,5.300000000000001,9,0
21.6,1.1,96,1020.0,17.6,100,20.8,23.6,9.0,24.6,Heavy rain at times,0.8000000000000007,19,5
23.8,1.6,91,1015.0,14.0,100,22.2,26.1,10.0,23.6,Moderate or heavy rain shower,1.6000000000000014,20,4
24.1,9.1,92,1013.0,9.3,100,22.7,26.6,7.0,20.6,Moderate or heavy rain shower,1.400000000000002,2,4
22.4,0.0,71,1016.0,13.8,83,16.8,24.7,10.0,23.3,Cloudy,5.599999999999998,16,1
25.6,0.6,89,1003.0,4.3,80,23.7,28.7,10.0,7.6,Moderate rain at times,1.900000000000002,20,6
26.0,0.0,79,1008.0,5.1,33,22.0,28.4,10.0,11.3,Partly cloudy,4.0,0,2
25.3,0.1,87,1002.0,7.6,73,23.0,28.1,10.0,10.9,Patchy rain possible,2.3000000000000007,2,0
22.6,0.2,95,1013.0,4.3,100,21.7,25.0,10.0,7.8,Light rain shower,0.9000000000000021,5,9
28.7,0.0,72,1005.0,5.4,47,23.1,32.5,10.0,6.3,Partly cloudy,5.599999999999998,9,2
23.2,0.4,88,1013.0,6.5,59,21.1,25.4,10.0,11.3,Patchy rain possible,2.099999999999998,22,0
26.5,0.3,86,1014.0,4.0,56,23.6,30.0,10.0,18.3,Patchy rain possible,2.8999999999999986,11,0
23.3,0.3,96,1016.0,8.3,100,21.6,25.7,10.0,17.3,Patchy rain possible,1.6999999999999993,14,0
25.1,0.0,73,1012.0,17.6,10,20.0,26.8,10.0,23.3,Sunny,5.100000000000001,16,8
25.9,0.0,92,1008.0,5.1,10,23.7,29.5,10.0,6.9,Clear,2.1999999999999997,20,3
24.6,0.1,79,1017.0,17.3,72,20.7,26.6,10.0,28.7,Patchy rain possible,3.900000000000002,10,0
26.0,0.1,85,1012.0,6.1,56,23.4,29.1,10.0,7.7,Patchy rain possible,2.6000000000000014,8,0
19.3,0.0,84,1016.0,8.3,100,16.6,21.3,10.0,11.9,Overcast,2.6999999999999997,5,7
28.3,0.1,73,1013.0,4.3,74,23.0,31.9,10.0,10.6,Patchy rain possible,5.300000000000001,10,0
18.9,0.0,82,1015.0,7.6,95,16.8,20.9,10.0,11.3,Overcast,2.099999999999998,3,7
21.1,0.0,88,1016.0,7.9,100,19.0,23.1,10.0,11.8,Overcast,2.1000000000000014,5,7
23.5,0.6,90,1010.0,9.2,62,21.9,25.8,10.0,19.0,Moderate rain at times,1.6000000000000014,17,6
25.9,0.0,72,1013.0,13.7,54,19.1,27.7,10.0,21.5,Partly cloudy,6.799999999999997,14,2
26.3,7.6,92,1002.0,9.4,100,24.6,30.2,9.0,19.0,Moderate or heavy rain shower,1.6999999999999993,14,4
23.3,0.0,88,1011.0,10.4,83,21.3,25.5,10.0,16.8,Cloudy,2.0,4,1
24.8,0.1,89,1013.0,2.9,59,22.8,27.4,10.0,4.8,Patchy rain possible,2.0,22,0
30.6,10.0,72,1003.0,11.1,88,24.9,36.7,9.0,19.3,Moderate or heavy rain shower,5.700000000000003,16,4
17.9,0.0,90,1019.0,5.8,100,16.3,19.9,10.0,8.1,Overcast,1.599999999999998,20,7
22.8,0.0,91,1014.0,4.3,43,21.3,25.1,10.0,6.0,Partly cloudy,1.5,7,2
30.4,0.0,81,1006.0,8.6,70,25.8,37.5,9.0,14.9,Cloudy,4.599999999999998,18,1
25.7,0.0,89,1007.0,10.4,38,23.7,28.9,10.0,17.1,Partly cloudy,2.0,21,2
27.3,0.0,92,1005.0,7.6,54,24.9,31.8,10.0,10.3,Partly cloudy,2.400000000000002,9,2
23.6,0.3,80,1015.0,10.1,88,20.0,25.6,10.0,23.4,Patchy rain possible,3.6000000000000014,16,0
21.7,0.0,90,1010.0,7.6,11,20.1,23.7,10.0,14.9,Clear,1.599999999999998,5,3
23.2,0.0,92,1006.0,6.8,22,21.8,25.5,10.0,7.9,Clear,1.3999999999999986,3,3
22.8,0.6,88,1008.0,7.9,87,20.7,25.0,10.0,13.1,Moderate rain at times,2.1000000000000014,21,6
28.0,0.0,69,998.0,9.5,37,21.7,30.7,10.0,18.8,Partly cloudy,6.300000000000001,0,2
17.6,0.3,86,1020.0,6.5,100,15.2,19.6,10.0,9.5,Patchy rain possible,2.400000000000002,3,0
21.4,0.0,84,1011.0,9.9,6,19.4,23.4,10.0,17.3,Clear,2.0,3,3
20.3,0.0,89,1013.0,4.0,89,18.4,22.3,10.0,6.8,Overcast,1.900000000000002,4,7
24.3,0.0,85,1013.0,8.6,86,21.7,26.5,10.0,13.4,Overcast,2.6000000000000014,23,7
23.0,0.4,80,1015.0,13.0,83,19.3,25.1,10.0,23.0,Patchy rain possible,3.6999999999999993,15,0
31.6,0.0,79,1001.0,3.6,75,25.7,39.5,10.0,13.4,Cloudy,5.900000000000002,17,1
19.3,0.0,81,1017.0,7.2,77,16.0,21.3,10.0,10.5,Cloudy,3.3000000000000007,7,1
28.7,0.0,74,1010.0,10.8,10,23.7,32.9,10.0,13.2,Sunny,5.0,9,8
26.8,0.5,87,1014.0,12.9,62,24.4,30.8,9.0,22.4,Moderate rain at times,2.400000000000002,9,6
20.4,0.0,83,1021.0,15.5,100,17.4,22.4,10.0,20.5,Overcast,3.0,10,7
25.2,0.0,88,1006.0,6.9,7,24.1,28.5,10.0,14.2,Clear,1.099999999999998,1,3
25.5,0.0,86,1005.0,6.4,29,23.0,28.2,10.0,13.0,Partly cloudy,2.5,6,2
26.5,0.0,92,1009.0,5.9,12,24.8,30.7,10.0,13.1,Clear,1.6999999999999993,21,3
20.8,0.44,93,1019.0,14.0,100,19.6,22.8,10.0,19.0,Light rain shower,1.1999999999999993,10,9
28.6,0.0,69,1006.0,11.9,52,22.4,31.9,10.0,20.1,Partly cloudy,6.200000000000003,7,2
31.5,0.0,68,1000.0,12.6,49,24.9,38.1,10.0,18.2,Partly cloudy,6.600000000000001,14,2
26.5,0.0,86,1003.0,9.2,83,23.9,30.0,10.0,16.7,Cloudy,2.6000000000000014,6,1
24.5,0.0,84,1007.0,5.7,26,21.6,26.6,10.0,7.7,Partly cloudy,2.8999999999999986,0,2
22.5,0.0,91,1014.0,1.4,100,21.0,24.8,2.0,2.1,Overcast,1.5,23,7
27.8,0.0,82,1005.0,11.9,82,24.5,32.3,9.0,20.4,Cloudy,3.3000000000000007,19,1
29.4,0.0,70,1005.0,6.4,13,23.5,33.8,10.0,15.2,Sunny,5.899999999999999,7,8
23.0,0.0,89,1014.0,0.4,100,21.1,25.2,10.0,0.6,Overcast,1.8999999999999984,21,7
24.0,0.0,87,1013.0,5.4,87,21.7,26.2,10.0,8.9,Overcast,2.3000000000000007,20,7
27.0,0.0,85,1007.0,5.9,10,24.3,30.9,10.0,11.5,Clear,2.6999999999999997,23,3
29.4,0.0,72,1008.0,8.3,21,23.1,34.1,10.0,10.0,Sunny,6.299999999999997,8,8
21.5,0.0,84,1017.0,12.1,100,18.6,23.5,2.0,19.9,Overcast,2.8999999999999986,19,7
25.5,0.0,86,1005.0,7.6,65,23.1,28.3,5.0,11.2,Cloudy,2.3999999999999986,0,1
23.5,4.02,95,1012.0,18.7,100,22.7,26.0,7.0,27.8,Moderate or heavy rain shower,0.8000000000000007,12,4
23.8,0.0,90,1008.0,8.6,80,22.0,26.1,10.0,13.0,Cloudy,1.8000000000000007,7,1
26.1,0.3,91,1013.0,0.4,86,22.9,29.9,9.0,0.6,Patchy rain possible,3.200000000000003,20,0
19.9,0.3,91,1017.0,10.8,100,18.3,21.9,2.0,16.2,Patchy rain possible,1.599999999999998,4,0
22.8,0.0,81,1016.0,12.1,72,16.5,24.9,10.0,23.1,Cloudy,6.300000000000001,14,1
24.3,0.0,87,1009.0,5.8,17,21.9,26.5,10.0,12.3,Clear,2.400000000000002,4,3
22.3,0.5,87,1016.0,10.4,88,20.2,24.7,10.0,18.3,Moderate rain at times,2.1000000000000014,1,6
26.7,0.0,83,1004.0,8.6,46,23.6,30.1,10.0,11.5,Partly cloudy,3.099999999999998,2,2
27.2,0.0,83,1006.0,10.4,60,24.0,31.1,10.0,19.5,Cloudy,3.1999999999999997,20,1
23.8,0.5,89,1013.0,3.6,100,21.8,26.0,10.0,6.1,Moderate rain at times,2.0,4,6
27.5,0.0,76,1004.0,8.9,32,23.5,31.1,10.0,17.7,Partly cloudy,4.0,22,2
24.5,0.0,86,1004.0,7.6,32,22.0,26.7,10.0,10.4,Partly cloudy,2.5,4,2
28.0,0.2,83,1008.0,3.2,73,24.8,32.8,10.0,16.1,Patchy rain possible,3.1999999999999997,20,0
30.4,0.0,76,1006.0,11.5,70,24.4,36.1,10.0,20.2,Cloudy,6.0,17,1
20.5,0.0,85,1015.0,11.2,100,17.9,22.5,10.0,15.1,Overcast,2.6000000000000014,1,7
22.9,0.2,89,1014.0,9.0,98,21.0,25.2,10.0,9.9,Patchy rain possible,1.8999999999999984,0,0
18.8,0.0,76,1014.0,4.3,0,14.6,20.8,10.0,7.3,Clear,4.200000000000001,19,3
23.9,1.4,88,1013.0,15.0,100,21.9,26.2,10.0,30.7,Heavy rain at times,2.0,4,5
27.6,0.5,87,1004.0,9.4,52,24.7,32.2,10.0,13.3,Moderate rain at times,2.900000000000002,18,6
19.8,0.0,86,1023.0,13.5,82,17.3,21.8,10.0,20.8,Cloudy,2.5,21,1
24.5,0.0,88,1006.0,6.2,89,22.5,27.0,10.0,13.1,Overcast,2.0,6,7
24.0,1.6,91,1015.0,12.8,93,22.5,26.4,10.0,28.6,Moderate or heavy rain shower,1.5,7,4
27.8,0.0,81,1008.0,5.0,15,24.2,32.1,10.0,6.3,Sunny,3.6000000000000014,8,8
24.8,0.1,87,1014.0,4.7,100,22.5,27.3,10.0,7.1,Patchy rain possible,2.3000000000000007,21,0
28.3,0.0,84,1002.0,8.3,79,25.3,33.7,10.0,15.7,Cloudy,3.0,19,1
25.6,0.0,89,1007.0,9.4,10,23.7,28.7,10.0,11.3,Clear,1.900000000000002,1,3
22.0,0.0,84,1004.0,6.4,6,19.2,24.5,10.0,8.6,Clear,2.8000000000000007,4,3
28.2,0.2,78,1010.0,10.4,84,24.0,32.5,9.0,17.7,Patchy rain possible,4.199999999999999,12,0
22.9,0.0,90,1011.0,5.8,10,21.2,25.2,10.0,9.9,Sunny,1.6999999999999993,6,8
19.8,0.0,87,1011.0,4.0,0,17.5,21.8,10.0,7.2,Clear,2.3000000000000007,19,3
27.3,0.3,82,1009.0,9.4,71,24.0,31.1,10.0,13.6,Patchy rain possible,3.3000000000000007,16,0
28.4,0.0,73,1012.0,5.8,83,23.1,32.1,10.0,15.6,Cloudy,5.299999999999997,11,1
21.9,0.0,96,1012.0,4.0,89,21.3,23.9,2.0,6.2,Overcast,0.5999999999999979,19,7
20.7,0.0,90,1015.0,2.5,100,19.0,22.7,10.0,3.9,Overcast,1.6999999999999993,22,7
24.2,0.6,88,1011.0,6.8,100,22.1,26.5,10.0,11.1,Moderate rain at times,2.099999999999998,23,6
23.0,0.0,95,1012.0,4.7,35,22.1,25.4,2.0,8.1,Partly cloudy,0.8999999999999986,21,2
26.5,0.0,79,1009.0,9.0,18,22.7,29.4,10.0,12.0,Sunny,3.8000000000000007,7,8
26.3,0.2,83,1014.0,6.8,76,23.1,29.3,10.0,17.0,Patchy rain possible,3.1999999999999997,9,0
24.2,0.8,90,1013.0,11.5,55,22.3,26.5,10.0,18.3,Moderate rain at times,1.8999999999999984,0,6
23.8,0.6,82,1017.0,9.6,72,20.6,25.8,9.0,18.1,Moderate rain at times,3.1999999999999997,8,6
26.5,1.4,86,1012.0,15.5,66,24.1,30.2,10.0,29.0,Heavy rain at times,2.3999999999999986,16,5
23.9,0.0,90,1013.0,5.8,81,22.1,26.2,10.0,10.0,Cloudy,1.7999999999999972,5,1
17.5,0.0,85,1013.0,4.7,80,15.0,19.5,10.0,7.7,Cloudy,2.5,3,1
28.0,0.0,81,1004.0,7.9,26,24.5,32.5,10.0,10.3,Partly cloudy,3.5,21,2
23.0,0.0,86,1018.0,10.4,73,20.6,25.2,10.0,13.4,Cloudy,2.3999999999999986,9,1
28.5,0.4,82,1005.0,12.9,79,25.1,33.7,9.0,29.4,Patchy rain possible,3.3999999999999986,17,0
28.2,0.0,71,1008.0,7.6,29,22.5,31.4,10.0,8.7,Partly cloudy,5.699999999999999,8,2
26.6,0.0,84,1007.0,6.2,23,23.8,30.1,10.0,12.9,Clear,2.8000000000000007,23,3
25.1,0.0,93,1011.0,2.2,88,23.5,28.2,10.0,3.6,Overcast,1.6000000000000014,23,7
19.5,0.0,82,1017.0,10.4,100,16.4,21.5,10.0,15.2,Overcast,3.1000000000000014,18,7
28.8,0.0,65,1008.0,9.4,12,21.5,31.6,10.0,10.8,Sunny,7.300000000000001,8,8
20.8,0.0,77,1011.0,5.8,14,16.5,22.8,10.0,10.5,Clear,4.300000000000001,1,3
25.9,0.0,89,1011.0,5.0,32,24.0,29.3,10.0,9.2,Partly cloudy,1.8999999999999984,21,2
23.2,0.0,83,1014.0,9.5,70,20.1,25.3,10.0,16.7,Cloudy,3.099999999999998,21,1
29.1,1.1,77,1008.0,12.2,86,24.7,34.4,9.0,20.3,Heavy rain at times,4.400000000000002,15,5
23.1,0.1,94,1012.0,2.2,87,22.0,25.4,10.0,3.4,Patchy rain possible,1.1000000000000014,20,0
24.7,0.0,88,1013.0,5.4,88,22.5,27.1,10.0,8.4,Overcast,2.1999999999999997,22,7
27.5,0.0,72,1002.0,6.1,45,22.1,30.3,10.0,12.6,Partly cloudy,5.399999999999999,4,2
24.0,0.2,91,1010.0,5.0,100,22.4,26.3,10.0,7.5,Patchy rain possible,1.6000000000000014,4,0
21.9,2.3,97,1018.0,4.3,100,21.5,23.9,2.0,6.2,Moderate or heavy rain shower,0.3999999999999986,20,4
22.8,0.2,88,1013.0,5.0,87,20.7,25.1,9.0,8.6,Patchy rain possible,2.1000000000000014,1,0
27.5,0.0,82,1004.0,8.6,17,24.1,31.5,10.0,12.4,Clear,3.3999999999999986,23,3
23.4,5.4,90,1013.0,6.5,100,21.6,25.6,10.0,9.8,Moderate or heavy rain shower,1.7999999999999972,1,4
23.6,0.0,67,1014.0,6.8,0,16.1,25.3,10.0,14.6,Sunny,7.5,13,8
24.0,0.2,81,1016.0,5.8,58,20.6,26.0,10.0,11.2,Patchy rain possible,3.3999999999999986,9,0
27.1,0.0,91,1009.0,7.2,48,24.5,31.3,10.0,12.8,Partly cloudy,2.6000000000000014,23,2
28.5,0.0,81,1003.0,12.2,84,24.9,33.6,9.0,21.4,Cloudy,3.6000000000000014,17,1
26.4,1.1,84,1004.0,5.8,84,23.6,29.7,10.0,10.1,Heavy rain at times,2.799999999999997,20,5
25.5,0.0,87,1005.0,6.1,48,23.1,28.3,10.0,12.5,Partly cloudy,2.3999999999999986,1,2
21.2,0.0,91,1012.0,5.0,83,20.0,23.2,10.0,7.6,Cloudy,1.1999999999999993,0,1
18.3,0.0,88,1010.0,5.5,2,16.2,20.3,10.0,11.3,Clear,2.1000000000000014,2,3
21.0,0.2,89,1014.0,13.0,100,19.1,23.0,10.0,22.0,Patchy rain possible,1.8999999999999984,14,0
18.9,0.0,86,1014.0,5.0,3,16.5,20.9,10.0,8.6,Clear,2.3999999999999986,21,3
21.2,0.0,93,1020.0,12.4,100,20.1,23.2,9.0,22.7,Overcast,1.099999999999998,8,7
26.0,0.2,85,1013.0,4.3,60,23.2,28.9,10.0,18.1,Patchy rain possible,2.8000000000000007,12,0
21.6,1.6,95,1021.0,14.4,100,20.8,23.6,7.0,25.6,Moderate or heavy rain shower,0.8000000000000007,21,4
23.3,0.1,89,1013.0,8.3,89,21.3,25.5,10.0,13.1,Patchy rain possible,2.0,18,0
20.4,0.0,84,1013.0,5.8,16,17.6,22.4,10.0,7.6,Clear,2.799999999999997,0,3
20.7,0.7,82,1024.0,16.2,100,17.6,22.7,10.0,26.7,Moderate rain at times,3.099999999999998,9,6
24.6,0.0,91,1008.0,5.7,33,22.9,27.1,10.0,10.3,Partly cloudy,1.7000000000000028,3,2
22.1,0.1,94,1012.0,4.3,71,21.1,24.6,2.0,7.0,Patchy rain possible,1.0,19,0
21.7,1.7,92,1015.0,8.6,100,20.4,23.7,10.0,24.8,Moderate or heavy rain shower,1.3000000000000007,16,4
25.3,0.0,87,1006.0,10.1,35,22.9,27.9,10.0,14.1,Partly cloudy,2.400000000000002,1,2
25.3,0.0,88,1005.0,6.5,69,23.1,28.1,10.0,11.4,Cloudy,2.1999999999999997,5,1
18.2,0.0,82,1020.0,6.8,87,15.2,20.2,10.0,11.4,Overcast,3.0,6,7
23.9,0.5,89,1011.0,7.2,87,22.0,26.2,9.0,12.3,Moderate rain at times,1.8999999999999984,4,6
20.5,0.0,92,1017.0,9.0,100,19.2,22.5,2.0,12.9,Overcast,1.3000000000000007,21,7
29.5,2.0,79,1007.0,7.9,61,25.1,35.4,10.0,13.9,Moderate or heavy rain shower,4.399999999999999,15,4
27.0,0.0,82,1012.0,7.9,9,23.7,30.6,10.0,9.2,Sunny,3.3000000000000007,8,8
29.5,0.0,77,1006.0,7.6,85,23.3,35.3,9.0,15.7,Overcast,6.199999999999999,17,7
25.2,0.1,87,1011.0,5.4,89,22.8,27.8,10.0,7.5,Patchy rain possible,2.3999999999999986,7,0
23.7,0.2,89,1015.0,3.2,79,21.7,25.9,9.0,5.4,Patchy rain possible,2.0,22,0
26.5,0.0,89,1010.0,8.3,42,24.4,30.3,10.0,13.2,Partly cloudy,2.1000000000000014,20,2
29.2,0.1,76,1005.0,7.8,72,24.5,34.4,10.0,20.0,Patchy rain possible,4.699999999999999,18,0
25.1,0.0,93,1005.0,6.5,40,23.8,28.1,10.0,10.2,Partly cloudy,1.3000000000000007,2,2
25.5,0.0,90,1007.0,7.2,14,23.7,28.6,10.0,13.6,Clear,1.8000000000000007,2,3
22.6,0.0,69,1014.0,11.2,76,16.5,24.8,10.0,18.8,Cloudy,6.100000000000001,14,1
18.2,0.0,88,1009.0,7.9,0,16.3,20.2,10.0,11.4,Clear,1.8999999999999984,3,3
21.6,0.2,92,1023.0,10.1,100,20.2,23.6,2.0,14.0,Patchy rain possible,1.400000000000002,11,0
22.3,0.1,87,1017.0,5.8,84,20.0,24.7,10.0,18.9,Patchy rain possible,2.3000000000000007,16,0
25.0,0.0,91,1007.0,6.1,82,23.5,27.9,10.0,9.8,Cloudy,1.5,3,1
21.3,0.2,93,1020.0,16.9,100,20.2,23.3,10.0,22.6,Patchy rain possible,1.1000000000000014,10,0
29.6,0.0,69,1005.0,9.3,25,23.3,33.9,10.0,19.5,Partly cloudy,6.300000000000001,7,2
21.8,0.0,88,1019.0,1.8,80,19.8,23.8,10.0,2.3,Cloudy,2.0,8,1
21.1,0.1,87,1016.0,7.2,100,18.9,23.1,10.0,10.9,Patchy rain possible,2.200000000000003,4,0
26.3,0.0,80,999.0,12.2,49,22.5,29.1,10.0,18.3,Partly cloudy,3.8000000000000007,3,2
19.8,0.0,90,1020.0,10.1,100,18.2,21.8,10.0,14.4,Overcast,1.6000000000000014,0,7
26.5,0.0,83,1006.0,1.4,83,23.4,29.7,10.0,2.4,Cloudy,3.1000000000000014,21,1
26.9,0.0,75,1004.0,10.1,6,22.2,29.6,10.0,13.5,Clear,4.699999999999999,0,3
28.1,0.0,75,1012.0,9.0,76,23.2,31.8,9.0,18.0,Cloudy,4.900000000000002,12,1
25.9,0.0,85,1006.0,9.7,8,23.1,28.8,10.0,11.9,Clear,2.799999999999997,4,3
28.4,0.0,73,1007.0,6.1,45,23.1,32.1,10.0,13.6,Partly cloudy,5.299999999999997,8,2
16.9,0.7,90,1019.0,15.8,100,15.4,18.9,2.0,28.0,Moderate rain at times,1.4999999999999982,3,6
26.1,0.0,83,1006.0,9.4,43,22.9,28.9,10.0,18.8,Partly cloudy,3.200000000000003,23,2
27.9,0.0,79,1010.0,15.1,65,23.1,31.9,10.0,19.1,Cloudy,4.799999999999997,13,1
28.9,0.0,76,1011.0,6.5,5,24.1,33.5,10.0,11.8,Sunny,4.799999999999997,9,8
29.6,0.0,67,1007.0,8.5,12,22.8,33.5,10.0,14.3,Sunny,6.800000000000001,7,8
18.0,0.0,88,1011.0,5.0,3,16.1,20.0,10.0,10.6,Clear,1.8999999999999984,1,3
28.7,0.0,74,1007.0,12.6,81,23.2,32.8,10.0,18.5,Cloudy,5.5,17,1
25.9,0.1,88,1014.0,16.2,81,22.8,28.7,10.0,26.7,Patchy rain possible,3.099999999999998,10,0
23.1,0.0,73,1016.0,7.6,25,17.9,25.1,10.0,9.2,Partly cloudy,5.200000000000003,8,2
25.0,0.0,86,1004.0,8.3,31,22.5,27.4,10.0,10.6,Partly cloudy,2.5,4,2
27.4,0.0,77,1002.0,10.1,63,23.0,30.7,10.0,13.0,Cloudy,4.399999999999999,2,1
21.1,0.0,89,1014.0,5.8,100,19.3,23.1,10.0,19.1,Overcast,1.8000000000000007,14,7
25.1,0.0,86,1012.0,5.8,22,22.7,27.7,10.0,7.2,Sunny,2.400000000000002,8,8
28.4,0.3,76,1010.0,8.3,88,23.3,32.3,10.0,16.0,Patchy rain possible,5.099999999999998,12,0
29.7,0.0,64,1005.0,10.1,22,22.3,33.4,10.0,13.7,Sunny,7.399999999999999,7,8
26.3,0.0,89,1009.0,4.7,17,24.4,30.0,10.0,8.7,Clear,1.900000000000002,20,3
24.6,0.0,83,1006.0,5.5,12,21.6,26.7,10.0,10.9,Clear,3.0,3,3
23.1,0.2,84,1015.0,8.3,81,20.2,25.2,10.0,18.4,Patchy rain possible,2.900000000000002,17,0
28.0,0.0,69,1002.0,8.9,46,21.7,30.6,10.0,18.1,Partly cloudy,6.300000000000001,21,2
19.3,0.0,84,1013.0,4.0,2,16.5,21.3,10.0,6.7,Clear,2.8000000000000007,20,3
24.1,0.0,88,1006.0,5.6,7,21.9,26.3,10.0,12.2,Clear,2.200000000000003,4,3
25.0,0.0,89,1009.0,4.2,85,23.1,27.6,10.0,8.5,Overcast,1.8999999999999984,5,7
29.4,0.0,73,1001.0,10.8,25,22.2,32.8,10.0,16.7,Sunny,7.199999999999999,7,8
25.8,0.2,89,1004.0,6.8,74,23.8,29.1,10.0,13.3,Patchy rain possible,2.0,22,0
26.4,0.0,69,1006.0,18.4,0,20.4,28.3,10.0,26.4,Sunny,6.0,16,8
27.2,0.0,92,1009.0,7.2,75,23.7,32.6,9.0,11.4,Cloudy,3.5,18,1
25.7,0.0,85,1006.0,7.9,52,23.0,28.4,10.0,9.5,Partly cloudy,2.6999999999999997,6,2
24.7,0.1,85,1017.0,9.0,82,22.0,27.0,10.0,15.4,Patchy rain possible,2.6999999999999997,8,0
20.5,0.3,88,1017.0,10.8,100,18.4,22.5,10.0,12.0,Patchy rain possible,2.1000000000000014,23,0
29.2,0.0,73,999.0,9.0,31,25.0,34.7,10.0,18.3,Partly cloudy,4.199999999999999,18,2
30.4,1.4,74,1003.0,11.4,75,25.2,36.9,9.0,18.8,Heavy rain at times,5.199999999999999,15,5
28.5,0.0,83,1006.0,7.6,8,24.3,33.1,10.0,14.6,Clear,4.199999999999999,23,3
22.1,0.2,96,1016.0,7.2,100,21.4,24.7,10.0,16.1,Patchy rain possible,0.7000000000000028,15,0
21.3,0.0,87,1019.0,8.6,100,19.0,23.3,10.0,12.5,Overcast,2.3000000000000007,22,7
23.3,0.0,91,1007.0,7.9,16,21.7,25.6,10.0,8.7,Sunny,1.6000000000000014,6,8
30.7,0.0,80,1006.0,11.2,72,24.6,39.3,10.0,14.9,Cloudy,6.099999999999998,16,1
26.3,0.0,88,1008.0,6.6,19,23.8,30.0,10.0,8.3,Clear,2.5,23,3
25.3,0.1,88,1012.0,4.0,74,23.2,28.1,5.0,6.3,Patchy rain possible,2.1000000000000014,19,0
25.3,0.0,90,1003.0,11.5,80,23.4,28.2,9.0,14.6,Cloudy,1.900000000000002,0,1
25.4,0.0,89,1006.0,7.2,72,23.4,28.3,5.0,8.8,Cloudy,2.0,2,1
20.1,0.2,80,1023.0,7.6,91,16.4,22.1,10.0,10.8,Patchy rain possible,3.700000000000003,7,0
20.9,0.0,90,1014.0,6.8,73,19.1,22.9,10.0,10.7,Cloudy,1.7999999999999972,0,1
29.2,0.0,74,1009.0,6.1,13,23.7,33.6,10.0,7.7,Sunny,5.5,8,8
24.2,0.0,96,1007.0,7.6,79,23.4,26.9,10.0,11.3,Cloudy,0.8000000000000007,3,1
27.8,0.8,84,1008.0,11.9,63,24.7,32.4,5.0,24.0,Moderate rain at times,3.1000000000000014,19,6
25.8,0.1,89,1008.0,6.5,89,23.9,29.1,10.0,12.2,Patchy rain possible,1.900000000000002,0,0
31.5,0.0,67,1003.0,17.6,16,24.8,38.0,10.0,22.1,Sunny,6.699999999999999,17,8
23.7,0.0,87,1008.0,5.3,22,21.3,25.8,10.0,7.2,Clear,2.3999999999999986,1,3
30.0,1.16,87,1004.0,10.6,56,25.1,36.4,10.0,26.0,Heavy rain at times,4.899999999999999,18,5
19.0,0.0,94,1012.0,5.0,27,18.0,21.0,10.0,9.3,Partly cloudy,1.0,2,2
23.6,0.0,92,1007.0,7.9,33,22.3,26.0,10.0,9.1,Partly cloudy,1.3000000000000007,4,2
27.7,0.1,78,1012.0,7.2,88,23.5,31.5,9.0,15.2,Patchy rain possible,4.199999999999999,11,0
28.2,0.2,87,1003.0,9.0,86,24.8,33.1,10.0,16.8,Patchy rain possible,3.3999999999999986,20,0
21.4,0.1,79,1020.0,14.1,60,17.6,23.4,10.0,22.6,Patchy rain possible,3.799999999999997,0,0
26.2,0.1,91,1006.0,9.0,82,24.6,30.0,9.0,19.3,Patchy rain possible,1.599999999999998,19,0
25.4,0.0,80,1005.0,7.5,53,21.7,27.7,10.0,15.6,Partly cloudy,3.6999999999999993,2,2
23.8,1.4,89,1014.0,11.6,100,21.8,26.0,10.0,24.7,Heavy rain at times,2.0,23,5
20.2,0.0,75,1016.0,11.9,10,15.6,22.2,10.0,18.3,Sunny,4.6,17,8
25.0,0.0,93,1008.0,8.6,34,23.8,28.0,10.0,9.5,Partly cloudy,1.1999999999999993,4,2
20.5,0.0,92,1016.0,9.4,100,19.2,22.5,10.0,9.9,Overcast,1.3000000000000007,22,7
24.2,2.8,92,1012.0,8.6,100,22.7,26.7,10.0,13.8,Moderate or heavy rain shower,1.5,2,4
22.7,0.1,96,1010.0,7.0,88,22.0,25.1,2.0,12.9,Patchy rain possible,0.6999999999999993,0,0
27.4,0.1,83,1011.0,17.6,89,24.4,31.6,10.0,29.0,Patchy rain possible,3.0,14,0
26.8,0.0,89,1007.0,4.9,17,24.2,30.6,10.0,10.5,Clear,2.6000000000000014,1,3
26.9,1.3,88,994.0,13.0,100,24.6,30.9,2.0,26.7,Heavy rain at times,2.299999999999997,15,5
25.2,0.0,85,1007.0,6.5,22,22.6,27.7,10.0,14.0,Clear,2.599999999999998,0,3
17.5,0.0,84,1017.0,4.7,32,14.9,19.5,10.0,7.9,Partly cloudy,2.6,2,2
25.0,0.0,88,1002.0,7.9,55,22.8,27.6,10.0,10.0,Partly cloudy,2.1999999999999997,4,2
20.1,0.0,88,1018.0,7.2,100,18.0,22.1,10.0,9.8,Overcast,2.1000000000000014,8,7
30.2,0.3,65,1005.0,0.7,73,22.8,34.3,10.0,10.9,Patchy rain possible,7.399999999999999,10,0
17.4,0.6,87,1021.0,6.5,100,15.2,19.4,10.0,9.5,Moderate rain at times,2.1999999999999997,2,6
23.0,0.0,69,1019.0,17.6,69,17.0,25.0,10.0,26.6,Cloudy,6.0,11,1
22.5,0.0,94,1008.0,9.4,22,21.5,25.0,10.0,10.8,Clear,1.0,0,3
30.2,0.0,79,1004.0,15.8,74,24.4,35.8,10.0,20.2,Cloudy,5.800000000000001,17,1
28.7,0.1,76,1003.0,5.4,79,24.0,33.1,9.0,11.1,Patchy rain possible,4.699999999999999,16,0
26.2,0.0,82,1007.0,10.4,44,22.9,29.1,10.0,17.0,Partly cloudy,3.3000000000000007,22,2
21.7,1.5,92,1015.0,9.0,100,20.4,23.7,10.0,23.9,Moderate or heavy rain shower,1.3000000000000007,17,4
24.6,0.0,74,1016.0,9.7,90,18.3,26.4,10.0,11.7,Overcast,6.300000000000001,10,7
28.0,0.0,67,997.0,10.5,61,21.2,30.5,10.0,19.3,Cloudy,6.800000000000001,5,1
19.3,0.5,84,1020.0,12.2,100,16.5,21.3,10.0,18.8,Moderate rain at times,2.8000000000000007,22,6
21.7,0.0,84,1019.0,2.5,72,18.9,23.7,10.0,8.5,Cloudy,2.8000000000000007,8,1
23.2,0.0,94,1008.0,6.8,42,22.2,25.6,10.0,7.6,Partly cloudy,1.0,20,2
27.3,0.1,85,1004.0,5.0,76,24.5,31.5,10.0,7.6,Patchy rain possible,2.8000000000000007,17,0
27.7,0.0,78,1007.0,7.6,12,23.6,31.4,10.0,10.5,Clear,4.099999999999998,23,3
26.7,0.0,80,1007.0,9.7,74,23.0,29.7,9.0,12.3,Cloudy,3.6999999999999993,0,1
24.1,0.0,82,1006.0,5.0,17,20.9,26.1,10.0,9.8,Clear,3.200000000000003,21,3
24.9,0.0,95,1004.0,10.1,63,24.1,28.1,10.0,10.9,Cloudy,0.7999999999999972,1,1
26.3,0.0,90,1003.0,5.8,53,24.6,30.2,10.0,9.6,Partly cloudy,1.6999999999999993,0,2
23.5,0.0,90,1012.0,7.2,33,21.7,25.8,10.0,12.1,Partly cloudy,1.8000000000000007,6,2
31.3,1.0,65,1000.0,11.2,73,23.9,36.9,10.0,19.7,Heavy rain at times,7.400000000000002,15,5
21.6,0.6,95,1020.0,8.8,100,20.8,23.6,10.0,13.7,Moderate rain at times,0.8000000000000007,22,6
24.4,0.3,86,1011.0,14.4,73,21.9,26.7,10.0,22.8,Patchy rain possible,2.5,14,0
25.9,0.0,80,1008.0,6.1,22,22.3,28.4,10.0,10.9,Sunny,3.599999999999998,6,8
26.0,0.0,86,1005.0,9.7,28,23.6,29.2,10.0,12.2,Partly cloudy,2.3999999999999986,4,2
28.5,0.0,68,1008.0,14.8,5,22.1,31.5,10.0,17.0,Sunny,6.399999999999999,15,8
23.5,0.2,83,1016.0,9.4,79,20.5,25.6,5.0,14.6,Patchy rain possible,3.0,7,0
21.4,0.2,89,1018.0,14.0,100,19.5,23.4,10.0,18.2,Patchy rain possible,1.8999999999999984,7,0
21.7,0.1,84,1018.0,6.5,100,17.2,23.7,10.0,13.3,Patchy rain possible,4.5,11,0
26.5,0.0,81,1000.0,11.5,49,23.0,29.5,10.0,16.9,Partly cloudy,3.5,2,2
29.9,0.0,66,998.0,8.2,100,23.7,34.6,10.0,14.3,Overcast,6.199999999999999,19,7
25.4,0.0,89,1008.0,4.3,75,23.6,28.4,10.0,6.4,Cloudy,1.7999999999999972,6,1
23.1,0.0,88,1014.0,7.9,63,21.0,25.3,10.0,15.6,Cloudy,2.1000000000000014,18,1
22.0,0.2,97,1015.0,7.9,100,21.5,24.0,0.0,11.4,Patchy rain possible,0.5,7,0
26.1,0.0,86,1002.0,8.3,24,23.5,29.2,10.0,10.0,Clear,2.6000000000000014,2,3
26.9,0.0,95,1006.0,6.0,84,23.9,32.3,10.0,12.1,Cloudy,3.0,18,1
24.2,0.8,87,1013.0,15.1,92,21.9,26.4,10.0,29.2,Moderate rain at times,2.3000000000000007,17,6
20.8,0.54,92,1017.0,11.2,100,19.4,22.8,10.0,15.5,Light rain shower,1.400000000000002,13,9
25.2,0.0,91,1008.0,7.6,22,23.6,28.2,10.0,11.6,Sunny,1.599999999999998,6,8
26.1,0.7,84,1011.0,5.5,100,23.1,29.0,10.0,13.3,Moderate rain at times,3.0,14,6
26.5,0.0,78,1005.0,6.7,18,22.3,29.2,10.0,13.7,Clear,4.199999999999999,2,3
24.9,0.0,89,1002.0,8.3,72,23.0,27.5,10.0,9.8,Cloudy,1.8999999999999984,5,1
18.1,0.0,83,1019.0,9.7,53,15.2,20.1,10.0,16.2,Partly cloudy,2.900000000000002,4,2
25.5,7.9,88,1009.0,10.1,91,23.3,28.4,10.0,22.2,Moderate or heavy rain shower,2.1999999999999997,15,4
26.2,0.0,86,1006.0,8.3,87,23.7,29.5,9.0,15.3,Overcast,2.5,23,7
31.1,0.0,81,1003.0,5.8,74,24.7,37.6,10.0,15.6,Cloudy,6.400000000000002,19,1
19.5,0.0,90,1018.0,6.5,53,17.8,21.5,10.0,10.5,Partly cloudy,1.6999999999999993,1,2
23.9,0.4,88,1013.0,2.5,100,21.8,26.1,10.0,9.1,Patchy rain possible,2.099999999999998,1,0
23.0,0.0,88,1012.0,3.6,77,20.8,25.2,10.0,5.6,Cloudy,2.1999999999999997,5,1
19.8,0.0,88,1014.0,4.5,98,17.7,21.8,10.0,12.2,Overcast,2.1000000000000014,3,7
20.8,0.0,86,1016.0,2.9,88,18.4,22.8,10.0,4.7,Overcast,2.400000000000002,4,7
26.3,0.0,84,1010.0,6.8,35,23.5,29.5,10.0,9.5,Partly cloudy,2.8000000000000007,7,2
25.2,0.0,89,1003.0,7.2,71,23.2,27.9,9.0,12.6,Cloudy,2.0,2,1
21.4,0.0,88,1008.0,7.9,7,19.9,23.4,10.0,13.7,Clear,1.5,2,3
21.4,0.1,94,1015.0,6.5,100,20.5,23.4,2.0,9.5,Patchy rain possible,0.8999999999999986,7,0
27.2,0.0,85,1003.0,7.6,18,24.4,31.2,10.0,11.0,Clear,2.8000000000000007,2,3
24.2,0.0,89,1003.0,7.6,38,22.3,26.6,10.0,9.1,Partly cloudy,1.8999999999999984,4,2
24.0,0.1,93,1012.0,5.4,76,22.8,26.5,10.0,9.4,Patchy rain possible,1.1999999999999993,23,0
20.9,3.7,92,1023.0,15.3,100,19.6,22.9,9.0,23.3,Moderate or heavy rain shower,1.2999999999999972,20,4
20.7,0.0,81,1016.0,5.5,99,17.3,22.7,10.0,10.4,Overcast,3.3999999999999986,18,7
26.9,0.0,80,1007.0,11.8,6,23.2,30.2,10.0,23.3,Sunny,3.6999999999999993,16,8
25.8,6.2,93,1002.0,11.5,100,24.1,29.2,9.0,16.9,Moderate or heavy rain shower,1.6999999999999993,15,4
24.3,0.9,91,1012.0,10.8,100,22.9,26.9,10.0,21.4,Moderate rain at times,1.400000000000002,8,6
24.8,0.0,89,1008.0,5.8,43,22.9,27.4,10.0,9.3,Partly cloudy,1.900000000000002,2,2
19.3,0.1,87,1019.0,16.7,100,17.2,21.3,10.0,26.9,Patchy rain possible,2.1000000000000014,2,0
28.5,0.0,86,1006.0,4.3,71,25.1,33.8,9.0,8.2,Cloudy,3.3999999999999986,19,1
20.7,0.0,96,1012.0,9.4,80,20.0,22.7,2.0,10.4,Cloudy,0.6999999999999993,3,1
24.2,0.5,91,1006.0,6.1,57,21.9,26.5,10.0,8.5,Moderate rain at times,2.3000000000000007,12,6
22.7,0.0,89,1013.0,10.8,57,20.8,25.0,10.0,17.3,Partly cloudy,1.8999999999999984,6,2
18.2,0.0,89,1013.0,6.8,2,16.3,20.2,10.0,12.0,Clear,1.8999999999999984,23,3
17.4,0.0,85,1013.0,4.3,72,14.9,19.4,10.0,7.3,Cloudy,2.4999999999999982,2,1
21.8,0.0,90,1009.0,9.4,87,20.1,23.8,10.0,11.5,Overcast,1.6999999999999993,4,7
24.1,0.0,87,1010.0,6.1,27,21.8,26.3,10.0,10.8,Partly cloudy,2.3000000000000007,3,2
24.8,0.1,89,1015.0,9.7,100,21.8,27.0,10.0,13.2,Patchy rain possible,3.0,10,0
26.4,0.0,86,1004.0,6.5,58,23.8,29.8,10.0,9.4,Partly cloudy,2.599999999999998,7,2
29.8,0.4,76,1003.0,10.4,80,23.9,34.8,10.0,19.5,Patchy rain possible,5.900000000000002,16,0
27.1,0.0,76,1007.0,5.8,14,22.4,30.0,10.0,7.8,Sunny,4.700000000000003,7,8
23.8,0.1,94,1009.0,6.5,99,22.8,26.3,10.0,10.9,Patchy rain possible,1.0,1,0
26.7,0.0,77,1012.0,13.7,84,21.0,28.9,9.0,19.9,Cloudy,5.699999999999999,13,1
17.3,0.0,85,1015.0,7.2,0,14.8,19.3,10.0,13.7,Clear,2.5,23,3
27.1,0.0,74,1003.0,9.1,27,22.0,29.8,10.0,17.5,Partly cloudy,5.100000000000001,1,2
24.9,0.0,88,1012.0,6.1,100,22.7,27.4,10.0,10.4,Overcast,2.1999999999999997,19,7
26.1,0.0,88,1005.0,7.6,87,23.9,29.4,10.0,10.6,Overcast,2.200000000000003,20,7
22.1,0.03,88,1013.0,18.7,100,20.1,24.6,10.0,24.3,Patchy rain possible,2.0,16,0
20.7,0.2,80,1018.0,9.0,93,17.2,22.7,10.0,15.7,Patchy rain possible,3.5,8,0
21.7,0.0,82,1017.0,8.3,100,18.4,23.7,10.0,10.6,Overcast,3.3000000000000007,8,7
20.8,0.0,78,1010.0,5.0,16,16.9,22.8,10.0,10.0,Clear,3.900000000000002,4,3
24.6,0.0,86,1006.0,7.8,21,22.2,27.0,10.0,16.3,Clear,2.400000000000002,3,3
26.4,0.1,92,1008.0,5.8,89,25.0,30.6,10.0,9.5,Patchy rain possible,1.3999999999999986,21,0
26.8,1.51,85,1006.0,8.6,78,24.1,30.6,7.0,20.8,Moderate or heavy rain shower,2.6999999999999997,19,4
22.7,1.35,94,1013.0,10.5,100,21.7,25.1,7.0,16.5,Heavy rain at times,1.0,6,5
21.3,0.2,78,1018.0,11.8,79,17.2,23.3,10.0,20.0,Patchy rain possible,4.100000000000001,3,0
26.1,0.0,88,1005.0,6.8,46,23.9,29.5,10.0,14.5,Partly cloudy,2.200000000000003,1,2
26.0,0.0,85,1006.0,8.6,26,23.4,29.1,10.0,11.6,Partly cloudy,2.6000000000000014,5,2
27.1,0.0,70,1004.0,10.4,12,21.2,29.4,10.0,15.6,Sunny,5.900000000000002,6,8
26.3,0.0,89,1008.0,10.1,44,24.3,30.0,10.0,13.2,Partly cloudy,2.0,22,2
17.6,0.0,90,1012.0,6.5,6,15.9,19.6,10.0,11.4,Clear,1.700000000000001,6,3
29.7,0.1,78,1006.0,12.2,84,25.3,35.9,10.0,14.2,Patchy rain possible,4.399999999999999,15,0
18.6,0.0,89,1014.0,12.3,100,16.8,20.6,2.0,19.6,Overcast,1.8000000000000007,4,7
26.1,0.0,89,1011.0,6.5,52,24.3,29.7,10.0,10.2,Partly cloudy,1.8000000000000007,22,2
26.8,0.0,83,1006.0,7.2,12,23.6,30.3,10.0,12.8,Clear,3.1999999999999997,1,3
23.1,11.6,94,1010.0,11.5,100,22.1,25.5,9.0,23.4,Moderate or heavy rain shower,1.0,2,4
22.8,0.0,68,1016.0,18.4,71,16.7,24.9,10.0,27.6,Cloudy,6.100000000000001,15,1
24.6,0.5,89,1014.0,14.8,100,22.8,27.2,10.0,22.8,Light rain shower,1.8000000000000007,13,9
24.6,0.0,85,1002.0,9.0,19,21.9,26.8,10.0,12.8,Clear,2.700000000000003,4,3
25.9,0.6,87,1011.0,4.3,79,23.7,29.1,9.0,7.2,Moderate rain at times,2.1999999999999997,19,6
23.2,0.0,73,1016.0,9.7,3,18.2,25.2,10.0,18.1,Sunny,5.0,16,8
28.3,0.0,77,1011.0,8.6,62,22.3,31.4,5.0,20.0,Cloudy,6.0,13,1
24.2,0.0,86,1006.0,5.4,18,21.7,26.4,10.0,10.7,Clear,2.5,4,3
25.2,0.0,91,1009.0,7.2,34,23.6,28.1,10.0,11.1,Partly cloudy,1.599999999999998,6,2
20.4,0.0,84,1020.0,10.0,100,17.5,22.4,10.0,15.1,Overcast,2.8999999999999986,1,7
19.0,0.0,86,1017.0,12.2,100,16.6,21.0,10.0,15.4,Overcast,2.3999999999999986,15,7
26.8,0.0,83,1004.0,7.9,48,23.6,30.2,10.0,14.7,Partly cloudy,3.1999999999999997,3,2
26.2,2.0,89,1007.0,13.0,77,24.3,29.8,9.0,17.4,Moderate or heavy rain shower,1.8999999999999984,20,4
26.0,0.1,89,1007.0,5.4,100,24.0,29.4,10.0,9.0,Patchy rain possible,2.0,21,0
22.0,0.0,68,1017.0,17.3,79,15.8,24.0,10.0,25.9,Cloudy,6.199999999999999,12,1
21.4,0.3,91,1019.0,3.2,100,19.9,23.4,2.0,5.4,Patchy rain possible,1.5,21,0
21.4,0.0,92,1011.0,9.0,19,20.1,23.4,10.0,15.0,Sunny,1.2999999999999972,7,8
23.9,0.3,90,1017.0,11.9,88,20.6,26.1,10.0,23.9,Patchy rain possible,3.299999999999997,13,0
26.8,0.0,75,1003.0,8.0,32,22.0,29.4,10.0,15.9,Partly cloudy,4.800000000000001,4,2
21.2,0.0,89,1018.0,18.0,100,18.1,23.2,2.0,24.0,Overcast,3.099999999999998,10,7
23.9,0.7,90,1013.0,18.7,100,22.2,26.2,10.0,27.5,Moderate rain at times,1.6999999999999993,15,6
26.2,0.0,89,1009.0,8.6,60,24.2,29.8,10.0,14.1,Partly cloudy,2.0,23,2
19.9,0.2,93,1022.0,9.7,100,18.8,21.9,2.0,14.5,Patchy rain possible,1.099999999999998,23,0
20.5,0.0,83,1016.0,6.8,59,17.5,22.5,10.0,10.2,Partly cloudy,3.0,20,2
26.1,0.0,72,1012.0,7.2,16,20.6,28.0,10.0,8.3,Sunny,5.5,8,8
19.6,0.0,86,1013.0,8.3,1,17.2,21.6,10.0,13.2,Clear,2.400000000000002,18,3
19.7,0.0,84,1014.0,7.6,5,17.0,21.7,10.0,9.8,Sunny,2.6999999999999997,8,8
25.2,0.0,93,1006.0,8.2,49,23.7,28.2,10.0,18.8,Partly cloudy,1.5,18,2
26.4,0.3,85,1008.0,8.6,76,23.7,29.7,10.0,15.8,Patchy rain possible,2.6999999999999997,21,0
25.3,0.0,87,1004.0,9.4,34,23.0,28.0,10.0,13.2,Partly cloudy,2.3000000000000007,1,2
26.3,0.0,80,1004.0,7.6,8,23.5,29.6,10.0,15.8,Clear,2.8000000000000007,1,3
27.8,0.0,85,1007.0,8.3,19,25.0,32.6,10.0,14.2,Clear,2.8000000000000007,21,3
20.8,0.0,89,1018.0,5.0,93,18.9,22.8,10.0,7.0,Overcast,1.900000000000002,7,7
19.4,0.0,83,1016.0,3.2,61,16.3,21.4,10.0,8.7,Cloudy,3.099999999999998,7,1
18.1,0.0,87,1021.0,10.4,94,16.0,20.1,10.0,16.1,Overcast,2.1000000000000014,20,7
24.7,0.0,78,1017.0,11.9,88,20.6,26.6,10.0,20.4,Overcast,4.099999999999998,12,7
23.0,0.0,80,1008.0,11.0,6,19.4,25.1,10.0,19.7,Clear,3.6000000000000014,20,3
25.7,0.4,87,1010.0,2.5,67,23.3,28.6,10.0,12.6,Patchy rain possible,2.3999999999999986,17,0
20.6,0.0,85,1015.0,6.1,76,18.0,22.6,10.0,9.3,Cloudy,2.6000000000000014,22,1
20.4,0.1,88,1014.0,17.3,100,18.0,22.4,10.0,23.1,Patchy rain possible,2.3999999999999986,17,0
27.2,0.1,76,1012.0,9.0,87,22.6,30.2,10.0,10.4,Patchy rain possible,4.599999999999998,10,0
22.0,0.0,92,1009.0,7.6,25,20.7,24.5,10.0,10.0,Clear,1.3000000000000007,2,3
26.5,0.0,86,1008.0,5.8,30,24.0,30.1,10.0,10.7,Partly cloudy,2.5,20,2
23.5,0.0,67,1015.0,4.3,0,16.0,25.2,10.0,10.6,Sunny,7.5,11,8
20.7,0.46,93,1019.0,13.7,100,19.6,22.7,10.0,18.5,Light rain shower,1.099999999999998,9,9
24.3,0.0,83,1007.0,8.6,8,21.3,26.4,10.0,11.2,Clear,3.0,5,3
20.4,0.0,86,1021.0,11.8,100,18.0,22.4,2.0,17.6,Overcast,2.3999999999999986,23,7
23.0,0.3,79,1014.0,11.9,76,19.2,25.1,10.0,14.4,Patchy rain possible,3.8000000000000007,15,0
21.2,0.1,94,1018.0,9.0,100,20.2,23.2,10.0,10.8,Patchy rain possible,1.0,2,0
21.2,3.9,94,1017.0,11.5,100,20.3,23.2,9.0,16.1,Moderate or heavy rain shower,0.8999999999999986,17,4
24.6,0.0,92,1007.0,4.9,9,23.1,27.2,10.0,10.0,Clear,1.5,1,3
21.1,0.7,88,1016.0,9.2,100,19.0,23.1,10.0,18.8,Moderate rain at times,2.1000000000000014,3,6
21.7,0.2,93,1016.0,9.7,100,20.5,23.7,2.0,12.8,Patchy rain possible,1.1999999999999993,13,0
28.5,0.2,74,1011.0,12.6,87,23.4,32.4,10.0,22.2,Patchy rain possible,5.100000000000001,13,0
22.5,0.5,88,1013.0,10.1,67,20.4,24.8,10.0,16.5,Moderate rain at times,2.1000000000000014,5,6
26.5,0.0,75,1008.0,9.0,9,21.8,28.9,10.0,16.3,Sunny,4.699999999999999,7,8
23.1,0.3,82,1016.0,5.0,88,19.9,25.2,10.0,18.8,Patchy rain possible,3.200000000000003,11,0
23.2,1.6,84,1007.0,5.0,75,20.3,25.3,10.0,6.4,Moderate or heavy rain shower,2.8999999999999986,8,4
26.7,0.0,87,1008.0,9.4,48,24.4,30.5,10.0,11.4,Partly cloudy,2.3000000000000007,23,2
21.8,0.0,79,1018.0,13.9,78,18.0,23.8,10.0,28.5,Cloudy,3.8000000000000007,17,1
19.2,0.0,90,1016.0,6.8,80,17.5,21.2,10.0,11.3,Cloudy,1.6999999999999993,3,1
25.2,0.0,80,1015.0,4.3,67,21.4,27.4,10.0,5.1,Cloudy,3.8000000000000007,9,1
26.9,0.0,75,1011.0,16.9,59,22.0,29.5,10.0,30.0,Partly cloudy,4.899999999999999,11,2
31.0,0.5,67,1001.0,9.4,89,24.2,36.8,10.0,16.5,Moderate rain at times,6.800000000000001,15,6
21.0,0.3,83,1004.0,5.4,54,18.0,23.0,10.0,8.6,Patchy rain possible,3.0,5,0
25.9,0.0,88,1002.0,8.4,85,23.7,29.0,10.0,16.8,Overcast,2.1999999999999997,5,7
24.9,0.0,91,1005.0,8.0,21,23.3,27.6,10.0,15.9,Clear,1.599999999999998,0,3
22.5,2.0,89,1003.0,15.5,61,19.7,24.8,9.0,26.5,Moderate or heavy rain shower,2.8000000000000007,12,4
21.5,0.4,88,1023.0,1.4,100,19.5,23.5,10.0,8.7,Patchy rain possible,2.0,9,0
26.0,0.25,83,1009.0,6.8,77,22.8,28.7,10.0,8.3,Light rain shower,3.1999999999999997,10,9
22.2,0.0,94,1016.0,6.5,89,21.2,24.7,2.0,10.9,Overcast,1.0,22,7
28.6,0.0,64,1012.0,8.6,4,21.2,31.2,10.0,10.4,Sunny,7.400000000000002,9,8
19.9,0.0,85,1023.0,15.4,64,17.3,21.9,10.0,26.3,Cloudy,2.599999999999998,23,1
24.1,0.2,93,1006.0,7.6,100,22.9,26.7,10.0,12.1,Patchy rain possible,1.2000000000000028,23,0
28.0,0.1,75,1012.0,14.8,87,23.1,31.5,9.0,26.7,Patchy rain possible,4.899999999999999,13,0
26.0,0.0,88,1009.0,4.0,82,23.7,29.2,9.0,7.1,Cloudy,2.3000000000000007,0,1
32.0,0.3,64,1003.0,10.1,80,24.4,38.3,10.0,17.4,Patchy rain possible,7.600000000000001,15,0
16.5,0.0,89,1013.0,9.4,0,14.7,18.5,10.0,13.3,Clear,1.8000000000000007,6,3
20.5,0.0,92,1015.0,8.6,100,19.2,22.5,2.0,12.2,Overcast,1.3000000000000007,18,7
19.7,0.0,92,1012.0,6.8,15,18.3,21.7,10.0,11.9,Clear,1.3999999999999986,21,3
28.0,0.0,85,1006.0,9.4,72,25.3,33.1,10.0,17.1,Cloudy,2.6999999999999997,20,1
26.1,0.1,84,1012.0,4.3,58,23.1,29.1,10.0,5.2,Patchy rain possible,3.0,8,0
25.3,0.0,87,1012.0,1.1,62,22.9,28.0,10.0,1.7,Cloudy,2.400000000000002,21,1
29.2,0.0,68,1007.0,6.2,47,22.6,32.8,10.0,12.2,Partly cloudy,6.599999999999998,8,2
24.5,0.0,90,1012.0,8.6,100,22.7,27.0,10.0,24.1,Overcast,1.8000000000000007,16,7
23.1,0.0,91,1011.0,6.5,19,21.6,25.4,10.0,11.1,Sunny,1.5,6,8
24.4,0.0,88,1009.0,6.9,100,22.4,26.7,2.0,16.1,Overcast,2.0,7,7
25.9,0.0,84,1008.0,7.0,15,23.0,28.7,10.0,15.0,Clear,2.8999999999999986,5,3
29.7,0.4,75,1004.0,11.5,56,24.7,35.2,10.0,17.9,Patchy rain possible,5.0,12,0
26.8,0.7,85,1006.0,6.1,75,24.1,30.5,10.0,12.5,Moderate rain at times,2.6999999999999997,16,6
21.6,0.3,96,1019.0,5.9,100,20.9,23.6,2.0,13.8,Patchy rain possible,0.7000000000000028,1,0
23.1,0.0,88,1012.0,8.3,87,21.0,25.3,10.0,10.1,Overcast,2.1000000000000014,19,7
20.6,0.1,83,1021.0,11.5,91,17.6,22.6,10.0,12.3,Patchy rain possible,3.0,7,0
23.7,3.7,96,1012.0,4.3,97,23.0,26.2,7.0,13.2,Moderate or heavy rain shower,0.6999999999999993,6,4
25.5,0.0,87,1001.0,6.8,11,23.1,28.2,10.0,14.0,Clear,2.3999999999999986,3,3
23.9,0.0,88,1012.0,6.5,100,21.9,26.1,10.0,11.0,Overcast,2.0,23,7
24.9,0.0,84,1006.0,5.6,14,22.0,27.1,10.0,11.2,Clear,2.8999999999999986,1,3
27.3,0.3,86,1000.0,5.0,76,24.4,31.4,10.0,16.0,Patchy rain possible,2.900000000000002,17,0
24.1,0.9,85,1015.0,12.5,84,21.4,26.2,10.0,19.5,Moderate rain at times,2.700000000000003,21,6
23.5,0.0,90,1012.0,16.6,100,21.7,25.7,10.0,25.3,Overcast,1.8000000000000007,21,7
20.2,0.0,86,1017.0,2.9,83,17.8,22.2,10.0,4.4,Cloudy,2.3999999999999986,22,1
23.9,0.1,86,1016.0,11.9,66,21.5,26.0,10.0,16.6,Patchy rain possible,2.3999999999999986,9,0
20.1,0.0,86,1020.0,13.0,100,17.8,22.1,10.0,21.9,Overcast,2.3000000000000007,15,7
28.0,0.0,75,1009.0,4.7,85,23.2,31.5,10.0,6.8,Overcast,4.800000000000001,8,7
23.1,0.1,82,1014.0,11.2,64,19.9,25.2,10.0,13.4,Patchy rain possible,3.200000000000003,15,0
21.2,0.0,83,1015.0,10.2,18,18.2,23.2,10.0,16.3,Clear,3.0,22,3
26.3,0.0,81,1005.0,9.0,32,22.8,29.1,10.0,12.4,Partly cloudy,3.5,6,2
25.3,0.0,90,1008.0,8.3,55,23.6,28.3,10.0,10.0,Partly cloudy,1.6999999999999993,5,2
27.6,0.6,83,1008.0,8.3,89,24.5,31.9,9.0,20.0,Moderate rain at times,3.1000000000000014,20,6
18.5,0.0,79,1017.0,5.4,19,14.9,20.5,10.0,7.1,Sunny,3.6,8,8
26.3,0.4,88,1013.0,12.3,73,24.1,29.9,10.0,23.0,Patchy rain possible,2.1999999999999997,8,0
31.2,0.0,64,1004.0,17.6,12,23.6,36.4,10.0,26.7,Sunny,7.599999999999998,15,8
19.8,0.1,89,1018.0,5.4,76,18.0,21.8,10.0,8.7,Patchy rain possible,1.8000000000000007,0,0
20.3,0.6,92,1021.0,15.0,100,19.1,22.3,10.0,25.8,Moderate rain at times,1.1999999999999993,0,6
24.1,0.0,88,1006.0,6.3,6,22.0,26.3,10.0,13.0,Clear,2.1000000000000014,2,3
27.8,0.0,73,1007.0,12.2,12,22.6,30.9,10.0,15.4,Sunny,5.199999999999999,9,8
18.8,0.1,92,1018.0,7.2,100,17.4,20.8,10.0,10.0,Patchy rain possible,1.400000000000002,21,0
27.1,0.0,87,1007.0,6.7,26,24.6,31.3,10.0,11.2,Partly cloudy,2.5,21,2
29.3,0.0,80,1005.0,13.7,87,25.5,35.4,9.0,23.9,Overcast,3.8000000000000007,16,7
28.4,0.0,85,1005.0,8.6,16,24.1,32.8,10.0,14.1,Clear,4.299999999999997,22,3
23.1,0.0,75,1013.0,10.4,72,16.0,25.0,10.0,16.3,Cloudy,7.100000000000001,14,1
21.3,0.4,92,1022.0,9.3,100,20.0,23.3,2.0,14.1,Patchy rain possible,1.3000000000000007,8,0
30.2,0.3,72,1004.0,12.6,70,24.7,36.1,9.0,23.9,Patchy rain possible,5.5,16,0
24.6,0.0,86,1002.0,6.6,17,22.1,26.9,10.0,13.6,Clear,2.5,3,3
25.4,0.0,88,1003.0,9.0,89,23.3,28.3,10.0,11.0,Overcast,2.099999999999998,1,7
28.7,0.0,73,1002.0,6.6,30,23.3,32.7,10.0,12.0,Partly cloudy,5.399999999999999,19,2
27.3,0.0,85,1005.0,9.0,32,24.6,31.6,10.0,11.9,Partly cloudy,2.6999999999999997,23,2
19.9,0.3,86,1018.0,9.4,90,17.5,21.9,10.0,14.6,Patchy rain possible,2.3999999999999986,0,0
24.7,0.0,88,1010.0,7.6,42,22.6,27.2,10.0,12.3,Partly cloudy,2.099999999999998,22,2
19.8,0.2,84,1017.0,17.3,97,17.0,21.8,10.0,23.1,Patchy rain possible,2.8000000000000007,15,0
19.2,0.0,86,1006.0,6.0,16,16.8,21.2,10.0,8.8,Clear,2.3999999999999986,3,3
28.7,0.0,76,1009.0,12.2,74,24.1,33.3,10.0,19.4,Cloudy,4.599999999999998,15,1
25.4,0.0,86,1010.0,8.3,9,23.8,28.5,10.0,18.3,Clear,1.599999999999998,23,3
22.6,0.0,92,1007.0,6.8,48,21.2,25.0,10.0,12.9,Partly cloudy,1.400000000000002,5,2
27.1,0.0,85,1005.0,5.8,13,24.4,31.1,10.0,12.4,Clear,2.700000000000003,0,3
21.2,0.5,94,1017.0,9.7,100,20.3,23.2,10.0,13.5,Moderate rain at times,0.8999999999999986,4,6
25.3,0.3,87,1011.0,12.6,68,22.9,28.0,10.0,18.5,Patchy rain possible,2.400000000000002,16,0
24.1,0.0,88,1008.0,6.9,46,22.3,26.3,10.0,8.7,Partly cloudy,1.8000000000000007,22,2
21.9,0.4,91,1017.0,4.5,90,20.3,23.9,10.0,9.1,Patchy rain possible,1.599999999999998,21,0
19.2,0.0,83,1015.0,9.4,0,16.3,21.2,10.0,12.7,Sunny,2.8999999999999986,8,8
30.3,0.9,71,1006.0,13.3,77,24.5,35.9,10.0,23.1,Moderate rain at times,5.800000000000001,16,6
22.6,0.0,92,1008.0,7.2,30,21.2,24.9,10.0,8.6,Partly cloudy,1.400000000000002,0,2
22.6,0.0,79,1007.0,11.4,36,18.8,24.8,10.0,19.3,Partly cloudy,3.8000000000000007,22,2
26.7,0.0,94,1008.0,8.8,74,25.1,31.1,9.0,14.3,Cloudy,1.599999999999998,20,1
21.6,0.0,71,1016.0,4.0,0,15.6,23.6,10.0,8.4,Sunny,6.000000000000002,9,8
26.1,0.0,89,1010.0,8.6,89,24.1,29.5,9.0,9.2,Overcast,2.0,22,7
26.3,0.5,93,1008.0,10.1,64,24.3,29.9,5.0,18.3,Moderate rain at times,2.0,12,6
17.9,0.0,85,1018.0,7.9,8,15.3,19.9,10.0,14.8,Clear,2.599999999999998,0,3
25.5,0.0,90,1006.0,5.9,59,23.9,28.7,10.0,11.0,Partly cloudy,1.6000000000000014,22,2
24.8,0.0,91,1010.0,4.5,32,23.2,27.5,10.0,9.1,Partly cloudy,1.6000000000000014,23,2
24.7,0.0,80,1013.0,4.7,12,21.1,26.7,10.0,5.8,Sunny,3.599999999999998,8,8
23.3,1.3,90,1011.0,11.9,100,21.5,25.5,10.0,16.1,Heavy rain at times,1.8000000000000007,15,5
21.5,0.0,91,1011.0,6.1,97,19.9,23.5,10.0,10.2,Overcast,1.6000000000000014,4,7
19.4,0.0,89,1021.0,13.0,100,17.6,21.4,10.0,17.8,Overcast,1.7999999999999972,18,7
25.5,0.0,85,1006.0,9.4,22,22.9,28.2,10.0,13.6,Clear,2.6000000000000014,0,3
28.3,0.0,75,1003.0,9.5,21,24.1,32.6,10.0,18.0,Clear,4.199999999999999,20,3
20.5,0.1,89,1020.0,6.1,100,18.6,22.5,10.0,9.3,Patchy rain possible,1.8999999999999984,3,0
22.9,0.0,91,1008.0,5.0,71,21.3,25.2,10.0,8.6,Cloudy,1.599999999999998,6,1
20.9,0.1,87,1017.0,2.9,51,18.6,22.9,10.0,4.8,Patchy rain possible,2.299999999999997,0,0
25.7,1.04,90,1009.0,7.6,62,24.0,29.0,10.0,13.2,Heavy rain at times,1.6999999999999993,7,5
20.2,0.0,89,1017.0,7.9,100,18.3,22.2,10.0,11.1,Overcast,1.8999999999999984,0,7
28.1,0.5,86,1005.0,14.8,82,25.5,33.6,8.0,27.1,Moderate rain at times,2.6000000000000014,17,6
30.2,0.0,72,1010.0,10.1,7,24.6,35.9,10.0,15.9,Sunny,5.599999999999998,11,8
26.7,0.0,87,1008.0,6.3,77,23.7,30.2,10.0,14.1,Cloudy,3.0,22,1
21.5,0.0,93,1017.0,6.6,100,20.3,23.5,10.0,11.1,Overcast,1.1999999999999993,23,7
19.9,0.0,87,1017.0,6.8,100,17.7,21.9,10.0,9.9,Overcast,2.1999999999999997,8,7
19.4,0.1,90,1016.0,11.5,100,17.7,21.4,10.0,16.8,Patchy rain possible,1.6999999999999993,18,0
19.6,0.1,90,1016.0,8.4,100,18.0,21.6,10.0,13.1,Patchy rain possible,1.6000000000000014,0,0
22.4,0.2,88,1013.0,2.2,100,20.4,24.8,10.0,3.5,Patchy rain possible,2.0,1,0
24.6,0.0,80,1012.0,17.6,78,20.9,26.6,10.0,25.1,Cloudy,3.700000000000003,18,1
26.9,0.0,88,1007.0,8.3,73,24.7,31.1,9.0,14.7,Cloudy,2.1999999999999997,18,1
31.2,0.1,75,1000.0,9.8,72,24.8,37.7,9.0,21.6,Patchy rain possible,6.399999999999999,16,0
31.1,0.0,75,1004.0,6.8,26,23.8,36.6,10.0,15.0,Partly cloudy,7.300000000000001,18,2
21.8,0.1,95,1013.0,6.5,74,20.9,23.8,2.0,10.7,Patchy rain possible,0.9000000000000021,1,0
21.4,0.0,86,1016.0,4.7,100,19.0,23.4,10.0,12.1,Overcast,2.3999999999999986,19,7
22.4,0.0,96,1010.0,8.3,68,21.7,24.9,2.0,13.9,Cloudy,0.6999999999999993,4,1
28.7,0.0,87,1007.0,7.9,84,23.3,35.1,9.0,17.3,Cloudy,5.399999999999999,19,1
22.9,0.0,92,1011.0,5.4,15,21.5,25.2,10.0,9.7,Clear,1.3999999999999986,0,3
26.2,0.2,82,1012.0,2.2,65,22.8,29.0,10.0,10.5,Patchy rain possible,3.3999999999999986,10,0
31.4,0.1,69,1001.0,6.1,85,24.3,37.5,10.0,16.0,Patchy rain possible,7.099999999999998,16,0
26.7,0.0,82,1006.0,10.4,44,23.4,30.0,10.0,13.3,Partly cloudy,3.3000000000000007,3,2
16.7,0.0,90,1018.0,8.3,100,15.0,18.7,10.0,10.1,Overcast,1.6999999999999993,4,7
29.8,0.0,77,1006.0,11.0,89,25.4,36.1,9.0,19.6,Overcast,4.400000000000002,16,7
24.5,0.0,95,1005.0,9.7,100,23.7,27.4,10.0,13.3,Overcast,0.8000000000000007,22,7
27.3,0.0,81,1008.0,16.2,88,22.4,30.9,9.0,24.3,Overcast,4.900000000000002,15,7
26.7,0.0,75,1002.0,10.7,19,21.9,29.3,10.0,19.8,Sunny,4.800000000000001,6,8
24.6,0.0,87,1005.0,6.0,80,22.4,27.0,10.0,8.7,Cloudy,2.200000000000003,3,1
23.8,2.4,90,1014.0,16.3,100,22.1,26.1,7.0,27.5,Moderate or heavy rain shower,1.6999999999999993,2,4
27.3,0.0,76,1002.0,10.8,32,22.7,30.4,10.0,15.2,Partly cloudy,4.600000000000001,3,2
21.6,0.5,96,1019.0,9.4,100,21.0,23.6,10.0,13.3,Moderate rain at times,0.6000000000000014,0,6
30.0,0.1,82,1007.0,13.3,76,25.2,37.8,10.0,23.8,Patchy rain possible,4.800000000000001,16,0
24.7,0.0,85,1006.0,7.0,25,22.1,27.0,10.0,14.6,Partly cloudy,2.599999999999998,1,2
19.9,0.0,76,1017.0,10.1,64,15.5,21.9,10.0,12.5,Cloudy,4.399999999999999,1,1
26.4,0.0,77,1004.0,6.8,19,22.0,29.0,10.0,12.8,Clear,4.399999999999999,4,3
25.5,0.0,81,1012.0,11.5,88,22.0,27.9,10.0,18.5,Overcast,3.5,16,7
26.2,0.0,84,1005.0,8.3,24,23.4,29.3,10.0,10.7,Clear,2.8000000000000007,4,3
24.8,3.0,89,1007.0,6.5,83,22.9,27.4,10.0,11.1,Moderate or heavy rain shower,1.900000000000002,3,4
19.9,0.2,93,1023.0,11.2,100,18.8,21.9,2.0,11.8,Patchy rain possible,1.099999999999998,22,0
25.9,0.0,92,1005.0,10.1,26,24.0,29.3,10.0,19.0,Partly cloudy,1.8999999999999984,22,2
25.4,0.0,94,1008.0,7.6,35,24.4,28.8,10.0,9.4,Partly cloudy,1.0,3,2
19.2,0.1,84,1019.0,11.5,61,16.4,21.2,10.0,19.4,Patchy rain possible,2.8000000000000007,14,0
23.5,14.82,98,998.0,13.7,100,23.1,26.1,5.0,21.6,Moderate or heavy rain shower,0.3999999999999986,0,4
23.4,0.0,87,1010.0,10.1,76,21.1,25.6,10.0,12.7,Cloudy,2.299999999999997,16,1
24.0,0.0,90,1009.0,8.1,81,22.2,26.3,10.0,12.8,Cloudy,1.8000000000000007,6,1
19.5,0.1,83,1019.0,8.6,90,16.5,21.5,10.0,9.0,Patchy rain possible,3.0,19,0
20.5,0.4,90,1014.0,13.3,100,18.7,22.5,10.0,18.2,Patchy rain possible,1.8000000000000007,16,0
24.8,2.6,90,1012.0,7.9,77,23.0,27.4,10.0,12.6,Moderate or heavy rain shower,1.8000000000000007,23,4
27.5,0.0,79,1007.0,15.5,7,22.7,31.1,10.0,25.3,Sunny,4.800000000000001,15,8
23.8,0.2,87,1012.0,7.2,100,21.6,26.0,10.0,12.2,Patchy rain possible,2.1999999999999997,5,0
19.4,0.0,89,1019.0,9.7,100,17.6,21.4,2.0,14.6,Overcast,1.7999999999999972,0,7
26.6,0.0,75,1012.0,17.3,62,21.8,29.1,10.0,30.4,Cloudy,4.800000000000001,13,1
25.1,0.0,75,1011.0,9.7,14,20.3,27.0,10.0,17.1,Sunny,4.800000000000001,15,8
29.8,0.0,72,1005.0,13.3,73,24.2,34.8,10.0,24.1,Cloudy,5.600000000000001,17,1
25.8,0.0,88,1006.0,11.5,32,23.6,29.0,10.0,14.7,Partly cloudy,2.1999999999999997,0,2
25.4,0.3,88,1012.0,3.6,74,23.2,28.2,9.0,6.0,Patchy rain possible,2.1999999999999997,19,0
26.0,0.0,86,1008.0,7.6,19,23.5,29.1,10.0,13.4,Clear,2.5,23,3
25.5,0.0,88,1002.0,7.1,17,23.3,28.3,10.0,14.1,Clear,2.1999999999999997,2,3
28.4,0.0,82,1006.0,8.3,20,25.1,33.7,10.0,9.2,Clear,3.299999999999997,19,3
20.1,0.1,86,1018.0,7.6,100,17.8,22.1,10.0,10.5,Patchy rain possible,2.3000000000000007,7,0
26.2,1.0,84,1013.0,5.8,62,23.2,29.2,10.0,12.5,Heavy rain at times,3.0,8,5
26.0,0.0,82,1002.0,7.5,21,22.7,28.7,10.0,16.7,Sunny,3.3000000000000007,6,8
25.2,0.0,83,1006.0,5.9,30,22.0,27.5,10.0,8.1,Partly cloudy,3.1999999999999997,5,2
21.5,0.2,92,1023.0,10.8,100,20.2,23.5,10.0,15.1,Patchy rain possible,1.3000000000000007,10,0
19.1,0.0,87,1013.0,5.4,0,17.0,21.1,10.0,10.0,Clear,2.1000000000000014,21,3
30.2,0.0,65,1005.0,2.2,50,23.0,34.5,10.0,8.6,Partly cloudy,7.199999999999999,10,2
18.9,0.2,87,1015.0,14.0,100,16.6,20.9,9.0,22.1,Patchy rain possible,2.299999999999997,2,0
26.4,0.2,80,1012.0,8.6,71,22.7,29.3,9.0,18.9,Patchy rain possible,3.6999999999999993,13,0
29.6,0.0,73,1003.0,15.5,77,24.2,34.6,9.0,27.7,Cloudy,5.400000000000002,13,1
31.6,0.0,73,1006.0,13.7,82,24.0,37.6,9.0,18.3,Cloudy,7.600000000000001,16,1
24.0,0.2,88,1013.0,9.9,89,21.9,26.2,10.0,15.8,Patchy rain possible,2.1000000000000014,6,0
23.0,0.0,92,1009.0,8.3,17,21.6,25.3,10.0,13.7,Sunny,1.3999999999999986,7,8
16.5,0.0,90,1013.0,9.7,2,14.8,18.5,10.0,13.8,Clear,1.6999999999999993,5,3
20.2,0.0,90,1017.0,6.1,98,18.5,22.2,10.0,8.9,Overcast,1.6999999999999993,0,7
23.1,0.0,82,1017.0,9.4,51,20.0,25.2,10.0,15.1,Partly cloudy,3.1000000000000014,22,2
24.5,1.32,90,1016.0,15.8,100,22.7,26.9,7.0,27.5,Heavy rain at times,1.8000000000000007,10,5
18.5,0.0,88,1012.0,9.0,0,16.5,20.5,10.0,12.2,Clear,2.0,0,3
24.1,0.0,90,1011.0,7.2,79,22.5,26.5,10.0,11.4,Cloudy,1.6000000000000014,6,1
21.6,0.4,95,1020.0,9.0,100,20.8,23.6,2.0,13.8,Patchy rain possible,0.8000000000000007,21,0
25.6,0.0,86,1006.0,6.0,31,23.6,28.4,10.0,14.0,Partly cloudy,2.0,1,2
23.0,0.0,93,1015.0,6.5,72,21.9,25.4,10.0,10.4,Cloudy,1.1000000000000014,1,1
25.8,0.8,87,1011.0,4.0,87,23.5,28.9,9.0,6.4,Moderate rain at times,2.3000000000000007,18,6
23.1,0.0,96,1011.0,5.4,68,22.5,25.6,2.0,8.7,Cloudy,0.6000000000000014,22,1
24.7,0.1,93,1008.0,8.3,67,22.6,27.6,7.0,18.0,Patchy rain possible,2.099999999999998,18,0
28.7,0.0,95,1005.0,6.8,51,24.0,37.4,6.0,11.2,Partly cloudy,4.699999999999999,16,2
22.2,0.1,91,1019.0,10.4,100,20.6,24.6,10.0,14.2,Patchy rain possible,1.599999999999998,9,0
24.2,0.3,87,1014.0,6.8,76,21.9,26.4,10.0,12.3,Patchy rain possible,2.3000000000000007,6,0
26.3,0.0,78,1010.0,5.9,14,22.2,28.9,10.0,14.7,Sunny,4.100000000000001,7,8
27.0,0.0,73,1013.0,15.8,15,21.7,29.5,10.0,22.5,Sunny,5.300000000000001,14,8
26.3,0.1,83,1008.0,8.6,84,23.3,29.4,10.0,9.8,Patchy rain possible,3.0,20,0
26.3,0.0,80,1002.0,8.8,27,22.5,29.0,10.0,17.5,Partly cloudy,3.8000000000000007,0,2
31.0,0.3,70,1004.0,10.6,73,24.8,37.3,9.0,17.4,Patchy rain possible,6.199999999999999,15,0
20.9,0.1,77,1019.0,15.8,51,16.7,22.9,10.0,20.3,Patchy rain possible,4.199999999999999,9,0
28.5,0.0,72,1006.0,7.2,5,23.0,32.2,10.0,10.0,Sunny,5.5,7,8
25.2,0.0,85,1003.0,8.6,44,22.5,27.7,10.0,15.7,Partly cloudy,2.6999999999999997,6,2
26.3,0.0,90,1008.0,7.8,7,24.9,30.4,10.0,14.1,Clear,1.400000000000002,23,3
27.2,0.0,84,1010.0,7.6,55,24.3,31.2,10.0,12.1,Partly cloudy,2.8999999999999986,22,2
27.6,0.0,78,1004.0,8.0,71,23.4,31.3,10.0,14.6,Cloudy,4.200000000000003,23,1
26.0,0.0,83,1005.0,5.0,31,23.0,28.9,10.0,8.8,Partly cloudy,3.0,4,2
19.2,0.0,85,1022.0,8.6,100,16.6,21.2,10.0,12.0,Overcast,2.599999999999998,3,7
20.6,0.4,89,1017.0,10.4,100,18.8,22.6,10.0,12.5,Patchy rain possible,1.8000000000000007,0,0
21.1,0.0,82,1008.0,8.4,2,18.7,23.1,10.0,14.4,Clear,2.400000000000002,3,3
26.8,0.1,86,1005.0,5.0,88,24.2,30.6,10.0,14.1,Patchy rain possible,2.6000000000000014,19,0
21.2,0.6,87,1016.0,11.2,100,18.9,23.2,10.0,16.0,Moderate rain at times,2.3000000000000007,2,6
30.0,0.0,66,1007.0,5.8,18,23.0,34.2,10.0,10.8,Sunny,7.0,8,8
23.9,0.0,93,1006.0,5.1,19,22.7,26.3,10.0,6.9,Clear,1.1999999999999993,3,3
24.1,0.2,73,1016.0,5.8,68,19.0,25.9,10.0,23.1,Patchy rain possible,5.100000000000001,13,0
19.2,0.4,83,1020.0,9.0,78,16.2,21.2,10.0,19.3,Patchy rain possible,3.0,12,0
25.3,0.0,86,1005.0,9.7,23,22.8,27.9,10.0,14.5,Clear,2.5,1,3
19.7,0.0,90,1014.0,4.7,79,18.4,21.7,10.0,7.4,Cloudy,1.3000000000000007,1,1
21.2,0.2,89,1017.0,0.7,71,19.2,23.2,10.0,1.1,Patchy rain possible,2.0,1,0
28.1,0.0,69,1005.0,8.7,54,21.9,30.9,10.0,15.9,Partly cloudy,6.200000000000003,6,2
17.3,0.0,84,1014.0,7.2,0,14.6,19.3,10.0,13.1,Clear,2.700000000000001,1,3
26.8,0.0,73,1001.0,9.5,12,21.5,29.2,10.0,18.5,Clear,5.300000000000001,21,3
22.7,1.2,96,1013.0,10.4,100,22.1,25.2,10.0,17.1,Heavy rain at times,0.5999999999999979,6,5
20.5,0.0,88,1013.0,2.9,6,18.3,22.5,10.0,4.9,Clear,2.1999999999999997,19,3
27.8,0.0,87,1005.0,7.6,35,24.2,32.1,10.0,10.8,Partly cloudy,3.6000000000000014,23,2
27.2,2.37,89,1006.0,9.4,76,25.2,31.9,10.0,15.9,Patchy light rain with thunder,2.0,18,15
24.3,4.02,92,1009.0,8.6,100,22.9,26.8,7.0,15.8,Moderate or heavy rain shower,1.400000000000002,0,4
27.6,0.0,75,1004.0,6.5,73,22.7,30.7,10.0,12.4,Cloudy,4.900000000000002,19,1
27.7,0.1,73,1011.0,10.4,75,22.3,30.7,10.0,16.5,Patchy rain possible,5.399999999999999,11,0
26.9,0.0,88,1008.0,7.9,31,24.6,31.0,10.0,8.8,Partly cloudy,2.299999999999997,22,2
27.8,0.6,82,1008.0,11.9,70,24.4,32.1,9.0,21.7,Moderate rain at times,3.400000000000002,15,6
22.5,0.0,94,1014.0,5.8,99,21.5,24.9,10.0,13.6,Overcast,1.0,12,7
26.7,0.7,86,1005.0,4.3,58,24.2,30.4,10.0,7.2,Moderate rain at times,2.5,18,6
21.4,0.0,83,1019.0,9.7,100,17.0,23.4,10.0,17.8,Overcast,4.399999999999999,11,7
29.0,0.0,77,1004.0,14.4,82,24.6,34.1,9.0,22.4,Cloudy,4.399999999999999,18,1
21.5,0.0,86,1015.0,9.7,70,19.1,23.5,10.0,12.1,Cloudy,2.3999999999999986,1,1
26.0,0.0,87,1002.0,7.8,71,23.6,29.1,9.0,14.5,Cloudy,2.3999999999999986,4,1
20.8,0.3,86,1017.0,14.3,100,18.3,22.8,10.0,27.9,Patchy rain possible,2.5,17,0
31.0,0.7,70,1002.0,11.2,72,24.9,37.4,9.0,23.2,Moderate rain at times,6.100000000000001,15,6
25.7,0.0,81,1005.0,9.4,48,22.1,28.1,10.0,12.7,Partly cloudy,3.599999999999998,0,2
24.8,0.0,87,1013.0,13.0,79,20.6,26.8,10.0,18.2,Cloudy,4.199999999999999,16,1
24.9,0.0,87,1011.0,6.1,100,21.0,26.9,10.0,15.3,Overcast,3.899999999999999,16,7
22.9,17.55,99,1014.0,7.9,100,22.7,25.4,5.0,16.6,Moderate or heavy rain shower,0.1999999999999993,10,4
27.8,0.0,78,1003.0,5.8,14,22.8,31.5,10.0,8.5,Sunny,5.0,17,8
23.0,0.0,82,1016.0,10.8,100,18.5,25.1,10.0,18.3,Overcast,4.5,13,7
28.8,0.2,72,1004.0,6.1,77,23.3,32.7,10.0,13.9,Patchy rain possible,5.5,9,0
21.2,0.0,78,1014.0,7.9,0,17.2,23.2,10.0,9.2,Sunny,4.0,9,8
29.2,0.0,85,1004.0,10.1,28,25.0,34.9,10.0,18.3,Partly cloudy,4.199999999999999,20,2
18.2,0.0,84,1015.0,6.1,76,15.5,20.2,10.0,10.2,Cloudy,2.6999999999999997,2,1
29.6,0.0,69,1007.0,7.9,17,23.4,34.0,10.0,15.5,Sunny,6.200000000000003,9,8
21.6,0.3,96,1019.0,7.8,100,20.8,23.6,10.0,12.7,Patchy rain possible,0.8000000000000007,6,0
29.3,0.8,78,1002.0,10.1,61,25.0,34.9,10.0,18.2,Moderate rain at times,4.300000000000001,15,6
30.0,0.0,77,1004.0,12.6,78,25.5,36.5,9.0,17.9,Cloudy,4.5,17,1
24.4,0.0,77,1012.0,7.6,81,20.1,26.3,10.0,14.3,Cloudy,4.299999999999997,12,1
24.8,0.0,79,1010.0,13.5,27,20.8,26.8,10.0,19.9,Partly cloudy,4.0,15,2
28.7,0.9,72,1011.0,10.1,72,23.2,32.6,10.0,20.4,Moderate rain at times,5.5,13,6
16.7,0.0,89,1018.0,7.2,100,14.9,18.7,2.0,10.1,Overcast,1.799999999999999,3,7
25.7,0.0,87,1009.0,4.3,22,23.4,28.7,10.0,7.8,Clear,2.3000000000000007,1,3
24.6,0.6,90,1012.0,13.1,80,22.9,27.1,10.0,28.9,Moderate rain at times,1.7000000000000028,16,6
18.6,0.0,77,1015.0,2.2,3,14.5,20.6,10.0,3.7,Clear,4.100000000000001,20,3
20.8,0.0,91,1008.0,8.6,7,19.3,22.8,10.0,11.2,Clear,1.5,19,3
23.0,0.0,88,1016.0,7.6,61,20.9,25.2,10.0,13.6,Cloudy,2.1000000000000014,21,1
25.4,0.0,89,1003.0,6.5,41,23.4,28.4,10.0,11.5,Partly cloudy,2.0,3,2
29.4,0.2,77,1006.0,9.4,73,25.1,35.2,10.0,16.8,Patchy rain possible,4.299999999999997,15,0
23.9,0.0,68,1010.0,11.5,0,17.7,25.6,10.0,13.8,Sunny,6.199999999999999,14,8
22.2,0.0,91,1016.0,6.1,89,20.7,24.7,10.0,9.1,Overcast,1.5,21,7
25.1,6.4,88,1011.0,10.1,100,23.0,27.8,10.0,24.9,Moderate or heavy rain shower,2.1000000000000014,12,4
28.6,0.0,82,1007.0,11.5,7,24.8,33.9,10.0,23.3,Sunny,3.8000000000000007,13,8
23.0,0.0,84,1017.0,10.1,41,20.2,25.1,10.0,11.6,Partly cloudy,2.8000000000000007,9,2
24.4,0.03,93,1013.0,5.4,65,23.1,27.0,10.0,9.3,Patchy rain possible,1.2999999999999972,21,0
18.9,0.0,86,1019.0,12.6,61,16.5,20.9,10.0,17.2,Cloudy,2.3999999999999986,17,1
25.7,0.0,80,1006.0,7.9,47,21.9,28.0,10.0,10.5,Partly cloudy,3.8000000000000007,6,2
19.3,0.2,90,1020.0,9.4,100,17.6,21.3,10.0,12.9,Patchy rain possible,1.6999999999999993,21,0
17.2,0.0,83,1016.0,5.8,13,14.4,19.2,10.0,9.3,Sunny,2.799999999999999,7,8
19.8,0.0,91,1019.0,9.4,100,18.3,21.8,10.0,12.8,Overcast,1.5,9,7
29.6,0.0,68,1010.0,7.2,19,23.0,33.8,10.0,13.3,Sunny,6.600000000000001,9,8
19.7,0.0,90,1014.0,4.0,55,18.5,21.7,10.0,6.1,Partly cloudy,1.1999999999999993,3,2
23.1,0.0,89,1014.0,5.1,100,21.1,25.3,10.0,8.3,Overcast,2.0,0,7
30.5,0.6,77,1004.0,15.1,87,24.5,37.9,10.0,20.8,Moderate rain at times,6.0,16,6
24.9,0.0,88,1010.0,9.0,23,22.8,27.5,10.0,15.7,Clear,2.099999999999998,5,3
26.1,0.0,88,1010.0,7.6,83,24.0,29.5,10.0,10.1,Cloudy,2.1000000000000014,7,1
20.4,0.3,86,1023.0,16.4,100,17.9,22.4,10.0,29.4,Patchy rain possible,2.5,10,0
24.1,0.2,81,1006.0,6.5,100,20.0,26.0,10.0,9.1,Patchy rain possible,4.100000000000001,11,0
21.8,1.5,91,1015.0,8.3,100,20.3,23.8,10.0,27.3,Moderate or heavy rain shower,1.5,15,4
29.5,0.02,79,1005.0,11.9,86,25.4,35.7,10.0,14.2,Patchy rain possible,4.100000000000001,15,0
21.6,0.2,94,1020.0,12.6,100,20.7,23.6,10.0,17.3,Patchy rain possible,0.9000000000000021,9,0
24.7,0.0,68,1010.0,10.2,0,18.5,26.3,10.0,17.0,Sunny,6.199999999999999,13,8
31.6,0.0,77,1005.0,9.0,70,24.9,38.5,9.0,13.2,Cloudy,6.700000000000003,17,1
22.2,0.0,84,1015.0,9.0,86,17.3,24.6,10.0,17.1,Overcast,4.899999999999999,15,7
22.9,0.1,86,1015.0,9.9,71,20.5,25.1,9.0,15.6,Patchy rain possible,2.3999999999999986,4,0
25.7,0.0,89,1007.0,7.9,84,23.5,28.8,9.0,15.3,Cloudy,2.1999999999999997,0,1
27.5,0.0,69,1010.0,10.8,7,21.2,29.9,10.0,16.6,Sunny,6.300000000000001,11,8
25.1,0.0,82,1006.0,11.5,27,21.7,27.3,10.0,16.5,Partly cloudy,3.400000000000002,5,2
19.4,0.2,89,1016.0,9.2,100,17.6,21.4,2.0,15.1,Patchy rain possible,1.7999999999999972,6,0
21.1,0.2,91,1016.0,5.0,100,19.6,23.1,10.0,8.0,Patchy rain possible,1.5,4,0
25.7,0.0,82,1006.0,9.7,79,22.5,28.3,10.0,12.8,Cloudy,3.1999999999999997,2,1
21.4,0.2,95,1013.0,7.6,64,20.6,23.4,2.0,12.6,Patchy rain possible,0.7999999999999972,23,0
24.6,1.2,86,1002.0,8.5,84,22.2,27.0,10.0,16.2,Heavy rain at times,2.400000000000002,23,5
25.0,0.0,87,1006.0,8.3,14,22.7,27.6,10.0,10.8,Sunny,2.3000000000000007,6,8
23.9,0.1,87,1012.0,12.3,100,21.7,26.1,2.0,24.4,Patchy rain possible,2.1999999999999997,19,0
28.1,0.0,73,1004.0,6.1,75,22.8,31.4,10.0,12.7,Cloudy,5.300000000000001,7,1
24.5,0.0,91,1011.0,6.1,72,23.0,27.0,9.0,10.4,Cloudy,1.5,19,1
20.7,0.0,84,1013.0,7.6,18,18.0,22.7,10.0,11.7,Clear,2.6999999999999997,18,3
20.2,0.0,94,1010.0,9.4,22,19.2,22.2,10.0,11.3,Clear,1.0,6,3
29.7,0.0,66,1007.0,5.8,82,22.7,33.6,10.0,6.6,Cloudy,7.0,8,1
21.8,0.1,97,1016.0,5.8,100,21.2,23.8,2.0,8.4,Patchy rain possible,0.6000000000000014,21,0
24.5,0.0,89,1008.0,6.2,21,22.6,27.0,10.0,11.5,Clear,1.8999999999999984,4,3
27.3,0.1,80,1011.0,6.1,88,23.5,30.9,10.0,11.4,Patchy rain possible,3.8000000000000007,8,0
27.4,0.2,88,1008.0,2.2,78,24.5,32.2,10.0,15.3,Patchy rain possible,2.8999999999999986,16,0
25.8,0.0,83,1006.0,9.7,10,22.6,28.5,10.0,12.1,Sunny,3.1999999999999997,6,8
24.2,0.0,73,1012.0,7.9,11,19.1,25.9,10.0,9.5,Sunny,5.099999999999998,8,8
23.3,0.0,94,1011.0,5.0,25,22.2,25.7,10.0,8.8,Clear,1.1000000000000014,1,3
17.1,0.0,85,1017.0,3.2,30,14.5,19.1,10.0,5.6,Partly cloudy,2.6000000000000014,3,2
19.1,0.2,84,1024.0,14.3,90,16.3,21.1,10.0,25.2,Patchy rain possible,2.8000000000000007,6,0
20.9,1.3,92,1023.0,14.3,100,19.5,22.9,9.0,24.6,Heavy rain at times,1.3999999999999986,23,5
21.7,0.0,85,1013.0,9.0,16,19.1,23.7,10.0,10.7,Sunny,2.599999999999998,9,8
21.2,0.0,90,1013.0,4.0,100,19.5,23.2,10.0,17.0,Overcast,1.6999999999999993,15,7
21.2,0.0,83,1015.0,9.4,80,18.1,23.2,10.0,16.7,Cloudy,3.099999999999998,16,1
25.1,0.0,80,1015.0,11.2,87,21.4,27.2,10.0,14.3,Overcast,3.700000000000003,10,7
26.3,0.0,80,1008.0,9.0,23,22.7,29.1,10.0,12.2,Sunny,3.6000000000000014,7,8
26.7,0.0,73,1010.0,9.0,0,21.6,29.1,10.0,18.0,Sunny,5.099999999999998,15,8
19.9,0.2,81,1015.0,5.8,65,16.6,21.9,10.0,9.0,Patchy rain possible,3.299999999999997,21,0
23.9,0.0,84,1009.0,9.0,12,21.1,25.9,10.0,11.7,Clear,2.799999999999997,2,3
19.0,0.0,92,1014.0,5.0,23,17.7,21.0,10.0,8.6,Clear,1.3000000000000007,4,3
18.1,0.0,82,1021.0,7.9,76,15.0,20.1,10.0,13.8,Cloudy,3.1000000000000014,1,1
25.0,0.0,84,1012.0,10.8,83,22.1,27.3,10.0,17.9,Cloudy,2.8999999999999986,18,1
27.0,3.1,84,1000.0,12.2,54,24.1,30.7,10.0,20.3,Moderate or heavy rain shower,2.8999999999999986,15,4
28.4,0.0,88,1007.0,6.8,79,24.8,33.4,10.0,9.8,Cloudy,3.599999999999998,9,1
27.7,0.1,82,1013.0,16.2,65,24.4,32.0,10.0,25.8,Patchy rain possible,3.3000000000000007,12,0
22.3,0.0,79,1023.0,16.9,100,17.4,24.7,10.0,28.8,Overcast,4.900000000000002,12,7
24.4,0.1,74,1017.0,10.1,76,18.4,26.1,10.0,18.7,Patchy rain possible,6.0,14,0
30.0,0.0,78,1006.0,10.8,50,24.3,35.3,10.0,12.4,Partly cloudy,5.699999999999999,14,2
19.9,0.0,83,1016.0,2.9,100,16.9,21.9,10.0,8.1,Overcast,3.0,0,7
25.6,0.0,71,1013.0,12.6,2,19.2,27.4,10.0,18.8,Sunny,6.400000000000002,13,8
29.8,0.1,74,1000.0,7.8,64,24.8,35.5,10.0,16.8,Patchy rain possible,5.0,15,0
22.1,0.0,68,1015.0,5.4,0,15.9,24.6,10.0,12.8,Sunny,6.200000000000001,12,8
25.3,0.0,88,1002.0,9.7,78,23.2,28.1,10.0,11.7,Cloudy,2.1000000000000014,2,1
16.6,0.0,89,1019.0,7.9,100,14.8,18.6,2.0,11.1,Overcast,1.8000000000000007,2,7
23.1,0.0,94,1009.0,5.9,26,22.0,25.4,10.0,7.0,Partly cloudy,1.1000000000000014,23,2
19.6,0.1,89,1016.0,9.4,100,17.7,21.6,10.0,16.4,Patchy rain possible,1.900000000000002,2,0
19.3,0.1,83,1018.0,6.8,100,16.5,21.3,10.0,10.1,Patchy rain possible,2.8000000000000007,23,0
28.5,0.3,84,1002.0,10.1,88,25.5,34.1,10.0,16.0,Patchy rain possible,3.0,16,0
20.4,0.3,84,1021.0,11.9,100,17.6,22.4,10.0,19.0,Patchy rain possible,2.799999999999997,20,0
23.6,0.0,92,1008.0,10.1,23,22.3,26.0,10.0,16.2,Sunny,1.3000000000000007,7,8
22.5,1.2,84,1015.0,7.6,65,19.7,24.8,10.0,15.8,Heavy rain at times,2.8000000000000007,15,5
25.7,0.0,88,1007.0,6.1,25,23.6,28.8,10.0,10.4,Clear,2.099999999999998,2,3
27.7,0.0,70,1009.0,13.3,4,21.8,30.4,10.0,15.8,Sunny,5.899999999999999,16,8
28.4,0.0,67,997.0,8.9,30,21.6,31.3,10.0,15.9,Partly cloudy,6.799999999999997,3,2
20.7,0.0,76,1013.0,7.2,0,16.3,22.7,10.0,14.0,Sunny,4.399999999999999,17,8
27.9,0.0,83,1008.0,6.5,23,24.7,32.5,10.0,12.3,Clear,3.1999999999999997,19,3
30.0,0.0,65,1008.0,7.2,20,22.8,34.0,10.0,8.7,Sunny,7.199999999999999,8,8
22.0,0.23,83,1015.0,9.0,100,18.9,24.0,10.0,13.2,Light rain shower,3.1000000000000014,20,9
23.9,1.7,96,1006.0,10.4,93,23.3,26.5,9.0,11.4,Moderate or heavy rain shower,0.5999999999999979,20,4
20.7,0.1,89,1017.0,9.3,100,18.9,22.7,10.0,18.4,Patchy rain possible,1.8000000000000007,11,0
26.2,0.0,85,1008.0,7.2,32,23.4,29.4,10.0,13.8,Partly cloudy,2.8000000000000007,0,2
23.9,0.7,87,1016.0,13.4,78,21.6,26.1,10.0,29.8,Moderate rain at times,2.299999999999997,0,6
23.4,0.5,92,1012.0,6.1,82,21.9,25.6,10.0,11.8,Moderate rain at times,1.5,19,6
20.5,0.2,94,1017.0,7.6,100,19.4,22.5,9.0,11.3,Patchy rain possible,1.1000000000000014,6,0
29.6,0.0,83,1001.0,10.8,83,24.2,34.8,10.0,20.8,Cloudy,5.400000000000002,19,1
24.6,0.0,81,1007.0,5.3,26,21.1,26.7,10.0,11.4,Partly cloudy,3.5,5,2
21.8,0.0,80,1012.0,9.4,3,18.3,23.8,10.0,17.6,Sunny,3.5,17,8
26.6,0.2,80,1011.0,5.8,60,22.9,29.6,10.0,12.8,Patchy rain possible,3.700000000000003,11,0
21.0,0.9,85,1016.0,18.0,100,18.3,23.0,10.0,24.8,Moderate rain at times,2.6999999999999997,15,6
27.8,0.0,77,1010.0,15.8,83,23.5,31.5,9.0,29.8,Cloudy,4.300000000000001,15,1
19.4,0.1,91,1016.0,12.6,100,17.9,21.4,10.0,18.0,Patchy rain possible,1.5,17,0
22.1,0.0,92,1009.0,5.4,53,20.8,24.6,10.0,11.2,Partly cloudy,1.3000000000000007,2,2
29.4,0.0,77,1003.0,6.4,10,22.6,33.2,10.0,13.8,Sunny,6.799999999999997,8,8
23.8,1.0,87,1012.0,7.2,100,21.5,26.0,10.0,12.2,Heavy rain at times,2.3000000000000007,4,5
24.9,0.0,89,1012.0,6.1,100,23.0,27.5,10.0,8.9,Overcast,1.8999999999999984,23,7
29.0,0.5,73,1005.0,6.1,89,23.7,33.4,10.0,9.4,Moderate rain at times,5.300000000000001,9,6
28.8,0.0,80,1005.0,5.8,6,25.6,34.9,10.0,12.1,Clear,3.1999999999999997,21,3
26.9,0.0,79,1011.0,8.3,14,23.0,30.0,10.0,11.0,Sunny,3.899999999999999,8,8
26.1,0.0,79,1007.0,9.0,21,22.3,28.7,10.0,12.5,Clear,3.8000000000000007,2,3
26.0,0.0,86,1007.0,10.4,17,23.5,29.2,10.0,13.8,Clear,2.5,2,3
26.0,0.0,88,1008.0,5.4,67,23.9,29.4,10.0,8.3,Cloudy,2.1000000000000014,7,1
23.4,0.0,90,1011.0,6.5,16,21.7,25.6,10.0,11.3,Clear,1.6999999999999993,4,3
25.1,0.0,88,1003.0,8.9,73,23.0,27.8,10.0,18.2,Cloudy,2.1000000000000014,0,1
21.5,0.5,94,1020.0,10.4,100,20.5,23.5,2.0,14.5,Moderate rain at times,1.0,9,6
24.8,0.3,86,1004.0,6.8,78,22.3,27.2,10.0,12.2,Patchy rain possible,2.5,3,0
24.9,0.0,94,1004.0,5.8,66,23.8,27.9,10.0,10.4,Cloudy,1.099999999999998,7,1
21.6,0.6,98,1014.0,6.5,100,21.3,23.6,0.0,9.8,Moderate rain at times,0.3000000000000007,5,6
21.5,0.0,80,1012.0,10.1,0,18.9,23.5,10.0,11.8,Sunny,2.6000000000000014,9,8
28.8,0.0,69,1003.0,4.7,56,22.7,32.4,10.0,9.6,Partly cloudy,6.100000000000001,9,2
24.0,0.0,79,1012.0,12.6,16,20.0,25.9,10.0,20.9,Sunny,4.0,12,8
30.7,0.0,72,1006.0,5.8,24,23.7,35.9,10.0,7.2,Sunny,7.0,8,8
30.0,0.5,71,1004.0,8.3,75,24.2,35.2,9.0,18.5,Moderate rain at times,5.800000000000001,12,6
20.7,4.8,96,1018.0,16.6,100,20.1,22.7,7.0,26.5,Moderate or heavy rain shower,0.5999999999999979,13,4
24.8,0.0,89,1009.0,7.6,87,22.8,27.3,8.0,22.8,Overcast,2.0,17,7
21.6,0.8,95,1018.0,12.2,100,20.8,23.6,2.0,17.5,Moderate rain at times,0.8000000000000007,19,6
23.1,0.0,81,1004.0,7.9,21,19.7,25.2,10.0,9.8,Clear,3.400000000000002,4,3
27.6,0.0,77,1010.0,14.0,50,23.2,31.0,10.0,22.4,Partly cloudy,4.400000000000002,14,2
20.0,0.0,88,1014.0,10.1,100,17.8,22.0,10.0,14.4,Overcast,2.1999999999999997,2,7
24.0,0.0,85,1009.0,5.0,11,21.4,26.1,10.0,6.4,Clear,2.6000000000000014,1,3
27.5,0.0,73,1008.0,7.6,15,22.2,30.4,10.0,13.1,Sunny,5.300000000000001,6,8
27.8,0.0,78,1004.0,1.1,37,23.6,31.7,10.0,7.3,Partly cloudy,4.199999999999999,18,2
20.5,0.0,75,1014.0,7.2,100,15.9,22.5,2.0,9.9,Overcast,4.6,2,7
22.6,0.2,82,1018.0,6.8,77,19.4,24.8,10.0,12.5,Patchy rain possible,3.200000000000003,11,0
21.3,0.0,91,1017.0,5.3,100,19.8,23.3,10.0,8.6,Overcast,1.5,6,7
22.0,0.0,81,1015.0,11.2,100,18.7,24.5,10.0,19.6,Overcast,3.3000000000000007,14,7
21.0,0.2,83,1004.0,5.8,78,18.1,23.0,10.0,9.1,Patchy rain possible,2.8999999999999986,4,0
19.7,0.0,80,1017.0,4.3,64,16.0,21.7,10.0,7.3,Cloudy,3.6999999999999993,20,1
25.3,0.0,87,1002.0,6.8,77,23.0,27.9,10.0,14.0,Cloudy,2.3000000000000007,4,1
25.7,0.0,88,1006.0,9.0,51,23.6,28.8,10.0,10.9,Partly cloudy,2.099999999999998,22,2
24.4,0.0,91,1010.0,6.5,28,22.9,26.9,10.0,7.3,Partly cloudy,1.5,23,2
21.8,0.0,81,1013.0,11.5,63,18.5,23.8,10.0,19.0,Cloudy,3.3000000000000007,14,1
23.4,0.0,71,1013.0,11.5,0,17.8,25.2,10.0,17.8,Sunny,5.599999999999998,11,8
28.8,0.0,89,1006.0,12.1,83,25.4,34.6,9.0,25.0,Cloudy,3.400000000000002,19,1
24.0,0.0,80,1014.0,9.3,41,20.5,26.0,10.0,14.9,Partly cloudy,3.5,23,2
25.8,0.0,87,1009.0,6.0,88,23.5,28.9,10.0,7.4,Overcast,2.3000000000000007,22,7
27.8,0.0,80,1010.0,9.7,87,24.1,31.9,9.0,18.4,Overcast,3.6999999999999993,13,7
21.7,0.1,92,1017.0,6.0,100,20.3,23.7,10.0,10.0,Patchy rain possible,1.3999999999999986,22,0
24.9,0.0,84,1009.0,10.1,32,22.1,27.2,10.0,14.6,Partly cloudy,2.799999999999997,8,2
23.3,1.6,88,1015.0,5.8,94,21.3,25.5,10.0,9.5,Moderate or heavy rain shower,2.0,6,4
23.5,0.0,89,1014.0,8.7,82,21.6,25.7,10.0,14.0,Cloudy,1.8999999999999984,20,1
23.3,0.0,89,1013.0,11.2,100,21.5,25.6,10.0,16.7,Overcast,1.8000000000000007,1,7
20.2,0.0,96,1011.0,5.8,57,19.6,22.2,2.0,10.1,Partly cloudy,0.5999999999999979,23,2
24.4,0.2,89,1012.0,16.9,100,22.5,26.8,10.0,29.7,Patchy rain possible,1.8999999999999984,15,0
24.8,1.7,88,1013.0,9.0,100,21.8,27.0,10.0,19.4,Moderate or heavy rain shower,3.0,12,4
28.0,0.0,78,1013.0,4.3,12,23.8,32.0,10.0,9.5,Sunny,4.199999999999999,9,8
26.2,0.0,77,1008.0,6.5,26,21.8,28.6,10.0,11.5,Partly cloudy,4.399999999999999,5,2
20.7,0.0,94,1007.0,10.1,100,19.6,22.7,9.0,10.7,Overcast,1.099999999999998,22,7
25.0,0.0,87,1007.0,5.5,18,22.7,27.5,10.0,10.7,Sunny,2.3000000000000007,6,8
25.4,0.1,88,1005.0,8.6,80,23.3,28.3,10.0,14.8,Patchy rain possible,2.099999999999998,23,0
29.0,0.1,76,1002.0,15.8,77,24.3,33.8,9.0,18.9,Patchy rain possible,4.699999999999999,13,0
20.2,0.0,90,1017.0,5.0,100,18.5,22.2,10.0,7.4,Overcast,1.6999999999999993,1,7
23.2,0.0,81,1016.0,12.2,80,19.9,25.3,10.0,19.4,Cloudy,3.3000000000000007,18,1
24.1,0.2,87,1013.0,7.2,74,21.8,26.3,10.0,12.4,Patchy rain possible,2.3000000000000007,5,0
22.1,0.0,95,1013.0,5.0,43,21.2,24.6,2.0,8.2,Partly cloudy,0.9000000000000021,21,2
27.8,0.0,70,1005.0,7.8,53,21.7,30.5,10.0,15.6,Partly cloudy,6.100000000000001,5,2
25.0,0.0,88,1007.0,6.8,21,22.9,27.7,10.0,9.1,Clear,2.1000000000000014,3,3
26.8,3.75,91,1002.0,10.1,80,24.2,30.6,7.0,18.4,Moderate or heavy rain shower,2.6000000000000014,18,4
25.3,0.0,82,1004.0,8.6,89,22.1,27.7,10.0,11.2,Overcast,3.1999999999999997,2,7
17.4,0.0,83,1017.0,3.6,29,14.6,19.4,10.0,6.1,Partly cloudy,2.799999999999999,5,2
22.0,0.2,96,1016.0,6.1,100,21.4,24.6,10.0,14.3,Patchy rain possible,0.6000000000000014,16,0
23.5,0.0,89,1015.0,5.4,93,21.6,25.7,10.0,9.1,Overcast,1.8999999999999984,21,7
26.4,0.0,84,1005.0,2.9,55,23.5,29.7,5.0,4.8,Partly cloudy,2.8999999999999986,21,2
26.3,0.1,87,1009.0,3.6,70,23.9,29.8,10.0,6.0,Patchy rain possible,2.400000000000002,23,0
23.2,0.3,88,1014.0,3.2,61,21.1,25.4,10.0,5.2,Patchy rain possible,2.099999999999998,21,0
28.6,0.1,67,1013.0,6.1,81,21.9,31.6,10.0,13.1,Patchy rain possible,6.700000000000003,9,0
23.4,2.3,94,1012.0,16.9,100,22.3,25.8,9.0,30.5,Moderate or heavy rain shower,1.099999999999998,14,4
25.9,0.0,78,1013.0,12.2,10,21.8,28.2,10.0,14.2,Sunny,4.099999999999998,11,8
24.1,0.0,87,1011.0,6.5,38,21.8,26.3,10.0,7.4,Partly cloudy,2.3000000000000007,5,2
25.7,0.0,87,1004.0,8.3,70,23.4,28.6,10.0,14.2,Cloudy,2.3000000000000007,23,1
24.3,0.0,88,1009.0,6.0,17,22.1,26.5,10.0,13.2,Clear,2.1999999999999997,3,3
25.5,0.0,88,1005.0,8.3,66,23.4,28.4,10.0,13.4,Cloudy,2.1000000000000014,7,1
25.5,0.2,81,1014.0,10.1,84,21.9,27.8,10.0,16.3,Patchy rain possible,3.6000000000000014,12,0
28.2,0.0,77,1005.0,5.0,29,23.8,32.3,10.0,11.9,Partly cloudy,4.399999999999999,9,2
23.1,0.0,94,1010.0,6.8,26,22.0,25.4,10.0,12.0,Partly cloudy,1.1000000000000014,22,2
23.1,0.4,85,1015.0,9.1,71,20.4,25.2,5.0,14.1,Patchy rain possible,2.700000000000003,5,0
27.5,0.0,75,1002.0,6.3,53,22.6,30.5,10.0,13.0,Partly cloudy,4.899999999999999,3,2
22.6,0.2,72,1018.0,4.1,81,17.4,24.8,10.0,15.8,Patchy rain possible,5.200000000000003,10,0
26.6,0.4,95,1007.0,8.6,78,23.2,31.5,7.0,18.1,Patchy rain possible,3.400000000000002,17,0
25.4,0.0,90,1003.0,6.5,44,23.5,28.4,10.0,7.5,Partly cloudy,1.8999999999999984,2,2
27.9,0.2,79,1011.0,7.9,80,24.0,32.0,9.0,17.8,Patchy rain possible,3.899999999999999,12,0
29.4,0.0,80,1005.0,7.2,63,24.5,34.6,5.0,17.4,Cloudy,4.899999999999999,17,1
26.0,0.0,72,1017.0,6.1,66,20.6,27.9,10.0,7.8,Cloudy,5.399999999999999,9,1
26.7,0.0,82,1008.0,5.4,34,23.4,30.0,10.0,7.2,Partly cloudy,3.3000000000000007,7,2
26.5,3.03,95,1005.0,14.4,65,24.5,30.5,8.0,23.7,Moderate or heavy rain shower,2.0,20,4
22.8,0.0,93,1015.0,5.8,75,21.6,25.2,10.0,9.5,Cloudy,1.1999999999999993,4,1
26.5,0.0,91,1009.0,7.6,16,23.7,29.9,10.0,17.0,Sunny,2.8000000000000007,18,8
27.8,0.0,85,1006.0,9.0,27,25.1,32.7,9.0,11.3,Partly cloudy,2.6999999999999997,20,2
21.4,0.0,94,1012.0,8.6,37,20.4,23.4,2.0,14.5,Partly cloudy,1.0,23,2
30.2,0.0,76,1003.0,11.9,17,24.3,35.6,10.0,17.5,Sunny,5.899999999999999,9,8
23.4,0.0,92,1009.0,9.0,17,22.1,25.8,10.0,10.1,Clear,1.2999999999999972,4,3
21.3,0.0,87,1015.0,6.5,100,19.1,23.3,10.0,20.4,Overcast,2.1999999999999997,18,7
28.3,0.0,70,1010.0,10.8,12,22.4,31.5,10.0,14.0,Sunny,5.900000000000002,8,8
26.8,0.0,81,1008.0,12.2,85,23.4,30.2,10.0,14.8,Overcast,3.400000000000002,15,7
24.9,0.2,89,1005.0,7.6,80,22.9,27.5,10.0,8.9,Patchy rain possible,2.0,0,0
26.4,0.0,78,1005.0,10.8,18,22.4,29.1,10.0,14.7,Sunny,4.0,6,8
29.2,0.0,85,1003.0,7.2,13,24.2,34.2,10.0,9.4,Clear,5.0,20,3
19.6,0.2,85,1022.0,10.4,75,17.1,21.6,9.0,21.2,Patchy rain possible,2.5,19,0
23.0,0.2,84,1018.0,8.6,68,20.2,25.1,10.0,10.3,Patchy rain possible,2.8000000000000007,11,0
25.1,0.0,95,1005.0,9.7,70,24.2,28.3,10.0,10.3,Cloudy,0.9000000000000021,0,1
23.1,0.0,81,1007.0,13.5,17,19.7,25.2,10.0,22.8,Clear,3.400000000000002,19,3
21.9,0.18,83,1014.0,9.7,100,18.8,23.9,10.0,14.5,Light rain shower,3.099999999999998,19,9
21.9,0.0,82,1006.0,5.8,61,18.6,23.9,10.0,8.4,Cloudy,3.299999999999997,8,1
25.6,0.5,89,1011.0,3.2,83,23.7,28.7,10.0,5.4,Moderate rain at times,1.900000000000002,19,6
22.5,0.0,68,1013.0,10.1,84,16.5,24.8,10.0,18.3,Cloudy,6.0,15,1
21.1,0.0,90,1010.0,9.4,18,19.4,23.1,10.0,13.7,Sunny,1.7000000000000028,6,8
27.9,2.83,87,1008.0,10.1,50,24.8,32.6,7.0,14.0,Moderate or heavy rain shower,3.099999999999998,19,4
27.1,0.1,80,1006.0,5.0,70,23.3,30.5,9.0,6.2,Patchy rain possible,3.8000000000000007,8,0
27.1,0.1,89,1007.0,8.3,74,25.2,31.8,10.0,13.1,Patchy rain possible,1.900000000000002,18,0
20.8,0.0,85,1017.0,11.5,100,18.2,22.8,10.0,16.3,Overcast,2.6000000000000014,20,7
26.9,1.0,90,994.0,14.4,59,24.2,30.8,5.0,30.4,Heavy rain at times,2.6999999999999997,14,5
23.6,1.6,90,1016.0,12.1,81,21.8,25.8,10.0,22.8,Moderate or heavy rain shower,1.8000000000000007,22,4
27.1,0.0,84,1004.0,10.1,27,24.0,30.9,10.0,13.6,Partly cloudy,3.1000000000000014,2,2
32.2,0.0,72,1001.0,13.7,59,24.7,39.2,10.0,20.5,Partly cloudy,7.5000000000000036,14,2
28.9,7.6,76,1001.0,6.8,70,24.3,33.7,9.0,16.5,Moderate or heavy rain shower,4.599999999999998,15,4
22.4,0.0,82,1014.0,4.0,55,19.3,24.7,10.0,9.3,Partly cloudy,3.099999999999998,8,2
26.7,0.0,84,1010.0,10.4,72,23.7,30.1,9.0,20.6,Cloudy,3.0,17,1
29.2,0.0,71,1006.0,5.3,19,23.3,33.3,10.0,12.5,Sunny,5.899999999999999,7,8
24.5,0.5,90,1014.0,9.9,98,22.8,27.0,10.0,17.2,Moderate rain at times,1.6999999999999993,22,6
26.8,1.1,92,1003.0,7.6,100,24.7,30.9,9.0,21.0,Heavy rain at times,2.1000000000000014,13,5
21.7,2.85,94,1019.0,16.9,100,20.6,23.7,7.0,26.2,Moderate or heavy rain shower,1.099999999999998,23,4
25.2,0.0,85,1012.0,4.3,38,22.6,27.8,10.0,6.2,Partly cloudy,2.599999999999998,7,2
20.5,0.2,83,1018.0,11.5,71,17.5,22.5,10.0,15.2,Patchy rain possible,3.0,12,0
22.2,1.2,87,1016.0,13.6,100,19.9,24.6,10.0,24.7,Heavy rain at times,2.3000000000000007,15,5
26.0,4.2,86,1014.0,9.4,74,23.5,29.0,10.0,12.8,Moderate or heavy rain shower,2.5,11,4
17.8,0.1,84,1015.0,4.0,59,15.0,19.8,10.0,6.1,Patchy rain possible,2.8000000000000007,7,0
19.8,0.7,90,1016.0,1.1,100,18.1,21.8,10.0,1.7,Moderate rain at times,1.6999999999999993,4,6
19.8,0.5,85,1016.0,7.9,100,17.3,21.8,10.0,11.7,Moderate rain at times,2.5,4,6
21.2,0.8,92,1017.0,5.0,85,19.9,23.2,10.0,7.8,Moderate rain at times,1.3000000000000007,0,6
29.3,0.0,69,1006.0,11.2,20,23.0,33.3,10.0,17.6,Sunny,6.300000000000001,7,8
26.9,0.0,88,1008.0,9.4,21,24.8,31.1,10.0,11.2,Clear,2.099999999999998,0,3
20.5,0.0,88,1015.0,9.0,100,18.5,22.5,10.0,9.1,Overcast,2.0,2,7
29.0,0.4,81,1002.0,11.2,86,25.3,34.8,10.0,15.5,Patchy rain possible,3.6999999999999993,15,0
21.3,0.0,85,1014.0,12.2,100,18.6,23.3,10.0,28.5,Overcast,2.6999999999999997,17,7
23.3,0.0,95,1011.0,5.0,56,22.5,25.7,2.0,8.1,Partly cloudy,0.8000000000000007,21,2
19.7,0.0,94,1013.0,6.1,59,18.8,21.7,2.0,9.9,Partly cloudy,0.8999999999999986,4,2
20.6,0.0,90,1020.0,6.1,100,18.8,22.6,10.0,8.9,Overcast,1.8000000000000007,5,7
24.2,6.2,92,1009.0,7.9,100,22.8,26.7,7.0,12.2,Moderate rain,1.3999999999999986,22,13
29.5,0.0,85,1002.0,2.9,85,26.0,36.2,10.0,10.8,Overcast,3.5,18,7
22.9,0.0,92,1010.0,4.3,24,21.5,25.2,10.0,7.3,Clear,1.3999999999999986,4,3
30.0,0.0,70,999.0,7.2,23,24.0,35.1,10.0,17.9,Clear,6.0,18,3
21.7,0.0,97,1014.0,11.2,100,21.2,23.7,2.0,15.7,Overcast,0.5,18,7
26.5,0.0,94,1009.0,7.9,62,24.6,30.5,10.0,11.3,Cloudy,1.8999999999999984,8,1
24.4,0.8,87,1012.0,8.6,100,22.1,26.7,10.0,13.0,Moderate rain at times,2.299999999999997,6,6
30.7,0.0,81,1008.0,7.2,51,24.9,37.2,10.0,16.2,Partly cloudy,5.800000000000001,11,2
27.4,1.58,88,1005.0,9.3,83,25.3,32.3,7.0,19.3,Moderate or heavy rain shower,2.099999999999998,18,4
25.2,0.0,83,1006.0,10.1,47,22.2,27.6,10.0,14.0,Partly cloudy,3.0,4,2
24.6,0.0,85,1003.0,6.0,23,21.9,26.8,10.0,12.4,Clear,2.700000000000003,5,3
18.7,0.0,88,1016.0,5.8,100,16.7,20.7,10.0,9.0,Overcast,2.0,4,7
26.3,0.0,87,1005.0,7.2,27,24.0,29.9,10.0,13.6,Partly cloudy,2.3000000000000007,23,2
25.3,0.1,88,1003.0,7.2,89,23.1,28.0,10.0,13.1,Patchy rain possible,2.1999999999999997,3,0
25.4,0.0,92,1007.0,9.5,78,24.0,28.6,10.0,17.8,Cloudy,1.3999999999999986,22,1
24.2,1.8,88,1015.0,13.6,100,22.1,26.5,10.0,30.0,Moderate or heavy rain shower,2.099999999999998,7,4
25.7,0.0,89,1003.0,9.0,26,23.7,28.9,10.0,11.6,Partly cloudy,2.0,2,2
23.0,0.1,88,1004.0,7.6,100,21.1,25.2,2.0,11.1,Patchy rain possible,1.8999999999999984,17,0
24.9,0.0,78,1015.0,13.3,22,20.7,26.9,10.0,15.3,Sunny,4.199999999999999,12,8
28.0,0.0,73,1009.0,7.9,23,22.7,31.2,10.0,9.9,Sunny,5.300000000000001,9,8
28.3,0.0,73,1013.0,6.5,88,22.9,31.7,10.0,16.3,Overcast,5.400000000000002,11,7
24.4,0.0,90,1010.0,7.6,81,22.6,26.8,2.0,12.4,Cloudy,1.7999999999999972,1,1
22.4,0.0,86,1020.0,9.4,100,16.5,24.7,10.0,21.5,Overcast,5.899999999999999,11,7
21.8,0.0,90,1017.0,7.6,73,20.0,23.8,10.0,9.4,Cloudy,1.8000000000000007,20,1
28.0,0.0,75,1002.0,9.7,15,23.2,31.6,10.0,18.7,Clear,4.800000000000001,22,3
24.1,0.0,80,1007.0,7.6,100,19.9,26.0,10.0,10.2,Overcast,4.200000000000003,10,7
25.6,0.0,90,1006.0,6.1,39,23.8,28.8,10.0,9.9,Partly cloudy,1.8000000000000007,2,2
30.0,0.0,72,1008.0,8.6,23,24.5,35.6,10.0,15.0,Sunny,5.5,10,8
21.1,0.1,78,1019.0,12.0,88,17.2,23.1,10.0,20.0,Patchy rain possible,3.900000000000002,2,0
21.2,0.0,81,1008.0,8.1,4,18.7,23.2,10.0,13.8,Clear,2.5,2,3
28.7,0.0,64,1011.0,14.4,11,21.2,31.4,10.0,16.6,Sunny,7.5,12,8
20.0,0.7,87,1019.0,15.2,100,17.8,22.0,10.0,23.5,Moderate rain at times,2.1999999999999997,18,6
23.0,1.1,84,1018.0,5.0,97,20.0,25.1,10.0,10.1,Heavy rain at times,3.0,10,5
19.7,0.0,88,1018.0,12.2,100,17.6,21.7,10.0,22.6,Overcast,2.099999999999998,22,7
27.1,0.0,74,1009.0,13.7,14,22.2,29.8,10.0,18.0,Sunny,4.900000000000002,12,8
27.4,0.0,81,1007.0,9.0,77,23.7,31.1,10.0,16.1,Cloudy,3.6999999999999993,19,1
21.5,0.5,91,1018.0,3.2,77,19.9,23.5,10.0,5.4,Moderate rain at times,1.6000000000000014,20,6
18.0,0.0,90,1017.0,8.6,91,16.3,20.0,10.0,15.1,Overcast,1.6999999999999993,0,7
26.6,0.1,77,1013.0,13.7,66,22.2,29.2,10.0,24.0,Patchy rain possible,4.400000000000002,12,0
19.5,0.0,91,1011.0,6.8,27,17.9,21.5,10.0,11.7,Partly cloudy,1.6000000000000014,0,2
23.9,0.22,90,1013.0,17.6,100,22.1,26.2,10.0,22.5,Light rain shower,1.7999999999999972,14,9
24.2,0.0,89,1007.0,4.7,27,22.3,26.5,10.0,9.3,Partly cloudy,1.8999999999999984,5,2
24.4,1.7,91,1012.0,8.6,100,22.8,26.9,2.0,13.6,Moderate or heavy rain shower,1.599999999999998,1,4
27.3,0.1,80,1013.0,11.9,69,23.5,30.9,10.0,22.2,Patchy rain possible,3.8000000000000007,11,0
22.7,0.1,87,1015.0,15.0,100,20.4,25.0,10.0,26.3,Patchy rain possible,2.3000000000000007,16,0
23.9,0.0,81,1014.0,13.7,75,20.4,25.8,10.0,21.2,Cloudy,3.5,15,1
26.5,0.0,85,1005.0,7.2,56,23.8,29.9,10.0,12.2,Partly cloudy,2.6999999999999997,20,2
25.2,0.0,70,1012.0,13.7,12,19.4,26.8,10.0,20.6,Sunny,5.800000000000001,13,8
22.9,3.1,88,1008.0,4.3,87,20.8,25.1,2.0,5.9,Moderate or heavy rain shower,2.099999999999998,10,4
24.1,0.0,90,1010.0,7.2,16,22.3,26.4,10.0,8.1,Clear,1.8000000000000007,1,3
29.7,1.16,81,1005.0,12.6,76,23.7,34.7,9.0,21.0,Heavy rain at times,6.0,18,5
29.6,0.0,80,1001.0,17.3,81,23.9,34.5,10.0,27.5,Cloudy,5.700000000000003,9,1
18.9,0.1,84,1022.0,6.1,100,16.1,20.9,10.0,8.0,Patchy rain possible,2.799999999999997,8,0
22.0,0.2,96,1016.0,4.7,100,21.4,24.0,10.0,6.5,Patchy rain possible,0.6000000000000014,17,0
27.8,0.0,85,1008.0,7.2,6,24.1,31.9,10.0,12.0,Sunny,3.6999999999999993,7,8
27.7,0.0,76,1009.0,17.6,11,23.1,31.1,10.0,24.9,Sunny,4.599999999999998,14,8
24.0,0.3,85,1015.0,10.4,91,21.4,26.2,10.0,21.2,Patchy rain possible,2.6000000000000014,20,0
25.6,0.0,89,1008.0,6.5,69,23.7,28.7,10.0,10.8,Cloudy,1.900000000000002,2,1
29.3,0.0,78,1004.0,10.1,89,25.1,35.0,9.0,20.3,Overcast,4.199999999999999,17,7
20.9,0.0,86,1016.0,16.2,100,18.5,22.9,10.0,21.9,Overcast,2.3999999999999986,13,7
25.1,0.1,79,1015.0,5.8,97,21.1,27.1,10.0,14.2,Patchy rain possible,4.0,9,0
27.4,0.0,78,1008.0,8.3,13,23.2,30.8,10.0,12.5,Sunny,4.199999999999999,7,8
26.8,0.0,79,1007.0,9.0,45,22.9,29.8,10.0,10.9,Partly cloudy,3.900000000000002,6,2
25.0,0.0,90,1009.0,7.2,59,23.2,27.7,10.0,8.3,Partly cloudy,1.8000000000000007,4,2
18.5,0.0,86,1015.0,8.3,82,16.1,20.5,10.0,15.2,Cloudy,2.3999999999999986,6,1
30.8,0.0,77,1005.0,13.3,75,23.6,36.0,9.0,20.2,Cloudy,7.199999999999999,17,1
23.9,0.8,89,1014.0,15.5,92,22.0,26.2,10.0,23.3,Moderate rain at times,1.8999999999999984,20,6
25.7,0.0,80,1008.0,14.0,11,22.0,28.0,10.0,22.9,Sunny,3.6999999999999993,16,8
18.2,0.0,84,1018.0,9.7,79,16.4,20.2,10.0,15.0,Cloudy,1.8000000000000007,1,1
23.2,0.07,87,1013.0,17.6,100,20.9,25.3,10.0,23.5,Patchy rain possible,2.3000000000000007,15,0
23.9,0.3,85,1015.0,13.6,75,21.2,26.0,10.0,27.1,Patchy rain possible,2.6999999999999997,18,0
26.1,0.0,77,1011.0,10.8,10,21.8,28.5,10.0,17.0,Sunny,4.300000000000001,10,8
21.1,0.7,92,1017.0,9.0,100,19.8,23.1,2.0,13.6,Moderate rain at times,1.3000000000000007,19,6
19.6,0.5,86,1016.0,7.2,100,17.3,21.6,10.0,10.9,Moderate rain at times,2.3000000000000007,3,6
22.1,0.0,93,1008.0,6.5,13,21.0,24.6,10.0,7.4,Clear,1.1000000000000014,2,3
16.7,0.0,88,1019.0,7.6,100,14.7,18.7,2.0,10.6,Overcast,2.0,1,7
25.4,0.0,92,1009.0,7.9,12,23.6,28.6,10.0,10.5,Clear,1.7999999999999972,22,3
27.4,1.0,90,1000.0,12.2,90,23.9,31.4,10.0,24.1,Heavy rain at times,3.5,15,5
18.6,0.1,91,1018.0,7.2,100,17.2,20.6,10.0,10.3,Patchy rain possible,1.400000000000002,22,0
19.9,0.5,85,1016.0,9.0,100,17.3,21.9,10.0,13.2,Moderate rain at times,2.599999999999998,5,6
26.8,0.0,89,1008.0,5.1,73,23.7,31.0,10.0,7.0,Cloudy,3.1000000000000014,21,1
19.2,0.0,85,1022.0,9.7,100,16.5,21.2,10.0,13.6,Overcast,2.6999999999999997,1,7
25.1,0.0,84,1007.0,7.2,12,22.1,27.4,10.0,8.5,Sunny,3.0,6,8
23.5,0.1,96,1012.0,4.0,96,22.9,26.0,2.0,6.2,Patchy rain possible,0.6000000000000014,23,0
27.3,0.0,80,1005.0,8.3,13,23.6,31.0,10.0,11.6,Clear,3.6999999999999993,0,3
23.5,0.0,93,1008.0,5.6,18,22.4,25.9,10.0,6.8,Clear,1.1000000000000014,22,3
24.7,0.7,91,1012.0,8.3,89,23.2,27.4,9.0,9.8,Moderate rain at times,1.5,19,6
21.8,0.4,94,1017.0,6.1,100,20.8,23.8,10.0,8.7,Patchy rain possible,1.0,4,0
22.7,0.0,87,1014.0,6.8,55,20.5,25.0,10.0,11.0,Partly cloudy,2.1999999999999997,19,2
24.2,0.0,90,1011.0,5.8,41,22.5,26.7,10.0,9.0,Partly cloudy,1.6999999999999993,0,2
19.8,1.0,90,1021.0,17.8,100,18.1,21.8,2.0,28.7,Heavy rain at times,1.6999999999999993,7,5
